item_id	success_group	n_seeds_exact	n_seeds	target	target_length	morphology	size	mean_lexical_confidence	mean_gate_auxiliary	n_failed_seeds	mean_substitutions_failed_seeds	mean_deletions_failed_seeds	mean_insertions_failed_seeds	mean_raw_edit_distance_failed_seeds	n_premature_eos_failed_seeds	seed19_exact_match	seed19_prediction	seed19_raw_edit_distance	seed19_eos_class	seed20_exact_match	seed20_prediction	seed20_raw_edit_distance	seed20_eos_class	seed21_exact_match	seed21_prediction	seed21_raw_edit_distance	seed21_eos_class	seed22_exact_match	seed22_prediction	seed22_raw_edit_distance	seed22_eos_class
wfe_0800	ALWAYS_FAILED	0	4	S OW L OW K AH M AO F	9	simple	long	0.4591370299458504	0.3819875195622444	4	2.25	1.0	0.5	3.75	2	0	S OW L OW AH K M AO R	3.0	EOS_NOT_OBSERVED	0	S OW L IY AA K ER JH	6.0	PREMATURE_EOS	0	S OW L OW M AH F AO S	3.0	EOS_NOT_OBSERVED	0	S OW L OW K EY M OW	3.0	PREMATURE_EOS
wfe_0801	MIXED_SUCCESS	2	4	G AA S T R IY EH N T	9	simple	long	0.5170152634382248	0.4096565321087837	2	4.0	0.0	0.0	4.0	0	0	G AA R T IY N EH R T	4.0	EOS_NOT_OBSERVED	1	G AA S T R IY EH N T	0.0	EOS_NOT_OBSERVED	1	G AA S T R IY EH N T	0.0	EOS_NOT_OBSERVED	0	G AA R T S IY EH R K	4.0	EOS_NOT_OBSERVED
wfe_0802	MIXED_SUCCESS	2	4	D IH V EH S T R EY T	9	simple	long	0.5468087494373322	0.4240102171897888	2	1.5	0.0	0.0	1.5	0	0	D IH V EH S T R UW T	1.0	EOS_NOT_OBSERVED	1	D IH V EH S T R EY T	0.0	EOS_NOT_OBSERVED	1	D IH V EH S T R EY T	0.0	EOS_NOT_OBSERVED	0	D IH V EH R T S EY T	2.0	EOS_NOT_OBSERVED
wfe_0803	MIXED_SUCCESS	1	4	S T R UW S AH N AH D	9	simple	long	0.5716198310256004	0.4367293491959572	3	0.6666666666666666	0.6666666666666666	0.0	1.3333333333333333	2	0	S T R UW S AH N D	1.0	PREMATURE_EOS	1	S T R UW S AH N AH D	0.0	EOS_NOT_OBSERVED	0	S T R UW S AH N D	1.0	PREMATURE_EOS	0	S T R UW S AH JH AH L	2.0	EOS_NOT_OBSERVED
wfe_0804	ALWAYS_FAILED	0	4	D AY Y UH R AH L AH M	9	simple	long	0.4940264895558357	0.39867546409368515	4	2.5	0.75	0.5	3.75	1	0	D AY HH AH Y UH L AH	5.0	PREMATURE_EOS	0	D AY AA L Y AH TH AH L	5.0	EOS_NOT_OBSERVED	0	D AY Y UW R AH T AH L	3.0	EOS_NOT_OBSERVED	0	D AY Y UH R AH M AH L	2.0	EOS_NOT_OBSERVED
wfe_0805	MIXED_SUCCESS	1	4	S P EH R IY B AO R M	9	simple	long	0.5438084304332733	0.42277810722589493	3	1.6666666666666667	0.6666666666666666	0.3333333333333333	2.6666666666666665	1	1	S P EH R IY B AO R M	0.0	EOS_NOT_OBSERVED	0	S P EH R IY B AO R K	1.0	EOS_NOT_OBSERVED	0	S P EH R IY B AO L	2.0	PREMATURE_EOS	0	P S EH R IY T AO K L	5.0	EOS_NOT_OBSERVED
wfe_0806	ALWAYS_SUCCESSFUL	4	4	IH N F L AH JH EH S T	9	simple	long	0.5506216809153557	0.4262406677007675	0					0	1	IH N F L AH JH EH S T	0.0	EOS_NOT_OBSERVED	1	IH N F L AH JH EH S T	0.0	EOS_NOT_OBSERVED	1	IH N F L AH JH EH S T	0.0	EOS_NOT_OBSERVED	1	IH N F L AH JH EH S T	0.0	EOS_NOT_OBSERVED
wfe_0807	ALWAYS_SUCCESSFUL	4	4	B AA L EH N T IY N AH	9	simple	long	0.4421473518013954	0.37385818362236023	0					0	1	B AA L EH N T IY N AH	0.0	EOS_NOT_OBSERVED	1	B AA L EH N T IY N AH	0.0	EOS_NOT_OBSERVED	1	B AA L EH N T IY N AH	0.0	EOS_NOT_OBSERVED	1	B AA L EH N T IY N AH	0.0	EOS_NOT_OBSERVED
wfe_0808	MIXED_SUCCESS	1	4	K L AE D W IH CH IY T	9	simple	long	0.5418238341808319	0.4215678796172142	3	2.3333333333333335	0.6666666666666666	0.0	3.0	2	0	K L AE D W IY T IY	3.0	PREMATURE_EOS	1	K L AE D W IH CH IY T	0.0	EOS_NOT_OBSERVED	0	K L AE D CH ER IY CH	4.0	PREMATURE_EOS	0	K L AE D W IH CH IH K	2.0	EOS_NOT_OBSERVED
wfe_0809	MIXED_SUCCESS	2	4	W EH B S IH D AH N T	9	simple	long	0.5899946987628937	0.4452604055404663	2	2.5	0.5	0.0	3.0	1	0	W EH B IH NG T AH N	4.0	PREMATURE_EOS	1	W EH B S IH D AH N T	0.0	EOS_NOT_OBSERVED	0	W EH B D IH S AH N T	2.0	EOS_NOT_OBSERVED	1	W EH B S IH D AH N T	0.0	EOS_NOT_OBSERVED
wfe_0810	ALWAYS_SUCCESSFUL	4	4	L IH V IH N IH S AH L	9	simple	long	0.4675425589084625	0.38589958101511	0					0	1	L IH V IH N IH S AH L	0.0	EOS_NOT_OBSERVED	1	L IH V IH N IH S AH L	0.0	EOS_NOT_OBSERVED	1	L IH V IH N IH S AH L	0.0	EOS_NOT_OBSERVED	1	L IH V IH N IH S AH L	0.0	EOS_NOT_OBSERVED
wfe_0811	ALWAYS_SUCCESSFUL	4	4	EH P IH R EH N T AH L	9	simple	long	0.5512591302394867	0.42642898112535477	0					0	1	EH P IH R EH N T AH L	0.0	EOS_NOT_OBSERVED	1	EH P IH R EH N T AH L	0.0	EOS_NOT_OBSERVED	1	EH P IH R EH N T AH L	0.0	EOS_NOT_OBSERVED	1	EH P IH R EH N T AH L	0.0	EOS_NOT_OBSERVED
wfe_0812	MIXED_SUCCESS	1	4	K OW AA L EH N S AY T	9	simple	long	0.49421071261167526	0.3985969051718712	3	1.6666666666666667	1.0	0.6666666666666666	3.3333333333333335	1	0	K OW AA L ER AA N T S	5.0	EOS_NOT_OBSERVED	0	K OW AA L EH N S T ER	2.0	EOS_NOT_OBSERVED	0	K OW AA L IY N EY T	3.0	PREMATURE_EOS	1	K OW AA L EH N S AY T	0.0	EOS_NOT_OBSERVED
wfe_0813	MIXED_SUCCESS	2	4	N OW T AH N S AH S T	9	simple	long	0.5822654590010643	0.44170672446489334	2	0.0	1.0	1.0	2.0	0	0	N OW T AH S N AH S T	2.0	EOS_NOT_OBSERVED	1	N OW T AH N S AH S T	0.0	EOS_NOT_OBSERVED	1	N OW T AH N S AH S T	0.0	EOS_NOT_OBSERVED	0	N OW T AH S N AH S T	2.0	EOS_NOT_OBSERVED
wfe_0814	MIXED_SUCCESS	2	4	IH S L AA T ER D AY N	9	simple	long	0.5114654749631882	0.4068627879023552	2	2.5	0.5	0.0	3.0	1	0	IH S L AY T ER AA N	3.0	PREMATURE_EOS	1	IH S L AA T ER D AY N	0.0	EOS_NOT_OBSERVED	1	IH S L AA T ER D AY N	0.0	EOS_NOT_OBSERVED	0	IH S L AA T ER L IY Z	3.0	EOS_NOT_OBSERVED
wfe_0815	MIXED_SUCCESS	1	4	Y EH S P IH R EH S T	9	simple	long	0.5523802414536476	0.4273037612438202	3	2.0	1.0	0.6666666666666666	3.6666666666666665	1	0	Y EH S P EH R IH CH T	3.0	EOS_NOT_OBSERVED	0	Y EH S IH P S EH R IY	5.0	EOS_NOT_OBSERVED	0	Y EH S P IH S T R	3.0	PREMATURE_EOS	1	Y EH S P IH R EH S T	0.0	EOS_NOT_OBSERVED
wfe_0816	MIXED_SUCCESS	2	4	F OW L D AA M AH N S	9	simple	long	0.5245106220245361	0.4131706655025482	2	1.0	0.5	0.5	2.0	0	0	F OW L D AA M N AH S	2.0	EOS_NOT_OBSERVED	1	F OW L D AA M AH N S	0.0	EOS_NOT_OBSERVED	0	F AA L D OW M AH N S	2.0	EOS_NOT_OBSERVED	1	F OW L D AA M AH N S	0.0	EOS_NOT_OBSERVED
wfe_0817	MIXED_SUCCESS	1	4	B AA V EH N T IY N AH	9	simple	long	0.45696550607681274	0.3808220699429512	3	0.3333333333333333	1.0	1.0	2.3333333333333335	0	1	B AA V EH N T IY N AH	0.0	EOS_NOT_OBSERVED	0	B AA V IH N T IY AH N	3.0	EOS_NOT_OBSERVED	0	B AA V EH N T IY AH N	2.0	EOS_NOT_OBSERVED	0	B AA V EH N T IY AH N	2.0	EOS_NOT_OBSERVED
wfe_0818	ALWAYS_SUCCESSFUL	4	4	F R AE N S AH P AH L	9	simple	long	0.5310518890619278	0.4165227934718132	0					0	1	F R AE N S AH P AH L	0.0	EOS_NOT_OBSERVED	1	F R AE N S AH P AH L	0.0	EOS_NOT_OBSERVED	1	F R AE N S AH P AH L	0.0	EOS_NOT_OBSERVED	1	F R AE N S AH P AH L	0.0	EOS_NOT_OBSERVED
wfe_0819	MIXED_SUCCESS	3	4	V IH S T ER M AE N D	9	simple	long	0.49602416902780533	0.3996938243508339	1	1.0	0.0	0.0	1.0	0	1	V IH S T ER M AE N D	0.0	EOS_NOT_OBSERVED	1	V IH S T ER M AE N D	0.0	EOS_NOT_OBSERVED	0	V IH S T ER M IH N D	1.0	EOS_NOT_OBSERVED	1	V IH S T ER M AE N D	0.0	EOS_NOT_OBSERVED
wfe_0820	ALWAYS_SUCCESSFUL	4	4	M AH S IH P IH T AH L	9	simple	long	0.5387679114937782	0.4206010028719902	0					0	1	M AH S IH P IH T AH L	0.0	EOS_NOT_OBSERVED	1	M AH S IH P IH T AH L	0.0	EOS_NOT_OBSERVED	1	M AH S IH P IH T AH L	0.0	EOS_NOT_OBSERVED	1	M AH S IH P IH T AH L	0.0	EOS_NOT_OBSERVED
wfe_0821	MIXED_SUCCESS	1	4	AE N K L UW S EH N T	9	simple	long	0.4570669084787368	0.3810726851224899	3	1.6666666666666667	0.6666666666666666	0.0	2.3333333333333335	2	0	AE N K L UW S EH V D	2.0	EOS_NOT_OBSERVED	0	AE N K L UW EH N S	2.0	PREMATURE_EOS	0	AE N K L EH S UW T	3.0	PREMATURE_EOS	1	AE N K L UW S EH N T	0.0	EOS_NOT_OBSERVED
wfe_0822	ALWAYS_SUCCESSFUL	4	4	S K W IH S T AH N T	9	simple	long	0.549939751625061	0.4261416643857956	0					0	1	S K W IH S T AH N T	0.0	EOS_NOT_OBSERVED	1	S K W IH S T AH N T	0.0	EOS_NOT_OBSERVED	1	S K W IH S T AH N T	0.0	EOS_NOT_OBSERVED	1	S K W IH S T AH N T	0.0	EOS_NOT_OBSERVED
wfe_0823	ALWAYS_FAILED	0	4	EH V ER R IY AH L IH S	9	simple	long	0.5725848972797394	0.43671151995658875	4	1.5	1.25	0.25	3.0	4	0	EH V ER R IY AH L S	1.0	PREMATURE_EOS	0	EH V ER L AH S IY Z	5.0	PREMATURE_EOS	0	EH V ER R IY AH L S	1.0	PREMATURE_EOS	0	EH V R ER IY S IH L	5.0	PREMATURE_EOS
wfe_0824	MIXED_SUCCESS	2	4	AE L R EH L AA P AH L	9	simple	long	0.5392979010939598	0.42070775479078293	2	0.5	1.5	0.5	2.5	1	0	AE L R EH L AH M	3.0	PREMATURE_EOS	1	AE L R EH L AA P AH L	0.0	EOS_NOT_OBSERVED	1	AE L R EH L AA P AH L	0.0	EOS_NOT_OBSERVED	0	AE L R EH L AA P L AH	2.0	EOS_NOT_OBSERVED
wfe_0825	MIXED_SUCCESS	2	4	S T AO R S T AH N T	9	simple	long	0.6281293779611588	0.4642895311117172	2	1.0	1.0	0.0	2.0	2	1	S T AO R S T AH N T	0.0	EOS_NOT_OBSERVED	0	S T AO R T AH K T	2.0	PREMATURE_EOS	1	S T AO R S T AH N T	0.0	EOS_NOT_OBSERVED	0	S T AO R S T AH L	2.0	PREMATURE_EOS
wfe_0826	MIXED_SUCCESS	2	4	T R IH N K AH B EH L	9	simple	long	0.554699219763279	0.42856988310813904	2	1.5	0.5	0.5	2.5	0	0	T R IH N AH K B AH L	3.0	EOS_NOT_OBSERVED	1	T R IH N K AH B EH L	0.0	EOS_NOT_OBSERVED	0	T R IH N K AE B AH L	2.0	EOS_NOT_OBSERVED	1	T R IH N K AH B EH L	0.0	EOS_NOT_OBSERVED
wfe_0827	MIXED_SUCCESS	3	4	AE D V AE N T IH N T	9	simple	long	0.5147674530744553	0.40855973958969116	1	2.0	0.0	0.0	2.0	0	1	AE D V AE N T IH N T	0.0	EOS_NOT_OBSERVED	1	AE D V AE N T IH N T	0.0	EOS_NOT_OBSERVED	1	AE D V AE N T IH N T	0.0	EOS_NOT_OBSERVED	0	AE D V AE N T IH K S	2.0	EOS_NOT_OBSERVED
wfe_0828	MIXED_SUCCESS	1	4	HH OW N OW F AH S IY N	9	simple	long	0.5425005704164505	0.4219040647149086	3	1.0	1.3333333333333333	1.0	3.3333333333333335	1	0	HH OW M OW N AH S IY	3.0	PREMATURE_EOS	0	HH OW N OW F AH N S IY	2.0	EOS_NOT_OBSERVED	0	HH OW N AH F IY N AH S	5.0	EOS_NOT_OBSERVED	1	HH OW N OW F AH S IY N	0.0	EOS_NOT_OBSERVED
wfe_0829	ALWAYS_FAILED	0	4	R IY AH S OW D AH K T	9	simple	long	0.4687480702996254	0.38649577647447586	4	1.0	0.5	0.0	1.5	2	0	R IY AH S OW D IH T	2.0	PREMATURE_EOS	0	R IY AH S OW S AH K T	1.0	EOS_NOT_OBSERVED	0	R IY AH S OW D AH T	1.0	PREMATURE_EOS	0	R IY AH S OW T AH K IY	2.0	EOS_NOT_OBSERVED
wfe_0830	ALWAYS_FAILED	0	4	S T OW G R IH CH ER IY	9	simple	long	0.5543180331587791	0.42831363528966904	4	2.75	0.75	0.0	3.5	2	0	S T OW G R IY EY	4.0	PREMATURE_EOS	0	S T OW G R IH D ER IY	1.0	EOS_NOT_OBSERVED	0	S T EH G N AH T IY	5.0	PREMATURE_EOS	0	S T OW G R AH S T UH	4.0	EOS_NOT_OBSERVED
wfe_0831	ALWAYS_FAILED	0	4	S IY G R UW S AH CH IY	9	simple	long	0.510006345808506	0.4061978608369827	4	1.5	1.25	1.25	4.0	0	0	S IY G R UW Z IY AH S	4.0	EOS_NOT_OBSERVED	0	S IY G R AH D UW S IY	4.0	EOS_NOT_OBSERVED	0	S IY K Y AO R IY AH S	7.0	EOS_NOT_OBSERVED	0	S IY G R UW S AH V IY	1.0	EOS_NOT_OBSERVED
wfe_0832	ALWAYS_SUCCESSFUL	4	4	W IH S K AH N S AH Z	9	simple	long	0.6327721327543259	0.4665105491876602	0					0	1	W IH S K AH N S AH Z	0.0	EOS_NOT_OBSERVED	1	W IH S K AH N S AH Z	0.0	EOS_NOT_OBSERVED	1	W IH S K AH N S AH Z	0.0	EOS_NOT_OBSERVED	1	W IH S K AH N S AH Z	0.0	EOS_NOT_OBSERVED
wfe_0833	ALWAYS_SUCCESSFUL	4	4	IH N AW	3	complex	short	0.717456579208374	0.5086965635418892	0					0	1	IH N AW	0.0	EOS_NOT_OBSERVED	1	IH N AW	0.0	EOS_NOT_OBSERVED	1	IH N AW	0.0	EOS_NOT_OBSERVED	1	IH N AW	0.0	EOS_NOT_OBSERVED
wfe_0834	MIXED_SUCCESS	2	4	AO TH T	3	complex	short	0.5691573470830917	0.43531495332717896	2	0.5	0.5	0.0	1.0	1	0	AO M T	1.0	EOS_NOT_OBSERVED	1	AO TH T	0.0	EOS_NOT_OBSERVED	0	AO TH	1.0	PREMATURE_EOS	1	AO TH T	0.0	EOS_NOT_OBSERVED
wfe_0835	ALWAYS_SUCCESSFUL	4	4	AH K UW	3	complex	short	0.5106082558631897	0.4065399840474129	0					0	1	AH K UW	0.0	EOS_NOT_OBSERVED	1	AH K UW	0.0	EOS_NOT_OBSERVED	1	AH K UW	0.0	EOS_NOT_OBSERVED	1	AH K UW	0.0	EOS_NOT_OBSERVED
wfe_0836	ALWAYS_SUCCESSFUL	4	4	AY T ER	3	complex	short	0.4765457734465599	0.39018571376800537	0					0	1	AY T ER	0.0	EOS_NOT_OBSERVED	1	AY T ER	0.0	EOS_NOT_OBSERVED	1	AY T ER	0.0	EOS_NOT_OBSERVED	1	AY T ER	0.0	EOS_NOT_OBSERVED
wfe_0837	ALWAYS_SUCCESSFUL	4	4	N OW IY	3	complex	short	0.489962562918663	0.3966259658336639	0					0	1	N OW IY	0.0	EOS_NOT_OBSERVED	1	N OW IY	0.0	EOS_NOT_OBSERVED	1	N OW IY	0.0	EOS_NOT_OBSERVED	1	N OW IY	0.0	EOS_NOT_OBSERVED
wfe_0838	MIXED_SUCCESS	3	4	TH IH CH	3	complex	short	0.6497584581375122	0.47502006590366364	1	1.0	0.0	0.0	1.0	0	1	TH IH CH	0.0	EOS_NOT_OBSERVED	0	TH IH NG	1.0	EOS_NOT_OBSERVED	1	TH IH CH	0.0	EOS_NOT_OBSERVED	1	TH IH CH	0.0	EOS_NOT_OBSERVED
wfe_0840	ALWAYS_SUCCESSFUL	4	4	W IY Z	3	complex	short	0.8294442147016525	0.5643268972635269	0					0	1	W IY Z	0.0	EOS_NOT_OBSERVED	1	W IY Z	0.0	EOS_NOT_OBSERVED	1	W IY Z	0.0	EOS_NOT_OBSERVED	1	W IY Z	0.0	EOS_NOT_OBSERVED
wfe_0841	ALWAYS_SUCCESSFUL	4	4	EH M D	3	complex	short	0.5416320860385895	0.4216631203889847	0					0	1	EH M D	0.0	EOS_NOT_OBSERVED	1	EH M D	0.0	EOS_NOT_OBSERVED	1	EH M D	0.0	EOS_NOT_OBSERVED	1	EH M D	0.0	EOS_NOT_OBSERVED
wfe_0843	ALWAYS_SUCCESSFUL	4	4	IH P ER	3	complex	short	0.4800811782479286	0.39183756709098816	0					0	1	IH P ER	0.0	EOS_NOT_OBSERVED	1	IH P ER	0.0	EOS_NOT_OBSERVED	1	IH P ER	0.0	EOS_NOT_OBSERVED	1	IH P ER	0.0	EOS_NOT_OBSERVED
wfe_0844	ALWAYS_SUCCESSFUL	4	4	S AO R	3	complex	short	0.7487637996673584	0.5242784321308136	0					0	1	S AO R	0.0	EOS_NOT_OBSERVED	1	S AO R	0.0	EOS_NOT_OBSERVED	1	S AO R	0.0	EOS_NOT_OBSERVED	1	S AO R	0.0	EOS_NOT_OBSERVED
wfe_0845	ALWAYS_SUCCESSFUL	4	4	IY L ER	3	complex	short	0.4701763316988945	0.38774178922176356	0					0	1	IY L ER	0.0	EOS_NOT_OBSERVED	1	IY L ER	0.0	EOS_NOT_OBSERVED	1	IY L ER	0.0	EOS_NOT_OBSERVED	1	IY L ER	0.0	EOS_NOT_OBSERVED
wfe_0846	ALWAYS_SUCCESSFUL	4	4	AA D IY	3	complex	short	0.7043500393629074	0.502291776239872	0					0	1	AA D IY	0.0	EOS_NOT_OBSERVED	1	AA D IY	0.0	EOS_NOT_OBSERVED	1	AA D IY	0.0	EOS_NOT_OBSERVED	1	AA D IY	0.0	EOS_NOT_OBSERVED
wfe_0847	MIXED_SUCCESS	3	4	AH P AY	3	complex	short	0.5092305392026901	0.40586475282907486	1	1.0	0.0	0.0	1.0	0	0	AH P AO	1.0	EOS_NOT_OBSERVED	1	AH P AY	0.0	EOS_NOT_OBSERVED	1	AH P AY	0.0	EOS_NOT_OBSERVED	1	AH P AY	0.0	EOS_NOT_OBSERVED
wfe_0848	ALWAYS_SUCCESSFUL	4	4	G UW Z	3	complex	short	0.5275993943214417	0.4146959185600281	0					0	1	G UW Z	0.0	EOS_NOT_OBSERVED	1	G UW Z	0.0	EOS_NOT_OBSERVED	1	G UW Z	0.0	EOS_NOT_OBSERVED	1	G UW Z	0.0	EOS_NOT_OBSERVED
wfe_0849	ALWAYS_SUCCESSFUL	4	4	D IY Z	3	complex	short	0.7548439502716064	0.5273774862289429	0					0	1	D IY Z	0.0	EOS_NOT_OBSERVED	1	D IY Z	0.0	EOS_NOT_OBSERVED	1	D IY Z	0.0	EOS_NOT_OBSERVED	1	D IY Z	0.0	EOS_NOT_OBSERVED
wfe_0850	MIXED_SUCCESS	3	4	AH N TH	3	complex	short	0.6755645871162415	0.48787543922662735	1	0.0	1.0	1.0	2.0	0	1	AH N TH	0.0	EOS_NOT_OBSERVED	1	AH N TH	0.0	EOS_NOT_OBSERVED	0	AH TH N	2.0	EOS_NOT_OBSERVED	1	AH N TH	0.0	EOS_NOT_OBSERVED
wfe_0851	MIXED_SUCCESS	2	4	T OW IY	3	complex	short	0.5276367738842964	0.4150196239352226	2	1.0	0.0	0.0	1.0	0	0	T OW IH	1.0	EOS_NOT_OBSERVED	1	T OW IY	0.0	EOS_NOT_OBSERVED	0	T OW IH	1.0	EOS_NOT_OBSERVED	1	T OW IY	0.0	EOS_NOT_OBSERVED
wfe_0852	ALWAYS_SUCCESSFUL	4	4	IY M Z	3	complex	short	0.6607502996921539	0.4806092232465744	0					0	1	IY M Z	0.0	EOS_NOT_OBSERVED	1	IY M Z	0.0	EOS_NOT_OBSERVED	1	IY M Z	0.0	EOS_NOT_OBSERVED	1	IY M Z	0.0	EOS_NOT_OBSERVED
wfe_0853	MIXED_SUCCESS	3	4	ER T S	3	complex	short	0.5753806605935097	0.4390830844640732	1	0.0	1.0	1.0	2.0	0	1	ER T S	0.0	EOS_NOT_OBSERVED	1	ER T S	0.0	EOS_NOT_OBSERVED	1	ER T S	0.0	EOS_NOT_OBSERVED	0	R ER T	2.0	EOS_NOT_OBSERVED
wfe_0854	ALWAYS_SUCCESSFUL	4	4	AE T R OW	4	complex	short	0.5302306115627289	0.4167972356081009	0					0	1	AE T R OW	0.0	EOS_NOT_OBSERVED	1	AE T R OW	0.0	EOS_NOT_OBSERVED	1	AE T R OW	0.0	EOS_NOT_OBSERVED	1	AE T R OW	0.0	EOS_NOT_OBSERVED
wfe_0855	ALWAYS_SUCCESSFUL	4	4	AH P R UW	4	complex	short	0.5651703774929047	0.433299608528614	0					0	1	AH P R UW	0.0	EOS_NOT_OBSERVED	1	AH P R UW	0.0	EOS_NOT_OBSERVED	1	AH P R UW	0.0	EOS_NOT_OBSERVED	1	AH P R UW	0.0	EOS_NOT_OBSERVED
wfe_0856	ALWAYS_SUCCESSFUL	4	4	R AA N T	4	complex	short	0.6547728478908539	0.4774315655231476	0					0	1	R AA N T	0.0	EOS_NOT_OBSERVED	1	R AA N T	0.0	EOS_NOT_OBSERVED	1	R AA N T	0.0	EOS_NOT_OBSERVED	1	R AA N T	0.0	EOS_NOT_OBSERVED
wfe_0857	ALWAYS_SUCCESSFUL	4	4	AE S AH K	4	complex	short	0.5043351277709007	0.40340299904346466	0					0	1	AE S AH K	0.0	EOS_NOT_OBSERVED	1	AE S AH K	0.0	EOS_NOT_OBSERVED	1	AE S AH K	0.0	EOS_NOT_OBSERVED	1	AE S AH K	0.0	EOS_NOT_OBSERVED
wfe_0858	ALWAYS_SUCCESSFUL	4	4	AA B S OW	4	complex	short	0.4634902998805046	0.3840244337916374	0					0	1	AA B S OW	0.0	EOS_NOT_OBSERVED	1	AA B S OW	0.0	EOS_NOT_OBSERVED	1	AA B S OW	0.0	EOS_NOT_OBSERVED	1	AA B S OW	0.0	EOS_NOT_OBSERVED
wfe_0859	MIXED_SUCCESS	3	4	AA P T IY	4	complex	short	0.542594775557518	0.4229594096541405	1	1.0	0.0	0.0	1.0	0	0	AA P T AH	1.0	EOS_NOT_OBSERVED	1	AA P T IY	0.0	EOS_NOT_OBSERVED	1	AA P T IY	0.0	EOS_NOT_OBSERVED	1	AA P T IY	0.0	EOS_NOT_OBSERVED
wfe_0860	ALWAYS_SUCCESSFUL	4	4	AW R EY N	4	complex	short	0.4507128521800041	0.3781823217868805	0					0	1	AW R EY N	0.0	EOS_NOT_OBSERVED	1	AW R EY N	0.0	EOS_NOT_OBSERVED	1	AW R EY N	0.0	EOS_NOT_OBSERVED	1	AW R EY N	0.0	EOS_NOT_OBSERVED
wfe_0861	ALWAYS_SUCCESSFUL	4	4	TH AW T IY	4	complex	short	0.5776152089238167	0.43974996358156204	0					0	1	TH AW T IY	0.0	EOS_NOT_OBSERVED	1	TH AW T IY	0.0	EOS_NOT_OBSERVED	1	TH AW T IY	0.0	EOS_NOT_OBSERVED	1	TH AW T IY	0.0	EOS_NOT_OBSERVED
wfe_0862	ALWAYS_SUCCESSFUL	4	4	JH AO R OW	4	complex	short	0.43314414471387863	0.3700011968612671	0					0	1	JH AO R OW	0.0	EOS_NOT_OBSERVED	1	JH AO R OW	0.0	EOS_NOT_OBSERVED	1	JH AO R OW	0.0	EOS_NOT_OBSERVED	1	JH AO R OW	0.0	EOS_NOT_OBSERVED
wfe_0863	ALWAYS_SUCCESSFUL	4	4	T EH M AW	4	complex	short	0.5319655612111092	0.41759467124938965	0					0	1	T EH M AW	0.0	EOS_NOT_OBSERVED	1	T EH M AW	0.0	EOS_NOT_OBSERVED	1	T EH M AW	0.0	EOS_NOT_OBSERVED	1	T EH M AW	0.0	EOS_NOT_OBSERVED
wfe_0864	ALWAYS_SUCCESSFUL	4	4	EH N F ER	4	complex	short	0.548246905207634	0.4252019375562668	0					0	1	EH N F ER	0.0	EOS_NOT_OBSERVED	1	EH N F ER	0.0	EOS_NOT_OBSERVED	1	EH N F ER	0.0	EOS_NOT_OBSERVED	1	EH N F ER	0.0	EOS_NOT_OBSERVED
wfe_0865	ALWAYS_SUCCESSFUL	4	4	AH K OW N	4	complex	short	0.5556992813944817	0.4291035532951355	0					0	1	AH K OW N	0.0	EOS_NOT_OBSERVED	1	AH K OW N	0.0	EOS_NOT_OBSERVED	1	AH K OW N	0.0	EOS_NOT_OBSERVED	1	AH K OW N	0.0	EOS_NOT_OBSERVED
wfe_0866	ALWAYS_SUCCESSFUL	4	4	W IY F ER	4	complex	short	0.573412150144577	0.4377070292830467	0					0	1	W IY F ER	0.0	EOS_NOT_OBSERVED	1	W IY F ER	0.0	EOS_NOT_OBSERVED	1	W IY F ER	0.0	EOS_NOT_OBSERVED	1	W IY F ER	0.0	EOS_NOT_OBSERVED
wfe_0867	ALWAYS_SUCCESSFUL	4	4	AH N EH S	4	complex	short	0.6290975511074066	0.46504152566194534	0					0	1	AH N EH S	0.0	EOS_NOT_OBSERVED	1	AH N EH S	0.0	EOS_NOT_OBSERVED	1	AH N EH S	0.0	EOS_NOT_OBSERVED	1	AH N EH S	0.0	EOS_NOT_OBSERVED
wfe_0868	MIXED_SUCCESS	3	4	EH N IY TH	4	complex	short	0.7492767572402954	0.5244429484009743	1	0.0	1.0	1.0	2.0	0	1	EH N IY TH	0.0	EOS_NOT_OBSERVED	1	EH N IY TH	0.0	EOS_NOT_OBSERVED	0	EH N TH IY	2.0	EOS_NOT_OBSERVED	1	EH N IY TH	0.0	EOS_NOT_OBSERVED
wfe_0869	ALWAYS_SUCCESSFUL	4	4	IH L UW M	4	complex	short	0.4619363695383072	0.3833075761795044	0					0	1	IH L UW M	0.0	EOS_NOT_OBSERVED	1	IH L UW M	0.0	EOS_NOT_OBSERVED	1	IH L UW M	0.0	EOS_NOT_OBSERVED	1	IH L UW M	0.0	EOS_NOT_OBSERVED
wfe_0870	ALWAYS_SUCCESSFUL	4	4	IH T S ER	4	complex	short	0.5388442575931549	0.4205465018749237	0					0	1	IH T S ER	0.0	EOS_NOT_OBSERVED	1	IH T S ER	0.0	EOS_NOT_OBSERVED	1	IH T S ER	0.0	EOS_NOT_OBSERVED	1	IH T S ER	0.0	EOS_NOT_OBSERVED
wfe_0871	ALWAYS_SUCCESSFUL	4	4	B AY L OW	4	complex	short	0.46856115013360977	0.3863298371434212	0					0	1	B AY L OW	0.0	EOS_NOT_OBSERVED	1	B AY L OW	0.0	EOS_NOT_OBSERVED	1	B AY L OW	0.0	EOS_NOT_OBSERVED	1	B AY L OW	0.0	EOS_NOT_OBSERVED
wfe_0872	ALWAYS_SUCCESSFUL	4	4	IY D IY OW	4	complex	short	0.6138123720884323	0.457303449511528	0					0	1	IY D IY OW	0.0	EOS_NOT_OBSERVED	1	IY D IY OW	0.0	EOS_NOT_OBSERVED	1	IY D IY OW	0.0	EOS_NOT_OBSERVED	1	IY D IY OW	0.0	EOS_NOT_OBSERVED
wfe_0873	MIXED_SUCCESS	3	4	SH OW IH K	4	complex	short	0.6313435584306717	0.4659147784113884	1	4.0	0.0	0.0	4.0	0	1	SH OW IH K	0.0	EOS_NOT_OBSERVED	1	SH OW IH K	0.0	EOS_NOT_OBSERVED	1	SH OW IH K	0.0	EOS_NOT_OBSERVED	0	V AE R IY	4.0	EOS_NOT_OBSERVED
wfe_0874	ALWAYS_SUCCESSFUL	4	4	D AA M ER	4	complex	short	0.4969790354371071	0.3998973071575165	0					0	1	D AA M ER	0.0	EOS_NOT_OBSERVED	1	D AA M ER	0.0	EOS_NOT_OBSERVED	1	D AA M ER	0.0	EOS_NOT_OBSERVED	1	D AA M ER	0.0	EOS_NOT_OBSERVED
wfe_0875	ALWAYS_SUCCESSFUL	4	4	AH P AO R	4	complex	short	0.5144181102514267	0.4083486571907997	0					0	1	AH P AO R	0.0	EOS_NOT_OBSERVED	1	AH P AO R	0.0	EOS_NOT_OBSERVED	1	AH P AO R	0.0	EOS_NOT_OBSERVED	1	AH P AO R	0.0	EOS_NOT_OBSERVED
wfe_0877	ALWAYS_SUCCESSFUL	4	4	N IY CH T	4	complex	short	0.6318802684545517	0.46617782115936274	0					0	1	N IY CH T	0.0	EOS_NOT_OBSERVED	1	N IY CH T	0.0	EOS_NOT_OBSERVED	1	N IY CH T	0.0	EOS_NOT_OBSERVED	1	N IY CH T	0.0	EOS_NOT_OBSERVED
wfe_0878	ALWAYS_SUCCESSFUL	4	4	SH AW T IY	4	complex	short	0.5168841481208801	0.40948688983917236	0					0	1	SH AW T IY	0.0	EOS_NOT_OBSERVED	1	SH AW T IY	0.0	EOS_NOT_OBSERVED	1	SH AW T IY	0.0	EOS_NOT_OBSERVED	1	SH AW T IY	0.0	EOS_NOT_OBSERVED
wfe_0879	ALWAYS_SUCCESSFUL	4	4	G IY V IY	4	complex	short	0.5260418429970741	0.4147244542837143	0					0	1	G IY V IY	0.0	EOS_NOT_OBSERVED	1	G IY V IY	0.0	EOS_NOT_OBSERVED	1	G IY V IY	0.0	EOS_NOT_OBSERVED	1	G IY V IY	0.0	EOS_NOT_OBSERVED
wfe_0880	ALWAYS_SUCCESSFUL	4	4	AE N IH M	4	complex	short	0.4707089066505432	0.3874328061938286	0					0	1	AE N IH M	0.0	EOS_NOT_OBSERVED	1	AE N IH M	0.0	EOS_NOT_OBSERVED	1	AE N IH M	0.0	EOS_NOT_OBSERVED	1	AE N IH M	0.0	EOS_NOT_OBSERVED
wfe_0881	ALWAYS_SUCCESSFUL	4	4	AW CH EY S	4	complex	short	0.4936155676841736	0.39842914044857025	0					0	1	AW CH EY S	0.0	EOS_NOT_OBSERVED	1	AW CH EY S	0.0	EOS_NOT_OBSERVED	1	AW CH EY S	0.0	EOS_NOT_OBSERVED	1	AW CH EY S	0.0	EOS_NOT_OBSERVED
wfe_0882	ALWAYS_SUCCESSFUL	4	4	AY DH IH NG	4	complex	short	0.6179506033658981	0.45907969772815704	0					0	1	AY DH IH NG	0.0	EOS_NOT_OBSERVED	1	AY DH IH NG	0.0	EOS_NOT_OBSERVED	1	AY DH IH NG	0.0	EOS_NOT_OBSERVED	1	AY DH IH NG	0.0	EOS_NOT_OBSERVED
wfe_0883	ALWAYS_SUCCESSFUL	4	4	AH N AE L	4	complex	short	0.5969117358326912	0.4491501897573471	0					0	1	AH N AE L	0.0	EOS_NOT_OBSERVED	1	AH N AE L	0.0	EOS_NOT_OBSERVED	1	AH N AE L	0.0	EOS_NOT_OBSERVED	1	AH N AE L	0.0	EOS_NOT_OBSERVED
wfe_0884	ALWAYS_SUCCESSFUL	4	4	F EY V IY	4	complex	short	0.647609755396843	0.47418730705976486	0					0	1	F EY V IY	0.0	EOS_NOT_OBSERVED	1	F EY V IY	0.0	EOS_NOT_OBSERVED	1	F EY V IY	0.0	EOS_NOT_OBSERVED	1	F EY V IY	0.0	EOS_NOT_OBSERVED
wfe_0885	ALWAYS_SUCCESSFUL	4	4	W AH DH ER	4	complex	short	0.7979802936315536	0.5488316416740417	0					0	1	W AH DH ER	0.0	EOS_NOT_OBSERVED	1	W AH DH ER	0.0	EOS_NOT_OBSERVED	1	W AH DH ER	0.0	EOS_NOT_OBSERVED	1	W AH DH ER	0.0	EOS_NOT_OBSERVED
wfe_0886	MIXED_SUCCESS	3	4	JH ER Z D	4	complex	short	0.5801122561097145	0.4411103054881096	1	2.0	0.0	0.0	2.0	0	0	JH ER T R	2.0	EOS_NOT_OBSERVED	1	JH ER Z D	0.0	EOS_NOT_OBSERVED	1	JH ER Z D	0.0	EOS_NOT_OBSERVED	1	JH ER Z D	0.0	EOS_NOT_OBSERVED
wfe_0887	ALWAYS_SUCCESSFUL	4	4	AO CH IH NG	4	complex	short	0.5588092356920242	0.43006832152605057	0					0	1	AO CH IH NG	0.0	EOS_NOT_OBSERVED	1	AO CH IH NG	0.0	EOS_NOT_OBSERVED	1	AO CH IH NG	0.0	EOS_NOT_OBSERVED	1	AO CH IH NG	0.0	EOS_NOT_OBSERVED
wfe_0888	ALWAYS_SUCCESSFUL	4	4	P ER F ER	4	complex	short	0.46939467638731003	0.386745423078537	0					0	1	P ER F ER	0.0	EOS_NOT_OBSERVED	1	P ER F ER	0.0	EOS_NOT_OBSERVED	1	P ER F ER	0.0	EOS_NOT_OBSERVED	1	P ER F ER	0.0	EOS_NOT_OBSERVED
wfe_0889	ALWAYS_SUCCESSFUL	4	4	AH N OW T	4	complex	short	0.518299788236618	0.41037917137145996	0					0	1	AH N OW T	0.0	EOS_NOT_OBSERVED	1	AH N OW T	0.0	EOS_NOT_OBSERVED	1	AH N OW T	0.0	EOS_NOT_OBSERVED	1	AH N OW T	0.0	EOS_NOT_OBSERVED
wfe_0890	ALWAYS_SUCCESSFUL	4	4	IH S ER T	4	complex	short	0.48739122599363327	0.39554332941770554	0					0	1	IH S ER T	0.0	EOS_NOT_OBSERVED	1	IH S ER T	0.0	EOS_NOT_OBSERVED	1	IH S ER T	0.0	EOS_NOT_OBSERVED	1	IH S ER T	0.0	EOS_NOT_OBSERVED
wfe_0891	ALWAYS_SUCCESSFUL	4	4	AE L AH P	4	complex	short	0.5761704370379448	0.43866948783397675	0					0	1	AE L AH P	0.0	EOS_NOT_OBSERVED	1	AE L AH P	0.0	EOS_NOT_OBSERVED	1	AE L AH P	0.0	EOS_NOT_OBSERVED	1	AE L AH P	0.0	EOS_NOT_OBSERVED
wfe_0892	ALWAYS_SUCCESSFUL	4	4	AH N ER JH	4	complex	short	0.7096635401248932	0.5048360377550125	0					0	1	AH N ER JH	0.0	EOS_NOT_OBSERVED	1	AH N ER JH	0.0	EOS_NOT_OBSERVED	1	AH N ER JH	0.0	EOS_NOT_OBSERVED	1	AH N ER JH	0.0	EOS_NOT_OBSERVED
wfe_0893	ALWAYS_SUCCESSFUL	4	4	D EH L ER	4	complex	short	0.674755334854126	0.48738304525613785	0					0	1	D EH L ER	0.0	EOS_NOT_OBSERVED	1	D EH L ER	0.0	EOS_NOT_OBSERVED	1	D EH L ER	0.0	EOS_NOT_OBSERVED	1	D EH L ER	0.0	EOS_NOT_OBSERVED
wfe_0894	ALWAYS_SUCCESSFUL	4	4	EH N IH T	4	complex	short	0.49983081966638565	0.4015099033713341	0					0	1	EH N IH T	0.0	EOS_NOT_OBSERVED	1	EH N IH T	0.0	EOS_NOT_OBSERVED	1	EH N IH T	0.0	EOS_NOT_OBSERVED	1	EH N IH T	0.0	EOS_NOT_OBSERVED
wfe_0895	ALWAYS_SUCCESSFUL	4	4	V AA L OW	4	complex	short	0.6692709177732468	0.48465619981288904	0					0	1	V AA L OW	0.0	EOS_NOT_OBSERVED	1	V AA L OW	0.0	EOS_NOT_OBSERVED	1	V AA L OW	0.0	EOS_NOT_OBSERVED	1	V AA L OW	0.0	EOS_NOT_OBSERVED
wfe_0896	ALWAYS_SUCCESSFUL	4	4	D EH F UW	4	complex	short	0.5247180387377739	0.41340313851833344	0					0	1	D EH F UW	0.0	EOS_NOT_OBSERVED	1	D EH F UW	0.0	EOS_NOT_OBSERVED	1	D EH F UW	0.0	EOS_NOT_OBSERVED	1	D EH F UW	0.0	EOS_NOT_OBSERVED
wfe_0897	ALWAYS_SUCCESSFUL	4	4	JH ER M ER	4	complex	short	0.4874312952160835	0.39584876596927643	0					0	1	JH ER M ER	0.0	EOS_NOT_OBSERVED	1	JH ER M ER	0.0	EOS_NOT_OBSERVED	1	JH ER M ER	0.0	EOS_NOT_OBSERVED	1	JH ER M ER	0.0	EOS_NOT_OBSERVED
wfe_0898	ALWAYS_SUCCESSFUL	4	4	IH R IY D	4	complex	short	0.46218258142471313	0.38330961018800735	0					0	1	IH R IY D	0.0	EOS_NOT_OBSERVED	1	IH R IY D	0.0	EOS_NOT_OBSERVED	1	IH R IY D	0.0	EOS_NOT_OBSERVED	1	IH R IY D	0.0	EOS_NOT_OBSERVED
wfe_0899	ALWAYS_SUCCESSFUL	4	4	P EY L OW	4	complex	short	0.5400104224681854	0.42124655097723007	0					0	1	P EY L OW	0.0	EOS_NOT_OBSERVED	1	P EY L OW	0.0	EOS_NOT_OBSERVED	1	P EY L OW	0.0	EOS_NOT_OBSERVED	1	P EY L OW	0.0	EOS_NOT_OBSERVED
wfe_0900	ALWAYS_SUCCESSFUL	4	4	AA K T IY M	5	complex	short	0.601033441722393	0.45139841735363007	0					0	1	AA K T IY M	0.0	EOS_NOT_OBSERVED	1	AA K T IY M	0.0	EOS_NOT_OBSERVED	1	AA K T IY M	0.0	EOS_NOT_OBSERVED	1	AA K T IY M	0.0	EOS_NOT_OBSERVED
wfe_0901	ALWAYS_SUCCESSFUL	4	4	HH OW M AE T	5	complex	short	0.499052494764328	0.40086235105991364	0					0	1	HH OW M AE T	0.0	EOS_NOT_OBSERVED	1	HH OW M AE T	0.0	EOS_NOT_OBSERVED	1	HH OW M AE T	0.0	EOS_NOT_OBSERVED	1	HH OW M AE T	0.0	EOS_NOT_OBSERVED
wfe_0902	ALWAYS_SUCCESSFUL	4	4	OW P IH S T	5	complex	short	0.5195726901292801	0.4107898101210594	0					0	1	OW P IH S T	0.0	EOS_NOT_OBSERVED	1	OW P IH S T	0.0	EOS_NOT_OBSERVED	1	OW P IH S T	0.0	EOS_NOT_OBSERVED	1	OW P IH S T	0.0	EOS_NOT_OBSERVED
wfe_0903	MIXED_SUCCESS	3	4	G OW V IY OW	5	complex	short	0.44636132568120956	0.3759031742811203	1	0.0	1.0	1.0	2.0	0	1	G OW V IY OW	0.0	EOS_NOT_OBSERVED	0	G OW V OW IY	2.0	EOS_NOT_OBSERVED	1	G OW V IY OW	0.0	EOS_NOT_OBSERVED	1	G OW V IY OW	0.0	EOS_NOT_OBSERVED
wfe_0904	ALWAYS_SUCCESSFUL	4	4	B IH L W EY	5	complex	short	0.5792682319879532	0.4404980093240738	0					0	1	B IH L W EY	0.0	EOS_NOT_OBSERVED	1	B IH L W EY	0.0	EOS_NOT_OBSERVED	1	B IH L W EY	0.0	EOS_NOT_OBSERVED	1	B IH L W EY	0.0	EOS_NOT_OBSERVED
wfe_0905	ALWAYS_SUCCESSFUL	4	4	IY K AO R G	5	complex	short	0.5444581881165504	0.42311283200979233	0					0	1	IY K AO R G	0.0	EOS_NOT_OBSERVED	1	IY K AO R G	0.0	EOS_NOT_OBSERVED	1	IY K AO R G	0.0	EOS_NOT_OBSERVED	1	IY K AO R G	0.0	EOS_NOT_OBSERVED
wfe_0906	ALWAYS_SUCCESSFUL	4	4	R AE D IH S	5	complex	short	0.4797656312584877	0.39163853228092194	0					0	1	R AE D IH S	0.0	EOS_NOT_OBSERVED	1	R AE D IH S	0.0	EOS_NOT_OBSERVED	1	R AE D IH S	0.0	EOS_NOT_OBSERVED	1	R AE D IH S	0.0	EOS_NOT_OBSERVED
wfe_0907	ALWAYS_SUCCESSFUL	4	4	S OW P AH T	5	complex	short	0.7349289059638977	0.5174360871315002	0					0	1	S OW P AH T	0.0	EOS_NOT_OBSERVED	1	S OW P AH T	0.0	EOS_NOT_OBSERVED	1	S OW P AH T	0.0	EOS_NOT_OBSERVED	1	S OW P AH T	0.0	EOS_NOT_OBSERVED
wfe_0908	MIXED_SUCCESS	3	4	HH IH M AH M	5	complex	short	0.6271788775920868	0.46440861374139786	1	1.0	0.0	0.0	1.0	0	1	HH IH M AH M	0.0	EOS_NOT_OBSERVED	1	HH IH M AH M	0.0	EOS_NOT_OBSERVED	0	HH IH M AH S	1.0	EOS_NOT_OBSERVED	1	HH IH M AH M	0.0	EOS_NOT_OBSERVED
wfe_0909	ALWAYS_SUCCESSFUL	4	4	S AE K N OW	5	complex	short	0.5218230336904526	0.41258272528648376	0					0	1	S AE K N OW	0.0	EOS_NOT_OBSERVED	1	S AE K N OW	0.0	EOS_NOT_OBSERVED	1	S AE K N OW	0.0	EOS_NOT_OBSERVED	1	S AE K N OW	0.0	EOS_NOT_OBSERVED
wfe_0910	MIXED_SUCCESS	1	4	AH N K R AW	5	complex	short	0.5328361243009567	0.4178647994995117	3	2.0	0.3333333333333333	0.3333333333333333	2.6666666666666665	0	0	S AH K L Y	4.0	EOS_NOT_OBSERVED	0	AH N R UW P	3.0	EOS_NOT_OBSERVED	0	AH N K L AW	1.0	EOS_NOT_OBSERVED	1	AH N K R AW	0.0	EOS_NOT_OBSERVED
wfe_0911	ALWAYS_SUCCESSFUL	4	4	B UH L F ER	5	complex	short	0.5648445934057236	0.4328857511281967	0					0	1	B UH L F ER	0.0	EOS_NOT_OBSERVED	1	B UH L F ER	0.0	EOS_NOT_OBSERVED	1	B UH L F ER	0.0	EOS_NOT_OBSERVED	1	B UH L F ER	0.0	EOS_NOT_OBSERVED
wfe_0912	MIXED_SUCCESS	3	4	N AA N V ER	5	complex	short	0.5929333344101906	0.44731684029102325	1	1.0	0.0	0.0	1.0	0	1	N AA N V ER	0.0	EOS_NOT_OBSERVED	1	N AA N V ER	0.0	EOS_NOT_OBSERVED	1	N AA N V ER	0.0	EOS_NOT_OBSERVED	0	N AA N F ER	1.0	EOS_NOT_OBSERVED
wfe_0913	ALWAYS_SUCCESSFUL	4	4	D EH F ER K	5	complex	short	0.5246601998806	0.41388434916734695	0					0	1	D EH F ER K	0.0	EOS_NOT_OBSERVED	1	D EH F ER K	0.0	EOS_NOT_OBSERVED	1	D EH F ER K	0.0	EOS_NOT_OBSERVED	1	D EH F ER K	0.0	EOS_NOT_OBSERVED
wfe_0914	MIXED_SUCCESS	3	4	B IY OW M OW	5	complex	short	0.42785710096359253	0.3674830049276352	1	0.0	1.0	1.0	2.0	0	1	B IY OW M OW	0.0	EOS_NOT_OBSERVED	0	B IY M OW OW	2.0	EOS_NOT_OBSERVED	1	B IY OW M OW	0.0	EOS_NOT_OBSERVED	1	B IY OW M OW	0.0	EOS_NOT_OBSERVED
wfe_0915	ALWAYS_SUCCESSFUL	4	4	AE D V IY OW	5	complex	short	0.5115873217582703	0.4069969058036804	0					0	1	AE D V IY OW	0.0	EOS_NOT_OBSERVED	1	AE D V IY OW	0.0	EOS_NOT_OBSERVED	1	AE D V IY OW	0.0	EOS_NOT_OBSERVED	1	AE D V IY OW	0.0	EOS_NOT_OBSERVED
wfe_0916	ALWAYS_SUCCESSFUL	4	4	M AH L B OY	5	complex	short	0.4973379448056221	0.4000850766897201	0					0	1	M AH L B OY	0.0	EOS_NOT_OBSERVED	1	M AH L B OY	0.0	EOS_NOT_OBSERVED	1	M AH L B OY	0.0	EOS_NOT_OBSERVED	1	M AH L B OY	0.0	EOS_NOT_OBSERVED
wfe_0917	MIXED_SUCCESS	3	4	AE G R AE T	5	complex	short	0.4731505289673805	0.3886343911290169	1	0.0	1.0	1.0	2.0	0	0	AE R G AE T	2.0	EOS_NOT_OBSERVED	1	AE G R AE T	0.0	EOS_NOT_OBSERVED	1	AE G R AE T	0.0	EOS_NOT_OBSERVED	1	AE G R AE T	0.0	EOS_NOT_OBSERVED
wfe_0918	ALWAYS_SUCCESSFUL	4	4	B IH F IH K	5	complex	short	0.5369616001844406	0.4193626791238785	0					0	1	B IH F IH K	0.0	EOS_NOT_OBSERVED	1	B IH F IH K	0.0	EOS_NOT_OBSERVED	1	B IH F IH K	0.0	EOS_NOT_OBSERVED	1	B IH F IH K	0.0	EOS_NOT_OBSERVED
wfe_0919	ALWAYS_SUCCESSFUL	4	4	AH S AA S IY	5	complex	short	0.5162253752350807	0.40917227417230606	0					0	1	AH S AA S IY	0.0	EOS_NOT_OBSERVED	1	AH S AA S IY	0.0	EOS_NOT_OBSERVED	1	AH S AA S IY	0.0	EOS_NOT_OBSERVED	1	AH S AA S IY	0.0	EOS_NOT_OBSERVED
wfe_0920	MIXED_SUCCESS	3	4	AH N IY M D	5	complex	short	0.6175230294466019	0.45904701948165894	1	2.0	0.0	0.0	2.0	0	1	AH N IY M D	0.0	EOS_NOT_OBSERVED	0	AH N M IH D	2.0	EOS_NOT_OBSERVED	1	AH N IY M D	0.0	EOS_NOT_OBSERVED	1	AH N IY M D	0.0	EOS_NOT_OBSERVED
wfe_0921	ALWAYS_SUCCESSFUL	4	4	IH N V AO R	5	complex	short	0.5932328179478645	0.44727110117673874	0					0	1	IH N V AO R	0.0	EOS_NOT_OBSERVED	1	IH N V AO R	0.0	EOS_NOT_OBSERVED	1	IH N V AO R	0.0	EOS_NOT_OBSERVED	1	IH N V AO R	0.0	EOS_NOT_OBSERVED
wfe_0922	ALWAYS_SUCCESSFUL	4	4	F ER S AY D	5	complex	short	0.5429401248693466	0.4233158826828003	0					0	1	F ER S AY D	0.0	EOS_NOT_OBSERVED	1	F ER S AY D	0.0	EOS_NOT_OBSERVED	1	F ER S AY D	0.0	EOS_NOT_OBSERVED	1	F ER S AY D	0.0	EOS_NOT_OBSERVED
wfe_0923	MIXED_SUCCESS	3	4	T IY T IH N	5	complex	short	0.567463144659996	0.4343521445989609	1	2.0	0.0	0.0	2.0	0	1	T IY T IH N	0.0	EOS_NOT_OBSERVED	1	T IY T IH N	0.0	EOS_NOT_OBSERVED	1	T IY T IH N	0.0	EOS_NOT_OBSERVED	0	T IY D IH P	2.0	EOS_NOT_OBSERVED
wfe_0924	ALWAYS_SUCCESSFUL	4	4	G EH T ER T	5	complex	short	0.5686897784471512	0.4351072311401367	0					0	1	G EH T ER T	0.0	EOS_NOT_OBSERVED	1	G EH T ER T	0.0	EOS_NOT_OBSERVED	1	G EH T ER T	0.0	EOS_NOT_OBSERVED	1	G EH T ER T	0.0	EOS_NOT_OBSERVED
wfe_0925	ALWAYS_SUCCESSFUL	4	4	R IY K AW S	5	complex	short	0.46484173089265823	0.38464319705963135	0					0	1	R IY K AW S	0.0	EOS_NOT_OBSERVED	1	R IY K AW S	0.0	EOS_NOT_OBSERVED	1	R IY K AW S	0.0	EOS_NOT_OBSERVED	1	R IY K AW S	0.0	EOS_NOT_OBSERVED
wfe_0926	ALWAYS_SUCCESSFUL	4	4	M AH SH IH N	5	complex	short	0.5836511254310608	0.4423845186829567	0					0	1	M AH SH IH N	0.0	EOS_NOT_OBSERVED	1	M AH SH IH N	0.0	EOS_NOT_OBSERVED	1	M AH SH IH N	0.0	EOS_NOT_OBSERVED	1	M AH SH IH N	0.0	EOS_NOT_OBSERVED
wfe_0927	ALWAYS_SUCCESSFUL	4	4	R EH D W IY	5	complex	short	0.682299330830574	0.4912833571434021	0					0	1	R EH D W IY	0.0	EOS_NOT_OBSERVED	1	R EH D W IY	0.0	EOS_NOT_OBSERVED	1	R EH D W IY	0.0	EOS_NOT_OBSERVED	1	R EH D W IY	0.0	EOS_NOT_OBSERVED
wfe_0928	ALWAYS_SUCCESSFUL	4	4	HH IH M B IY	5	complex	short	0.5335857570171356	0.41759325563907623	0					0	1	HH IH M B IY	0.0	EOS_NOT_OBSERVED	1	HH IH M B IY	0.0	EOS_NOT_OBSERVED	1	HH IH M B IY	0.0	EOS_NOT_OBSERVED	1	HH IH M B IY	0.0	EOS_NOT_OBSERVED
wfe_0929	ALWAYS_SUCCESSFUL	4	4	Y UW R AW N	5	complex	short	0.5430067852139473	0.4231242164969444	0					0	1	Y UW R AW N	0.0	EOS_NOT_OBSERVED	1	Y UW R AW N	0.0	EOS_NOT_OBSERVED	1	Y UW R AW N	0.0	EOS_NOT_OBSERVED	1	Y UW R AW N	0.0	EOS_NOT_OBSERVED
wfe_0930	MIXED_SUCCESS	3	4	M IH N T AY	5	complex	short	0.47251027077436447	0.3882356956601143	1	0.0	1.0	1.0	2.0	0	1	M IH N T AY	0.0	EOS_NOT_OBSERVED	0	M IH T N AY	2.0	EOS_NOT_OBSERVED	1	M IH N T AY	0.0	EOS_NOT_OBSERVED	1	M IH N T AY	0.0	EOS_NOT_OBSERVED
wfe_0931	ALWAYS_SUCCESSFUL	4	4	P ER T AH T	5	complex	short	0.6391567140817642	0.4699607864022255	0					0	1	P ER T AH T	0.0	EOS_NOT_OBSERVED	1	P ER T AH T	0.0	EOS_NOT_OBSERVED	1	P ER T AH T	0.0	EOS_NOT_OBSERVED	1	P ER T AH T	0.0	EOS_NOT_OBSERVED
wfe_0932	ALWAYS_SUCCESSFUL	4	4	P ER L IH K	5	complex	short	0.5140784978866577	0.408155657351017	0					0	1	P ER L IH K	0.0	EOS_NOT_OBSERVED	1	P ER L IH K	0.0	EOS_NOT_OBSERVED	1	P ER L IH K	0.0	EOS_NOT_OBSERVED	1	P ER L IH K	0.0	EOS_NOT_OBSERVED
wfe_0933	MIXED_SUCCESS	2	4	S ER V AY D AH D	7	complex	long	0.6589058339595795	0.47953880578279495	2	1.5	0.0	0.0	1.5	0	1	S ER V AY D AH D	0.0	EOS_NOT_OBSERVED	1	S ER V AY D AH D	0.0	EOS_NOT_OBSERVED	0	S ER V AY D AH L	1.0	EOS_NOT_OBSERVED	0	S ER V ER D AH L	2.0	EOS_NOT_OBSERVED
wfe_0934	ALWAYS_SUCCESSFUL	4	4	IH N T IH P AH L	7	complex	long	0.5306202247738838	0.4162076488137245	0					0	1	IH N T IH P AH L	0.0	EOS_NOT_OBSERVED	1	IH N T IH P AH L	0.0	EOS_NOT_OBSERVED	1	IH N T IH P AH L	0.0	EOS_NOT_OBSERVED	1	IH N T IH P AH L	0.0	EOS_NOT_OBSERVED
wfe_0935	ALWAYS_SUCCESSFUL	4	4	P AH B S AY D Z	7	complex	long	0.6066728383302689	0.45365577191114426	0					0	1	P AH B S AY D Z	0.0	EOS_NOT_OBSERVED	1	P AH B S AY D Z	0.0	EOS_NOT_OBSERVED	1	P AH B S AY D Z	0.0	EOS_NOT_OBSERVED	1	P AH B S AY D Z	0.0	EOS_NOT_OBSERVED
wfe_0936	MIXED_SUCCESS	2	4	D AH S OW SH IY OW	7	complex	long	0.4417290315032005	0.3739446997642517	2	2.0	1.0	0.5	3.5	1	0	D AH S OW S AY CH	3.0	EOS_NOT_OBSERVED	1	D AH S OW SH IY OW	0.0	EOS_NOT_OBSERVED	1	D AH S OW SH IY OW	0.0	EOS_NOT_OBSERVED	0	AH S T OW JH IY	4.0	PREMATURE_EOS
wfe_0937	MIXED_SUCCESS	3	4	B Y UW T IY N Z	7	complex	long	0.479495607316494	0.3915146514773369	1	1.0	1.0	1.0	3.0	0	1	B Y UW T IY N Z	0.0	EOS_NOT_OBSERVED	1	B Y UW T IY N Z	0.0	EOS_NOT_OBSERVED	1	B Y UW T IY N Z	0.0	EOS_NOT_OBSERVED	0	B UW T Y UW N Z	3.0	EOS_NOT_OBSERVED
wfe_0938	MIXED_SUCCESS	3	4	EH D AH T R AH L	7	complex	long	0.6037427484989166	0.45213013142347336	1	2.0	0.0	0.0	2.0	0	0	EH D AH T R IH CH	2.0	EOS_NOT_OBSERVED	1	EH D AH T R AH L	0.0	EOS_NOT_OBSERVED	1	EH D AH T R AH L	0.0	EOS_NOT_OBSERVED	1	EH D AH T R AH L	0.0	EOS_NOT_OBSERVED
wfe_0939	ALWAYS_SUCCESSFUL	4	4	P AH B L IH T IY	7	complex	long	0.6906295418739319	0.49531926959753036	0					0	1	P AH B L IH T IY	0.0	EOS_NOT_OBSERVED	1	P AH B L IH T IY	0.0	EOS_NOT_OBSERVED	1	P AH B L IH T IY	0.0	EOS_NOT_OBSERVED	1	P AH B L IH T IY	0.0	EOS_NOT_OBSERVED
wfe_0940	ALWAYS_SUCCESSFUL	4	4	HH AA R JH IH NG Z	7	complex	long	0.639219805598259	0.469988614320755	0					0	1	HH AA R JH IH NG Z	0.0	EOS_NOT_OBSERVED	1	HH AA R JH IH NG Z	0.0	EOS_NOT_OBSERVED	1	HH AA R JH IH NG Z	0.0	EOS_NOT_OBSERVED	1	HH AA R JH IH NG Z	0.0	EOS_NOT_OBSERVED
wfe_0941	MIXED_SUCCESS	2	4	B IY N S P AO R	7	complex	long	0.4523609131574631	0.3787161558866501	2	1.0	1.0	0.5	2.5	1	1	B IY N S P AO R	0.0	EOS_NOT_OBSERVED	0	B IY S N P AO R	2.0	EOS_NOT_OBSERVED	0	B IY N S Y UW	3.0	PREMATURE_EOS	1	B IY N S P AO R	0.0	EOS_NOT_OBSERVED
wfe_0942	MIXED_SUCCESS	1	4	B R OW V EH L F	7	complex	long	0.46728312969207764	0.3858172670006752	3	1.6666666666666667	0.6666666666666666	0.3333333333333333	2.6666666666666665	1	0	B R AE V F IH L	4.0	EOS_NOT_OBSERVED	0	B R OW V AY L	2.0	PREMATURE_EOS	1	B R OW V EH L F	0.0	EOS_NOT_OBSERVED	0	B R OW F EH L V	2.0	EOS_NOT_OBSERVED
wfe_0943	MIXED_SUCCESS	2	4	HH IH M AH L EY S	7	complex	long	0.5312163680791855	0.41641444712877274	2	1.0	0.0	0.0	1.0	0	0	HH IH M AH L EY Z	1.0	EOS_NOT_OBSERVED	0	HH IH M AH L AY S	1.0	EOS_NOT_OBSERVED	1	HH IH M AH L EY S	0.0	EOS_NOT_OBSERVED	1	HH IH M AH L EY S	0.0	EOS_NOT_OBSERVED
wfe_0944	ALWAYS_SUCCESSFUL	4	4	K AH N UW T AH D	7	complex	long	0.5001174136996269	0.4016956016421318	0					0	1	K AH N UW T AH D	0.0	EOS_NOT_OBSERVED	1	K AH N UW T AH D	0.0	EOS_NOT_OBSERVED	1	K AH N UW T AH D	0.0	EOS_NOT_OBSERVED	1	K AH N UW T AH D	0.0	EOS_NOT_OBSERVED
wfe_0945	ALWAYS_SUCCESSFUL	4	4	B AE M P IY AH N	7	complex	long	0.4906836450099945	0.39691851288080215	0					0	1	B AE M P IY AH N	0.0	EOS_NOT_OBSERVED	1	B AE M P IY AH N	0.0	EOS_NOT_OBSERVED	1	B AE M P IY AH N	0.0	EOS_NOT_OBSERVED	1	B AE M P IY AH N	0.0	EOS_NOT_OBSERVED
wfe_0946	MIXED_SUCCESS	1	4	T W EH T S K IY	7	complex	long	0.5613328814506531	0.4313761293888092	3	1.0	0.6666666666666666	0.6666666666666666	2.3333333333333335	0	0	T W EH S T IY K	3.0	EOS_NOT_OBSERVED	0	T W EH S T IY K	3.0	EOS_NOT_OBSERVED	0	T W EH T S T IY	1.0	EOS_NOT_OBSERVED	1	T W EH T S K IY	0.0	EOS_NOT_OBSERVED
wfe_0947	ALWAYS_SUCCESSFUL	4	4	AE K T IH T OW M	7	complex	long	0.4451543986797333	0.3754614442586899	0					0	1	AE K T IH T OW M	0.0	EOS_NOT_OBSERVED	1	AE K T IH T OW M	0.0	EOS_NOT_OBSERVED	1	AE K T IH T OW M	0.0	EOS_NOT_OBSERVED	1	AE K T IH T OW M	0.0	EOS_NOT_OBSERVED
wfe_0948	ALWAYS_SUCCESSFUL	4	4	F EH S AH M AY N	7	complex	long	0.5195324271917343	0.41075970977544785	0					0	1	F EH S AH M AY N	0.0	EOS_NOT_OBSERVED	1	F EH S AH M AY N	0.0	EOS_NOT_OBSERVED	1	F EH S AH M AY N	0.0	EOS_NOT_OBSERVED	1	F EH S AH M AY N	0.0	EOS_NOT_OBSERVED
wfe_0949	MIXED_SUCCESS	3	4	AH P IY D IY AH L	7	complex	long	0.47711465507745743	0.3905063197016716	1	1.0	1.0	1.0	3.0	0	1	AH P IY D IY AH L	0.0	EOS_NOT_OBSERVED	1	AH P IY D IY AH L	0.0	EOS_NOT_OBSERVED	0	AH V IY D IY L AH	3.0	EOS_NOT_OBSERVED	1	AH P IY D IY AH L	0.0	EOS_NOT_OBSERVED
wfe_0950	MIXED_SUCCESS	3	4	M AA M AH K AH L	7	complex	long	0.5684640407562256	0.4350663274526596	1	4.0	0.0	0.0	4.0	0	1	M AA M AH K AH L	0.0	EOS_NOT_OBSERVED	1	M AA M AH K AH L	0.0	EOS_NOT_OBSERVED	0	M AA R AH M AE K	4.0	EOS_NOT_OBSERVED	1	M AA M AH K AH L	0.0	EOS_NOT_OBSERVED
wfe_0951	ALWAYS_SUCCESSFUL	4	4	B EH L AH N T ER	7	complex	long	0.44692688435316086	0.3765839636325836	0					0	1	B EH L AH N T ER	0.0	EOS_NOT_OBSERVED	1	B EH L AH N T ER	0.0	EOS_NOT_OBSERVED	1	B EH L AH N T ER	0.0	EOS_NOT_OBSERVED	1	B EH L AH N T ER	0.0	EOS_NOT_OBSERVED
wfe_0952	ALWAYS_SUCCESSFUL	4	4	Y UW N AH V AH L	7	complex	long	0.6832489669322968	0.49163075536489487	0					0	1	Y UW N AH V AH L	0.0	EOS_NOT_OBSERVED	1	Y UW N AH V AH L	0.0	EOS_NOT_OBSERVED	1	Y UW N AH V AH L	0.0	EOS_NOT_OBSERVED	1	Y UW N AH V AH L	0.0	EOS_NOT_OBSERVED
wfe_0953	MIXED_SUCCESS	3	4	HH AE V AY S AH Z	7	complex	long	0.525580383837223	0.41390825062990183	1	2.0	0.0	0.0	2.0	0	0	HH AE V AY Z AH S	2.0	EOS_NOT_OBSERVED	1	HH AE V AY S AH Z	0.0	EOS_NOT_OBSERVED	1	HH AE V AY S AH Z	0.0	EOS_NOT_OBSERVED	1	HH AE V AY S AH Z	0.0	EOS_NOT_OBSERVED
wfe_0954	MIXED_SUCCESS	3	4	EH N IY B AO L Z	7	complex	long	0.5273022800683975	0.4145089164376259	1	0.0	1.0	0.0	1.0	1	0	EH N IY B AO L	1.0	PREMATURE_EOS	1	EH N IY B AO L Z	0.0	EOS_NOT_OBSERVED	1	EH N IY B AO L Z	0.0	EOS_NOT_OBSERVED	1	EH N IY B AO L Z	0.0	EOS_NOT_OBSERVED
wfe_0955	ALWAYS_SUCCESSFUL	4	4	D IH K AE M B ER	7	complex	long	0.3450839444994926	0.32977530360221863	0					0	1	D IH K AE M B ER	0.0	EOS_NOT_OBSERVED	1	D IH K AE M B ER	0.0	EOS_NOT_OBSERVED	1	D IH K AE M B ER	0.0	EOS_NOT_OBSERVED	1	D IH K AE M B ER	0.0	EOS_NOT_OBSERVED
wfe_0956	ALWAYS_SUCCESSFUL	4	4	P ER V IH SH AH S	7	complex	long	0.5453561693429947	0.4234333261847496	0					0	1	P ER V IH SH AH S	0.0	EOS_NOT_OBSERVED	1	P ER V IH SH AH S	0.0	EOS_NOT_OBSERVED	1	P ER V IH SH AH S	0.0	EOS_NOT_OBSERVED	1	P ER V IH SH AH S	0.0	EOS_NOT_OBSERVED
wfe_0957	ALWAYS_SUCCESSFUL	4	4	AH N L EH JH IH NG	7	complex	long	0.5583319067955017	0.4298916161060333	0					0	1	AH N L EH JH IH NG	0.0	EOS_NOT_OBSERVED	1	AH N L EH JH IH NG	0.0	EOS_NOT_OBSERVED	1	AH N L EH JH IH NG	0.0	EOS_NOT_OBSERVED	1	AH N L EH JH IH NG	0.0	EOS_NOT_OBSERVED
wfe_0958	ALWAYS_SUCCESSFUL	4	4	AH T AE T IH NG Z	7	complex	long	0.49458497762680054	0.39897005259990687	0					0	1	AH T AE T IH NG Z	0.0	EOS_NOT_OBSERVED	1	AH T AE T IH NG Z	0.0	EOS_NOT_OBSERVED	1	AH T AE T IH NG Z	0.0	EOS_NOT_OBSERVED	1	AH T AE T IH NG Z	0.0	EOS_NOT_OBSERVED
wfe_0959	ALWAYS_SUCCESSFUL	4	4	AH P AA R SH AH N	7	complex	long	0.5966771394014359	0.44909778237342834	0					0	1	AH P AA R SH AH N	0.0	EOS_NOT_OBSERVED	1	AH P AA R SH AH N	0.0	EOS_NOT_OBSERVED	1	AH P AA R SH AH N	0.0	EOS_NOT_OBSERVED	1	AH P AA R SH AH N	0.0	EOS_NOT_OBSERVED
wfe_0960	MIXED_SUCCESS	3	4	R EH T AE B IH T	7	complex	long	0.5601179674267769	0.43083842843770975	1	3.0	1.0	0.0	4.0	1	0	R AE T EH B IY	4.0	PREMATURE_EOS	1	R EH T AE B IH T	0.0	EOS_NOT_OBSERVED	1	R EH T AE B IH T	0.0	EOS_NOT_OBSERVED	1	R EH T AE B IH T	0.0	EOS_NOT_OBSERVED
wfe_0961	MIXED_SUCCESS	1	4	K AH N K AA TH IY	7	complex	long	0.4742843732237816	0.3892229422926903	3	3.0	0.0	0.0	3.0	0	0	K AH N K AA L IY	1.0	EOS_NOT_OBSERVED	0	K AH N F EH CH AH	4.0	EOS_NOT_OBSERVED	0	K AH N AA T AH M	4.0	EOS_NOT_OBSERVED	1	K AH N K AA TH IY	0.0	EOS_NOT_OBSERVED
wfe_0962	MIXED_SUCCESS	3	4	F AH L UW T IH D	7	complex	long	0.5314238965511322	0.41712646186351776	1	1.0	1.0	1.0	3.0	0	1	F AH L UW T IH D	0.0	EOS_NOT_OBSERVED	1	F AH L UW T IH D	0.0	EOS_NOT_OBSERVED	1	F AH L UW T IH D	0.0	EOS_NOT_OBSERVED	0	F AH N Y UW T IH	3.0	EOS_NOT_OBSERVED
wfe_0963	MIXED_SUCCESS	1	4	Y UW N IY Z IH K	7	complex	long	0.5884221494197845	0.4447163939476013	3	1.3333333333333333	0.6666666666666666	0.3333333333333333	2.3333333333333335	1	0	Y UW N IY AH P S	3.0	EOS_NOT_OBSERVED	0	Y UW N IY IH K S	2.0	EOS_NOT_OBSERVED	1	Y UW N IY Z IH K	0.0	EOS_NOT_OBSERVED	0	Y UW N IY IH TH	2.0	PREMATURE_EOS
wfe_0964	MIXED_SUCCESS	2	4	R IH K AO Z IH Z	7	complex	long	0.48214682936668396	0.3928355947136879	2	2.0	0.0	0.0	2.0	0	1	R IH K AO Z IH Z	0.0	EOS_NOT_OBSERVED	0	R IH K AO Z AH M	2.0	EOS_NOT_OBSERVED	0	R IH HH OW Z IH Z	2.0	EOS_NOT_OBSERVED	1	R IH K AO Z IH Z	0.0	EOS_NOT_OBSERVED
wfe_0965	ALWAYS_SUCCESSFUL	4	4	P R IY T R AH L	7	complex	long	0.5699679404497147	0.4365682750940323	0					0	1	P R IY T R AH L	0.0	EOS_NOT_OBSERVED	1	P R IY T R AH L	0.0	EOS_NOT_OBSERVED	1	P R IY T R AH L	0.0	EOS_NOT_OBSERVED	1	P R IY T R AH L	0.0	EOS_NOT_OBSERVED
wfe_0966	MIXED_SUCCESS	2	4	D IH S R IH T ER B	8	complex	long	0.5683260709047318	0.43468789756298065	2	1.5	0.0	0.0	1.5	0	0	D IH S R IH T IH B	1.0	EOS_NOT_OBSERVED	0	D IH S R IH B ER T	2.0	EOS_NOT_OBSERVED	1	D IH S R IH T ER B	0.0	EOS_NOT_OBSERVED	1	D IH S R IH T ER B	0.0	EOS_NOT_OBSERVED
wfe_0967	MIXED_SUCCESS	1	4	R IY OW L ER R AY Z	8	complex	long	0.5233166813850403	0.4127664491534233	3	1.3333333333333333	0.3333333333333333	0.3333333333333333	2.0	0	0	R IY OW L ER AA R Z	2.0	EOS_NOT_OBSERVED	1	R IY OW L ER R AY Z	0.0	EOS_NOT_OBSERVED	0	R IY OW L ER AA T S	3.0	EOS_NOT_OBSERVED	0	R IY OW L ER N AY Z	1.0	EOS_NOT_OBSERVED
wfe_0968	MIXED_SUCCESS	3	4	M IH S K R IY K T	8	complex	long	0.5241277813911438	0.41301096230745316	1	1.0	0.0	0.0	1.0	0	0	M IH S K R IY P T	1.0	EOS_NOT_OBSERVED	1	M IH S K R IY K T	0.0	EOS_NOT_OBSERVED	1	M IH S K R IY K T	0.0	EOS_NOT_OBSERVED	1	M IH S K R IY K T	0.0	EOS_NOT_OBSERVED
wfe_0969	ALWAYS_SUCCESSFUL	4	4	T R UW Z AH B AH L	8	complex	long	0.6563139110803604	0.4783813878893852	0					0	1	T R UW Z AH B AH L	0.0	EOS_NOT_OBSERVED	1	T R UW Z AH B AH L	0.0	EOS_NOT_OBSERVED	1	T R UW Z AH B AH L	0.0	EOS_NOT_OBSERVED	1	T R UW Z AH B AH L	0.0	EOS_NOT_OBSERVED
wfe_0970	ALWAYS_FAILED	0	4	AH N W IH Z IH T ER	8	complex	long	0.5216954201459885	0.41213444620370865	4	1.75	0.0	0.0	1.75	0	0	AH N Y IH Z IH T ER	1.0	EOS_NOT_OBSERVED	0	AH N IH S W IH T ER	3.0	EOS_NOT_OBSERVED	0	AH N W IH Z AH T ER	1.0	EOS_NOT_OBSERVED	0	AH N Z IH W IH T ER	2.0	EOS_NOT_OBSERVED
wfe_0971	MIXED_SUCCESS	3	4	OW V ER IH L IH T IY	8	complex	long	0.5357998609542847	0.4191228970885277	1	0.0	1.0	1.0	2.0	0	0	OW V IH L ER IH T IY	2.0	EOS_NOT_OBSERVED	1	OW V ER IH L IH T IY	0.0	EOS_NOT_OBSERVED	1	OW V ER IH L IH T IY	0.0	EOS_NOT_OBSERVED	1	OW V ER IH L IH T IY	0.0	EOS_NOT_OBSERVED
wfe_0972	MIXED_SUCCESS	1	4	S AH M T AH B AH L	8	complex	long	0.6264166533946991	0.46360668540000916	3	1.3333333333333333	1.0	0.3333333333333333	2.6666666666666665	1	0	S AH T M AH B AH L	2.0	EOS_NOT_OBSERVED	1	S AH M T AH B AH L	0.0	EOS_NOT_OBSERVED	0	S AH M P AH L AH T	3.0	EOS_NOT_OBSERVED	0	S AH M B AH T	3.0	PREMATURE_EOS
wfe_0973	ALWAYS_SUCCESSFUL	4	4	AH N M IH S T AE D	8	complex	long	0.5820855274796486	0.4421524181962013	0					0	1	AH N M IH S T AE D	0.0	EOS_NOT_OBSERVED	1	AH N M IH S T AE D	0.0	EOS_NOT_OBSERVED	1	AH N M IH S T AE D	0.0	EOS_NOT_OBSERVED	1	AH N M IH S T AE D	0.0	EOS_NOT_OBSERVED
wfe_0974	MIXED_SUCCESS	2	4	W IH T IH F AH L IY	8	complex	long	0.6088763326406479	0.4549455866217613	2	1.0	1.0	0.5	2.5	1	1	W IH T IH F AH L IY	0.0	EOS_NOT_OBSERVED	0	W IH T AH F IY L	3.0	PREMATURE_EOS	1	W IH T IH F AH L IY	0.0	EOS_NOT_OBSERVED	0	W IH T IH F IY AH L	2.0	EOS_NOT_OBSERVED
wfe_0975	MIXED_SUCCESS	2	4	AH N D ER L AE T IY	8	complex	long	0.5681909024715424	0.43451379984617233	2	0.5	1.0	0.5	2.0	1	1	AH N D ER L AE T IY	0.0	EOS_NOT_OBSERVED	0	AH N D ER L AE S T	2.0	EOS_NOT_OBSERVED	0	AH N D ER L UH T	2.0	PREMATURE_EOS	1	AH N D ER L AE T IY	0.0	EOS_NOT_OBSERVED
wfe_0976	MIXED_SUCCESS	3	4	R EH D ER L AH T IY	8	complex	long	0.5384949818253517	0.4202309399843216	1	0.0	1.0	0.0	1.0	1	1	R EH D ER L AH T IY	0.0	EOS_NOT_OBSERVED	1	R EH D ER L AH T IY	0.0	EOS_NOT_OBSERVED	1	R EH D ER L AH T IY	0.0	EOS_NOT_OBSERVED	0	R EH D ER L AH T	1.0	PREMATURE_EOS
wfe_0977	ALWAYS_SUCCESSFUL	4	4	S P R IH K T AA L	8	complex	long	0.5929973646998405	0.4469444155693054	0					0	1	S P R IH K T AA L	0.0	EOS_NOT_OBSERVED	1	S P R IH K T AA L	0.0	EOS_NOT_OBSERVED	1	S P R IH K T AA L	0.0	EOS_NOT_OBSERVED	1	S P R IH K T AA L	0.0	EOS_NOT_OBSERVED
wfe_0978	MIXED_SUCCESS	2	4	Y UW N IH F AO R T	8	complex	long	0.5111758932471275	0.4068055227398872	2	1.5	1.0	1.0	3.5	0	1	Y UW N IH F AO R T	0.0	EOS_NOT_OBSERVED	0	Y UW N IY R IH F T	4.0	EOS_NOT_OBSERVED	0	Y UW N AH F L AY T	3.0	EOS_NOT_OBSERVED	1	Y UW N IH F AO R T	0.0	EOS_NOT_OBSERVED
wfe_0979	MIXED_SUCCESS	3	4	M IH S T F AH L IY	8	complex	long	0.6060874462127686	0.4532419666647911	1	0.0	1.0	1.0	2.0	0	1	M IH S T F AH L IY	0.0	EOS_NOT_OBSERVED	0	M IH S T AH F L IY	2.0	EOS_NOT_OBSERVED	1	M IH S T F AH L IY	0.0	EOS_NOT_OBSERVED	1	M IH S T F AH L IY	0.0	EOS_NOT_OBSERVED
wfe_0980	MIXED_SUCCESS	3	4	D AY D AH N IH S T	8	complex	long	0.49968329071998596	0.40118183195590973	1	0.0	1.0	1.0	2.0	0	0	D AY D AH N S IH T	2.0	EOS_NOT_OBSERVED	1	D AY D AH N IH S T	0.0	EOS_NOT_OBSERVED	1	D AY D AH N IH S T	0.0	EOS_NOT_OBSERVED	1	D AY D AH N IH S T	0.0	EOS_NOT_OBSERVED
wfe_0981	MIXED_SUCCESS	2	4	R EY V ER S OW L D	8	complex	long	0.4876146987080574	0.3954819291830063	2	1.5	1.5	1.5	4.5	0	1	R EY V ER S OW L D	0.0	EOS_NOT_OBSERVED	1	R EY V ER S OW L D	0.0	EOS_NOT_OBSERVED	0	R EY V ER S AH L D	1.0	EOS_NOT_OBSERVED	0	V OW R M EY S T ER	8.0	EOS_NOT_OBSERVED
wfe_0982	ALWAYS_FAILED	0	4	AH N D AH F L EY T	8	complex	long	0.5481070131063461	0.424705371260643	4	0.75	1.0	1.0	2.75	0	0	AH N D F AH L B EY	4.0	EOS_NOT_OBSERVED	0	D AH N AH F L AY T	3.0	EOS_NOT_OBSERVED	0	AH N D AH L F EY T	2.0	EOS_NOT_OBSERVED	0	AH N D AH L F EY T	2.0	EOS_NOT_OBSERVED
wfe_0983	MIXED_SUCCESS	3	4	D IH S K R IY L ER	8	complex	long	0.5252317786216736	0.4135162755846977	1	1.0	0.0	0.0	1.0	0	1	D IH S K R IY L ER	0.0	EOS_NOT_OBSERVED	0	D IH S K R IY ZH ER	1.0	EOS_NOT_OBSERVED	1	D IH S K R IY L ER	0.0	EOS_NOT_OBSERVED	1	D IH S K R IY L ER	0.0	EOS_NOT_OBSERVED
wfe_0984	MIXED_SUCCESS	2	4	P IH T L AH S L IY	8	complex	long	0.5285879075527191	0.41532352566719055	2	0.5	1.0	1.0	2.5	0	1	P IH T L AH S L IY	0.0	EOS_NOT_OBSERVED	1	P IH T L AH S L IY	0.0	EOS_NOT_OBSERVED	0	P IH T L AH S IY L	2.0	EOS_NOT_OBSERVED	0	P IH T R AH L S IY	3.0	EOS_NOT_OBSERVED
wfe_0985	MIXED_SUCCESS	2	4	D IH S HH AH N AH L	8	complex	long	0.5313135981559753	0.41649068146944046	2	2.0	0.5	0.0	2.5	1	1	D IH S HH AH N AH L	0.0	EOS_NOT_OBSERVED	0	D IH S HH AH L AH N	2.0	EOS_NOT_OBSERVED	0	D IH S AH M AH N	3.0	PREMATURE_EOS	1	D IH S HH AH N AH L	0.0	EOS_NOT_OBSERVED
wfe_0986	MIXED_SUCCESS	1	4	S K R IH N G AH L	8	complex	long	0.48909059911966324	0.3962342068552971	3	1.3333333333333333	0.0	0.0	1.3333333333333333	0	0	S K R IH NG G AH L	1.0	EOS_NOT_OBSERVED	0	S K R IH L G AH N	2.0	EOS_NOT_OBSERVED	0	S K R IH N F AH L	1.0	EOS_NOT_OBSERVED	1	S K R IH N G AH L	0.0	EOS_NOT_OBSERVED
wfe_0987	MIXED_SUCCESS	2	4	R IY IH N S T EY K	8	complex	long	0.5107685998082161	0.4066044613718986	2	1.0	1.0	1.0	3.0	0	1	R IY IH N S T EY K	0.0	EOS_NOT_OBSERVED	0	R IY S IH N T EY K	2.0	EOS_NOT_OBSERVED	0	R IY S IH N T AH N	4.0	EOS_NOT_OBSERVED	1	R IY IH N S T EY K	0.0	EOS_NOT_OBSERVED
wfe_0988	ALWAYS_SUCCESSFUL	4	4	S P R IH N D L IY	8	complex	long	0.5543454065918922	0.42899491637945175	0					0	1	S P R IH N D L IY	0.0	EOS_NOT_OBSERVED	1	S P R IH N D L IY	0.0	EOS_NOT_OBSERVED	1	S P R IH N D L IY	0.0	EOS_NOT_OBSERVED	1	S P R IH N D L IY	0.0	EOS_NOT_OBSERVED
wfe_0989	ALWAYS_SUCCESSFUL	4	4	R EH P ER P AH S T	8	complex	long	0.5320808589458466	0.41683734953403473	0					0	1	R EH P ER P AH S T	0.0	EOS_NOT_OBSERVED	1	R EH P ER P AH S T	0.0	EOS_NOT_OBSERVED	1	R EH P ER P AH S T	0.0	EOS_NOT_OBSERVED	1	R EH P ER P AH S T	0.0	EOS_NOT_OBSERVED
wfe_0990	MIXED_SUCCESS	3	4	V AH L G ER IH S T	8	complex	long	0.4895569756627083	0.3966139629483223	1	0.0	1.0	0.0	1.0	1	0	V AH L G ER IH T	1.0	PREMATURE_EOS	1	V AH L G ER IH S T	0.0	EOS_NOT_OBSERVED	1	V AH L G ER IH S T	0.0	EOS_NOT_OBSERVED	1	V AH L G ER IH S T	0.0	EOS_NOT_OBSERVED
wfe_0991	MIXED_SUCCESS	3	4	R EH M AH S T EY T	8	complex	long	0.5311705395579338	0.41654097288846964	1	0.0	1.0	1.0	2.0	0	1	R EH M AH S T EY T	0.0	EOS_NOT_OBSERVED	1	R EH M AH S T EY T	0.0	EOS_NOT_OBSERVED	1	R EH M AH S T EY T	0.0	EOS_NOT_OBSERVED	0	R EH M AH T EY S T	2.0	EOS_NOT_OBSERVED
wfe_0992	ALWAYS_SUCCESSFUL	4	4	B IY W IH S T IH K	8	complex	long	0.5510388761758804	0.4261428043246269	0					0	1	B IY W IH S T IH K	0.0	EOS_NOT_OBSERVED	1	B IY W IH S T IH K	0.0	EOS_NOT_OBSERVED	1	B IY W IH S T IH K	0.0	EOS_NOT_OBSERVED	1	B IY W IH S T IH K	0.0	EOS_NOT_OBSERVED
wfe_0993	MIXED_SUCCESS	2	4	D IY OW D ER IH S T	8	complex	long	0.5279203206300735	0.4148056283593178	2	0.0	1.0	0.5	1.5	1	1	D IY OW D ER IH S T	0.0	EOS_NOT_OBSERVED	0	D IY OW D ER S T	1.0	PREMATURE_EOS	1	D IY OW D ER IH S T	0.0	EOS_NOT_OBSERVED	0	D IY OW D ER IH T S	2.0	EOS_NOT_OBSERVED
wfe_0994	ALWAYS_SUCCESSFUL	4	4	S T R IH M P L IY	8	complex	long	0.6994359791278839	0.4998803436756134	0					0	1	S T R IH M P L IY	0.0	EOS_NOT_OBSERVED	1	S T R IH M P L IY	0.0	EOS_NOT_OBSERVED	1	S T R IH M P L IY	0.0	EOS_NOT_OBSERVED	1	S T R IH M P L IY	0.0	EOS_NOT_OBSERVED
wfe_0995	MIXED_SUCCESS	1	4	W UH M AH N G AH L	8	complex	long	0.518491730093956	0.410692036151886	3	2.3333333333333335	0.6666666666666666	0.0	3.0	2	1	W UH M AH N G AH L	0.0	EOS_NOT_OBSERVED	0	W UH M AH N T AH L	1.0	EOS_NOT_OBSERVED	0	HH UW R AH JH AH L	5.0	PREMATURE_EOS	0	W UH M AH N JH IY	3.0	PREMATURE_EOS
wfe_0996	MIXED_SUCCESS	3	4	R EH D AH F AH L IY	8	complex	long	0.6626955717802048	0.4816072806715965	1	0.0	1.0	0.0	1.0	1	1	R EH D AH F AH L IY	0.0	EOS_NOT_OBSERVED	1	R EH D AH F AH L IY	0.0	EOS_NOT_OBSERVED	1	R EH D AH F AH L IY	0.0	EOS_NOT_OBSERVED	0	R EH D AH F AH L	1.0	PREMATURE_EOS
wfe_0997	MIXED_SUCCESS	3	4	S T EH R IY AE K T	8	complex	long	0.55409125238657	0.4278915897011757	1	0.0	1.0	0.0	1.0	1	0	S T EH R IY AE T	1.0	PREMATURE_EOS	1	S T EH R IY AE K T	0.0	EOS_NOT_OBSERVED	1	S T EH R IY AE K T	0.0	EOS_NOT_OBSERVED	1	S T EH R IY AE K T	0.0	EOS_NOT_OBSERVED
wfe_0998	ALWAYS_SUCCESSFUL	4	4	G AO R M AH L OW N	8	complex	long	0.49448999762535095	0.39871008694171906	0					0	1	G AO R M AH L OW N	0.0	EOS_NOT_OBSERVED	1	G AO R M AH L OW N	0.0	EOS_NOT_OBSERVED	1	G AO R M AH L OW N	0.0	EOS_NOT_OBSERVED	1	G AO R M AH L OW N	0.0	EOS_NOT_OBSERVED
wfe_0999	ALWAYS_SUCCESSFUL	4	4	S T EH R AH L IY N	8	complex	long	0.5337666496634483	0.418402336537838	0					0	1	S T EH R AH L IY N	0.0	EOS_NOT_OBSERVED	1	S T EH R AH L IY N	0.0	EOS_NOT_OBSERVED	1	S T EH R AH L IY N	0.0	EOS_NOT_OBSERVED	1	S T EH R AH L IY N	0.0	EOS_NOT_OBSERVED
wfe_1000	MIXED_SUCCESS	2	4	EH P IH S IH D EH N T	9	complex	long	0.5279738306999207	0.4148544147610664	2	2.5	0.0	0.0	2.5	0	0	EH P IH N IH T AH N T	3.0	EOS_NOT_OBSERVED	0	EH P IH S EH D IH N T	2.0	EOS_NOT_OBSERVED	1	EH P IH S IH D EH N T	0.0	EOS_NOT_OBSERVED	1	EH P IH S IH D EH N T	0.0	EOS_NOT_OBSERVED
wfe_1001	MIXED_SUCCESS	2	4	D IY AH D R IH Z AH M	9	complex	long	0.5519549697637558	0.42652858048677444	2	2.0	1.0	1.0	4.0	0	0	D IY D AH D IH S T AH	5.0	EOS_NOT_OBSERVED	0	D IY D AH R IY Z AH M	3.0	EOS_NOT_OBSERVED	1	D IY AH D R IH Z AH M	0.0	EOS_NOT_OBSERVED	1	D IY AH D R IH Z AH M	0.0	EOS_NOT_OBSERVED
wfe_1002	ALWAYS_FAILED	0	4	AH W AO R L IY AE N T	9	complex	long	0.4660140797495842	0.38529884070158005	4	2.5	0.75	0.5	3.75	1	0	AH W AO R K AE N T ER	3.0	EOS_NOT_OBSERVED	0	AH W AO L AH N S AO T	5.0	EOS_NOT_OBSERVED	0	AH W IH R L AO SH N	4.0	PREMATURE_EOS	0	AH W AO R D IY L AE N	3.0	EOS_NOT_OBSERVED
wfe_1003	MIXED_SUCCESS	3	4	P OY L D R EY SH AH N	9	complex	long	0.5347680747509003	0.4183027222752571	1	3.0	0.0	0.0	3.0	0	1	P OY L D R EY SH AH N	0.0	EOS_NOT_OBSERVED	1	P OY L D R EY SH AH N	0.0	EOS_NOT_OBSERVED	1	P OY L D R EY SH AH N	0.0	EOS_NOT_OBSERVED	0	CH EY L D R AE SH AH N	3.0	EOS_NOT_OBSERVED
wfe_1004	MIXED_SUCCESS	1	4	W AH N T IH F IH K S	9	complex	long	0.4750489294528961	0.3895440101623535	3	1.6666666666666667	1.0	0.3333333333333333	3.0	2	0	CH AH F IH T IH K S	4.0	PREMATURE_EOS	1	W AH N T IH F IH K S	0.0	EOS_NOT_OBSERVED	0	W AH N T IH F L IY	3.0	PREMATURE_EOS	0	W AH N IH T F IH K S	2.0	EOS_NOT_OBSERVED
wfe_1005	MIXED_SUCCESS	1	4	AE D V EH L AH T IY N	9	complex	long	0.532216802239418	0.4168882966041565	3	0.0	1.0	0.6666666666666666	1.6666666666666667	1	1	AE D V EH L AH T IY N	0.0	EOS_NOT_OBSERVED	0	AE D V EH L AH N T IY	2.0	EOS_NOT_OBSERVED	0	AE D V EH L AH T IY	1.0	PREMATURE_EOS	0	AE D V EH L AH N T IY	2.0	EOS_NOT_OBSERVED
wfe_1006	ALWAYS_SUCCESSFUL	4	4	T R AE P L AH B AH L	9	complex	long	0.6349422633647919	0.4675520658493042	0					0	1	T R AE P L AH B AH L	0.0	EOS_NOT_OBSERVED	1	T R AE P L AH B AH L	0.0	EOS_NOT_OBSERVED	1	T R AE P L AH B AH L	0.0	EOS_NOT_OBSERVED	1	T R AE P L AH B AH L	0.0	EOS_NOT_OBSERVED
wfe_1007	ALWAYS_FAILED	0	4	AE L AH D K W AO R EY	9	complex	long	0.43196743726730347	0.36941372603178024	4	2.5	1.25	0.5	4.25	3	0	AE L D AH K W EY R	4.0	PREMATURE_EOS	0	AE L AH D G S IY AA	5.0	PREMATURE_EOS	0	AE L AH K G N EY R AH	5.0	EOS_NOT_OBSERVED	0	AE L D AH K W AO R	3.0	PREMATURE_EOS
wfe_1008	MIXED_SUCCESS	3	4	N AA M P ER EY T IH D	9	complex	long	0.48799892514944077	0.39620331674814224	1	1.0	1.0	0.0	2.0	1	0	N AA M P EY T ER D	2.0	PREMATURE_EOS	1	N AA M P ER EY T IH D	0.0	EOS_NOT_OBSERVED	1	N AA M P ER EY T IH D	0.0	EOS_NOT_OBSERVED	1	N AA M P ER EY T IH D	0.0	EOS_NOT_OBSERVED
wfe_1009	MIXED_SUCCESS	1	4	R IY AH D IY N S AH Z	9	complex	long	0.47682418674230576	0.39041101932525635	3	1.6666666666666667	1.0	0.3333333333333333	3.0	2	0	R IY D AH N S IY Z	3.0	PREMATURE_EOS	1	R IY AH D IY N S AH Z	0.0	EOS_NOT_OBSERVED	0	R IY AH D N IY Z AH S	4.0	EOS_NOT_OBSERVED	0	R IY AH D IY N AH S	2.0	PREMATURE_EOS
wfe_1010	ALWAYS_SUCCESSFUL	4	4	T R AE D AH N T IY Z	9	complex	long	0.6002447456121445	0.4503778666257858	0					0	1	T R AE D AH N T IY Z	0.0	EOS_NOT_OBSERVED	1	T R AE D AH N T IY Z	0.0	EOS_NOT_OBSERVED	1	T R AE D AH N T IY Z	0.0	EOS_NOT_OBSERVED	1	T R AE D AH N T IY Z	0.0	EOS_NOT_OBSERVED
wfe_1011	MIXED_SUCCESS	2	4	OW N AH S T R AE N D	9	complex	long	0.45679042488336563	0.38126321136951447	2	3.0	1.0	0.0	4.0	2	1	OW N AH S T R AE N D	0.0	EOS_NOT_OBSERVED	0	OW N AH S T R IY N	2.0	PREMATURE_EOS	1	OW N AH S T R AE N D	0.0	EOS_NOT_OBSERVED	0	OW N AH Z UH N S T	6.0	PREMATURE_EOS
wfe_1012	MIXED_SUCCESS	3	4	K AH L IH S IY AH L IY	9	complex	long	0.5332785919308662	0.41783253848552704	1	1.0	1.0	1.0	3.0	0	1	K AH L IH S IY AH L IY	0.0	EOS_NOT_OBSERVED	1	K AH L IH S IY AH L IY	0.0	EOS_NOT_OBSERVED	1	K AH L IH S IY AH L IY	0.0	EOS_NOT_OBSERVED	0	K AH L IH S IH L IY AH	3.0	EOS_NOT_OBSERVED
wfe_1013	MIXED_SUCCESS	1	4	EH K S K L UH R AA L	9	complex	long	0.514539435505867	0.4083395153284073	3	2.3333333333333335	0.6666666666666666	0.6666666666666666	3.6666666666666665	0	0	K EH K S L UH K L AA	5.0	EOS_NOT_OBSERVED	0	EH K S K L UH R AY K	2.0	EOS_NOT_OBSERVED	1	EH K S K L UH R AA L	0.0	EOS_NOT_OBSERVED	0	EH K S K L AA L ER IY	4.0	EOS_NOT_OBSERVED
wfe_1014	MIXED_SUCCESS	2	4	M IH S AH M B EY D IY	9	complex	long	0.6316451728343964	0.46601294726133347	2	0.5	1.0	0.5	2.0	1	1	M IH S AH M B EY D IY	0.0	EOS_NOT_OBSERVED	1	M IH S AH M B EY D IY	0.0	EOS_NOT_OBSERVED	0	M IH S AH M B EY D	1.0	PREMATURE_EOS	0	M IH S AH M B IY AH D	3.0	EOS_NOT_OBSERVED
wfe_1015	MIXED_SUCCESS	1	4	R IY OW D EH N AH S T	9	complex	long	0.5117748230695724	0.40700841695070267	3	1.0	1.3333333333333333	0.6666666666666666	3.0	2	0	R IY OW EH N AH T S	3.0	PREMATURE_EOS	0	R IY OW S AH N EH T	4.0	PREMATURE_EOS	0	R IY OW D EH N AH T S	2.0	EOS_NOT_OBSERVED	1	R IY OW D EH N AH S T	0.0	EOS_NOT_OBSERVED
wfe_1016	MIXED_SUCCESS	2	4	HH AE V AH V EY T IH D	9	complex	long	0.5170727595686913	0.4096146523952484	2	1.5	1.0	0.0	2.5	1	0	HH AE V AH T EY T	3.0	PREMATURE_EOS	1	HH AE V AH V EY T IH D	0.0	EOS_NOT_OBSERVED	0	HH AE V AH V EY D IH NG	2.0	EOS_NOT_OBSERVED	1	HH AE V AH V EY T IH D	0.0	EOS_NOT_OBSERVED
wfe_1017	MIXED_SUCCESS	3	4	T EH N S AH N AH S T	9	complex	long	0.5779507905244827	0.4395703300833702	1	2.0	0.0	0.0	2.0	0	1	T EH N S AH N AH S T	0.0	EOS_NOT_OBSERVED	1	T EH N S AH N AH S T	0.0	EOS_NOT_OBSERVED	1	T EH N S AH N AH S T	0.0	EOS_NOT_OBSERVED	0	T EH N S AH P AH N T	2.0	EOS_NOT_OBSERVED
wfe_1018	MIXED_SUCCESS	3	4	EH N T IH K W AA R IY	9	complex	long	0.48056553304195404	0.39212046563625336	1	0.0	1.0	1.0	2.0	0	0	EH N T IH K AA R CH IY	2.0	EOS_NOT_OBSERVED	1	EH N T IH K W AA R IY	0.0	EOS_NOT_OBSERVED	1	EH N T IH K W AA R IY	0.0	EOS_NOT_OBSERVED	1	EH N T IH K W AA R IY	0.0	EOS_NOT_OBSERVED
wfe_1019	MIXED_SUCCESS	1	4	V EH S ER N EY T IH D	9	complex	long	0.47681577503681183	0.39031854271888733	3	1.0	1.0	0.6666666666666666	2.6666666666666665	1	0	V EH N S ER EY T D	3.0	PREMATURE_EOS	1	V EH S ER N EY T IH D	0.0	EOS_NOT_OBSERVED	0	V EH S ER EY N D IH D	3.0	EOS_NOT_OBSERVED	0	V EH S ER P EY N IH D	2.0	EOS_NOT_OBSERVED
wfe_1020	MIXED_SUCCESS	2	4	Y UW N AH F AO R S T	9	complex	long	0.6480813771486282	0.4740887135267257	2	3.0	0.0	0.0	3.0	0	0	F UW N AH F R EH S T	3.0	EOS_NOT_OBSERVED	1	Y UW N AH F AO R S T	0.0	EOS_NOT_OBSERVED	0	Y UW N AH F Y AH N T	3.0	EOS_NOT_OBSERVED	1	Y UW N AH F AO R S T	0.0	EOS_NOT_OBSERVED
wfe_1021	ALWAYS_FAILED	0	4	W IH N Y UW F AE K T	9	complex	long	0.46789875626564026	0.3862302452325821	4	4.0	1.0	0.25	5.25	3	0	W IY N Y EH R M OW	6.0	PREMATURE_EOS	0	W IH N Y UW K W EY K	4.0	EOS_NOT_OBSERVED	0	S P UW R AE F TH K	7.0	PREMATURE_EOS	0	AY N Y UW M AE P T	4.0	PREMATURE_EOS
wfe_1022	MIXED_SUCCESS	3	4	EH K S P L IH F IH K	9	complex	long	0.6067439466714859	0.4535539150238037	1	1.0	0.0	0.0	1.0	0	1	EH K S P L IH F IH K	0.0	EOS_NOT_OBSERVED	1	EH K S P L IH F IH K	0.0	EOS_NOT_OBSERVED	0	EH K S P L IH G IH K	1.0	EOS_NOT_OBSERVED	1	EH K S P L IH F IH K	0.0	EOS_NOT_OBSERVED
wfe_1023	MIXED_SUCCESS	1	4	D EH T W AH S T AH L	9	complex	long	0.523403100669384	0.41277334094047546	3	2.3333333333333335	0.0	0.0	2.3333333333333335	0	0	D EH T W IH S T AH L	1.0	EOS_NOT_OBSERVED	0	D EH T W AH T R IH V	4.0	EOS_NOT_OBSERVED	1	D EH T W AH S T AH L	0.0	EOS_NOT_OBSERVED	0	D EH T W AH L T AH S	2.0	EOS_NOT_OBSERVED
wfe_1024	MIXED_SUCCESS	1	4	D IY D AH N IH S AH Z	9	complex	long	0.5411822646856308	0.4213120713829994	3	0.6666666666666666	1.0	0.0	1.6666666666666667	2	1	D IY D AH N IH S AH Z	0.0	EOS_NOT_OBSERVED	0	D IY D AH N IH S	2.0	PREMATURE_EOS	0	D IY D AH N IH Z AH M	2.0	EOS_NOT_OBSERVED	0	D IY D AH N S AH Z	1.0	PREMATURE_EOS
wfe_1025	MIXED_SUCCESS	1	4	P Y UW Z K IH V IH NG	9	complex	long	0.5187515467405319	0.41046292334795	3	1.0	0.3333333333333333	0.3333333333333333	1.6666666666666667	0	1	P Y UW Z K IH V IH NG	0.0	EOS_NOT_OBSERVED	0	P Y UW Z IH K V IH NG	2.0	EOS_NOT_OBSERVED	0	P Y UW S T IH V IH NG	2.0	EOS_NOT_OBSERVED	0	P Y UW Z K IH T IH NG	1.0	EOS_NOT_OBSERVED
wfe_1026	MIXED_SUCCESS	3	4	K AA N T R IY AH N D	9	complex	long	0.5186686515808105	0.41077738255262375	1	0.0	1.0	1.0	2.0	0	0	K AA N T R AH N IY D	2.0	EOS_NOT_OBSERVED	1	K AA N T R IY AH N D	0.0	EOS_NOT_OBSERVED	1	K AA N T R IY AH N D	0.0	EOS_NOT_OBSERVED	1	K AA N T R IY AH N D	0.0	EOS_NOT_OBSERVED
wfe_1027	MIXED_SUCCESS	1	4	B OW T IH N S L EH D	9	complex	long	0.44709908962249756	0.3764059469103813	3	2.3333333333333335	1.0	1.0	4.333333333333333	0	0	B OW T N IH L AH F AY	5.0	EOS_NOT_OBSERVED	0	B OW T N IH SH M AH N	6.0	EOS_NOT_OBSERVED	1	B OW T IH N S L EH D	0.0	EOS_NOT_OBSERVED	0	B OW T IH N S EH L D	2.0	EOS_NOT_OBSERVED
wfe_1028	MIXED_SUCCESS	1	4	D EH L IY AH M N AH L	9	complex	long	0.5119460374116898	0.40708667784929276	3	1.3333333333333333	0.3333333333333333	0.0	1.6666666666666667	1	1	D EH L IY AH M N AH L	0.0	EOS_NOT_OBSERVED	0	D EH L IY AH N S AH L	2.0	EOS_NOT_OBSERVED	0	D EH L IY AH M AH L	1.0	PREMATURE_EOS	0	D EH L IY AH M L AH N	2.0	EOS_NOT_OBSERVED
wfe_1029	MIXED_SUCCESS	3	4	IH N V AO R AH B AH T	9	complex	long	0.5628417134284973	0.4321981966495514	1	1.0	0.0	0.0	1.0	0	0	IH N V AO R AH B AH L	1.0	EOS_NOT_OBSERVED	1	IH N V AO R AH B AH T	0.0	EOS_NOT_OBSERVED	1	IH N V AO R AH B AH T	0.0	EOS_NOT_OBSERVED	1	IH N V AO R AH B AH T	0.0	EOS_NOT_OBSERVED
wfe_1030	MIXED_SUCCESS	2	4	AH N F AO R N IH T IY	9	complex	long	0.5650577992200851	0.43300148844718933	2	0.5	1.0	0.5	2.0	1	1	AH N F AO R N IH T IY	0.0	EOS_NOT_OBSERVED	0	AH N F AO R N IY AH T	3.0	EOS_NOT_OBSERVED	0	AH N F AO R N T IY	1.0	PREMATURE_EOS	1	AH N F AO R N IH T IY	0.0	EOS_NOT_OBSERVED
wfe_1031	MIXED_SUCCESS	2	4	D IH D AH M P L EY T	9	complex	long	0.5510995760560036	0.4265109598636627	2	1.0	0.0	0.0	1.0	0	1	D IH D AH M P L EY T	0.0	EOS_NOT_OBSERVED	0	D IH D AH M P L IY T	1.0	EOS_NOT_OBSERVED	1	D IH D AH M P L EY T	0.0	EOS_NOT_OBSERVED	0	D IH D IH M P L EY T	1.0	EOS_NOT_OBSERVED
wfe_1032	ALWAYS_FAILED	0	4	W ER D AH N S T AH T	9	complex	long	0.5473777800798416	0.4245983138680458	4	1.0	0.5	0.5	2.0	0	0	W ER D AH N S T EH Z	2.0	EOS_NOT_OBSERVED	0	W ER D AH N T S AH L	3.0	EOS_NOT_OBSERVED	0	W ER D AH N T S AH T	2.0	EOS_NOT_OBSERVED	0	W ER D AH M S T AH T	1.0	EOS_NOT_OBSERVED
wfe_1033	ALWAYS_SUCCESSFUL	4	4	Y AH G	3	simple	short	0.635165736079216	0.4679660424590111	0					0	1	Y AH G	0.0	EOS_NOT_OBSERVED	1	Y AH G	0.0	EOS_NOT_OBSERVED	1	Y AH G	0.0	EOS_NOT_OBSERVED	1	Y AH G	0.0	EOS_NOT_OBSERVED
wfe_1034	ALWAYS_SUCCESSFUL	4	4	D AA P	3	simple	short	0.6663583293557167	0.4835043251514435	0					0	1	D AA P	0.0	EOS_NOT_OBSERVED	1	D AA P	0.0	EOS_NOT_OBSERVED	1	D AA P	0.0	EOS_NOT_OBSERVED	1	D AA P	0.0	EOS_NOT_OBSERVED
wfe_1036	MIXED_SUCCESS	3	4	F AH T	3	simple	short	0.6911265477538109	0.49634694308042526	1	1.0	0.0	0.0	1.0	0	0	F AH N	1.0	EOS_NOT_OBSERVED	1	F AH T	0.0	EOS_NOT_OBSERVED	1	F AH T	0.0	EOS_NOT_OBSERVED	1	F AH T	0.0	EOS_NOT_OBSERVED
wfe_1037	MIXED_SUCCESS	3	4	W IH D	3	simple	short	0.7020547688007355	0.501060001552105	1	1.0	0.0	0.0	1.0	0	1	W IH D	0.0	EOS_NOT_OBSERVED	1	W IH D	0.0	EOS_NOT_OBSERVED	1	W IH D	0.0	EOS_NOT_OBSERVED	0	W IH T	1.0	EOS_NOT_OBSERVED
wfe_1038	ALWAYS_SUCCESSFUL	4	4	T AA B	3	simple	short	0.565114788711071	0.43349920958280563	0					0	1	T AA B	0.0	EOS_NOT_OBSERVED	1	T AA B	0.0	EOS_NOT_OBSERVED	1	T AA B	0.0	EOS_NOT_OBSERVED	1	T AA B	0.0	EOS_NOT_OBSERVED
wfe_1040	MIXED_SUCCESS	3	4	D AA V	3	simple	short	0.4905824810266495	0.39692242443561554	1	1.0	0.0	0.0	1.0	0	1	D AA V	0.0	EOS_NOT_OBSERVED	0	D AA S	1.0	EOS_NOT_OBSERVED	1	D AA V	0.0	EOS_NOT_OBSERVED	1	D AA V	0.0	EOS_NOT_OBSERVED
wfe_1041	MIXED_SUCCESS	3	4	T ER DH	3	simple	short	0.7544554471969604	0.5271166115999222	1	2.0	0.0	0.0	2.0	0	1	T ER DH	0.0	EOS_NOT_OBSERVED	1	T ER DH	0.0	EOS_NOT_OBSERVED	1	T ER DH	0.0	EOS_NOT_OBSERVED	0	DH ER T	2.0	EOS_NOT_OBSERVED
wfe_1042	ALWAYS_SUCCESSFUL	4	4	JH ER F	3	simple	short	0.5637546628713608	0.43246184289455414	0					0	1	JH ER F	0.0	EOS_NOT_OBSERVED	1	JH ER F	0.0	EOS_NOT_OBSERVED	1	JH ER F	0.0	EOS_NOT_OBSERVED	1	JH ER F	0.0	EOS_NOT_OBSERVED
wfe_1043	ALWAYS_SUCCESSFUL	4	4	T AO G	3	simple	short	0.5780860483646393	0.4396496415138244	0					0	1	T AO G	0.0	EOS_NOT_OBSERVED	1	T AO G	0.0	EOS_NOT_OBSERVED	1	T AO G	0.0	EOS_NOT_OBSERVED	1	T AO G	0.0	EOS_NOT_OBSERVED
wfe_1045	MIXED_SUCCESS	3	4	TH ER S	3	simple	short	0.703921765089035	0.5019607469439507	1	0.0	1.0	1.0	2.0	0	1	TH ER S	0.0	EOS_NOT_OBSERVED	0	TH R ER	2.0	EOS_NOT_OBSERVED	1	TH ER S	0.0	EOS_NOT_OBSERVED	1	TH ER S	0.0	EOS_NOT_OBSERVED
wfe_1046	ALWAYS_SUCCESSFUL	4	4	F AH G	3	simple	short	0.5152129381895065	0.4087487459182739	0					0	1	F AH G	0.0	EOS_NOT_OBSERVED	1	F AH G	0.0	EOS_NOT_OBSERVED	1	F AH G	0.0	EOS_NOT_OBSERVED	1	F AH G	0.0	EOS_NOT_OBSERVED
wfe_1047	ALWAYS_SUCCESSFUL	4	4	K L OW	3	simple	short	0.5929608270525932	0.44727773964405054	0					0	1	K L OW	0.0	EOS_NOT_OBSERVED	1	K L OW	0.0	EOS_NOT_OBSERVED	1	K L OW	0.0	EOS_NOT_OBSERVED	1	K L OW	0.0	EOS_NOT_OBSERVED
wfe_1048	ALWAYS_SUCCESSFUL	4	4	G ER F	3	simple	short	0.46857111901044846	0.3863610625267029	0					0	1	G ER F	0.0	EOS_NOT_OBSERVED	1	G ER F	0.0	EOS_NOT_OBSERVED	1	G ER F	0.0	EOS_NOT_OBSERVED	1	G ER F	0.0	EOS_NOT_OBSERVED
wfe_1049	ALWAYS_SUCCESSFUL	4	4	CH UW N	3	simple	short	0.5378321707248688	0.42028121650218964	0					0	1	CH UW N	0.0	EOS_NOT_OBSERVED	1	CH UW N	0.0	EOS_NOT_OBSERVED	1	CH UW N	0.0	EOS_NOT_OBSERVED	1	CH UW N	0.0	EOS_NOT_OBSERVED
wfe_1050	ALWAYS_SUCCESSFUL	4	4	SH OY D	3	simple	short	0.6148256808519363	0.4576806128025055	0					0	1	SH OY D	0.0	EOS_NOT_OBSERVED	1	SH OY D	0.0	EOS_NOT_OBSERVED	1	SH OY D	0.0	EOS_NOT_OBSERVED	1	SH OY D	0.0	EOS_NOT_OBSERVED
wfe_1051	ALWAYS_SUCCESSFUL	4	4	S P IY	3	simple	short	0.6045279204845428	0.45342182368040085	0					0	1	S P IY	0.0	EOS_NOT_OBSERVED	1	S P IY	0.0	EOS_NOT_OBSERVED	1	S P IY	0.0	EOS_NOT_OBSERVED	1	S P IY	0.0	EOS_NOT_OBSERVED
wfe_1053	ALWAYS_SUCCESSFUL	4	4	F R UW	3	simple	short	0.6975366920232773	0.49876804649829865	0					0	1	F R UW	0.0	EOS_NOT_OBSERVED	1	F R UW	0.0	EOS_NOT_OBSERVED	1	F R UW	0.0	EOS_NOT_OBSERVED	1	F R UW	0.0	EOS_NOT_OBSERVED
wfe_1054	ALWAYS_SUCCESSFUL	4	4	P OY N	3	simple	short	0.7506967186927795	0.525308683514595	0					0	1	P OY N	0.0	EOS_NOT_OBSERVED	1	P OY N	0.0	EOS_NOT_OBSERVED	1	P OY N	0.0	EOS_NOT_OBSERVED	1	P OY N	0.0	EOS_NOT_OBSERVED
wfe_1056	ALWAYS_SUCCESSFUL	4	4	P UH K	3	simple	short	0.6625514924526215	0.4813113585114479	0					0	1	P UH K	0.0	EOS_NOT_OBSERVED	1	P UH K	0.0	EOS_NOT_OBSERVED	1	P UH K	0.0	EOS_NOT_OBSERVED	1	P UH K	0.0	EOS_NOT_OBSERVED
wfe_1057	MIXED_SUCCESS	3	4	Z AA M	3	simple	short	0.5706087499856949	0.43603304773569107	1	3.0	0.0	0.0	3.0	0	1	Z AA M	0.0	EOS_NOT_OBSERVED	0	Y UW CH	3.0	EOS_NOT_OBSERVED	1	Z AA M	0.0	EOS_NOT_OBSERVED	1	Z AA M	0.0	EOS_NOT_OBSERVED
wfe_1058	ALWAYS_SUCCESSFUL	4	4	V IH N	3	simple	short	0.5601909980177879	0.43091990798711777	0					0	1	V IH N	0.0	EOS_NOT_OBSERVED	1	V IH N	0.0	EOS_NOT_OBSERVED	1	V IH N	0.0	EOS_NOT_OBSERVED	1	V IH N	0.0	EOS_NOT_OBSERVED
wfe_1059	ALWAYS_SUCCESSFUL	4	4	B IY AH	3	simple	short	0.45890630781650543	0.3818083181977272	0					0	1	B IY AH	0.0	EOS_NOT_OBSERVED	1	B IY AH	0.0	EOS_NOT_OBSERVED	1	B IY AH	0.0	EOS_NOT_OBSERVED	1	B IY AH	0.0	EOS_NOT_OBSERVED
wfe_1060	ALWAYS_SUCCESSFUL	4	4	V IH D	3	simple	short	0.5378580018877983	0.4201178625226021	0					0	1	V IH D	0.0	EOS_NOT_OBSERVED	1	V IH D	0.0	EOS_NOT_OBSERVED	1	V IH D	0.0	EOS_NOT_OBSERVED	1	V IH D	0.0	EOS_NOT_OBSERVED
wfe_1061	ALWAYS_SUCCESSFUL	4	4	TH OW L	3	simple	short	0.7085747867822647	0.5042656511068344	0					0	1	TH OW L	0.0	EOS_NOT_OBSERVED	1	TH OW L	0.0	EOS_NOT_OBSERVED	1	TH OW L	0.0	EOS_NOT_OBSERVED	1	TH OW L	0.0	EOS_NOT_OBSERVED
wfe_1062	ALWAYS_SUCCESSFUL	4	4	TH EH T	3	simple	short	0.8075807690620422	0.553552657365799	0					0	1	TH EH T	0.0	EOS_NOT_OBSERVED	1	TH EH T	0.0	EOS_NOT_OBSERVED	1	TH EH T	0.0	EOS_NOT_OBSERVED	1	TH EH T	0.0	EOS_NOT_OBSERVED
wfe_1063	ALWAYS_SUCCESSFUL	4	4	P UH Z	3	simple	short	0.7102184444665909	0.5053255558013916	0					0	1	P UH Z	0.0	EOS_NOT_OBSERVED	1	P UH Z	0.0	EOS_NOT_OBSERVED	1	P UH Z	0.0	EOS_NOT_OBSERVED	1	P UH Z	0.0	EOS_NOT_OBSERVED
wfe_1064	ALWAYS_SUCCESSFUL	4	4	M AH S	3	simple	short	0.7963726818561554	0.5480297952890396	0					0	1	M AH S	0.0	EOS_NOT_OBSERVED	1	M AH S	0.0	EOS_NOT_OBSERVED	1	M AH S	0.0	EOS_NOT_OBSERVED	1	M AH S	0.0	EOS_NOT_OBSERVED
wfe_1065	ALWAYS_SUCCESSFUL	4	4	V IH G	3	simple	short	0.4375460222363472	0.3721543401479721	0					0	1	V IH G	0.0	EOS_NOT_OBSERVED	1	V IH G	0.0	EOS_NOT_OBSERVED	1	V IH G	0.0	EOS_NOT_OBSERVED	1	V IH G	0.0	EOS_NOT_OBSERVED
wfe_1066	ALWAYS_SUCCESSFUL	4	4	SH EH N D	4	simple	short	0.631623238325119	0.46601952612400055	0					0	1	SH EH N D	0.0	EOS_NOT_OBSERVED	1	SH EH N D	0.0	EOS_NOT_OBSERVED	1	SH EH N D	0.0	EOS_NOT_OBSERVED	1	SH EH N D	0.0	EOS_NOT_OBSERVED
wfe_1067	ALWAYS_SUCCESSFUL	4	4	K L AO R	4	simple	short	0.49414486438035965	0.3994651734828949	0					0	1	K L AO R	0.0	EOS_NOT_OBSERVED	1	K L AO R	0.0	EOS_NOT_OBSERVED	1	K L AO R	0.0	EOS_NOT_OBSERVED	1	K L AO R	0.0	EOS_NOT_OBSERVED
wfe_1068	ALWAYS_SUCCESSFUL	4	4	P R EH N	4	simple	short	0.6865691840648651	0.49330318719148636	0					0	1	P R EH N	0.0	EOS_NOT_OBSERVED	1	P R EH N	0.0	EOS_NOT_OBSERVED	1	P R EH N	0.0	EOS_NOT_OBSERVED	1	P R EH N	0.0	EOS_NOT_OBSERVED
wfe_1069	ALWAYS_SUCCESSFUL	4	4	F R EH L	4	simple	short	0.5837166979908943	0.4425443857908249	0					0	1	F R EH L	0.0	EOS_NOT_OBSERVED	1	F R EH L	0.0	EOS_NOT_OBSERVED	1	F R EH L	0.0	EOS_NOT_OBSERVED	1	F R EH L	0.0	EOS_NOT_OBSERVED
wfe_1070	MIXED_SUCCESS	3	4	AY CH AH N	4	simple	short	0.5048414617776871	0.40401671826839447	1	1.0	1.0	0.0	2.0	1	0	AY CH ER	2.0	PREMATURE_EOS	1	AY CH AH N	0.0	EOS_NOT_OBSERVED	1	AY CH AH N	0.0	EOS_NOT_OBSERVED	1	AY CH AH N	0.0	EOS_NOT_OBSERVED
wfe_1071	ALWAYS_SUCCESSFUL	4	4	EH SH IH NG	4	simple	short	0.5414798483252525	0.421577587723732	0					0	1	EH SH IH NG	0.0	EOS_NOT_OBSERVED	1	EH SH IH NG	0.0	EOS_NOT_OBSERVED	1	EH SH IH NG	0.0	EOS_NOT_OBSERVED	1	EH SH IH NG	0.0	EOS_NOT_OBSERVED
wfe_1072	ALWAYS_SUCCESSFUL	4	4	P L AA R	4	simple	short	0.6767924726009369	0.4884074181318283	0					0	1	P L AA R	0.0	EOS_NOT_OBSERVED	1	P L AA R	0.0	EOS_NOT_OBSERVED	1	P L AA R	0.0	EOS_NOT_OBSERVED	1	P L AA R	0.0	EOS_NOT_OBSERVED
wfe_1073	MIXED_SUCCESS	3	4	TH UW L AH	4	simple	short	0.47903183102607727	0.391659751534462	1	1.0	0.0	0.0	1.0	0	1	TH UW L AH	0.0	EOS_NOT_OBSERVED	1	TH UW L AH	0.0	EOS_NOT_OBSERVED	0	TH AA L AH	1.0	EOS_NOT_OBSERVED	1	TH UW L AH	0.0	EOS_NOT_OBSERVED
wfe_1074	MIXED_SUCCESS	3	4	W EH S OW	4	simple	short	0.6185999810695648	0.4596937522292137	1	2.0	0.0	0.0	2.0	0	0	W AO S ER	2.0	EOS_NOT_OBSERVED	1	W EH S OW	0.0	EOS_NOT_OBSERVED	1	W EH S OW	0.0	EOS_NOT_OBSERVED	1	W EH S OW	0.0	EOS_NOT_OBSERVED
wfe_1076	ALWAYS_SUCCESSFUL	4	4	F AA R L	4	simple	short	0.5523534268140793	0.4269862696528435	0					0	1	F AA R L	0.0	EOS_NOT_OBSERVED	1	F AA R L	0.0	EOS_NOT_OBSERVED	1	F AA R L	0.0	EOS_NOT_OBSERVED	1	F AA R L	0.0	EOS_NOT_OBSERVED
wfe_1077	ALWAYS_SUCCESSFUL	4	4	AA P ER D	4	simple	short	0.6569337546825409	0.47874654084444046	0					0	1	AA P ER D	0.0	EOS_NOT_OBSERVED	1	AA P ER D	0.0	EOS_NOT_OBSERVED	1	AA P ER D	0.0	EOS_NOT_OBSERVED	1	AA P ER D	0.0	EOS_NOT_OBSERVED
wfe_1078	ALWAYS_SUCCESSFUL	4	4	S T R UW	4	simple	short	0.7144933342933655	0.5072858110070229	0					0	1	S T R UW	0.0	EOS_NOT_OBSERVED	1	S T R UW	0.0	EOS_NOT_OBSERVED	1	S T R UW	0.0	EOS_NOT_OBSERVED	1	S T R UW	0.0	EOS_NOT_OBSERVED
wfe_1079	ALWAYS_SUCCESSFUL	4	4	HH AO R M	4	simple	short	0.5490872263908386	0.4251878708600998	0					0	1	HH AO R M	0.0	EOS_NOT_OBSERVED	1	HH AO R M	0.0	EOS_NOT_OBSERVED	1	HH AO R M	0.0	EOS_NOT_OBSERVED	1	HH AO R M	0.0	EOS_NOT_OBSERVED
wfe_1080	ALWAYS_SUCCESSFUL	4	4	S AE L ER	4	simple	short	0.6825716644525528	0.4913167953491211	0					0	1	S AE L ER	0.0	EOS_NOT_OBSERVED	1	S AE L ER	0.0	EOS_NOT_OBSERVED	1	S AE L ER	0.0	EOS_NOT_OBSERVED	1	S AE L ER	0.0	EOS_NOT_OBSERVED
wfe_1081	ALWAYS_SUCCESSFUL	4	4	AO R IH K	4	simple	short	0.47661393135786057	0.390167586505413	0					0	1	AO R IH K	0.0	EOS_NOT_OBSERVED	1	AO R IH K	0.0	EOS_NOT_OBSERVED	1	AO R IH K	0.0	EOS_NOT_OBSERVED	1	AO R IH K	0.0	EOS_NOT_OBSERVED
wfe_1082	ALWAYS_SUCCESSFUL	4	4	P AO R L	4	simple	short	0.5388570353388786	0.4209217429161072	0					0	1	P AO R L	0.0	EOS_NOT_OBSERVED	1	P AO R L	0.0	EOS_NOT_OBSERVED	1	P AO R L	0.0	EOS_NOT_OBSERVED	1	P AO R L	0.0	EOS_NOT_OBSERVED
wfe_1083	ALWAYS_SUCCESSFUL	4	4	K R AH S	4	simple	short	0.45126166194677353	0.3783762454986572	0					0	1	K R AH S	0.0	EOS_NOT_OBSERVED	1	K R AH S	0.0	EOS_NOT_OBSERVED	1	K R AH S	0.0	EOS_NOT_OBSERVED	1	K R AH S	0.0	EOS_NOT_OBSERVED
wfe_1084	ALWAYS_SUCCESSFUL	4	4	AE N D OW	4	simple	short	0.5454622581601143	0.4240919053554535	0					0	1	AE N D OW	0.0	EOS_NOT_OBSERVED	1	AE N D OW	0.0	EOS_NOT_OBSERVED	1	AE N D OW	0.0	EOS_NOT_OBSERVED	1	AE N D OW	0.0	EOS_NOT_OBSERVED
wfe_1085	ALWAYS_SUCCESSFUL	4	4	OW P EH R	4	simple	short	0.6166530549526215	0.4587118923664093	0					0	1	OW P EH R	0.0	EOS_NOT_OBSERVED	1	OW P EH R	0.0	EOS_NOT_OBSERVED	1	OW P EH R	0.0	EOS_NOT_OBSERVED	1	OW P EH R	0.0	EOS_NOT_OBSERVED
wfe_1086	ALWAYS_SUCCESSFUL	4	4	F R EH S	4	simple	short	0.5051534548401833	0.4044204577803612	0					0	1	F R EH S	0.0	EOS_NOT_OBSERVED	1	F R EH S	0.0	EOS_NOT_OBSERVED	1	F R EH S	0.0	EOS_NOT_OBSERVED	1	F R EH S	0.0	EOS_NOT_OBSERVED
wfe_1087	ALWAYS_SUCCESSFUL	4	4	HH EH K T	4	simple	short	0.46916044503450394	0.38669925183057785	0					0	1	HH EH K T	0.0	EOS_NOT_OBSERVED	1	HH EH K T	0.0	EOS_NOT_OBSERVED	1	HH EH K T	0.0	EOS_NOT_OBSERVED	1	HH EH K T	0.0	EOS_NOT_OBSERVED
wfe_1088	MIXED_SUCCESS	3	4	S M AE G	4	simple	short	0.5564507320523262	0.4291331544518471	1	2.0	0.0	0.0	2.0	0	1	S M AE G	0.0	EOS_NOT_OBSERVED	0	S L AE CH	2.0	EOS_NOT_OBSERVED	1	S M AE G	0.0	EOS_NOT_OBSERVED	1	S M AE G	0.0	EOS_NOT_OBSERVED
wfe_1089	ALWAYS_SUCCESSFUL	4	4	K AE NG G	4	simple	short	0.46756383776664734	0.3861451894044876	0					0	1	K AE NG G	0.0	EOS_NOT_OBSERVED	1	K AE NG G	0.0	EOS_NOT_OBSERVED	1	K AE NG G	0.0	EOS_NOT_OBSERVED	1	K AE NG G	0.0	EOS_NOT_OBSERVED
wfe_1090	MIXED_SUCCESS	2	4	K L IH JH	4	simple	short	0.5122150108218193	0.4083094671368599	2	1.5	0.0	0.0	1.5	0	1	K L IH JH	0.0	EOS_NOT_OBSERVED	0	K W IH L	2.0	EOS_NOT_OBSERVED	1	K L IH JH	0.0	EOS_NOT_OBSERVED	0	K L EY JH	1.0	EOS_NOT_OBSERVED
wfe_1091	MIXED_SUCCESS	3	4	N OW B ER	4	simple	short	0.5340088531374931	0.4181848168373108	1	1.0	0.0	0.0	1.0	0	1	N OW B ER	0.0	EOS_NOT_OBSERVED	0	N OW HH ER	1.0	EOS_NOT_OBSERVED	1	N OW B ER	0.0	EOS_NOT_OBSERVED	1	N OW B ER	0.0	EOS_NOT_OBSERVED
wfe_1092	ALWAYS_SUCCESSFUL	4	4	TH AW N T	4	simple	short	0.6919897943735123	0.496002160012722	0					0	1	TH AW N T	0.0	EOS_NOT_OBSERVED	1	TH AW N T	0.0	EOS_NOT_OBSERVED	1	TH AW N T	0.0	EOS_NOT_OBSERVED	1	TH AW N T	0.0	EOS_NOT_OBSERVED
wfe_1093	MIXED_SUCCESS	3	4	S T AH T	4	simple	short	0.7116636335849762	0.5058562159538269	1	1.0	0.0	0.0	1.0	0	1	S T AH T	0.0	EOS_NOT_OBSERVED	0	S T AH L	1.0	EOS_NOT_OBSERVED	1	S T AH T	0.0	EOS_NOT_OBSERVED	1	S T AH T	0.0	EOS_NOT_OBSERVED
wfe_1094	ALWAYS_SUCCESSFUL	4	4	P L AE S	4	simple	short	0.751748189330101	0.5258032828569412	0					0	1	P L AE S	0.0	EOS_NOT_OBSERVED	1	P L AE S	0.0	EOS_NOT_OBSERVED	1	P L AE S	0.0	EOS_NOT_OBSERVED	1	P L AE S	0.0	EOS_NOT_OBSERVED
wfe_1095	MIXED_SUCCESS	3	4	N AW N D	4	simple	short	0.6979283466935158	0.4992588311433792	1	0.0	1.0	0.0	1.0	1	1	N AW N D	0.0	EOS_NOT_OBSERVED	1	N AW N D	0.0	EOS_NOT_OBSERVED	1	N AW N D	0.0	EOS_NOT_OBSERVED	0	N AW D	1.0	PREMATURE_EOS
wfe_1096	MIXED_SUCCESS	1	4	T AH NG TH	4	simple	short	0.6547418683767319	0.4775889590382576	3	1.6666666666666667	0.3333333333333333	0.3333333333333333	2.3333333333333335	0	0	HH AH V D	3.0	EOS_NOT_OBSERVED	1	T AH NG TH	0.0	EOS_NOT_OBSERVED	0	D IH NG TH	2.0	EOS_NOT_OBSERVED	0	S T AH NG	2.0	EOS_NOT_OBSERVED
wfe_1097	ALWAYS_SUCCESSFUL	4	4	T R EY M	4	simple	short	0.6986666321754456	0.4993341639637947	0					0	1	T R EY M	0.0	EOS_NOT_OBSERVED	1	T R EY M	0.0	EOS_NOT_OBSERVED	1	T R EY M	0.0	EOS_NOT_OBSERVED	1	T R EY M	0.0	EOS_NOT_OBSERVED
wfe_1098	ALWAYS_SUCCESSFUL	4	4	S W IH T	4	simple	short	0.5723221376538277	0.43718279898166656	0					0	1	S W IH T	0.0	EOS_NOT_OBSERVED	1	S W IH T	0.0	EOS_NOT_OBSERVED	1	S W IH T	0.0	EOS_NOT_OBSERVED	1	S W IH T	0.0	EOS_NOT_OBSERVED
wfe_1099	ALWAYS_SUCCESSFUL	4	4	AH G AA IY	4	simple	short	0.4844496548175812	0.3939066529273987	0					0	1	AH G AA IY	0.0	EOS_NOT_OBSERVED	1	AH G AA IY	0.0	EOS_NOT_OBSERVED	1	AH G AA IY	0.0	EOS_NOT_OBSERVED	1	AH G AA IY	0.0	EOS_NOT_OBSERVED
wfe_1100	ALWAYS_SUCCESSFUL	4	4	S ER K AY N	5	simple	short	0.5450949966907501	0.4237915053963661	0					0	1	S ER K AY N	0.0	EOS_NOT_OBSERVED	1	S ER K AY N	0.0	EOS_NOT_OBSERVED	1	S ER K AY N	0.0	EOS_NOT_OBSERVED	1	S ER K AY N	0.0	EOS_NOT_OBSERVED
wfe_1101	ALWAYS_SUCCESSFUL	4	4	AO R IY V AH	5	simple	short	0.5353170409798622	0.4187251999974251	0					0	1	AO R IY V AH	0.0	EOS_NOT_OBSERVED	1	AO R IY V AH	0.0	EOS_NOT_OBSERVED	1	AO R IY V AH	0.0	EOS_NOT_OBSERVED	1	AO R IY V AH	0.0	EOS_NOT_OBSERVED
wfe_1102	ALWAYS_SUCCESSFUL	4	4	F EH S IH G	5	simple	short	0.45100685954093933	0.37855495512485504	0					0	1	F EH S IH G	0.0	EOS_NOT_OBSERVED	1	F EH S IH G	0.0	EOS_NOT_OBSERVED	1	F EH S IH G	0.0	EOS_NOT_OBSERVED	1	F EH S IH G	0.0	EOS_NOT_OBSERVED
wfe_1103	MIXED_SUCCESS	3	4	AW T R OW AH	5	simple	short	0.4828672781586647	0.39331425726413727	1	1.0	1.0	1.0	3.0	0	1	AW T R OW AH	0.0	EOS_NOT_OBSERVED	1	AW T R OW AH	0.0	EOS_NOT_OBSERVED	0	G EH T R OW	3.0	EOS_NOT_OBSERVED	1	AW T R OW AH	0.0	EOS_NOT_OBSERVED
wfe_1104	ALWAYS_SUCCESSFUL	4	4	M AH S IH D	5	simple	short	0.5768195688724518	0.4394850730895996	0					0	1	M AH S IH D	0.0	EOS_NOT_OBSERVED	1	M AH S IH D	0.0	EOS_NOT_OBSERVED	1	M AH S IH D	0.0	EOS_NOT_OBSERVED	1	M AH S IH D	0.0	EOS_NOT_OBSERVED
wfe_1105	ALWAYS_SUCCESSFUL	4	4	B AH S IY R	5	simple	short	0.5261878818273544	0.41399870812892914	0					0	1	B AH S IY R	0.0	EOS_NOT_OBSERVED	1	B AH S IY R	0.0	EOS_NOT_OBSERVED	1	B AH S IY R	0.0	EOS_NOT_OBSERVED	1	B AH S IY R	0.0	EOS_NOT_OBSERVED
wfe_1106	MIXED_SUCCESS	2	4	S M AA Z IY	5	simple	short	0.5460861325263977	0.42370953410863876	2	2.5	0.5	0.5	3.5	0	1	S M AA Z IY	0.0	EOS_NOT_OBSERVED	0	S Y UW D IY	3.0	EOS_NOT_OBSERVED	1	S M AA Z IY	0.0	EOS_NOT_OBSERVED	0	N AE M IY Z	4.0	EOS_NOT_OBSERVED
wfe_1107	ALWAYS_SUCCESSFUL	4	4	S IH TH R OW	5	simple	short	0.4786609560251236	0.39112022519111633	0					0	1	S IH TH R OW	0.0	EOS_NOT_OBSERVED	1	S IH TH R OW	0.0	EOS_NOT_OBSERVED	1	S IH TH R OW	0.0	EOS_NOT_OBSERVED	1	S IH TH R OW	0.0	EOS_NOT_OBSERVED
wfe_1108	ALWAYS_SUCCESSFUL	4	4	Y UW R IH S	5	simple	short	0.5247893035411835	0.41452448815107346	0					0	1	Y UW R IH S	0.0	EOS_NOT_OBSERVED	1	Y UW R IH S	0.0	EOS_NOT_OBSERVED	1	Y UW R IH S	0.0	EOS_NOT_OBSERVED	1	Y UW R IH S	0.0	EOS_NOT_OBSERVED
wfe_1109	ALWAYS_SUCCESSFUL	4	4	N AO D IH N	5	simple	short	0.5336501598358154	0.4176454097032547	0					0	1	N AO D IH N	0.0	EOS_NOT_OBSERVED	1	N AO D IH N	0.0	EOS_NOT_OBSERVED	1	N AO D IH N	0.0	EOS_NOT_OBSERVED	1	N AO D IH N	0.0	EOS_NOT_OBSERVED
wfe_1110	MIXED_SUCCESS	2	4	T EH L AY D	5	simple	short	0.6225587949156761	0.461998850107193	2	1.5	0.0	0.0	1.5	0	1	T EH L AY D	0.0	EOS_NOT_OBSERVED	0	T EH L D EH	2.0	EOS_NOT_OBSERVED	0	T EH L IY D	1.0	EOS_NOT_OBSERVED	1	T EH L AY D	0.0	EOS_NOT_OBSERVED
wfe_1111	MIXED_SUCCESS	3	4	CH ER AE K T	5	simple	short	0.47377190738916397	0.38884899765253067	1	1.0	0.0	0.0	1.0	0	0	CH ER AE K Y	1.0	EOS_NOT_OBSERVED	1	CH ER AE K T	0.0	EOS_NOT_OBSERVED	1	CH ER AE K T	0.0	EOS_NOT_OBSERVED	1	CH ER AE K T	0.0	EOS_NOT_OBSERVED
wfe_1112	ALWAYS_SUCCESSFUL	4	4	AE L TH AH D	5	simple	short	0.4888094291090965	0.39597538858652115	0					0	1	AE L TH AH D	0.0	EOS_NOT_OBSERVED	1	AE L TH AH D	0.0	EOS_NOT_OBSERVED	1	AE L TH AH D	0.0	EOS_NOT_OBSERVED	1	AE L TH AH D	0.0	EOS_NOT_OBSERVED
wfe_1113	MIXED_SUCCESS	2	4	N EH TH IY OW	5	simple	short	0.4887361451983452	0.39617156237363815	2	2.0	0.0	0.0	2.0	0	1	N EH TH IY OW	0.0	EOS_NOT_OBSERVED	0	N AY TH IY OW	1.0	EOS_NOT_OBSERVED	0	N AA L IY CH	3.0	EOS_NOT_OBSERVED	1	N EH TH IY OW	0.0	EOS_NOT_OBSERVED
wfe_1114	MIXED_SUCCESS	2	4	S P IY HH OW	5	simple	short	0.4940907210111618	0.39869246631860733	2	0.5	0.5	0.5	1.5	0	1	S P IY HH OW	0.0	EOS_NOT_OBSERVED	0	S K IY HH OW	1.0	EOS_NOT_OBSERVED	1	S P IY HH OW	0.0	EOS_NOT_OBSERVED	0	S P IY OW HH	2.0	EOS_NOT_OBSERVED
wfe_1115	ALWAYS_SUCCESSFUL	4	4	F AA V IH G	5	simple	short	0.4402495473623276	0.37309735268354416	0					0	1	F AA V IH G	0.0	EOS_NOT_OBSERVED	1	F AA V IH G	0.0	EOS_NOT_OBSERVED	1	F AA V IH G	0.0	EOS_NOT_OBSERVED	1	F AA V IH G	0.0	EOS_NOT_OBSERVED
wfe_1116	MIXED_SUCCESS	3	4	AE D R AH L	5	simple	short	0.47773948311805725	0.39119527488946915	1	1.0	0.0	0.0	1.0	0	1	AE D R AH L	0.0	EOS_NOT_OBSERVED	1	AE D R AH L	0.0	EOS_NOT_OBSERVED	1	AE D R AH L	0.0	EOS_NOT_OBSERVED	0	AE D R AH M	1.0	EOS_NOT_OBSERVED
wfe_1117	ALWAYS_SUCCESSFUL	4	4	AE N AH HH AA	5	simple	short	0.5373457372188568	0.4201674088835716	0					0	1	AE N AH HH AA	0.0	EOS_NOT_OBSERVED	1	AE N AH HH AA	0.0	EOS_NOT_OBSERVED	1	AE N AH HH AA	0.0	EOS_NOT_OBSERVED	1	AE N AH HH AA	0.0	EOS_NOT_OBSERVED
wfe_1118	ALWAYS_SUCCESSFUL	4	4	HH ER S IY N	5	simple	short	0.5058859512209892	0.4042401686310768	0					0	1	HH ER S IY N	0.0	EOS_NOT_OBSERVED	1	HH ER S IY N	0.0	EOS_NOT_OBSERVED	1	HH ER S IY N	0.0	EOS_NOT_OBSERVED	1	HH ER S IY N	0.0	EOS_NOT_OBSERVED
wfe_1119	ALWAYS_SUCCESSFUL	4	4	P AA TH AH L	5	simple	short	0.5222382992506027	0.41249885410070414	0					0	1	P AA TH AH L	0.0	EOS_NOT_OBSERVED	1	P AA TH AH L	0.0	EOS_NOT_OBSERVED	1	P AA TH AH L	0.0	EOS_NOT_OBSERVED	1	P AA TH AH L	0.0	EOS_NOT_OBSERVED
wfe_1120	ALWAYS_SUCCESSFUL	4	4	S AA M IH S	5	simple	short	0.4933422654867172	0.3982730507850647	0					0	1	S AA M IH S	0.0	EOS_NOT_OBSERVED	1	S AA M IH S	0.0	EOS_NOT_OBSERVED	1	S AA M IH S	0.0	EOS_NOT_OBSERVED	1	S AA M IH S	0.0	EOS_NOT_OBSERVED
wfe_1121	MIXED_SUCCESS	3	4	D ER D IH N	5	simple	short	0.4868695139884949	0.39503662288188934	1	1.0	0.0	0.0	1.0	0	1	D ER D IH N	0.0	EOS_NOT_OBSERVED	1	D ER D IH N	0.0	EOS_NOT_OBSERVED	0	D ER G IH N	1.0	EOS_NOT_OBSERVED	1	D ER D IH N	0.0	EOS_NOT_OBSERVED
wfe_1122	ALWAYS_SUCCESSFUL	4	4	EH S T IH T	5	simple	short	0.4960795044898987	0.39950641989707947	0					0	1	EH S T IH T	0.0	EOS_NOT_OBSERVED	1	EH S T IH T	0.0	EOS_NOT_OBSERVED	1	EH S T IH T	0.0	EOS_NOT_OBSERVED	1	EH S T IH T	0.0	EOS_NOT_OBSERVED
wfe_1123	ALWAYS_SUCCESSFUL	4	4	G OW V Y ER	5	simple	short	0.5115417018532753	0.40714290738105774	0					0	1	G OW V Y ER	0.0	EOS_NOT_OBSERVED	1	G OW V Y ER	0.0	EOS_NOT_OBSERVED	1	G OW V Y ER	0.0	EOS_NOT_OBSERVED	1	G OW V Y ER	0.0	EOS_NOT_OBSERVED
wfe_1124	MIXED_SUCCESS	3	4	S L AA S P	5	simple	short	0.49046336859464645	0.3968576192855835	1	0.0	1.0	1.0	2.0	0	1	S L AA S P	0.0	EOS_NOT_OBSERVED	1	S L AA S P	0.0	EOS_NOT_OBSERVED	1	S L AA S P	0.0	EOS_NOT_OBSERVED	0	S L AA N S	2.0	EOS_NOT_OBSERVED
wfe_1125	MIXED_SUCCESS	2	4	TH AE P AH T	5	simple	short	0.7515603005886078	0.525727167725563	2	2.0	0.0	0.0	2.0	0	1	TH AE P AH T	0.0	EOS_NOT_OBSERVED	1	TH AE P AH T	0.0	EOS_NOT_OBSERVED	0	P AE TH AH T	2.0	EOS_NOT_OBSERVED	0	P AE TH AH T	2.0	EOS_NOT_OBSERVED
wfe_1126	MIXED_SUCCESS	3	4	HH AE P OW Z	5	simple	short	0.5660870894789696	0.43399231880903244	1	1.0	0.0	0.0	1.0	0	1	HH AE P OW Z	0.0	EOS_NOT_OBSERVED	1	HH AE P OW Z	0.0	EOS_NOT_OBSERVED	0	HH AE P AH Z	1.0	EOS_NOT_OBSERVED	1	HH AE P OW Z	0.0	EOS_NOT_OBSERVED
wfe_1127	MIXED_SUCCESS	3	4	F AE K D AH	5	simple	short	0.48679130524396896	0.39503442496061325	1	1.0	0.0	0.0	1.0	0	1	F AE K D AH	0.0	EOS_NOT_OBSERVED	1	F AE K D AH	0.0	EOS_NOT_OBSERVED	1	F AE K D AH	0.0	EOS_NOT_OBSERVED	0	F AE K S AH	1.0	EOS_NOT_OBSERVED
wfe_1128	MIXED_SUCCESS	3	4	W AA F IH T	5	simple	short	0.6246369853615761	0.4628217816352844	1	0.0	1.0	0.0	1.0	1	1	W AA F IH T	0.0	EOS_NOT_OBSERVED	0	W AA F T	1.0	PREMATURE_EOS	1	W AA F IH T	0.0	EOS_NOT_OBSERVED	1	W AA F IH T	0.0	EOS_NOT_OBSERVED
wfe_1129	ALWAYS_SUCCESSFUL	4	4	M OW T AH K	5	simple	short	0.4974537193775177	0.4001576751470566	0					0	1	M OW T AH K	0.0	EOS_NOT_OBSERVED	1	M OW T AH K	0.0	EOS_NOT_OBSERVED	1	M OW T AH K	0.0	EOS_NOT_OBSERVED	1	M OW T AH K	0.0	EOS_NOT_OBSERVED
wfe_1130	MIXED_SUCCESS	3	4	D IH M IH TH	5	simple	short	0.481607586145401	0.39257969707250595	1	1.0	0.0	0.0	1.0	0	1	D IH M IH TH	0.0	EOS_NOT_OBSERVED	1	D IH M IH TH	0.0	EOS_NOT_OBSERVED	0	D IH M IH SH	1.0	EOS_NOT_OBSERVED	1	D IH M IH TH	0.0	EOS_NOT_OBSERVED
wfe_1131	ALWAYS_SUCCESSFUL	4	4	M EH L IH M	5	simple	short	0.48929691314697266	0.3962220102548599	0					0	1	M EH L IH M	0.0	EOS_NOT_OBSERVED	1	M EH L IH M	0.0	EOS_NOT_OBSERVED	1	M EH L IH M	0.0	EOS_NOT_OBSERVED	1	M EH L IH M	0.0	EOS_NOT_OBSERVED
wfe_1132	MIXED_SUCCESS	2	4	S EH G IH T	5	simple	short	0.5560926198959351	0.42917484045028687	2	1.5	0.0	0.0	1.5	0	1	S EH G IH T	0.0	EOS_NOT_OBSERVED	0	S EH T IH G	2.0	EOS_NOT_OBSERVED	0	S EH G AH T	1.0	EOS_NOT_OBSERVED	1	S EH G IH T	0.0	EOS_NOT_OBSERVED
wfe_1133	MIXED_SUCCESS	3	4	S IH N AH M P T	7	simple	long	0.6527418419718742	0.4767856225371361	1	1.0	1.0	0.0	2.0	1	1	S IH N AH M P T	0.0	EOS_NOT_OBSERVED	1	S IH N AH M P T	0.0	EOS_NOT_OBSERVED	1	S IH N AH M P T	0.0	EOS_NOT_OBSERVED	0	S IH N AH P M	2.0	PREMATURE_EOS
wfe_1134	MIXED_SUCCESS	2	4	AE D M AH L EH R	7	simple	long	0.45793233811855316	0.38160452991724014	2	1.5	0.0	0.0	1.5	0	0	AE D M EH L AH R	2.0	EOS_NOT_OBSERVED	1	AE D M AH L EH R	0.0	EOS_NOT_OBSERVED	0	AE D M AH L IH R	1.0	EOS_NOT_OBSERVED	1	AE D M AH L EH R	0.0	EOS_NOT_OBSERVED
wfe_1135	MIXED_SUCCESS	1	4	SH OW S K W IH N	7	simple	long	0.4943394586443901	0.39869382232427597	3	1.6666666666666667	0.3333333333333333	0.3333333333333333	2.3333333333333335	0	0	SH OW S P AO R N	3.0	EOS_NOT_OBSERVED	0	SH OW S K R IH N	1.0	EOS_NOT_OBSERVED	0	SH OW K S W EY N	3.0	EOS_NOT_OBSERVED	1	SH OW S K W IH N	0.0	EOS_NOT_OBSERVED
wfe_1136	MIXED_SUCCESS	3	4	TH AE M AH S AH Z	7	simple	long	0.5868209898471832	0.44405844807624817	1	4.0	0.0	0.0	4.0	0	1	TH AE M AH S AH Z	0.0	EOS_NOT_OBSERVED	1	TH AE M AH S AH Z	0.0	EOS_NOT_OBSERVED	1	TH AE M AH S AH Z	0.0	EOS_NOT_OBSERVED	0	M OW P AH D AH Z	4.0	EOS_NOT_OBSERVED
wfe_1137	ALWAYS_SUCCESSFUL	4	4	HH AH N F IH K T	7	simple	long	0.5223063603043556	0.41236312687397003	0					0	1	HH AH N F IH K T	0.0	EOS_NOT_OBSERVED	1	HH AH N F IH K T	0.0	EOS_NOT_OBSERVED	1	HH AH N F IH K T	0.0	EOS_NOT_OBSERVED	1	HH AH N F IH K T	0.0	EOS_NOT_OBSERVED
wfe_1138	MIXED_SUCCESS	2	4	W IH N AH G AH N	7	simple	long	0.5010620430111885	0.40283482521772385	2	2.5	0.0	0.0	2.5	0	0	W IH L AH P AH N	2.0	EOS_NOT_OBSERVED	1	W IH N AH G AH N	0.0	EOS_NOT_OBSERVED	0	R IH CH AH K AH N	3.0	EOS_NOT_OBSERVED	1	W IH N AH G AH N	0.0	EOS_NOT_OBSERVED
wfe_1139	ALWAYS_SUCCESSFUL	4	4	HH AE Z IH D AH N	7	simple	long	0.6474631875753403	0.4740253984928131	0					0	1	HH AE Z IH D AH N	0.0	EOS_NOT_OBSERVED	1	HH AE Z IH D AH N	0.0	EOS_NOT_OBSERVED	1	HH AE Z IH D AH N	0.0	EOS_NOT_OBSERVED	1	HH AE Z IH D AH N	0.0	EOS_NOT_OBSERVED
wfe_1140	MIXED_SUCCESS	3	4	M AE N K EH T AH	7	simple	long	0.4895383343100548	0.3963567912578583	1	0.0	1.0	1.0	2.0	0	1	M AE N K EH T AH	0.0	EOS_NOT_OBSERVED	1	M AE N K EH T AH	0.0	EOS_NOT_OBSERVED	0	M AE N EH K T AH	2.0	EOS_NOT_OBSERVED	1	M AE N K EH T AH	0.0	EOS_NOT_OBSERVED
wfe_1141	ALWAYS_SUCCESSFUL	4	4	D R IH S T IH V	7	simple	long	0.5816259607672691	0.4417271018028259	0					0	1	D R IH S T IH V	0.0	EOS_NOT_OBSERVED	1	D R IH S T IH V	0.0	EOS_NOT_OBSERVED	1	D R IH S T IH V	0.0	EOS_NOT_OBSERVED	1	D R IH S T IH V	0.0	EOS_NOT_OBSERVED
wfe_1142	MIXED_SUCCESS	2	4	G AE Z AH K IH N	7	simple	long	0.5140760987997055	0.4081336185336113	2	1.5	0.0	0.0	1.5	0	1	G AE Z AH K IH N	0.0	EOS_NOT_OBSERVED	0	G AE Z AH N IH K	2.0	EOS_NOT_OBSERVED	0	G AE Z AH D IH N	1.0	EOS_NOT_OBSERVED	1	G AE Z AH K IH N	0.0	EOS_NOT_OBSERVED
wfe_1143	MIXED_SUCCESS	3	4	R AE N AH N AH T	7	simple	long	0.5416787341237068	0.42204154282808304	1	2.0	0.0	0.0	2.0	0	0	R AE N AH Z AH M	2.0	EOS_NOT_OBSERVED	1	R AE N AH N AH T	0.0	EOS_NOT_OBSERVED	1	R AE N AH N AH T	0.0	EOS_NOT_OBSERVED	1	R AE N AH N AH T	0.0	EOS_NOT_OBSERVED
wfe_1144	MIXED_SUCCESS	2	4	Y UH R SH AH N S	7	simple	long	0.5967947989702225	0.44914235919713974	2	1.5	0.0	0.0	1.5	0	1	Y UH R SH AH N S	0.0	EOS_NOT_OBSERVED	1	Y UH R SH AH N S	0.0	EOS_NOT_OBSERVED	0	Y UH R SH AH N T	1.0	EOS_NOT_OBSERVED	0	Y UH R M AH N T	2.0	EOS_NOT_OBSERVED
wfe_1145	ALWAYS_SUCCESSFUL	4	4	P L EH K S AH N	7	simple	long	0.48612120747566223	0.395489864051342	0					0	1	P L EH K S AH N	0.0	EOS_NOT_OBSERVED	1	P L EH K S AH N	0.0	EOS_NOT_OBSERVED	1	P L EH K S AH N	0.0	EOS_NOT_OBSERVED	1	P L EH K S AH N	0.0	EOS_NOT_OBSERVED
wfe_1146	ALWAYS_SUCCESSFUL	4	4	N AA M S EH S IY	7	simple	long	0.5571070536971092	0.4294384494423866	0					0	1	N AA M S EH S IY	0.0	EOS_NOT_OBSERVED	1	N AA M S EH S IY	0.0	EOS_NOT_OBSERVED	1	N AA M S EH S IY	0.0	EOS_NOT_OBSERVED	1	N AA M S EH S IY	0.0	EOS_NOT_OBSERVED
wfe_1147	MIXED_SUCCESS	3	4	AA N L AH T IH N	7	simple	long	0.49871569126844406	0.40073197335004807	1	0.0	1.0	1.0	2.0	0	0	AA L N AH T IH N	2.0	EOS_NOT_OBSERVED	1	AA N L AH T IH N	0.0	EOS_NOT_OBSERVED	1	AA N L AH T IH N	0.0	EOS_NOT_OBSERVED	1	AA N L AH T IH N	0.0	EOS_NOT_OBSERVED
wfe_1148	MIXED_SUCCESS	3	4	HH AH K S IH K S	7	simple	long	0.40802208334207535	0.35812439024448395	1	0.0	1.0	1.0	2.0	0	0	HH AH K S IH S K	2.0	EOS_NOT_OBSERVED	1	HH AH K S IH K S	0.0	EOS_NOT_OBSERVED	1	HH AH K S IH K S	0.0	EOS_NOT_OBSERVED	1	HH AH K S IH K S	0.0	EOS_NOT_OBSERVED
wfe_1149	ALWAYS_SUCCESSFUL	4	4	R IH L AO R M AH	7	simple	long	0.47094908356666565	0.3875647336244583	0					0	1	R IH L AO R M AH	0.0	EOS_NOT_OBSERVED	1	R IH L AO R M AH	0.0	EOS_NOT_OBSERVED	1	R IH L AO R M AH	0.0	EOS_NOT_OBSERVED	1	R IH L AO R M AH	0.0	EOS_NOT_OBSERVED
wfe_1150	ALWAYS_SUCCESSFUL	4	4	AY D S T EH R IY	7	simple	long	0.5687388181686401	0.43502556532621384	0					0	1	AY D S T EH R IY	0.0	EOS_NOT_OBSERVED	1	AY D S T EH R IY	0.0	EOS_NOT_OBSERVED	1	AY D S T EH R IY	0.0	EOS_NOT_OBSERVED	1	AY D S T EH R IY	0.0	EOS_NOT_OBSERVED
wfe_1151	MIXED_SUCCESS	3	4	K OW N ER M EY T	7	simple	long	0.5156895741820335	0.4089420512318611	1	4.0	0.0	0.0	4.0	0	1	K OW N ER M EY T	0.0	EOS_NOT_OBSERVED	1	K OW N ER M EY T	0.0	EOS_NOT_OBSERVED	1	K OW N ER M EY T	0.0	EOS_NOT_OBSERVED	0	K OW N AE N F IH	4.0	EOS_NOT_OBSERVED
wfe_1152	ALWAYS_FAILED	0	4	JH UW M TH IY N AE	7	simple	long	0.4203832522034645	0.3640982434153557	4	1.75	0.5	0.5	2.75	0	0	JH UW M B ER N AE	2.0	EOS_NOT_OBSERVED	0	JH UW M B IY AE N	3.0	EOS_NOT_OBSERVED	0	JH UW M P L IY AH	4.0	EOS_NOT_OBSERVED	0	JH UW M Z IY N AA	2.0	EOS_NOT_OBSERVED
wfe_1153	ALWAYS_SUCCESSFUL	4	4	IH N T ER CH AH L	7	simple	long	0.5557102262973785	0.4284411892294884	0					0	1	IH N T ER CH AH L	0.0	EOS_NOT_OBSERVED	1	IH N T ER CH AH L	0.0	EOS_NOT_OBSERVED	1	IH N T ER CH AH L	0.0	EOS_NOT_OBSERVED	1	IH N T ER CH AH L	0.0	EOS_NOT_OBSERVED
wfe_1154	ALWAYS_SUCCESSFUL	4	4	T AE K S AH N D	7	simple	long	0.649288609623909	0.4749441519379616	0					0	1	T AE K S AH N D	0.0	EOS_NOT_OBSERVED	1	T AE K S AH N D	0.0	EOS_NOT_OBSERVED	1	T AE K S AH N D	0.0	EOS_NOT_OBSERVED	1	T AE K S AH N D	0.0	EOS_NOT_OBSERVED
wfe_1155	MIXED_SUCCESS	1	4	AH S L AH T IH F	7	simple	long	0.5481352061033249	0.4247089773416519	3	1.6666666666666667	0.6666666666666666	0.6666666666666666	3.0	0	0	AH S L AH T IH D	1.0	EOS_NOT_OBSERVED	0	AH S L IH SH AH T	4.0	EOS_NOT_OBSERVED	1	AH S L AH T IH F	0.0	EOS_NOT_OBSERVED	0	AH S T AH L F AY	4.0	EOS_NOT_OBSERVED
wfe_1156	ALWAYS_SUCCESSFUL	4	4	L IH S K Y UW S	7	simple	long	0.5450571179389954	0.4233815148472786	0					0	1	L IH S K Y UW S	0.0	EOS_NOT_OBSERVED	1	L IH S K Y UW S	0.0	EOS_NOT_OBSERVED	1	L IH S K Y UW S	0.0	EOS_NOT_OBSERVED	1	L IH S K Y UW S	0.0	EOS_NOT_OBSERVED
wfe_1157	ALWAYS_SUCCESSFUL	4	4	L IH F L IH K AH	7	simple	long	0.5047089606523514	0.403746098279953	0					0	1	L IH F L IH K AH	0.0	EOS_NOT_OBSERVED	1	L IH F L IH K AH	0.0	EOS_NOT_OBSERVED	1	L IH F L IH K AH	0.0	EOS_NOT_OBSERVED	1	L IH F L IH K AH	0.0	EOS_NOT_OBSERVED
wfe_1158	MIXED_SUCCESS	3	4	D UH R IY V AH T	7	simple	long	0.49147191643714905	0.39755406230688095	1	1.0	1.0	0.0	2.0	1	1	D UH R IY V AH T	0.0	EOS_NOT_OBSERVED	1	D UH R IY V AH T	0.0	EOS_NOT_OBSERVED	1	D UH R IY V AH T	0.0	EOS_NOT_OBSERVED	0	D UH R IY V ER	2.0	PREMATURE_EOS
wfe_1159	ALWAYS_SUCCESSFUL	4	4	G R OW V IY AH N	7	simple	long	0.47777023166418076	0.39091580361127853	0					0	1	G R OW V IY AH N	0.0	EOS_NOT_OBSERVED	1	G R OW V IY AH N	0.0	EOS_NOT_OBSERVED	1	G R OW V IY AH N	0.0	EOS_NOT_OBSERVED	1	G R OW V IY AH N	0.0	EOS_NOT_OBSERVED
wfe_1160	MIXED_SUCCESS	2	4	T OW JH EH N T OW	7	simple	long	0.4562443643808365	0.3807169422507286	2	1.0	1.0	0.0	2.0	1	0	T OW JH AA N T OW	1.0	EOS_NOT_OBSERVED	1	T OW JH EH N T OW	0.0	EOS_NOT_OBSERVED	0	T OW T N OW	3.0	PREMATURE_EOS	1	T OW JH EH N T OW	0.0	EOS_NOT_OBSERVED
wfe_1161	MIXED_SUCCESS	3	4	L IH M AH L AH T	7	simple	long	0.5184275954961777	0.41032060235738754	1	1.0	0.0	0.0	1.0	0	0	L IH M AH L AH D	1.0	EOS_NOT_OBSERVED	1	L IH M AH L AH T	0.0	EOS_NOT_OBSERVED	1	L IH M AH L AH T	0.0	EOS_NOT_OBSERVED	1	L IH M AH L AH T	0.0	EOS_NOT_OBSERVED
wfe_1162	ALWAYS_SUCCESSFUL	4	4	CH AH L IH S IY AH	7	simple	long	0.47709765285253525	0.39058418571949005	0					0	1	CH AH L IH S IY AH	0.0	EOS_NOT_OBSERVED	1	CH AH L IH S IY AH	0.0	EOS_NOT_OBSERVED	1	CH AH L IH S IY AH	0.0	EOS_NOT_OBSERVED	1	CH AH L IH S IY AH	0.0	EOS_NOT_OBSERVED
wfe_1163	ALWAYS_SUCCESSFUL	4	4	M EH M AH G AO R	7	simple	long	0.43098870664834976	0.3690090775489807	0					0	1	M EH M AH G AO R	0.0	EOS_NOT_OBSERVED	1	M EH M AH G AO R	0.0	EOS_NOT_OBSERVED	1	M EH M AH G AO R	0.0	EOS_NOT_OBSERVED	1	M EH M AH G AO R	0.0	EOS_NOT_OBSERVED
wfe_1164	ALWAYS_SUCCESSFUL	4	4	K AA N T R IH NG	7	simple	long	0.5997903645038605	0.4504536911845207	0					0	1	K AA N T R IH NG	0.0	EOS_NOT_OBSERVED	1	K AA N T R IH NG	0.0	EOS_NOT_OBSERVED	1	K AA N T R IH NG	0.0	EOS_NOT_OBSERVED	1	K AA N T R IH NG	0.0	EOS_NOT_OBSERVED
wfe_1165	ALWAYS_SUCCESSFUL	4	4	AO R G AA R AH L	7	simple	long	0.5409291610121727	0.42129936069250107	0					0	1	AO R G AA R AH L	0.0	EOS_NOT_OBSERVED	1	AO R G AA R AH L	0.0	EOS_NOT_OBSERVED	1	AO R G AA R AH L	0.0	EOS_NOT_OBSERVED	1	AO R G AA R AH L	0.0	EOS_NOT_OBSERVED
wfe_1166	ALWAYS_SUCCESSFUL	4	4	F IH L AY AH L AH S	8	simple	long	0.5322548374533653	0.4170374125242233	0					0	1	F IH L AY AH L AH S	0.0	EOS_NOT_OBSERVED	1	F IH L AY AH L AH S	0.0	EOS_NOT_OBSERVED	1	F IH L AY AH L AH S	0.0	EOS_NOT_OBSERVED	1	F IH L AY AH L AH S	0.0	EOS_NOT_OBSERVED
wfe_1167	MIXED_SUCCESS	3	4	K AE S AH T EY N AH	8	simple	long	0.44426480680704117	0.3749137967824936	1	4.0	0.0	0.0	4.0	0	1	K AE S AH T EY N AH	0.0	EOS_NOT_OBSERVED	0	K AH S AE T AH N IY	4.0	EOS_NOT_OBSERVED	1	K AE S AH T EY N AH	0.0	EOS_NOT_OBSERVED	1	K AE S AH T EY N AH	0.0	EOS_NOT_OBSERVED
wfe_1168	MIXED_SUCCESS	1	4	JH AA S P IH T IH M	8	simple	long	0.5355474650859833	0.418634831905365	3	1.6666666666666667	0.0	0.0	1.6666666666666667	0	0	JH AA S T IH P IH JH	3.0	EOS_NOT_OBSERVED	1	JH AA S P IH T IH M	0.0	EOS_NOT_OBSERVED	0	JH AA S P IH T AH M	1.0	EOS_NOT_OBSERVED	0	JH AA S P IH T IH K	1.0	EOS_NOT_OBSERVED
wfe_1169	MIXED_SUCCESS	3	4	G AA S IH D AH N D	8	simple	long	0.43322962522506714	0.36980950087308884	1	0.0	1.0	0.0	1.0	1	0	G AA S IH D AH N	1.0	PREMATURE_EOS	1	G AA S IH D AH N D	0.0	EOS_NOT_OBSERVED	1	G AA S IH D AH N D	0.0	EOS_NOT_OBSERVED	1	G AA S IH D AH N D	0.0	EOS_NOT_OBSERVED
wfe_1170	MIXED_SUCCESS	2	4	P UH R K R EH R IY	8	simple	long	0.5462976694107056	0.4240472763776779	2	1.5	0.5	0.5	2.5	0	0	P R UH K R EH S IY	3.0	EOS_NOT_OBSERVED	1	P UH R K R EH R IY	0.0	EOS_NOT_OBSERVED	0	W UH R K R EH T IY	2.0	EOS_NOT_OBSERVED	1	P UH R K R EH R IY	0.0	EOS_NOT_OBSERVED
wfe_1171	MIXED_SUCCESS	3	4	TH AE N IH N AH N T	8	simple	long	0.44395527988672256	0.3747705966234207	1	1.0	0.0	0.0	1.0	0	1	TH AE N IH N AH N T	0.0	EOS_NOT_OBSERVED	1	TH AE N IH N AH N T	0.0	EOS_NOT_OBSERVED	0	TH AE N AH N AH N T	1.0	EOS_NOT_OBSERVED	1	TH AE N IH N AH N T	0.0	EOS_NOT_OBSERVED
wfe_1172	MIXED_SUCCESS	1	4	S EH S IH R OW L D	8	simple	long	0.47118683904409403	0.38758958876132965	3	3.0	0.0	0.0	3.0	0	0	S EH S IH R OW L IY	1.0	EOS_NOT_OBSERVED	0	S EH S IH L AH B D	3.0	EOS_NOT_OBSERVED	0	S EH S AH L EH S T	5.0	EOS_NOT_OBSERVED	1	S EH S IH R OW L D	0.0	EOS_NOT_OBSERVED
wfe_1173	ALWAYS_SUCCESSFUL	4	4	M AE S T R AH N S	8	simple	long	0.5053795501589775	0.40413664281368256	0					0	1	M AE S T R AH N S	0.0	EOS_NOT_OBSERVED	1	M AE S T R AH N S	0.0	EOS_NOT_OBSERVED	1	M AE S T R AH N S	0.0	EOS_NOT_OBSERVED	1	M AE S T R AH N S	0.0	EOS_NOT_OBSERVED
wfe_1174	MIXED_SUCCESS	3	4	S EH N IH K AH N T	8	simple	long	0.5391372218728065	0.4209825247526169	1	0.0	1.0	0.0	1.0	1	1	S EH N IH K AH N T	0.0	EOS_NOT_OBSERVED	0	S EH N IH K AH T	1.0	PREMATURE_EOS	1	S EH N IH K AH N T	0.0	EOS_NOT_OBSERVED	1	S EH N IH K AH N T	0.0	EOS_NOT_OBSERVED
wfe_1175	MIXED_SUCCESS	3	4	S EH N V ER S AH N	8	simple	long	0.5321645066142082	0.41746112704277033	1	3.0	0.0	0.0	3.0	0	1	S EH N V ER S AH N	0.0	EOS_NOT_OBSERVED	1	S EH N V ER S AH N	0.0	EOS_NOT_OBSERVED	1	S EH N V ER S AH N	0.0	EOS_NOT_OBSERVED	0	S EH N T ER N AH L	3.0	EOS_NOT_OBSERVED
wfe_1176	ALWAYS_FAILED	0	4	V IY OW K S IH D AH	8	simple	long	0.5522664114832878	0.4270009770989418	4	1.5	0.75	0.5	2.75	1	0	V IY OW K IH CH AH N	3.0	EOS_NOT_OBSERVED	0	V IY OW K Y IH D AH	1.0	EOS_NOT_OBSERVED	0	V IY OW V IH K AH	3.0	PREMATURE_EOS	0	V IY EH S K AE D AH	4.0	EOS_NOT_OBSERVED
wfe_1177	ALWAYS_SUCCESSFUL	4	4	JH AH N S P AE N D	8	simple	long	0.561039499938488	0.43119199573993683	0					0	1	JH AH N S P AE N D	0.0	EOS_NOT_OBSERVED	1	JH AH N S P AE N D	0.0	EOS_NOT_OBSERVED	1	JH AH N S P AE N D	0.0	EOS_NOT_OBSERVED	1	JH AH N S P AE N D	0.0	EOS_NOT_OBSERVED
wfe_1178	MIXED_SUCCESS	2	4	S ER T R AH T AH N	8	simple	long	0.515263669192791	0.4087391346693039	2	0.5	0.5	0.5	1.5	0	1	S ER T R AH T AH N	0.0	EOS_NOT_OBSERVED	0	S ER T R AH K AH N	1.0	EOS_NOT_OBSERVED	0	S ER T AH T R AH N	2.0	EOS_NOT_OBSERVED	1	S ER T R AH T AH N	0.0	EOS_NOT_OBSERVED
wfe_1179	MIXED_SUCCESS	2	4	M AA R B AH B AH S	8	simple	long	0.47286633402109146	0.3883894830942154	2	1.0	0.0	0.0	1.0	0	0	M AA R B AH G AH S	1.0	EOS_NOT_OBSERVED	1	M AA R B AH B AH S	0.0	EOS_NOT_OBSERVED	0	M AA R B AH G AH S	1.0	EOS_NOT_OBSERVED	1	M AA R B AH B AH S	0.0	EOS_NOT_OBSERVED
wfe_1180	MIXED_SUCCESS	2	4	S T R OW P AH N T	8	simple	long	0.6285927891731262	0.4643959701061249	2	2.0	0.0	0.0	2.0	0	0	S T R IY P AH N T	1.0	EOS_NOT_OBSERVED	1	S T R OW P AH N T	0.0	EOS_NOT_OBSERVED	1	S T R OW P AH N T	0.0	EOS_NOT_OBSERVED	0	S T R OW P TH EH S	3.0	EOS_NOT_OBSERVED
wfe_1181	ALWAYS_SUCCESSFUL	4	4	HH IH M B R IY AH N	8	simple	long	0.49987470358610153	0.401615560054779	0					0	1	HH IH M B R IY AH N	0.0	EOS_NOT_OBSERVED	1	HH IH M B R IY AH N	0.0	EOS_NOT_OBSERVED	1	HH IH M B R IY AH N	0.0	EOS_NOT_OBSERVED	1	HH IH M B R IY AH N	0.0	EOS_NOT_OBSERVED
wfe_1182	MIXED_SUCCESS	3	4	AE D V IY OW N IY Z	8	simple	long	0.47360117733478546	0.3887595608830452	1	1.0	0.0	0.0	1.0	0	1	AE D V IY OW N IY Z	0.0	EOS_NOT_OBSERVED	1	AE D V IY OW N IY Z	0.0	EOS_NOT_OBSERVED	0	AE D V IY OW N IH Z	1.0	EOS_NOT_OBSERVED	1	AE D V IY OW N IY Z	0.0	EOS_NOT_OBSERVED
wfe_1183	ALWAYS_SUCCESSFUL	4	4	L AE S T AH M AH N	8	simple	long	0.49838390946388245	0.40058398246765137	0					0	1	L AE S T AH M AH N	0.0	EOS_NOT_OBSERVED	1	L AE S T AH M AH N	0.0	EOS_NOT_OBSERVED	1	L AE S T AH M AH N	0.0	EOS_NOT_OBSERVED	1	L AE S T AH M AH N	0.0	EOS_NOT_OBSERVED
wfe_1184	ALWAYS_FAILED	0	4	K ER AH K S IY M AH	8	simple	long	0.45907414704561234	0.3821238502860069	4	0.25	0.75	0.75	1.75	0	0	K ER AH K S IY AH M	2.0	EOS_NOT_OBSERVED	0	K ER AH K S IY CH AH	1.0	EOS_NOT_OBSERVED	0	K ER AH K S IY AH M	2.0	EOS_NOT_OBSERVED	0	K ER AH K S IY AH M	2.0	EOS_NOT_OBSERVED
wfe_1185	ALWAYS_SUCCESSFUL	4	4	K AA M AH L EH R IY	8	simple	long	0.5603035539388657	0.430748239159584	0					0	1	K AA M AH L EH R IY	0.0	EOS_NOT_OBSERVED	1	K AA M AH L EH R IY	0.0	EOS_NOT_OBSERVED	1	K AA M AH L EH R IY	0.0	EOS_NOT_OBSERVED	1	K AA M AH L EH R IY	0.0	EOS_NOT_OBSERVED
wfe_1186	ALWAYS_SUCCESSFUL	4	4	T R EH F L AH N T	8	simple	long	0.6863332539796829	0.4932636618614197	0					0	1	T R EH F L AH N T	0.0	EOS_NOT_OBSERVED	1	T R EH F L AH N T	0.0	EOS_NOT_OBSERVED	1	T R EH F L AH N T	0.0	EOS_NOT_OBSERVED	1	T R EH F L AH N T	0.0	EOS_NOT_OBSERVED
wfe_1187	ALWAYS_FAILED	0	4	K AE S IH B Y UW R	8	simple	long	0.48598387092351913	0.394611120223999	4	2.5	0.5	0.25	3.25	1	0	K AE S IH B R OW	3.0	PREMATURE_EOS	0	K AE S IH N D ER F	4.0	EOS_NOT_OBSERVED	0	K AE S B IH R UW Y	4.0	EOS_NOT_OBSERVED	0	K AE S IH K Y OY R	2.0	EOS_NOT_OBSERVED
wfe_1188	MIXED_SUCCESS	3	4	HH AE V AH L V IH S	8	simple	long	0.4727450758218765	0.3886029049754143	1	0.0	1.0	1.0	2.0	0	1	HH AE V AH L V IH S	0.0	EOS_NOT_OBSERVED	0	HH AE V AH L V S IH	2.0	EOS_NOT_OBSERVED	1	HH AE V AH L V IH S	0.0	EOS_NOT_OBSERVED	1	HH AE V AH L V IH S	0.0	EOS_NOT_OBSERVED
wfe_1189	MIXED_SUCCESS	3	4	P AA L AH N AH L IY	8	simple	long	0.6571910381317139	0.47864533960819244	1	2.0	0.0	0.0	2.0	0	0	P AA L AH L AH N IY	2.0	EOS_NOT_OBSERVED	1	P AA L AH N AH L IY	0.0	EOS_NOT_OBSERVED	1	P AA L AH N AH L IY	0.0	EOS_NOT_OBSERVED	1	P AA L AH N AH L IY	0.0	EOS_NOT_OBSERVED
wfe_1190	MIXED_SUCCESS	1	4	T UH R F AO R IY AH	8	simple	long	0.4548560604453087	0.3807188346982002	3	1.0	0.6666666666666666	0.3333333333333333	2.0	1	0	T UH R M AO R IY AH	1.0	EOS_NOT_OBSERVED	0	T UH R AE F T IY AH	3.0	EOS_NOT_OBSERVED	1	T UH R F AO R IY AH	0.0	EOS_NOT_OBSERVED	0	T UH R F AO R OW	2.0	PREMATURE_EOS
wfe_1191	MIXED_SUCCESS	2	4	K L OW B AH L IH S	8	simple	long	0.5401907414197922	0.4208122119307518	2	0.5	0.5	0.0	1.0	1	0	K L OW B AH L S	1.0	PREMATURE_EOS	1	K L OW B AH L IH S	0.0	EOS_NOT_OBSERVED	1	K L OW B AH L IH S	0.0	EOS_NOT_OBSERVED	0	K L OW B AH L IH NG	1.0	EOS_NOT_OBSERVED
wfe_1192	MIXED_SUCCESS	2	4	L AA N F L IH T IY	8	simple	long	0.5448377132415771	0.42307598143815994	2	2.0	0.5	0.5	3.0	0	1	L AA N F L IH T IY	0.0	EOS_NOT_OBSERVED	0	L AA N F L IH S T	2.0	EOS_NOT_OBSERVED	0	N AA L F L IY T IH	4.0	EOS_NOT_OBSERVED	1	L AA N F L IH T IY	0.0	EOS_NOT_OBSERVED
wfe_1193	ALWAYS_FAILED	0	4	T AE Z D AH L AY M	8	simple	long	0.6637420058250427	0.48199570924043655	4	2.0	0.5	0.5	3.0	0	0	T AE Z L AH M AY N	3.0	EOS_NOT_OBSERVED	0	T AE Z AH D L AY M	2.0	EOS_NOT_OBSERVED	0	T AE T Z AH M AY L	4.0	EOS_NOT_OBSERVED	0	T AE Z D AY L AH N	3.0	EOS_NOT_OBSERVED
wfe_1194	MIXED_SUCCESS	1	4	AE NG K S IH M AH TH	8	simple	long	0.4372343495488167	0.37173034995794296	3	1.0	1.0	0.6666666666666666	2.6666666666666665	1	0	AE NG K IH S M AH TH	2.0	EOS_NOT_OBSERVED	0	AE NG K IH M AH TH	1.0	PREMATURE_EOS	1	AE NG K S IH M AH TH	0.0	EOS_NOT_OBSERVED	0	W IH NG K S IH Z UW	5.0	EOS_NOT_OBSERVED
wfe_1195	MIXED_SUCCESS	1	4	HH AE P T OW N OW Z	8	simple	long	0.48868001252412796	0.3959328681230545	3	0.3333333333333333	0.6666666666666666	0.3333333333333333	1.3333333333333333	1	0	HH AE P T OW M OW Z	1.0	EOS_NOT_OBSERVED	0	HH AE P T OW N Z OW	2.0	EOS_NOT_OBSERVED	0	HH AE P T OW N Z	1.0	PREMATURE_EOS	1	HH AE P T OW N OW Z	0.0	EOS_NOT_OBSERVED
wfe_1196	MIXED_SUCCESS	3	4	F R EH JH IH L IH S	8	simple	long	0.5539369136095047	0.42751649767160416	1	1.0	0.0	0.0	1.0	0	1	F R EH JH IH L IH S	0.0	EOS_NOT_OBSERVED	1	F R EH JH IH L IH S	0.0	EOS_NOT_OBSERVED	1	F R EH JH IH L IH S	0.0	EOS_NOT_OBSERVED	0	F R EH JH IH L IH NG	1.0	EOS_NOT_OBSERVED
wfe_1197	ALWAYS_SUCCESSFUL	4	4	R IH G AA R T AH L	8	simple	long	0.5878166705369949	0.44463544338941574	0					0	1	R IH G AA R T AH L	0.0	EOS_NOT_OBSERVED	1	R IH G AA R T AH L	0.0	EOS_NOT_OBSERVED	1	R IH G AA R T AH L	0.0	EOS_NOT_OBSERVED	1	R IH G AA R T AH L	0.0	EOS_NOT_OBSERVED
wfe_1198	MIXED_SUCCESS	3	4	S P AA N Z AH N T	8	simple	long	0.573355183005333	0.4371117278933525	1	2.0	1.0	1.0	4.0	0	0	S AA N T AH N JH AH	4.0	EOS_NOT_OBSERVED	1	S P AA N Z AH N T	0.0	EOS_NOT_OBSERVED	1	S P AA N Z AH N T	0.0	EOS_NOT_OBSERVED	1	S P AA N Z AH N T	0.0	EOS_NOT_OBSERVED
wfe_1199	MIXED_SUCCESS	2	4	P AE SH AH B AH L D	8	simple	long	0.5803181082010269	0.44058865308761597	2	1.5	1.0	1.0	3.5	0	0	P AE SH IH T AH G L	4.0	EOS_NOT_OBSERVED	0	P EH SH AH B L AH D	3.0	EOS_NOT_OBSERVED	1	P AE SH AH B AH L D	0.0	EOS_NOT_OBSERVED	1	P AE SH AH B AH L D	0.0	EOS_NOT_OBSERVED
