seed	route	factor	repeat	r2_drop	mae_increase
19	full	length	0	0.017646345499509386	0.0009369443051948645
19	full	length	1	0.004328372014078319	2.669844155184578e-05
19	full	length	2	0.024022397960759556	0.0007810957929250198
19	full	length	3	0.017633057795623963	0.0004934868569443883
19	full	length	4	0.015652807998829066	0.0010134824897542263
19	full	length	5	0.010989551326753388	0.0005502044284581148
19	full	length	6	0.02415137604330131	0.000955497072507961
19	full	length	7	0.0067154545432943635	0.00029517818943245247
19	full	length	8	0.02436644975097646	0.001221185766765727
19	full	length	9	0.022013082546949003	0.0008726106942296176
19	full	length	10	0.004552282143655884	0.00045995737288604885
19	full	length	11	0.026590309735954443	0.0012156225699917582
19	full	length	12	0.021768877080195037	0.00038621024194953474
19	full	length	13	0.01751298227704845	0.00048307976387004445
19	full	length	14	0.013503452439583286	0.0010648265301803524
19	full	length	15	0.02172127877255059	0.0002641654863674743
19	full	length	16	0.024040467656944675	0.00046884125807009763
19	full	length	17	0.015354062733202056	0.0004836093986572802
19	full	length	18	0.011378843499496805	0.0009944000876539079
19	full	length	19	0.018019529048805105	0.0011866159236046288
19	full	length	20	0.011548676824645554	0.0012458502761117235
19	full	length	21	0.01947632974563407	3.332090790027567e-05
19	full	length	22	0.021866100910285735	0.0005288606075221948
19	full	length	23	0.02431885144333179	0.0009473513982692049
19	full	length	24	0.02631690636805828	0.000731483536547263
19	full	length	25	0.004794526537672206	0.0005824849772556248
19	full	length	26	0.011410267041630506	0.0009115137093755679
19	full	length	27	0.002138293496352306	-1.755919421001992e-05
19	full	length	28	0.02197471751358726	0.000900832343671755
19	full	length	29	0.013227294294187675	0.00037501815193018845
19	full	length	30	0.015107433199265885	0.00035725038156209435
19	full	length	31	0.006858051040038338	0.0006328354445786846
19	full	length	32	0.015344961743045782	0.0005850485442486925
19	full	length	33	0.021827537450733625	0.000558350102696864
19	full	length	34	0.017435789215880182	0.0007416820534635396
19	full	length	35	0.017757452312056166	0.001044220920189725
19	full	length	36	0.01066343694859484	-0.0001655173943988751
19	full	length	37	0.010831243058942674	0.00019551761388910543
19	full	length	38	0.0176803253929515	0.0007505659386475849
19	full	length	39	0.01753995453719892	0.0005975084800005775
19	full	length	40	0.008901412489355054	0.0005753796621196551
19	full	length	41	0.013202547675028042	0.0002560198121287424
19	full	length	42	0.002000082139527737	-0.0003142605915327501
19	full	length	43	0.013514712928667127	0.0009997547082698094
19	full	length	44	0.010978356979732817	0.0004955396996219191
19	full	length	45	0.017711815077148807	0.0004968075453544579
19	full	length	46	0.004821631081949995	0.0006313122366883826
19	full	length	47	0.007441857015026421	0.0013269580843419913
19	full	length	48	0.017659963913711496	0.0009272754230658271
19	full	length	49	0.01612132044754111	0.0015318892182023536
19	full	length	50	0.01147842525470566	0.0012962007434347902
19	full	length	51	0.015415411739176155	0.0007381060028957102
19	full	length	52	0.01757373600445089	0.0005611411563197014
19	full	length	53	0.004970970643731865	0.0009145601251561719
19	full	length	54	0.004998207472136529	0.0010114296470766816
19	full	length	55	0.017014875074812807	-0.0002237581738029175
19	full	length	56	0.013494483733553886	0.0008644650199908857
19	full	length	57	0.015496593087882427	0.0006758252346080011
19	full	length	58	0.01126806739726749	0.000690801951353251
19	full	length	59	0.01785461000008326	0.0009582881261307914
19	full	length	60	0.01761007382301194	0.00043935176289542494
19	full	length	61	0.015145930516754724	1.576171369025922e-05
19	full	length	62	0.006611487648166103	0.00032009806093620877
19	full	length	63	0.011281288959088864	0.0007754858101513412
19	full	length	64	0.009516840432666984	0.0013864477990068562
19	full	length	65	0.004255894803147031	-3.611196152309565e-05
19	full	length	66	0.008867234169721905	0.00046452699655695137
19	full	length	67	0.006910232913793002	0.0007815786417125457
19	full	length	68	0.006937072889816709	0.000869564278449024
19	full	length	69	0.008982659980124708	0.0005641875721003019
19	full	length	70	0.02249973083390977	0.0014167222911265244
19	full	length	71	0.01994969032871008	0.0008237834347968737
19	full	length	72	0.013390318412235258	0.0007396292107860018
19	full	length	73	0.019531001828633987	0.000566751139093366
19	full	length	74	0.009116023202585755	0.0004375731928473528
19	full	length	75	0.002559009211229424	0.0003562100224593183
19	full	length	76	0.017820497822513715	0.0010884785559515803
19	full	length	77	0.017383739626252726	0.0005164006717703097
19	full	length	78	0.015404018965964994	0.0005316516611450252
19	full	length	79	0.013349330885501054	0.0005425883890066117
19	full	length	80	0.011385454280407603	0.0009819401519020159
19	full	length	81	0.009383212641952077	0.001080332881712831
19	full	length	82	0.013396863051082675	0.0006130148315330493
19	full	length	83	0.019648785564155058	0.00046757341233755537
19	full	length	84	0.0156933986731822	0.0009664338003695268
19	full	length	85	0.013301864861983148	0.0005738564542293427
19	full	length	86	0.01350574422263795	0.0003933155570855079
19	full	length	87	0.017607649755830068	0.0005850485442486959
19	full	length	88	0.011263351547030731	0.000697169055543928
19	full	length	89	0.01781611268259431	0.001119491259016548
19	full	length	90	0.0172954183601276	0.0002273153138990791
19	full	length	91	0.015317923340831374	0.0004207989955823284
19	full	length	92	0.0007150096985213406	0.0008278423341522359
19	full	length	93	0.02211050480323007	0.0010353370350056797
19	full	length	94	0.01766670697874939	0.0006719938218823877
19	full	length	95	0.004830533645915569	0.0007068379376729689
19	full	length	96	0.009277020105832312	0.0008324119578231454
19	full	length	97	0.004520792459458467	0.00025297339634814536
19	full	length	98	0.01980035076692832	0.0007180300276923186
19	full	length	99	0.011224920371605274	0.0006425043267077185
20	full	length	0		6.805797604804084e-05
20	full	length	1		-2.656545319940258e-05
20	full	length	2		-2.9913767589971087e-05
20	full	length	3		0.00042587289995757276
20	full	length	4		-9.151396840324788e-05
20	full	length	5		0.00013783326512021004
20	full	length	6		0.00011872884011784619
20	full	length	7		0.0001837073538606569
20	full	length	8		0.0004381347076130183
20	full	length	9		0.00010722742774925322
20	full	length	10		-2.179467227996206e-05
20	full	length	11		-9.431187727972339e-05
20	full	length	12		0.000110605740678788
20	full	length	13		0.00020767687969824606
20	full	length	14		0.00020118045732674117
20	full	length	15		8.506521055268949e-05
20	full	length	16		5.745316416895258e-05
20	full	length	17		-0.0001372655137939745
20	full	length	18		9.021618911555715e-05
20	full	length	19		0.00010818802944573876
20	full	length	20		0.0002890175823459882
20	full	length	21		-0.00025675907349756184
20	full	length	22		-9.182345350216246e-06
20	full	length	23		0.00020245725545967215
20	full	length	24		0.00026213625287997873
20	full	length	25		0.00021341258661305984
20	full	length	26		-2.5989373445231036e-05
20	full	length	27		0.00020220137627099694
20	full	length	28		0.00016203700003544676
20	full	length	29		0.00016300192603081742
20	full	length	30		-0.0001940306123109914
20	full	length	31		0.00016544531150394608
20	full	length	32		2.5446210210313715e-05
20	full	length	33		-8.89214332368618e-06
20	full	length	34		-9.393568376534628e-05
20	full	length	35		0.000378606023057379
20	full	length	36		-0.0001570143440563776
20	full	length	37		0.00017599445060399125
20	full	length	38		0.00012123654696779337
20	full	length	39		4.4205818149805134e-06
20	full	length	40		0.00017875803664261277
20	full	length	41		0.0002447531450307924
20	full	length	42		-0.00012459719391534618
20	full	length	43		-2.2140867255373772e-05
20	full	length	44		0.0001828067492421039
20	full	length	45		6.28986690572363e-05
20	full	length	46		0.00010448551182165935
20	full	length	47		0.0002215656845910843
20	full	length	48		0.00013757306163264624
20	full	length	49		0.0002985417983727293
20	full	length	50		0.00022191588369554517
20	full	length	51		0.00014738747968591655
20	full	length	52		3.33394248706138e-05
20	full	length	53		0.0001057963126226049
20	full	length	54		0.00017869371526579338
20	full	length	55		5.4369377564834724e-05
20	full	length	56		0.00025875793995044395
20	full	length	57		-7.733063718499359e-05
20	full	length	58		0.00029574821379514064
20	full	length	59		0.00019098584163004546
20	full	length	60		7.757818794573192e-05
20	full	length	61		6.752301560182701e-06
20	full	length	62		0.00010244831840187669
20	full	length	63		-9.268336838065896e-06
20	full	length	64		0.0004636752377391168
20	full	length	65		2.850432257435389e-05
20	full	length	66		0.00011130613888770888
20	full	length	67		0.00020490896936073682
20	full	length	68		9.22317124243113e-05
20	full	length	69		0.0001449440942127879
20	full	length	70		0.0001640741934552303
20	full	length	71		0.00022160000742893742
20	full	length	72		0.00019978366503794597
20	full	length	73		4.044388300602532e-06
20	full	length	74		-6.180225935059451e-06
20	full	length	75		8.469294414469898e-06
20	full	length	76		0.00013175136322998455
20	full	length	77		5.81835609168406e-05
20	full	length	78		6.320727030540568e-07
20	full	length	79		-8.417293436207163e-05
20	full	length	80		0.00013340835900634094
20	full	length	81		0.00025870194700156144
20	full	length	82		3.328343192173042e-05
20	full	length	83		0.00015350770854304432
20	full	length	84		7.484027614718721e-05
20	full	length	85		3.494042769808855e-05
20	full	length	86		0.00016023001156425902
20	full	length	87		3.0251313967608225e-05
20	full	length	88		4.215891838954544e-05
20	full	length	89		0.00018213202527325983
20	full	length	90		-4.902219672138497e-05
20	full	length	91		-1.0549139100045173e-05
20	full	length	92		0.00023414801298186384
20	full	length	93		0.00013204156525651375
20	full	length	94		8.133669851869297e-05
20	full	length	95		2.5796409314774588e-05
20	full	length	96		0.00029914819683570567
20	full	length	97		0.00015621129750373504
20	full	length	98		-1.8356362272494743e-05
20	full	length	99		7.3849675911738e-05
21	full	length	0	0.038217435063692906	0.0016084370152398136
21	full	length	1	0.02045353442348974	0.00031730046814280877
21	full	length	2	0.017276654318995055	0.0007782967907494845
21	full	length	3	0.03496085993668474	0.0011937166516565664
21	full	length	4	0.035102098815077976	0.0015308869953414364
21	full	length	5	0.0173055827784927	0.0009288528465006413
21	full	length	6	0.014149122786694779	0.0010834322321414333
21	full	length	7	0.014079354101803276	0.0006809607013950128
21	full	length	8	0.021570116899541025	0.0017854717295623865
21	full	length	9	0.010742516514829159	0.0009179693153237092
21	full	length	10	0.010623399257743027	0.0007333973643818825
21	full	length	11	0.021460925980076984	0.001330636110919145
21	full	length	12	0.023998543592106514	0.0005365765806032291
21	full	length	13	0.020882923825702115	0.000768789792228379
21	full	length	14	0.004445195234013877	0.001344949742739708
21	full	length	15	0.034108037015207704	0.0005365765806032222
21	full	length	16	0.04126924202815341	0.0008648443860089297
21	full	length	17	0.013824386411819378	0.0004637381569224039
21	full	length	18	0.00456913390101632	0.0012087911248951158
21	full	length	19	0.004710089261619976	0.0013157292498525847
21	full	length	20	0.022170524594886776	0.002006885216096599
21	full	length	21	0.0028476058374917734	-0.0005420602492346646
21	full	length	22	0.024170696358271293	0.000640084604917053
21	full	length	23	0.014555823130147028	0.0011372454277841296
21	full	length	24	0.003976951034681986	0.0005958734448773678
21	full	length	25	0.035242770657892275	0.0014655132331898371
21	full	length	26	0.004465898864499995	0.0010433282080773917
21	full	length	27	0.006831363710364857	0.0002274178093216242
21	full	length	28	0.03469766741768898	0.0014647411607759397
21	full	length	29	0.020863921703826338	0.0007075231660524026
21	full	length	30	0.02353909125736431	0.0004446291227983082
21	full	length	31	0.011011948434562102	0.0010010868099395234
21	full	length	32	0.017193839395175714	0.0008082893560505122
21	full	length	33	0.027440317724206964	0.0007470227298745288
21	full	length	34	0.010252717729768435	0.0007225138332049574
21	full	length	35	0.021508573043661383	0.0016254924813761118
21	full	length	36	0.033488627197986065	8.234542220191682e-05
21	full	length	37	0.020424605963992093	0.0005310929119717658
21	full	length	38	0.014348786021536442	0.0009179693153237092
21	full	length	39	0.03451955876857593	0.001029619036498744
21	full	length	40	0.010846886024377	0.0008886650163505913
21	full	length	41	0.020905896402252044	0.0005903897762459184
21	full	length	42	0.037210327024894574	0.0001490957170093496
21	full	length	43	0.014708690256646784	0.001301331811946027
21	full	length	44	0.01736202170666712	0.0008621025516932154
21	full	length	45	0.007441697743332143	0.0004222688311984399
21	full	length	46	0.001024124732399545	0.0008356238931217924
21	full	length	47	0.008939739040222938	0.0019136562627177708
21	full	length	48	0.03485280349025277	0.0015607957545564904
21	full	length	49	0.008865148945415235	0.0020151107190437903
21	full	length	50	0.008236947263603578	0.0017984926348131106
21	full	length	51	0.020990129316892148	0.0011446988583174236
21	full	length	52	0.01051392482048974	0.0005366603866892097
21	full	length	53	0.021914422431870917	0.0016302878836796514
21	full	length	54	0.008335644407992393	0.0015424587928462921
21	full	length	55	0.01953065929933162	-0.00026631291290181436
21	full	length	56	0.011330728926489675	0.001227816352933224
21	full	length	57	0.010711319109268147	0.000698693202863282
21	full	length	58	0.004382516905102496	0.0009799242078276094
21	full	length	59	0.031909336490013485	0.0015771629543648788
21	full	length	60	0.024388510759746462	0.0006938978005597563
21	full	length	61	0.033922838010114975	0.0003254421650040057
21	full	length	62	0.024197072353916105	0.0008035777598329602
21	full	length	63	0.017867702712297318	0.0011045948342533543
21	full	length	64	0.012233183937950587	0.002185973498406976
21	full	length	65	0.009965134643402318	0.00011233798750295149
21	full	length	66	0.017454762968107995	0.0008457353518848271
21	full	length	67	0.004377695495186074	0.0011263618966072114
21	full	length	68	0.02477252204443814	0.0015471703890638441
21	full	length	69	0.021162282083057038	0.0010596116017997786
21	full	length	70	0.001694301112636798	0.0015050127970119703
21	full	length	71	0.007666602500787101	0.000907774050474694
21	full	length	72	0.028160977149670363	0.0013741702356268523
21	full	length	73	0.03062315371164981	0.0009144554085940768
21	full	length	74	0.007673976374556024	0.000499214390854881
21	full	length	75	0.04193828393535892	0.0012033074562636525
21	full	length	76	0.011164815561061858	0.0013313243772470618
21	full	length	77	0.03752683857075845	0.0010588395293858813
21	full	length	78	0.0414581279701306	0.0011338153271404985
21	full	length	79	0.027889276283873943	0.0008696397883124693
21	full	length	80	0.02158599912011072	0.0015635375888722255
21	full	length	81	0.008415055912716407	0.0015771629543648719
21	full	length	82	0.0074598489099655385	0.0006857561036985524
21	full	length	83	0.013853031353527778	0.0005365765806032222
21	full	length	84	0.007701770361021931	0.001139298995771948
21	full	length	85	0.02781582066209809	0.0010432444019914042
21	full	length	86	0.018169466510623566	0.0006653655740005288
21	full	length	87	0.02769670340501229	0.0009363062770339214
21	full	length	88	0.004240710589256347	0.0007954360629717563
21	full	length	89	0.021525589737262596	0.0016037254190222686
21	full	length	90	0.02699873303830891	0.00039964589034471865
21	full	length	91	0.010361057693989983	0.00038679259726596277
21	full	length	92	0.005054111276160511	0.0013457218151536054
21	full	length	93	0.028175441379419186	0.0014940454597490577
21	full	length	94	0.027987689910473512	0.0010276492745969132
21	full	length	95	0.03519001866660243	0.0015471703890638372
21	full	length	96	0.0014294070850309204	0.0011380175001980339
21	full	length	97	0.020955244974446563	0.0007715316265441141
21	full	length	98	0.003900091993811028	0.0005441138172224969
21	full	length	99	0.03157495729530513	0.0012407534520979674
22	full	length	0		0.00027471156996243615
22	full	length	1		-2.1114297149717187e-05
22	full	length	2		0.00014599642147757573
22	full	length	3		-0.0001899298905880739
22	full	length	4		0.00047144222244539704
22	full	length	5		9.028854049349458e-05
22	full	length	6		0.00021128555063201684
22	full	length	7		6.137297711617147e-05
22	full	length	8		0.0001234022911463786
22	full	length	9		0.00021811160875733187
22	full	length	10		0.00020374353168248031
22	full	length	11		0.0004507112019382191
22	full	length	12		-7.687031880697533e-05
22	full	length	13		-5.3636954385982705e-05
22	full	length	14		0.00030767204566126225
22	full	length	15		-0.00010326643544624099
22	full	length	16		6.400162952553256e-05
22	full	length	17		0.00023133660822280497
22	full	length	18		0.00038064905687271253
22	full	length	19		0.0005070387624001678
22	full	length	20		0.00040949937675261675
22	full	length	21		7.969871661549135e-05
22	full	length	22		7.208989104932634e-05
22	full	length	23		0.0001683965480281215
22	full	length	24		-1.9237374332270983e-05
22	full	length	25		0.00021420119833756492
22	full	length	26		0.0004984213611263577
22	full	length	27		-0.00018037889870704468
22	full	length	28		0.00012382629661551216
22	full	length	29		1.2867019053364528e-05
22	full	length	30		9.418017786093792e-05
22	full	length	31		0.00020993202594608244
22	full	length	32		0.00018696610220935057
22	full	length	33		0.00010536594810558846
22	full	length	34		0.00019983233970310814
22	full	length	35		7.960828399651131e-05
22	full	length	36		-4.655726856983393e-05
22	full	length	37		-0.00010656290800664485
22	full	length	38		0.0001406469067029223
22	full	length	39		0.00014343379412523963
22	full	length	40		6.576934667167425e-05
22	full	length	41		-0.00011491861021469766
22	full	length	42		-9.557281177072739e-05
22	full	length	43		0.0004386154670887
22	full	length	44		2.3190183806713095e-05
22	full	length	45		0.0001706925162558038
22	full	length	46		0.00026429708392163107
22	full	length	47		0.0006352622101307871
22	full	length	48		0.00020785535772948217
22	full	length	49		0.0005749524725735464
22	full	length	50		0.0004718678981426106
22	full	length	51		0.00011982456490828956
22	full	length	52		0.0001633087323192244
22	full	length	53		0.00043784418288485717
22	full	length	54		0.00044652760921569043
22	full	length	55		-0.0002868023447530569
22	full	length	56		0.00014230452950928646
22	full	length	57		0.0003030082354214987
22	full	length	58		0.00013370668284740529
22	full	length	59		0.0002526873082078487
22	full	length	60		2.690570177735392e-05
22	full	length	61		-6.895739512037969e-05
22	full	length	62		4.222614251175004e-05
22	full	length	63		0.0003899155052452417
22	full	length	64		0.0003822838352363321
22	full	length	65		-5.6193840119816985e-05
22	full	length	66		6.689861128762829e-05
22	full	length	67		0.0002146439768590221
22	full	length	68		0.00037056970680127144
22	full	length	69		0.00019045824877848665
22	full	length	70		0.0004696753939677292
22	full	length	71		0.000145578157626944
22	full	length	72		0.0001358738907918551
22	full	length	73		5.5536721646175236e-05
22	full	length	74		0.0002683419962431332
22	full	length	75		0.0002563368011214637
22	full	length	76		0.0003238550918869569
22	full	length	77		2.5181272354361274e-05
22	full	length	78		0.00014555860301501689
22	full	length	79		0.0003231930133544168
22	full	length	80		0.0003396003196500935
22	full	length	81		0.0003376516301571205
22	full	length	82		0.0002339905568625976
22	full	length	83		-3.453330039584167e-05
22	full	length	84		0.0003672536796289396
22	full	length	85		0.0002381007126815186
22	full	length	86		0.00011075864349452055
22	full	length	87		0.00015499542916584588
22	full	length	88		0.0002826473380917781
22	full	length	89		0.0003115400570263549
22	full	length	90		-5.582371694236223e-05
22	full	length	91		9.371377333713005e-05
22	full	length	92		0.00044093594998720863
22	full	length	93		0.0002927038437204729
22	full	length	94		0.000221803500725622
22	full	length	95		0.00038812416209674846
22	full	length	96		0.00024099769444361607
22	full	length	97		2.226066458991486e-05
22	full	length	98		0.00019357286032358357
22	full	length	99		0.00021285263371052972
19	full	lexicality	0	0.0005369181679244495	0.0006503946387886907
19	full	lexicality	1	0.014519543163758586	7.941972850358803e-05
19	full	lexicality	2	0.01518499348189728	0.001075343024047784
19	full	lexicality	3	0.007486840819192375	0.0005380640104963967
19	full	lexicality	4	7.566085864008087e-05	-0.00015178961291446857
19	full	lexicality	5	0.0002364743554639226	0.0005502044284581079
19	full	lexicality	6	0.014838797212520016	0.0005370688965543116
19	full	lexicality	7	0.000552168986896584	0.0010584783364613673
19	full	lexicality	8	0.014832864850304883	0.00041860019154011177
19	full	lexicality	9	0.008040789514753177	0.0010923273383098737
19	full	lexicality	10	0.014854641267714075	0.0004122330873494347
19	full	lexicality	11	0.007602495095320849	0.0005342325977707868
19	full	lexicality	12	0.007352549629549454	0.0002400479814414075
19	full	lexicality	13	0.0073349258656911775	0.00023573371992826817
19	full	lexicality	14	0.015186773190561942	0.001040498908257203
19	full	lexicality	15	0.0004242300729032644	0.0007363274328476312
19	full	lexicality	16	0.00770865759190531	0.0007610371873543152
19	full	lexicality	17	0.007805501631732548	0.0010910594925773419
19	full	lexicality	18	0.008009694640587206	0.0010546921688964518
19	full	lexicality	19	0.00023588111924233157	0.0005146221017222341
19	full	lexicality	20	0.007348990212220574	0.0002779385130125822
19	full	lexicality	21	0.00031806757631880345	0.00044366602440855385
19	full	lexicality	22	0.007834816797234079	0.0009016347102494444
19	full	lexicality	23	0.01554762704268986	0.0015815640893735057
19	full	lexicality	24	0.007567840803825776	0.0006565327155105966
19	full	lexicality	25	0.014983173417928763	0.0007463142919278271
19	full	lexicality	26	0.008041382750974546	0.0012174185096725174
19	full	lexicality	27	0.0004693892935985211	0.000909990501485259
19	full	lexicality	28	0.014740766700249819	0.0005017419319762149
19	full	lexicality	29	0.014440916124010994	0.0002096101583243734
19	full	lexicality	30	0.0073319596845837776	0.00019505213473425612
19	full	lexicality	31	0.007819565978261722	0.0008329868377710721
19	full	lexicality	32	0.015141020733645094	0.0010338764419087557
19	full	lexicality	33	0.0073331461570265155	0.0003659241497490605
19	full	lexicality	34	0.014602916093277907	0.00033543954063232004
19	full	lexicality	35	0.0002663827571868227	0.00033791261730399536
19	full	lexicality	36	0.00775796946615126	0.000631102119691293
19	full	lexicality	37	0.00799681676650088	0.0012441169512243423
19	full	lexicality	38	0.007628250843493278	0.0004986502710349165
19	full	lexicality	39	0.014724329408834724	0.0004935962577374622
19	full	lexicality	40	0.015612782972129535	0.0015624816872731769
19	full	lexicality	41	0.00042838272645384645	0.00043909640073764786
19	full	lexicality	42	0.014566482093118394	0.0002561292129218268
19	full	lexicality	43	0.014932081835018152	0.0007765887840474953
19	full	lexicality	44	0.007822532159369344	0.0008797612545262887
19	full	lexicality	45	0.0077726270489021365	0.0010096963221893004
19	full	lexicality	46	0.014851675086606453	0.0007598145867824709
19	full	lexicality	47	0.00731611562938983	7.14841712619145e-05
19	full	lexicality	48	0.014852861559049302	0.0008032872255993306
19	full	lexicality	49	0.014944959709104477	0.0006730967957785453
19	full	lexicality	50	0.0074410883622755275	4.7832145490683126e-05
19	full	lexicality	51	0.00747277647266309	0.0002919216566547693
19	full	lexicality	52	0.014631638022557847	0.00039215711214605
19	full	lexicality	53	0.014680356660582428	0.0004623281925147278
19	full	lexicality	54	0.014439729651568034	3.873814330957251e-05
19	full	lexicality	55	0.007753223576379087	0.0005342325977707868
19	full	lexicality	56	0.01534106108894917	0.001236290794775767
19	full	lexicality	57	0.007676376245296157	0.0006613766118109647
19	full	lexicality	58	0.007711623773012821	0.0005090573641092569
19	full	lexicality	59	0.007392962960472649	0.0003547320597297142
19	full	lexicality	60	0.014660953188059378	0.00019994127619532565
19	full	lexicality	61	0.007757969466151149	0.0008062883962192367
19	full	lexicality	62	0.014774827755523523	0.0003494226842744967
19	full	lexicality	63	0.01518677319056183	0.0011625436638392425
19	full	lexicality	64	0.014597576967284365	0.00015925969100131013
19	full	lexicality	65	0.007915223545646	0.001155393103542575
19	full	lexicality	66	0.008040789514753177	0.000881029100258824
19	full	lexicality	67	0.00040897925393090784	0.0007599794586188521
19	full	lexicality	68	0.007185210534288999	0.00010175866338158965
19	full	lexicality	69	0.007932254073282907	0.0011782601323688004
19	full	lexicality	70	0.015008335929879713	0.0009769502942369689
19	full	lexicality	71	0.015074085095540757	0.0007356518366957165
19	full	lexicality	72	0.007833630324791119	0.0007498450973349724
19	full	lexicality	73	0.0076646848436530135	0.0004042975301077681
19	full	lexicality	74	0.014728482062385306	0.000398249943707258
19	full	lexicality	75	0.014601729620834947	0.0003517308891097942
19	full	lexicality	76	0.015059427512790102	0.0007247151088341369
19	full	lexicality	77	0.015014861528316326	0.0006761432115591458
19	full	lexicality	78	0.015252522356222875	0.0011109253507836578
19	full	lexicality	79	0.014805922629689605	0.0004808809598278209
19	full	lexicality	80	0.007617152678071615	0.0005344879599285569
19	full	lexicality	81	0.014614014258699681	0.00037512755272326934
19	full	lexicality	82	0.007396522377801862	0.00042515850225615867
19	full	lexicality	83	0.007645281371130186	0.0007160413406471604
19	full	lexicality	84	0.007743311883400494	0.0006125493523782104
19	full	lexicality	85	0.007535559457216623	0.00035447669757194405
19	full	lexicality	86	0.007804908395510957	0.0008624763329457344
19	full	lexicality	87	0.0003943216711802533	0.0005751242999618746
19	full	lexicality	88	0.007789657576538933	0.0007155117058599246
19	full	lexicality	89	0.015041803748931715	0.0009098256296488881
19	full	lexicality	90	0.007643501662465746	0.000860470276267903
19	full	lexicality	91	0.0001713184260242473	0.0003127373836424689
19	full	lexicality	92	0.007614186496964215	0.0006237414423975532
19	full	lexicality	93	0.014857014212599995	0.0007153015888628558
19	full	lexicality	94	0.015105773205928319	0.0011752589617488908
19	full	lexicality	95	0.00025291164687923917	0.00026543333210000963
19	full	lexicality	96	0.0003937284349586623	0.0005329195068775605
19	full	lexicality	97	0.01474254640891437	0.0004246930231013267
19	full	lexicality	98	0.00014200326052271617	0.00022043748539285826
19	full	lexicality	99	0.007647654316016439	0.0008736684229650842
20	full	lexicality	0		-1.9693157483358266e-05
20	full	lexicality	1		-0.00015080411958235274
20	full	lexicality	2		7.393967152863421e-05
20	full	lexicality	3		-9.663927272603699e-05
20	full	lexicality	4		-0.00015386623607543948
20	full	lexicality	5		0.00023252101574447286
20	full	lexicality	6		9.537581627619938e-05
20	full	lexicality	7		4.163851141441872e-05
20	full	lexicality	8		-0.00018037169219691212
20	full	lexicality	9		0.00011782823549929319
20	full	lexicality	10		6.296699456310485e-05
20	full	lexicality	11		5.722295922035506e-05
20	full	lexicality	12		0.00013277228217424032
20	full	lexicality	13		7.592119216937466e-05
20	full	lexicality	14		0.0001283690461714006
20	full	lexicality	15		0.00013926838437590666
20	full	lexicality	16		-3.4662878398383085e-05
20	full	lexicality	17		0.00017642631689741232
20	full	lexicality	18		0.00019509455130746652
20	full	lexicality	19		4.327383707974659e-05
20	full	lexicality	20		0.00012936397070573927
20	full	lexicality	21		0.00024137483210125762
20	full	lexicality	22		9.773321026147839e-05
20	full	lexicality	23		0.000133148155518778
20	full	lexicality	24		0.0001872656580239867
20	full	lexicality	25		0.00020799708026374153
20	full	lexicality	26		0.00025473922588991997
20	full	lexicality	27		6.368906288305512e-05
20	full	lexicality	28		-1.1855935771941557e-05
20	full	lexicality	29		-0.00022530684935190368
20	full	lexicality	30		7.560099160388092e-05
20	full	lexicality	31		0.0001123827306110086
20	full	lexicality	32		0.0002804882908535866
20	full	lexicality	33		2.2858611276437187e-05
20	full	lexicality	34		0.00016751682776158447
20	full	lexicality	35		-6.747239688431952e-07
20	full	lexicality	36		0.0001106657377567188
20	full	lexicality	37		0.0002860237913587683
20	full	lexicality	38		-0.0001279455083059147
20	full	lexicality	39		6.779376843142962e-05
20	full	lexicality	40		0.0003367246539675399
20	full	lexicality	41		0.00010763361980259661
20	full	lexicality	42		-0.00013342101173316467
20	full	lexicality	43		2.2858611276437187e-05
20	full	lexicality	44		0.0003098173300916116
20	full	lexicality	45		0.00012871924527586235
20	full	lexicality	46		2.9700908453516098e-05
20	full	lexicality	47		2.0631878297023773e-06
20	full	lexicality	48		3.374962105300635e-05
20	full	lexicality	49		0.00011442424832968073
20	full	lexicality	50		6.0601272149889834e-05
20	full	lexicality	51		0.00011983975467899904
20	full	lexicality	52		-8.979265125007036e-05
20	full	lexicality	53		-7.893164001246747e-05
20	full	lexicality	54		-0.00018689378880849556
20	full	lexicality	55		4.394023262065377e-05
20	full	lexicality	56		-1.902275781340279e-05
20	full	lexicality	57		-8.263015350749685e-05
20	full	lexicality	58		8.104649649216464e-05
20	full	lexicality	59		2.387520592180524e-05
20	full	lexicality	60		-0.00017221426991999994
20	full	lexicality	61		8.820899423473815e-05
20	full	lexicality	62		0.00015286730741205425
20	full	lexicality	63		0.00018560033381969255
20	full	lexicality	64		-0.00018989590822365236
20	full	lexicality	65		0.00011005101086580815
20	full	lexicality	66		0.00026146985733907155
20	full	lexicality	67		7.257287777880702e-05
20	full	lexicality	68		-0.00021371944549546107
20	full	lexicality	69		0.0002778363705428907
20	full	lexicality	70		-2.342166951735305e-05
20	full	lexicality	71		-8.301035115092312e-05
20	full	lexicality	72		-4.692901035271719e-05
20	full	lexicality	73		0.00021792748834382602
20	full	lexicality	74		7.353780377417941e-05
20	full	lexicality	75		-3.6756064767050865e-05
20	full	lexicality	76		1.2257803526397222e-05
20	full	lexicality	77		0.000187932053564893
20	full	lexicality	78		0.0002713442724702735
20	full	lexicality	79		3.2002629659752015e-05
20	full	lexicality	80		0.00015461429880530946
20	full	lexicality	81		-0.00016915215342691147
20	full	lexicality	82		0.0001443636901597295
20	full	lexicality	83		-0.00011536750421402373
20	full	lexicality	84		7.888890361412368e-06
20	full	lexicality	85		-5.1029391602201365e-05
20	full	lexicality	86		0.0001310809635600282
20	full	lexicality	87		0.00012971416981020015
20	full	lexicality	88		0.00020939387255253586
20	full	lexicality	89		3.8178531295923746e-05
20	full	lexicality	90		-7.951636836441359e-05
20	full	lexicality	91		4.1556844225457655e-05
20	full	lexicality	92		-1.864656429902481e-05
20	full	lexicality	93		0.00017299233118883445
20	full	lexicality	94		0.0001978581373460889
20	full	lexicality	95		0.00016679043514274561
20	full	lexicality	96		7.62713912738364e-05
20	full	lexicality	97		3.4599801184958395e-06
20	full	lexicality	98		0.0001229018711720875
20	full	lexicality	99		0.00011678164231495886
21	full	lexicality	0	0.024688626161668004	0.0012751771394713188
21	full	lexicality	1	0.011151252214775087	-0.00015510565892036532
21	full	lexicality	2	0.012818893813977827	0.0013471653037758768
21	full	lexicality	3	0.011898910233486548	0.0007090504607606546
21	full	lexicality	4	0.023467473800378946	0.00010931567904198802
21	full	lexicality	5	0.023957445381054487	0.0013663525248623493
21	full	lexicality	6	0.02374243938114662	0.0008434013097517803
21	full	lexicality	7	0.013000945337689696	0.0016407289476630046
21	full	lexicality	8	0.02351015423850711	0.00048522474513101876
21	full	lexicality	9	0.0015612249898152575	0.0013450335488257026
21	full	lexicality	10	0.012077987071432261	0.0004509630508060178
21	full	lexicality	11	0.024066836676208236	0.0010007225297083006
21	full	lexicality	12	0.01186675766192391	0.00044350962027273066
21	full	lexicality	13	0.011757366366770383	0.000424400586148628
21	full	lexicality	14	0.0011844212946930943	0.0011209620340617427
21	full	lexicality	15	0.012636842290265848	0.0012967822087768255
21	full	lexicality	16	0.024158948828630566	0.0012139105132953354
21	full	lexicality	17	0.012762710823517764	0.0016195663455510698
21	full	lexicality	18	0.024913358123508034	0.0017934167583643218
21	full	lexicality	19	0.0005259007426378082	0.0007361391986976107
21	full	lexicality	20	0.02343154463841668	0.0007446048816554945
21	full	lexicality	21	0.01254473013784374	0.0009957651343564175
21	full	lexicality	22	0.012749208271185974	0.001302265877408268
21	full	lexicality	23	0.025366598637587612	0.002262638583918182
21	full	lexicality	24	0.012167124538088325	0.0010672270253814023
21	full	lexicality	25	0.012465318633119726	0.0010012488029878738
21	full	lexicality	26	0.024992769628231937	0.002049450600331147
21	full	lexicality	27	0.012663045490295954	0.0014806658933907424
21	full	lexicality	28	0.01168390423357868	0.0005251667761467377
21	full	lexicality	29	0.010975951967229225	-1.6893473087940813e-05
21	full	lexicality	30	0.011641223795450517	0.0003603921256569234
21	full	lexicality	31	0.012732731033087918	0.0012327737482851209
21	full	lexicality	32	0.012839147642475512	0.0014309710647196008
21	full	lexicality	33	0.01168768082397853	0.0005626127719810525
21	full	lexicality	34	-0.00019177748564380703	0.00021653427814469217
21	full	lexicality	35	0.012263013280910173	0.0006961133615959181
21	full	lexicality	36	0.012643593566431743	0.0009501774416609057
21	full	lexicality	37	0.013285636880389307	0.0018919673873262696
21	full	lexicality	38	0.02391396303829285	0.0008080088819052769
21	full	lexicality	39	0.011620969966952832	0.000578979971789427
21	full	lexicality	40	0.0021867910656745426	0.0019511022585520718
21	full	lexicality	41	0.0010952838280373633	0.000664677307672619
21	full	lexicality	42	-0.0004570171044793181	-0.00011507982181866577
21	full	lexicality	43	0.012206830290450221	0.0008963642460182095
21	full	lexicality	44	0.0011447155423313093	0.0012278163529332309
21	full	lexicality	45	0.024341000352342324	0.0017102992637485076
21	full	lexicality	46	0.011961844500112506	0.0009119593734126866
21	full	lexicality	47	0.023305676105164874	0.00034967058752834873
21	full	lexicality	48	0.012008301528640297	0.0009576308721941929
21	full	lexicality	49	0.00042623540941599813	0.0006006688471809143
21	full	lexicality	50	0.023553636581268855	0.00036329595302099504
21	full	lexicality	51	0.0002247319618401411	0.00030984703760952165
21	full	lexicality	52	0.02317980757191318	0.0005171870723338842
21	full	lexicality	53	0.02334538185752688	0.0006241251972913531
21	full	lexicality	54	0.010929494938701212	-0.000219114119412063
21	full	lexicality	55	0.012457765452320357	0.0007819726905274535
21	full	lexicality	56	0.01312303728054176	0.0014725241965295455
21	full	lexicality	57	0.0240563088096426	0.0010640427238720954
21	full	lexicality	58	0.02427509139995032	0.000976901899366639
21	full	lexicality	59	0.023411290809919105	0.0007602838151359662
21	full	lexicality	60	0.011462146957504804	-5.262732795593972e-07
21	full	lexicality	61	0.02434775162850822	0.0013902569612899915
21	full	lexicality	62	0.011856229795358608	0.00043802595164127434
21	full	lexicality	63	0.01288857935676957	0.0015317372547177105
21	full	lexicality	64	0.011303323948057109	-6.453473377126401e-05
21	full	lexicality	65	0.0012900359994474364	0.001451199601369274
21	full	lexicality	66	0.013265383051891622	0.0013907832345695578
21	full	lexicality	67	0.02432452311424438	0.0015019066824650193
21	full	lexicality	68	0.011121272424345241	2.6036191377830364e-05
21	full	lexicality	69	0.013080356842413488	0.0018041382964929034
21	full	lexicality	70	0.01228921648094039	0.0011415145568081098
21	full	lexicality	71	0.0008367954853676363	0.0005203769929668228
21	full	lexicality	72	0.024406909304734548	0.001192831717269409
21	full	lexicality	73	0.0007708865329756343	0.0005182396188930238
21	full	lexicality	74	0.02348772762887663	0.0006669710556711436
21	full	lexicality	75	-0.00023823451417170904	0.00010890788685931352
21	full	lexicality	76	0.02425186288568637	0.0010300268286814254
21	full	lexicality	77	0.01254473013784374	0.000894310678030398
21	full	lexicality	78	0.01314031642327318	0.0015398789515789074
21	full	lexicality	79	0.023616570847894924	0.0007392050191100258
21	full	lexicality	80	0.0006517692758896132	0.0006564518047254414
21	full	lexicality	81	0.011366258214682956	0.00022080340716867236
21	full	lexicality	82	0.0235506618955027	0.00096045089347227
21	full	lexicality	83	0.012295967757106396	0.0009120431794986741
21	full	lexicality	84	0.0009461867805213853	0.000616347780661379
21	full	lexicality	85	0.023768642581176835	0.0006670548617571173
21	full	lexicality	86	0.0244436403713304	0.0014944532519317322
21	full	lexicality	87	0.024331274390410385	0.001296944201825162
21	full	lexicality	88	0.012723005071155757	0.0011530863543129377
21	full	lexicality	89	0.02414247159053251	0.0013282182627001107
21	full	lexicality	90	0.023930440276390907	0.0013649759922065158
21	full	lexicality	91	0.012024778766738464	0.0006722927312542495
21	full	lexicality	92	0.023943942828722586	0.0010749262550490205
21	full	lexicality	93	0.012170901128487843	0.0009208731426877809
21	full	lexicality	94	0.012620365052167903	0.0015902620465779518
21	full	lexicality	95	0.024020379647680445	0.0009182933014204031
21	full	lexicality	96	0.024308045876146434	0.0011954897454991495
21	full	lexicality	97	0.011753589776370532	0.0004162588892874311
21	full	lexicality	98	0.012038281319070143	0.0006164259676237349
21	full	lexicality	99	0.024093039876238453	0.0015155320479576725
22	full	lexicality	0		0.00038142034107655626
22	full	lexicality	1		-6.196794778649123e-07
22	full	lexicality	2		0.00035637200750472144
22	full	lexicality	3		0.00022993990292259278
22	full	lexicality	4		7.461011934698902e-05
22	full	lexicality	5		9.778241876985325e-05
22	full	lexicality	6		6.459768300104765e-05
22	full	lexicality	7		0.0004966911900848624
22	full	lexicality	8		0.00018108170606617909
22	full	lexicality	9		0.00046081010662158903
22	full	lexicality	10		7.467781463209484e-05
22	full	lexicality	11		0.00017683782990512726
22	full	lexicality	12		-5.283541389281086e-05
22	full	lexicality	13		-2.3876669901208222e-05
22	full	lexicality	14		0.0003448103724641152
22	full	lexicality	15		0.00030550483771681156
22	full	lexicality	16		0.0003539431004945144
22	full	lexicality	17		0.00032551271469332104
22	full	lexicality	18		0.0003960126782213882
22	full	lexicality	19		0.00019567404321101014
22	full	lexicality	20		-5.6661026203230075e-05
22	full	lexicality	21		6.159149556764828e-05
22	full	lexicality	22		0.0003541192198913178
22	full	lexicality	23		0.0006345333249816185
22	full	lexicality	24		0.00012052982405510917
22	full	lexicality	25		0.00011944870011233212
22	full	lexicality	26		0.0003985753055737243
22	full	lexicality	27		0.00046111994636052235
22	full	lexicality	28		6.915139890103193e-05
22	full	lexicality	29		2.456159287649376e-05
22	full	lexicality	30		-5.427451824769735e-05
22	full	lexicality	31		0.00028470038030602596
22	full	lexicality	32		0.00028938948677622103
22	full	lexicality	33		-7.912923686595637e-06
22	full	lexicality	34		-0.0001351212725314646
22	full	lexicality	35		0.00015216536112924988
22	full	lexicality	36		0.00018632279672913324
22	full	lexicality	37		0.00041151001991219377
22	full	lexicality	38		0.0003108298378206387
22	full	lexicality	39		1.8568772621623854e-05
22	full	lexicality	40		0.0005111929875018422
22	full	lexicality	41		0.00011838546055340394
22	full	lexicality	42		6.035213661191672e-05
22	full	lexicality	43		0.00022921179933302858
22	full	lexicality	44		0.00016890206177578616
22	full	lexicality	45		0.00033585950544902203
22	full	lexicality	46		0.00014778776462606898
22	full	lexicality	47		-2.6973397062457147e-05
22	full	lexicality	48		0.00021333859284626642
22	full	lexicality	49		0.00014126658618078807
22	full	lexicality	50		-8.560188581098558e-05
22	full	lexicality	51		8.221981865924599e-06
22	full	lexicality	52		7.284329086932207e-05
22	full	lexicality	53		9.429027220071804e-05
22	full	lexicality	54		-2.3810644844184103e-05
22	full	lexicality	55		0.00020979830560395336
22	full	lexicality	56		0.0005705732058422855
22	full	lexicality	57		0.0002723429463907514
22	full	lexicality	58		0.00017135459478834474
22	full	lexicality	59		6.14577752255192e-05
22	full	lexicality	60		3.481784390434433e-05
22	full	lexicality	61		0.0002948050266078986
22	full	lexicality	62		-6.893288044955339e-05
22	full	lexicality	63		0.0003442583882713535
22	full	lexicality	64		-6.279815551056903e-06
22	full	lexicality	65		0.0004144053314462078
22	full	lexicality	66		0.00030158868567854106
22	full	lexicality	67		0.00034795028023964364
22	full	lexicality	68		3.329315988050488e-05
22	full	lexicality	69		0.00034748883577473324
22	full	lexicality	70		0.00035767739151747625
22	full	lexicality	71		0.0003186140012240027
22	full	lexicality	72		0.0003675382231374414
22	full	lexicality	73		-1.830785511547188e-05
22	full	lexicality	74		1.2047594176343816e-05
22	full	lexicality	75		-5.2165759921287205e-06
22	full	lexicality	76		0.0002751730144273457
22	full	lexicality	77		7.925604520290369e-05
22	full	lexicality	78		0.0002671035259558755
22	full	lexicality	79		0.00010386081869367698
22	full	lexicality	80		6.446396265891857e-05
22	full	lexicality	81		0.00013808427935058532
22	full	lexicality	82		3.0064382605205983e-05
22	full	lexicality	83		0.00033992726221326874
22	full	lexicality	84		0.00027318192587969924
22	full	lexicality	85		0.00017535632649556734
22	full	lexicality	86		0.00033190095435607723
22	full	lexicality	87		0.00025344070802784443
22	full	lexicality	88		0.00014422959299990792
22	full	lexicality	89		0.00027921714518924345
22	full	lexicality	90		0.00032701210248672896
22	full	lexicality	91		0.00010547604244536685
22	full	lexicality	92		0.0002483757367616928
22	full	lexicality	93		8.356761664905961e-05
22	full	lexicality	94		0.0002548790308231248
22	full	lexicality	95		9.220864392521944e-05
22	full	lexicality	96		0.0002623059953739829
22	full	lexicality	97		3.5747363121142565e-05
22	full	lexicality	98		3.3580155176692744e-05
22	full	lexicality	99		0.00029611041062065514
19	full	morphology	0	0.004351284129785471	0.00015663350921485755
19	full	morphology	1	0.004338852188026099	3.469446951953614e-18
19	full	morphology	2	-2.6526327823850337e-05	-0.0001957918865185572
19	full	morphology	3	7.849475562060615e-05	-3.915837730371352e-05
19	full	morphology	4	0.002275314502138359	0.00015663350921485755
19	full	morphology	5	0.004324757801961399	0.0001957918865185676
19	full	morphology	6	0.0002456755478617012	0.00015663350921485755
19	full	morphology	7	0.0021855442376662593	3.469446951953614e-18
19	full	morphology	8	0.00011463414799095517	-3.915837730370658e-05
19	full	morphology	9	0.002267436086953345	7.831675460743051e-05
19	full	morphology	10	0.00010053976192636593	-7.831675460741663e-05
19	full	morphology	11	0.0021047727187585297	-3.915837730370658e-05
19	full	morphology	12	0.0023955864045551722	0.00027410864112599465
19	full	morphology	13	7.849475562060615e-05	-7.83167546074201e-05
19	full	morphology	14	0.00014571400238927446	-7.831675460741663e-05
19	full	morphology	15	0.0022832290198514515	3.915837730371699e-05
19	full	morphology	16	0.0022301402616752286	7.831675460743051e-05
19	full	morphology	17	0.0021956633136103187	-7.83167546074201e-05
19	full	morphology	18	0.004315686851340761	0.00011747513191114403
19	full	morphology	19	0.004316843284248639	3.915837730371699e-05
19	full	morphology	20	0.002227321384462244	3.915837730371699e-05
19	full	morphology	21	0.00024849442507468567	7.831675460743051e-05
19	full	morphology	22	0.0021951211996845688	0.00015663350921485061
19	full	morphology	23	0.002302997262869977	0.00011747513191114403
19	full	morphology	24	0.00015023142643577625	3.915837730371699e-05
19	full	morphology	25	0.0043541030069985664	0.00023495026382227766
19	full	morphology	26	0.0022188286502955457	3.469446951953614e-18
19	full	morphology	27	0.0022052763781567064	0.00011747513191114056
19	full	morphology	28	0.004260899546331576	0.00011747513191114403
19	full	morphology	29	0.0022832290198513405	0.00035242539573341475
19	full	morphology	30	0.00013667915429671496	0.00019579188651856413
19	full	morphology	31	0.0024153907501016647	0.00027410864112599465
19	full	morphology	32	0.00222052719712873	0.00015663350921485061
19	full	morphology	33	0.0022634607768329262	0.00011747513191114403
19	full	morphology	34	0.004291979400729784	0.00011747513191114403
19	full	morphology	35	0.0022114923490363925	3.915837730371699e-05
19	full	morphology	36	0.00010053976192636593	0.00011747513191114403
19	full	morphology	37	0.004313988304507466	0.00011747513191114403
19	full	morphology	38	0.0022939624147771953	0.0001174751319111475
19	full	morphology	39	0.0021290583858233347	3.915837730371699e-05
19	full	morphology	40	0.002239717223693538	0.00011747513191114403
19	full	morphology	41	0.002369060076730989	0.00023495026382228112
19	full	morphology	42	0.0042824024387114745	3.915837730371699e-05
19	full	morphology	43	0.0022425361009064115	3.915837730371352e-05
19	full	morphology	44	0.0021866645680456154	3.915837730371699e-05
19	full	morphology	45	0.0021640774478142166	7.831675460743051e-05
19	full	morphology	46	0.0021329975934157863	0.00019579188651856413
19	full	morphology	47	0.00026544379088033754	0.00011747513191114403
19	full	morphology	48	0.0022408736566013054	7.831675460743051e-05
19	full	morphology	49	0.0021883631148790217	7.831675460743051e-05
19	full	morphology	50	0.002071994317526804	-0.00015663350921484714
19	full	morphology	51	0.0022114923490362814	3.469446951953614e-18
19	full	morphology	52	0.004355801553831751	0.00015663350921485755
19	full	morphology	53	0.002130720830128663	-3.915837730370658e-05
19	full	morphology	54	0.002352146813453304	0.00011747513191114403
19	full	morphology	55	0.002345352626120012	0.0001957918865185676
19	full	morphology	56	0.002100255294712361	-7.83167546074201e-05
19	full	morphology	57	0.002132419376961958	-3.915837730370658e-05
19	full	morphology	58	0.004237192095720377	3.915837730371352e-05
19	full	morphology	59	0.0022165879895365004	7.831675460743051e-05
19	full	morphology	60	2.768276073183973e-05	-0.00015663350921484714
19	full	morphology	61	0.0023865515564623907	0.00031326701842970123
19	full	morphology	62	0.0003411196692877372	0.00039158377303713174
19	full	morphology	63	0.0023374381084068085	0.0002741086411259912
19	full	morphology	64	1.4672602518639444e-05	-0.00011747513191113362
19	full	morphology	65	0.00440097579429477	0.0002741086411259912
19	full	morphology	66	0.0021945790857587077	7.831675460743051e-05
19	full	morphology	67	0.004321902822220669	3.915837730371699e-05
19	full	morphology	68	0.0021872066819712543	7.831675460742704e-05
19	full	morphology	69	0.00223917510976801	0.00011747513191114403
19	full	morphology	70	0.002317091648934344	0.00023495026382227766
19	full	morphology	71	0.002255546259119723	7.831675460742704e-05
19	full	morphology	72	0.004189777194498423	-3.915837730370658e-05
19	full	morphology	73	0.0022312605920548068	0.00011747513191114056
19	full	morphology	74	0.004304411342489156	0.00031326701842970123
19	full	morphology	75	0.004258080669118369	-3.915837730370658e-05
19	full	morphology	76	0.0021386714503697224	-0.00011747513191113015
19	full	morphology	77	0.004245648727359108	3.915837730371352e-05
19	full	morphology	78	0.0022516070515272713	0.00015663350921485755
19	full	morphology	79	0.002267436086953234	7.831675460743398e-05
19	full	morphology	80	0.004257538555192619	0.0001957918865185676
19	full	morphology	81	0.002263460776832704	7.831675460743051e-05
19	full	morphology	82	1.698546833628356e-06	-0.00019579188651855373
19	full	morphology	83	0.002159560023767715	7.831675460743051e-05
19	full	morphology	84	0.004279547458970523	0.00019579188651856413
19	full	morphology	85	0.0022295981477494786	0.00011747513191114403
19	full	morphology	86	0.0022476678439348197	0.00015663350921485755
19	full	morphology	87	0.0022821086894717624	0.0002741086411259912
19	full	morphology	88	0.0021047727187586407	-7.83167546074201e-05
19	full	morphology	89	0.0023769745944441922	0.00031326701842970123
19	full	morphology	90	0.00017339676312089214	0.00011747513191114403
19	full	morphology	91	0.0002168724567506164	3.915837730372046e-05
19	full	morphology	92	0.0023007204995827424	0.00011747513191114403
19	full	morphology	93	0.002263460776832704	-7.83167546074201e-05
19	full	morphology	94	0.00426205597923901	-0.00015663350921484714
19	full	morphology	95	6.328003917654978e-05	-0.00019579188651855373
19	full	morphology	96	0.002165197778193906	3.915837730371699e-05
19	full	morphology	97	8.359039612060304e-05	3.469446951953614e-18
19	full	morphology	98	0.0042716329412573195	0.0
19	full	morphology	99	0.0022109141325823423	0.00027410864112599465
20	full	morphology	0		-0.0001137621770876604
20	full	morphology	1		4.013005339769792e-05
20	full	morphology	2		0.00016067453058450556
20	full	morphology	3		-1.1625730823343165e-05
20	full	morphology	4		-0.00015118864152466674
20	full	morphology	5		-0.000131734017417842
20	full	morphology	6		-0.00016100305957793618
20	full	morphology	7		-1.5704441961799688e-05
20	full	morphology	8		-4.948838585265916e-05
20	full	morphology	9		-5.070919103670676e-05
20	full	morphology	10		2.276861565954011e-05
20	full	morphology	11		3.814452862790831e-05
20	full	morphology	12		-0.0003055170626023347
20	full	morphology	13		6.878869296576742e-05
20	full	morphology	14		2.276861565954011e-05
20	full	morphology	15		-6.0349397090262054e-05
20	full	morphology	16		-5.070919103670676e-05
20	full	morphology	17		2.2332425067230453e-05
20	full	morphology	18		-6.0959799682285855e-05
20	full	morphology	19		2.5190331021638507e-05
20	full	morphology	20		-4.9052195260349506e-05
20	full	morphology	21		-0.00013729551233294165
20	full	morphology	22		-0.00013790591492496458
20	full	morphology	23		-0.00010759027958053783
20	full	morphology	24		-0.00011105858812696968
20	full	morphology	25		-0.0001579709416238131
20	full	morphology	26		-7.54701968488751e-06
20	full	morphology	27		-8.615013070392436e-05
20	full	morphology	28		-0.00010802647017284749
20	full	morphology	29		-0.0002791258214026454
20	full	morphology	30		-0.00017698937513832818
20	full	morphology	31		-0.00022874515935937013
20	full	morphology	32		-0.00013790591492496458
20	full	morphology	33		-0.00013217020801015167
20	full	morphology	34		-4.150517557546113e-05
20	full	morphology	35		-5.1145381629017286e-05
20	full	morphology	36		-0.0001419846260634211
20	full	morphology	37		-6.608510400507583e-05
20	full	morphology	38		-0.0001321702080101508
20	full	morphology	39		-3.984817979910387e-05
20	full	morphology	40		-0.00010863687276487042
20	full	morphology	41		-0.00021589862335197763
20	full	morphology	42		-1.3751221777649411e-06
20	full	morphology	43		-6.442810822871858e-05
20	full	morphology	44		-4.3926890937560394e-05
20	full	morphology	45		-5.070919103670676e-05
20	full	morphology	46		-0.0001702070750391818
20	full	morphology	47		-0.0001552673526631224
20	full	morphology	48		-6.0959799682285855e-05
20	full	morphology	49		-6.503851082074151e-05
20	full	morphology	50		0.00013818778852355863
20	full	morphology	51		-3.515906606862355e-05
20	full	morphology	52		-0.00010863687276487129
20	full	morphology	53		2.5800733613663175e-05
20	full	morphology	54		-0.00012296619254890603
20	full	morphology	55		-0.00017533237936197092
20	full	morphology	56		7.45243998805812e-05
20	full	morphology	57		-4.8434307241967955e-06
20	full	morphology	58		6.7823000991481044e-06
20	full	morphology	59		-6.608510400507583e-05
20	full	morphology	60		7.314927770281712e-05
20	full	morphology	61		-0.0002774688256262873
20	full	morphology	62		-0.0003928879984903071
20	full	morphology	63		-0.00024307447914340401
20	full	morphology	64		5.402318258942301e-05
20	full	morphology	65		-0.0001913186949223638
20	full	morphology	66		-3.334775329854895e-05
20	full	morphology	67		5.73570691481378e-06
20	full	morphology	68		-6.911722195919803e-05
20	full	morphology	69		-7.485292887401181e-05
20	full	morphology	70		-0.0002240560456288898
20	full	morphology	71		-8.961843925035622e-05
20	full	morphology	72		5.203765781963427e-05
20	full	morphology	73		-9.022884184238002e-05
20	full	morphology	74		-0.00021954114389812363
20	full	morphology	75		8.268182215749337e-05
20	full	morphology	76		0.00012220147296316576
20	full	morphology	77		3.439434648288414e-05
20	full	morphology	78		-0.00012357659514092983
20	full	morphology	79		-6.911722195919803e-05
20	full	morphology	80		-0.0001276553062793855
20	full	morphology	81		-7.832123742044367e-05
20	full	morphology	82		0.0001750038503685403
20	full	morphology	83		-5.175578422104022e-05
20	full	morphology	84		-0.00013790591492496458
20	full	morphology	85		-0.00012191959936457344
20	full	morphology	86		-0.00014093803287908678
20	full	morphology	87		-0.00021849455071379104
20	full	morphology	88		3.3629626897143e-05
20	full	morphology	89		-0.00030100216087156854
20	full	morphology	90		-0.00012974849264805327
20	full	morphology	91		-6.608510400507583e-05
20	full	morphology	92		-0.00010863687276487129
20	full	morphology	93		5.716296214242338e-05
20	full	morphology	94		0.00015103432453095027
20	full	morphology	95		0.0001371411953392243
20	full	morphology	96		-2.2486742060946058e-05
20	full	morphology	97		-2.656545319940258e-05
20	full	morphology	98		9.485889059838819e-06
20	full	morphology	99		-0.0002246664482209136
21	full	morphology	0	0.00017319758568157262	5.312492931477952e-05
21	full	morphology	1	-0.0012616895979467024	-7.968739397216928e-05
21	full	morphology	2	0.0013935075027311505	-0.00010624985862955905
21	full	morphology	3	0.0015051953240231564	6.938893903907228e-18
21	full	morphology	4	0.00019327861856432982	7.968739397217622e-05
21	full	morphology	5	0.0015667050884125011	0.00010624985862956599
21	full	morphology	6	-0.001157209366224432	7.968739397217622e-05
21	full	morphology	7	9.806803537026898e-05	-2.6562464657382823e-05
21	full	morphology	8	0.0015437666033534247	0.0
21	full	morphology	9	0.0016072893760918916	5.312492931477952e-05
21	full	morphology	10	-0.0013127120986764496	-7.968739397216235e-05
21	full	morphology	11	1.0860434963788634e-05	-5.3124929314772584e-05
21	full	morphology	12	-0.0010997746691425725	0.00013281232328695575
21	full	morphology	13	8.397697692585915e-05	-5.312492931477952e-05
21	full	morphology	14	0.0015779386946808138	-2.6562464657382823e-05
21	full	morphology	15	-0.0012190923019181898	-2.6562464657382823e-05
21	full	morphology	16	0.00014506451940166087	2.65624646573967e-05
21	full	morphology	17	-0.0013143519357212696	-0.00010624985862954517
21	full	morphology	18	0.00013420408443787224	2.6562464657382823e-05
21	full	morphology	19	-0.0012845790323968709	-5.312492931477952e-05
21	full	morphology	20	0.00014225611783469372	6.938893903907228e-18
21	full	morphology	21	-0.0011544009646573539	2.65624646573967e-05
21	full	morphology	22	0.00010728863328934857	7.968739397217622e-05
21	full	morphology	23	-0.0011977936539038225	2.65624646573967e-05
21	full	morphology	24	0.00016154175749960586	2.65624646573967e-05
21	full	morphology	25	0.00017600598724842875	0.00010624985862957292
21	full	morphology	26	-0.0012890272710087691	-5.312492931477952e-05
21	full	morphology	27	0.0015389451934370024	7.968739397217622e-05
21	full	morphology	28	7.51295503110816e-05	2.65624646573967e-05
21	full	morphology	29	-0.0012190923019181898	0.00018593725260173527
21	full	morphology	30	0.0015682958748481912	0.0001593747879443455
21	full	morphology	31	-0.0010768361840834961	0.00013281232328695575
21	full	morphology	32	0.00013420408443776122	7.968739397216928e-05
21	full	morphology	33	0.00018082739716485108	5.312492931478646e-05
21	full	morphology	34	-0.0013119167054588265	0.0
21	full	morphology	35	0.00012456126460536066	6.938893903907228e-18
21	full	morphology	36	0.00010850624842062562	7.968739397217622e-05
21	full	morphology	37	0.0015534094231858253	5.312492931478646e-05
21	full	morphology	38	0.00021378187336085208	5.312492931477952e-05
21	full	morphology	39	0.0014581988399917645	2.65624646573967e-05
21	full	morphology	40	0.0015755034644180377	7.968739397216928e-05
21	full	morphology	41	0.000293732833588245	0.00013281232328695575
21	full	morphology	42	0.0001000810437195021	-2.656246465738976e-05
21	full	morphology	43	0.0015783118659852269	2.65624646573967e-05
21	full	morphology	44	0.0015200817756855223	2.65624646573967e-05
21	full	morphology	45	7.475637900677956e-05	2.65624646573967e-05
21	full	morphology	46	0.0014618026347767987	0.00013281232328695575
21	full	morphology	47	-0.0011359107182101758	5.312492931477952e-05
21	full	morphology	48	0.00015672034758362763	2.65624646573967e-05
21	full	morphology	49	0.0015220947840346444	5.312492931478646e-05
21	full	morphology	50	-0.0014465430118100198	-0.0001593747879443455
21	full	morphology	51	0.00012456126460536066	-2.656246465738976e-05
21	full	morphology	52	0.00017801899559788392	5.312492931477952e-05
21	full	morphology	53	0.0014585720112961775	-2.656246465738976e-05
21	full	morphology	54	0.00027688242418588693	5.312492931477952e-05
21	full	morphology	55	-0.0011523879563081207	7.968739397217622e-05
21	full	morphology	56	6.039025047588353e-06	-7.968739397216928e-05
21	full	morphology	57	3.9366672548113435e-05	-5.3124929314772584e-05
21	full	morphology	58	-0.0013709912395852841	-5.312492931477952e-05
21	full	morphology	59	0.00013060028965283799	2.65624646573967e-05
21	full	morphology	60	0.001451364421726442	-7.968739397216235e-05
21	full	morphology	61	0.0003118008581219911	0.00018593725260172833
21	full	morphology	62	-0.0010547421428512838	0.0002390621819165148
21	full	morphology	63	0.00025998296417450995	0.0001593747879443455
21	full	morphology	64	0.0014364779700641872	-5.312492931477952e-05
21	full	morphology	65	0.00022623309476055287	0.0001328123232869488
21	full	morphology	66	0.00010771085520300261	2.65624646573967e-05
21	full	morphology	67	0.00014103850270330565	-2.656246465738976e-05
21	full	morphology	68	0.0015196595537719793	5.312492931477952e-05
21	full	morphology	69	0.00015470733923428348	5.31249293147934e-05
21	full	morphology	70	0.0016586850481260518	0.0001593747879443455
21	full	morphology	71	0.00017197997055029557	2.65624646573967e-05
21	full	morphology	72	0.0014216405690107292	-5.3124929314765645e-05
21	full	morphology	73	0.0015670782597169142	7.968739397216928e-05
21	full	morphology	74	0.0015441888252668567	0.0001859372526017422
21	full	morphology	75	0.0014935394958414117	-5.312492931477952e-05
21	full	morphology	76	4.784092785836691e-05	-0.00010624985862955905
21	full	morphology	77	5.8652312213247626e-05	-2.656246465738976e-05
21	full	morphology	78	0.0001683761757651503	7.968739397216928e-05
21	full	morphology	79	-0.0012351473181028139	6.938893903907228e-18
21	full	morphology	80	0.0014939617177549547	0.00010624985862955905
21	full	morphology	81	-0.0012403909499324461	0.0
21	full	morphology	82	2.0130083493441475e-06	-0.00013281232328695575
21	full	morphology	83	6.993496909046826e-05	2.656246465738976e-05
21	full	morphology	84	0.001516851152205012	0.00010624985862956599
21	full	morphology	85	0.0015667050884125011	7.968739397217622e-05
21	full	morphology	86	0.0015859907280775243	0.00010624985862956599
21	full	morphology	87	-0.001219887695136035	0.00013281232328695575
21	full	morphology	88	0.0014320787820611969	-5.3124929314772584e-05
21	full	morphology	89	0.00030258026020302253	0.00018593725260173527
21	full	morphology	90	-0.0012343519248847468	5.312492931477952e-05
21	full	morphology	91	-0.0011881508340712	6.938893903907228e-18
21	full	morphology	92	0.00022019406971274247	5.312492931478646e-05
21	full	morphology	93	0.0001808273971649621	-7.968739397216928e-05
21	full	morphology	94	7.756478057396876e-05	-0.00015937478794433857
21	full	morphology	95	6.91395758726232e-05	-0.00013281232328695575
21	full	morphology	96	0.0014967701193220329	2.65624646573967e-05
21	full	morphology	97	0.0015112343490707447	2.65624646573967e-05
21	full	morphology	98	0.0015080037255902345	-2.656246465738976e-05
21	full	morphology	99	0.00012334364947397258	0.0001593747879443455
22	full	morphology	0		0.00019502984906231893
22	full	morphology	1		2.7628845308020657e-05
22	full	morphology	2		-0.00021194841072416128
22	full	morphology	3		5.68298051593745e-06
22	full	morphology	4		0.00020564408050227807
22	full	morphology	5		0.00015375607021011345
22	full	morphology	6		0.00023194965741369332
22	full	morphology	7		2.0845186237379056e-05
22	full	morphology	8		7.952181565908274e-05
22	full	morphology	9		0.00010177752019009927
22	full	morphology	10		-1.130160620292902e-05
22	full	morphology	11		-0.00010671618296070363
22	full	morphology	12		0.0004529452164993
22	full	morphology	13		-7.251556674653988e-05
22	full	morphology	14		4.5716002838331465e-06
22	full	morphology	15		0.00013136168527807038
22	full	morphology	16		7.043226824296304e-05
22	full	morphology	17		2.9116090336084137e-05
22	full	morphology	18		0.00010140739701264452
22	full	morphology	19		3.567470777714101e-05
22	full	morphology	20		6.69825207285004e-05
22	full	morphology	21		0.0002192644993756366
22	full	morphology	22		0.00021652001100799356
22	full	morphology	23		0.00014453854407036563
22	full	morphology	24		0.00015057376337991157
22	full	morphology	25		0.0002457885947385304
22	full	morphology	26		4.534153561645219e-05
22	full	morphology	27		0.00014416267927440905
22	full	morphology	28		0.0001646801413890068
22	full	morphology	29		0.0003568391935881354
22	full	morphology	30		0.00026152808088316347
22	full	morphology	31		0.0003261493898865601
22	full	morphology	32		0.00020478225657058306
22	full	morphology	33		0.00019777433742996196
22	full	morphology	34		6.499143218085309e-05
22	full	morphology	35		0.00011058252409771718
22	full	morphology	36		0.00016872427215090368
22	full	morphology	37		0.00013463531339572964
22	full	morphology	38		0.00018203485128532888
22	full	morphology	39		2.6328421354161573e-05
22	full	morphology	40		0.00017034027746219878
22	full	morphology	41		0.00033796058122757735
22	full	morphology	42		2.185092328299554e-06
22	full	morphology	43		8.423454813162676e-05
22	full	morphology	44		4.562607912495485e-05
22	full	morphology	45		3.881957561156779e-05
22	full	morphology	46		0.00017789939923597634
22	full	morphology	47		0.00021720571554288432
22	full	morphology	48		0.00012888463759468723
22	full	morphology	49		9.669466454009963e-05
22	full	morphology	50		-0.00018590453287850063
22	full	morphology	51		7.67349282367654e-05
22	full	morphology	52		0.00017007283677793802
22	full	morphology	53		-7.957988746682895e-07
22	full	morphology	54		0.00023595138912091678
22	full	morphology	55		0.0002544777626878672
22	full	morphology	56		-9.553041271605396e-05
22	full	morphology	57		-3.072724269735042e-05
22	full	morphology	58		1.881169863505658e-05
22	full	morphology	59		0.00011462665485961407
22	full	morphology	60		-0.0001205551202855381
22	full	morphology	61		0.00038526957938932616
22	full	morphology	62		0.0005323952654828559
22	full	morphology	63		0.000325068265943783
22	full	morphology	64		-9.970925959741812e-06
22	full	morphology	65		0.0002608481179667754
22	full	morphology	66		6.961284336594147e-05
22	full	morphology	67		4.447971168475805e-05
22	full	morphology	68		6.53070135382891e-05
22	full	morphology	69		9.165498950437865e-05
22	full	morphology	70		0.0003214676952629494
22	full	morphology	71		0.00017407456848516148
22	full	morphology	72		-8.149172999206283e-05
22	full	morphology	73		0.00015972604602223963
22	full	morphology	74		0.00027749182709777605
22	full	morphology	75		-4.3155661728548275e-05
22	full	morphology	76		-0.00012871514848486042
22	full	morphology	77		2.2899010011232998e-05
22	full	morphology	78		0.00018598844231937535
22	full	morphology	79		7.290931592634619e-05
22	full	morphology	80		0.00015019789858395326
22	full	morphology	81		0.00011756514700790761
22	full	morphology	82		-0.00022660677292601645
22	full	morphology	83		6.822187968423283e-05
22	full	morphology	84		0.0001889090500838209
22	full	morphology	85		0.00014719171115055388
22	full	morphology	86		0.00013918824773610696
22	full	morphology	87		0.00026382900916974324
22	full	morphology	88		-4.326653762793103e-05
22	full	morphology	89		0.0003933635825316235
22	full	morphology	90		0.00019739847263400452
22	full	morphology	91		0.00012249639793193018
22	full	morphology	92		0.00016233681404775185
22	full	morphology	93		-3.935534564855972e-05
22	full	morphology	94		-0.00011940630105765696
22	full	morphology	95		-0.00015263421744074294
22	full	morphology	96		4.938566637834995e-05
22	full	morphology	97		4.934326732367652e-05
22	full	morphology	98		-1.7774643975032936e-05
22	full	morphology	99		0.0002637687257312218
19	ltm	length	0	0.12573152663252873	0.042416802300634215
19	ltm	length	1	0.15583073893180477	0.04065976065935484
19	ltm	length	2	0.09257418618529267	0.028580814965110612
19	ltm	length	3	0.1972805084654482	0.03902995398496789
19	ltm	length	4	0.17436382839042963	0.04812519558233702
19	ltm	length	5	0.18294218807141138	0.04832921571693266
19	ltm	length	6	0.19870236187675006	0.05011185241411309
19	ltm	length	7	0.13811668857878567	0.03610487769831705
19	ltm	length	8	0.16591715609308455	0.05862552471399629
19	ltm	length	9	0.13153776411600326	0.03874280236899752
19	ltm	length	10	0.16119506060116495	0.046608839862748885
19	ltm	length	11	0.17280804404998285	0.04406747961339913
19	ltm	length	12	0.15645315436435736	0.032215786900890275
19	ltm	length	13	0.19767093537326386	0.05005195377987792
19	ltm	length	14	0.12320845862223362	0.04551050375879612
19	ltm	length	15	0.13155135965120135	0.0300238391105076
19	ltm	length	16	0.15650218316215325	0.036273502869828056
19	ltm	length	17	0.15728528052329183	0.0360351791568983
19	ltm	length	18	0.12817663971099347	0.04787107672068969
19	ltm	length	19	0.1627523634422544	0.051350856424914215
19	ltm	length	20	0.12821106295481743	0.046990193691288706
19	ltm	length	21	0.10372738775677859	0.01841646535246233
19	ltm	length	22	0.1914274787847211	0.04164700801727028
19	ltm	length	23	0.1465393549591013	0.04345051535282879
19	ltm	length	24	0.2002014521199822	0.04944842245926362
19	ltm	length	25	0.16423807471328378	0.0497001791121493
19	ltm	length	26	0.08396885199690995	0.025542287723661017
19	ltm	length	27	0.11688053997329695	0.02536259182095535
19	ltm	length	28	0.155891411638165	0.04254876168504956
19	ltm	length	29	0.19501639654232683	0.04884725334741069
19	ltm	length	30	0.13068408520357866	0.03115884100155597
19	ltm	length	31	0.08919375257230011	0.02937147988685268
19	ltm	length	32	0.17295607205123087	0.05071538373472728
19	ltm	length	33	0.1777747066380998	0.04183886603592091
19	ltm	length	34	0.13375927901401374	0.03263853093404845
19	ltm	length	35	0.1783181571200475	0.04594304769913787
19	ltm	length	36	0.19974687543356517	0.04265985043108689
19	ltm	length	37	0.16351362307599349	0.048872848403311686
19	ltm	length	38	0.16344159837994232	0.04203072405457148
19	ltm	length	39	0.17892075486274817	0.045813450523483956
19	ltm	length	40	0.18254829103631887	0.054604474532154224
19	ltm	length	41	0.20932376381981643	0.046377953848241116
19	ltm	length	42	0.21421962829365215	0.04364709778900239
19	ltm	length	43	0.08029872574319197	0.022666039340050792
19	ltm	length	44	0.12021519835277505	0.029806386035955923
19	ltm	length	45	0.15998291791624542	0.039343971480850504
19	ltm	length	46	0.14550720341075085	0.04430580332632905
19	ltm	length	47	0.07469504216855039	0.029815094558389044
19	ltm	length	48	0.14330521428371845	0.041921997517295695
19	ltm	length	49	0.1355367099082806	0.054335831345800445
19	ltm	length	50	0.154584464921935	0.05734876353134899
19	ltm	length	51	0.09758619088093312	0.03158902273313635
19	ltm	length	52	0.1772434085465856	0.04630589309806099
19	ltm	length	53	0.07290799434823159	0.02745688380525696
19	ltm	length	54	0.1135793632297829	0.03871720731309647
19	ltm	length	55	0.208536179367663	0.03733517318668522
19	ltm	length	56	0.13613656256856888	0.03756133478367002
19	ltm	length	57	0.16566412329672697	0.04499482833707941
19	ltm	length	58	0.13433071402213626	0.04287257908811559
19	ltm	length	59	0.10349345455037162	0.028275505991661343
19	ltm	length	60	0.22157796342730074	0.05142527938385599
19	ltm	length	61	0.15882768589153584	0.039395161592652495
19	ltm	length	62	0.1226756420300763	0.03506880243736088
19	ltm	length	63	0.10903552381079318	0.02784296205131953
19	ltm	length	64	0.16184821258726867	0.05468524380476747
19	ltm	length	65	0.12588302476105362	0.02205143728824177
19	ltm	length	66	0.14135675948994864	0.04674079924716429
19	ltm	length	67	0.07899026052631908	0.03715202369046766
19	ltm	length	68	0.19970160868191966	0.05874768419122822
19	ltm	length	69	0.10908354258981501	0.03726075022774361
19	ltm	length	70	0.1545767996225167	0.049267635171807544
19	ltm	length	71	0.1748384323847293	0.051808995421157245
19	ltm	length	72	0.10478507066776532	0.03309430772152999
19	ltm	length	73	0.17197960458132067	0.041563876535895494
19	ltm	length	74	0.14762400543252507	0.038224764738519545
19	ltm	length	75	0.08971912042803465	0.0217851563106497
19	ltm	length	76	0.13205199654504263	0.04918450369043281
19	ltm	length	77	0.15226807063673597	0.03997309785736558
19	ltm	length	78	0.2081455358968518	0.04830598286979304
19	ltm	length	79	0.1473335877469355	0.03970681687977351
19	ltm	length	80	0.12381503497407997	0.035237427608871996
19	ltm	length	81	0.12188813293380063	0.04252316662914857
19	ltm	length	82	0.1812022174222544	0.05268987845055839
19	ltm	length	83	0.1546168611832469	0.032215786900890275
19	ltm	length	84	0.12623339010813917	0.04480060810966746
19	ltm	length	85	0.12245110224176214	0.03227568553512544
19	ltm	length	86	0.13051378634894029	0.03498330874722466
19	ltm	length	87	0.1438224083581653	0.04852343594434472
19	ltm	length	88	0.11141475899198194	0.038525349294445954
19	ltm	length	89	0.10020782496868974	0.039921907745563645
19	ltm	length	90	0.1492384354968196	0.042768576968362615
19	ltm	length	91	0.06119224964981085	0.016330881890594062
19	ltm	length	92	0.1313786006880603	0.04279815612917398
19	ltm	length	93	0.16170755796656544	0.05299046300648469
19	ltm	length	94	0.12515293480685707	0.03334606437441573
19	ltm	length	95	0.160879911953682	0.052171840820080306
19	ltm	length	96	0.1495578546723224	0.04731401109435457
19	ltm	length	97	0.11769979564189781	0.024735827653201536
19	ltm	length	98	0.12590978270545938	0.03992426995432519
19	ltm	length	99	0.14611623987110056	0.044113945307678315
20	ltm	length	0	0.10656458557171988	0.03129747321067522
20	ltm	length	1	0.11683871149265179	0.024673210233879028
20	ltm	length	2	0.05724657257393995	0.019976992719063447
20	ltm	length	3	0.10078211665916914	0.027720383114006042
20	ltm	length	4	0.11277530547890124	0.0297349775930828
20	ltm	length	5	0.15349009873502983	0.035788407257120014
20	ltm	length	6	0.12997893515138392	0.03251634236272605
20	ltm	length	7	0.11586520754009566	0.03278758941513871
20	ltm	length	8	0.12186268607825501	0.037238945311158345
20	ltm	length	9	0.10095972696222655	0.029462753653511642
20	ltm	length	10	0.04794585976776966	0.015234781224735261
20	ltm	length	11	0.08585665936906461	0.01880545549231699
20	ltm	length	12	0.05164972281689939	0.011445630771974247
20	ltm	length	13	0.11162467498374817	0.030561911467128833
20	ltm	length	14	0.11266868479439018	0.03797450705470479
20	ltm	length	15	0.07085898923059208	0.018778093171541665
20	ltm	length	16	0.11527500059613693	0.02682650876875986
20	ltm	length	17	0.1061125805331129	0.02603139927025916
20	ltm	length	18	0.09773558200300947	0.034457580541515154
20	ltm	length	19	0.07289968243951206	0.02667497305478067
20	ltm	length	20	0.08400862664718745	0.03055647252519994
20	ltm	length	21	0.07397237282238045	0.01367772454907168
20	ltm	length	22	0.10039525356590895	0.01710907893232405
20	ltm	length	23	0.08303560645509178	0.02334916040599505
20	ltm	length	24	0.14335237689137337	0.03825894682392572
20	ltm	length	25	0.06668104451767187	0.025694549692438395
20	ltm	length	26	0.06667501516888363	0.01977946302557182
20	ltm	length	27	0.0927176367661946	0.023692786871536586
20	ltm	length	28	0.10591508435561425	0.028892897227911107
20	ltm	length	29	0.0904253353447807	0.022401538306356716
20	ltm	length	30	0.09014725411528424	0.01692340400984882
20	ltm	length	31	0.04417694561108754	0.024502065974004117
20	ltm	length	32	0.10756364139632846	0.027700413509476884
20	ltm	length	33	0.09836775144659327	0.019917806022742623
20	ltm	length	34	0.0906150043454147	0.021944616331469158
20	ltm	length	35	0.1353289828148968	0.03861032706434686
20	ltm	length	36	0.10874651854837136	0.018824087151054103
20	ltm	length	37	0.08570913454364404	0.02228182696792308
20	ltm	length	38	0.1171187722258129	0.032721625831097
20	ltm	length	39	0.11733804294362271	0.02419667971309547
20	ltm	length	40	0.10865732047417631	0.02704498495393909
20	ltm	length	41	0.11940702380210311	0.02813095005074806
20	ltm	length	42	0.13474114829726913	0.024891686419058312
20	ltm	length	43	0.08507687426226607	0.025568061466283987
20	ltm	length	44	0.0593155534324199	0.019725715271179944
20	ltm	length	45	0.06337829401012152	0.01843446670600002
20	ltm	length	46	0.09922614210172487	0.030410375753149754
20	ltm	length	47	0.03492316629461556	0.020667898428889275
20	ltm	length	48	0.04849071980302899	0.01782503212997455
20	ltm	length	49	0.07460120231871203	0.03149090190802989
20	ltm	length	50	0.0933507273547276	0.03403382088796486
20	ltm	length	51	0.07972502877067711	0.022156676687560828
20	ltm	length	52	0.10958520500465019	0.0235280584407494
20	ltm	length	53	0.10611209677265243	0.03202661912513427
20	ltm	length	54	0.09188185095852996	0.032404384799172015
20	ltm	length	55	0.1364747331577708	0.024970842719908237
20	ltm	length	56	0.08291512924492805	0.029038993999961182
20	ltm	length	57	0.10381641094216387	0.023137100049903214
20	ltm	length	58	0.07164431992571851	0.021964585935998093
20	ltm	length	59	0.062371320170854117	0.01983223389280525
20	ltm	length	60	0.14486264118894154	0.03238343830748419
20	ltm	length	61	0.11060810571102941	0.027593894887851744
20	ltm	length	62	0.07489221892891196	0.024150685733582977
20	ltm	length	63	0.08312045259929113	0.01734850160919099
20	ltm	length	64	0.08381895764655334	0.03443797199561932
20	ltm	length	65	0.08016159070263262	0.018996569356721116
20	ltm	length	66	0.04865465525602175	0.020162667641538512
20	ltm	length	67	0.05466005180883993	0.023322774972378224
20	ltm	length	68	0.10007115999166394	0.03188052235308414
20	ltm	length	69	0.049201403957151446	0.023335967689186554
20	ltm	length	70	0.14059975949402748	0.042386284800299545
20	ltm	length	71	0.08376608564586141	0.02007709551160114
20	ltm	length	72	0.08450250334762488	0.024614023537558205
20	ltm	length	73	0.15582774706514302	0.04000675630536005
20	ltm	length	74	0.08943797486657168	0.020852235405572517
20	ltm	length	75	0.041290569076179784	0.008631464739626837
20	ltm	length	76	0.08160622929439387	0.02736997976074368
20	ltm	length	77	0.10979466904193103	0.03223734153543406
20	ltm	length	78	0.14559905889070524	0.02620388147592595
20	ltm	length	79	0.11865072022589829	0.02594582714032173
20	ltm	length	80	0.09993484675218267	0.03144356998272552
20	ltm	length	81	0.05220183543076862	0.020428475752022168
20	ltm	length	82	0.06266949852186965	0.017241982987565907
20	ltm	length	83	0.10182858973393649	0.028336233519119014
20	ltm	length	84	0.05333720449485857	0.024111107583158098
20	ltm	length	85	0.052865586095193096	0.021328765926356075
20	ltm	length	86	0.07514060760343788	0.019653335858050736
20	ltm	length	87	0.09610712208381422	0.027700413509476884
20	ltm	length	88	0.08589624944235852	0.029814133893932726
20	ltm	length	89	0.06172775746574288	0.02633678553116786
20	ltm	length	90	0.05261521791700252	0.015578407690276963
20	ltm	length	91	0.03959894671530284	0.011392859904740982
20	ltm	length	92	0.05570802062681146	0.017885556772087363
20	ltm	length	93	0.08166552356654033	0.02783331756471885
20	ltm	length	94	0.06336650782592768	0.017156410857628368
20	ltm	length	95	0.07946805664544354	0.023514865723940848
20	ltm	length	96	0.10393064755646153	0.02992742940327875
20	ltm	length	97	0.07479144591760079	0.024030974395149396
20	ltm	length	98	0.09386637859547686	0.02315029276671149
20	ltm	length	99	0.11636255948740226	0.031675238884712964
21	ltm	length	0	0.15631817821675098	0.042924647745653244
21	ltm	length	1	0.14966326484435777	0.030105727384679704
21	ltm	length	2	0.1033133208424345	0.034825777813014935
21	ltm	length	3	0.21790372088430587	0.0364602889922902
21	ltm	length	4	0.16420535707950334	0.040729874274407274
21	ltm	length	5	0.15836072698870896	0.03325529353334994
21	ltm	length	6	0.17756871001058616	0.039429203815721736
21	ltm	length	7	0.17769434424211694	0.037292135414704664
21	ltm	length	8	0.13905508211255813	0.03943147957568044
21	ltm	length	9	0.13114842322619913	0.035540999809800744
21	ltm	length	10	0.11376063673666603	0.023634541351440552
21	ltm	length	11	0.1549305865363556	0.040488027833810114
21	ltm	length	12	0.1127137256171129	0.023866070467031875
21	ltm	length	13	0.1762233206242655	0.03758713540561304
21	ltm	length	14	0.1246644661966615	0.03836582827771606
21	ltm	length	15	0.12866400151358393	0.022036595141887716
21	ltm	length	16	0.19246186285260525	0.034170031195921935
21	ltm	length	17	0.10289150674480696	0.01669225552197151
21	ltm	length	18	0.09515928904532223	0.03646833055733728
21	ltm	length	19	0.13687320233015188	0.03411460188565174
21	ltm	length	20	0.15920612044673443	0.04951878003390231
21	ltm	length	21	0.14018903244319636	0.01805063105088578
21	ltm	length	22	0.14963340477471976	0.02195370390172996
21	ltm	length	23	0.15138809792309849	0.03356516236918167
21	ltm	length	24	0.16714452709511252	0.028225374269182757
21	ltm	length	25	0.19462237491902423	0.035636484134922986
21	ltm	length	26	0.07672381570117881	0.0270917005759837
21	ltm	length	27	0.0880187777725846	0.020665626528008962
21	ltm	length	28	0.15224788940907474	0.03660437534780642
21	ltm	length	29	0.1580564654772515	0.024861423609803035
21	ltm	length	30	0.15598016108334722	0.0330620491231467
21	ltm	length	31	0.07250688997275223	0.01794659971022161
21	ltm	length	32	0.16128755477988166	0.036589506502883284
21	ltm	length	33	0.15861199545177052	0.03118169600764986
21	ltm	length	34	0.1678337729465228	0.03658723074292458
21	ltm	length	35	0.16439768113834707	0.03875858835370555
21	ltm	length	36	0.1735430900087881	0.025141554755788387
21	ltm	length	37	0.10185037886994364	0.020045888856345506
21	ltm	length	38	0.17692897236355332	0.028827967335964322
21	ltm	length	39	0.18762041892167625	0.03949495045099771
21	ltm	length	40	0.1223760214980415	0.028061867548825947
21	ltm	length	41	0.1642984221324354	0.027459274482044327
21	ltm	length	42	0.2093721330871544	0.029485989713016136
21	ltm	length	43	0.14799224623059193	0.0394120592108399
21	ltm	length	44	0.13967611547104186	0.022802694929026146
21	ltm	length	45	0.09440872590299942	0.013292295917162189
21	ltm	length	46	0.09051033728436952	0.023205772330021412
21	ltm	length	47	0.10225701920456287	0.03398083285514136
21	ltm	length	48	0.16678148929057002	0.029823320478735538
21	ltm	length	49	0.13118931664731492	0.0461016758242111
21	ltm	length	50	0.14272668980136427	0.045844960538690804
21	ltm	length	51	0.07775279826724069	0.03203068703494599
21	ltm	length	52	0.13280828605887562	0.017016993202726427
21	ltm	length	53	0.1640614292677135	0.03913192806485455
21	ltm	length	54	0.20669161193093377	0.051333386514123336
21	ltm	length	55	0.1505355666659033	0.022024002056923286
21	ltm	length	56	0.10372397915897313	0.01992471291079939
21	ltm	length	57	0.15222032774010763	0.027749722953035516
21	ltm	length	58	0.0759316578887057	0.02121734180443785
21	ltm	length	59	0.15688433083445796	0.035931484125831525
21	ltm	length	60	0.22917748335085675	0.03987284168206401
21	ltm	length	61	0.14959292206189334	0.032003225105058486
21	ltm	length	62	0.10491789222604442	0.026932745375544354
21	ltm	length	63	0.139924309798375	0.028530691585097134
21	ltm	length	64	0.16570648336414984	0.04174464778201903
21	ltm	length	65	0.08841532860191614	0.02264146396862804
21	ltm	length	66	0.07517531150169321	0.024322301418338632
21	ltm	length	67	0.10654695114289248	0.032191917995344155
21	ltm	length	68	0.1629166136967296	0.0329431489375594
21	ltm	length	69	0.07849987656554525	0.017785368749823505
21	ltm	length	70	0.16660327271893338	0.041042018870197705
21	ltm	length	71	0.148606552498196	0.03547525317452488
21	ltm	length	72	0.14723938468759779	0.03408941571572294
21	ltm	length	73	0.18873726211540343	0.03855275085853804
21	ltm	length	74	0.11827952557587873	0.019531952834809962
21	ltm	length	75	0.14564637979336703	0.03173341128407875
21	ltm	length	76	0.14326487004181476	0.04422986972425624
21	ltm	length	77	0.15574045910966483	0.03216445606545648
21	ltm	length	78	0.19706360480985208	0.035231130973969016
21	ltm	length	79	0.14816160542181056	0.031799157919354615
21	ltm	length	80	0.19407492658986547	0.040880787909799654
21	ltm	length	81	0.11097142037469265	0.02312515684982236
21	ltm	length	82	0.16193213182541333	0.03614586863654107
21	ltm	length	83	0.14483338740280727	0.019897250980911774
21	ltm	length	84	0.1245723449899202	0.03050880478567497
21	ltm	length	85	0.16073780805005222	0.025088401205477062
21	ltm	length	86	0.14513805962255433	0.030216080554725022
21	ltm	length	87	0.13249824130272858	0.037814113001287175
21	ltm	length	88	0.06367936490666071	0.020151690506473474
21	ltm	length	89	0.10177814839509824	0.032353148955742206
21	ltm	length	90	0.12064905812976223	0.021092119789469344
21	ltm	length	91	0.1090746871069056	0.02629813885895771
21	ltm	length	92	0.1686689544696497	0.042281494213524784
21	ltm	length	93	0.1711458276748049	0.044378507599689865
21	ltm	length	94	0.1538052509889779	0.03570223077019885
21	ltm	length	95	0.12489395623544575	0.033253017773391125
21	ltm	length	96	0.12726508594096708	0.03779069714082206
21	ltm	length	97	0.1365960917793715	0.025171292445634763
21	ltm	length	98	0.10218491115932837	0.024320025658379874
21	ltm	length	99	0.12896867373333099	0.03531174645416807
22	ltm	length	0	0.10155482491671597	0.02612640809020822
22	ltm	length	1	0.05692177493024442	0.006884693573868561
22	ltm	length	2	0.07482458012281357	0.016844463612624927
22	ltm	length	3	0.1478448031916988	0.029220063375103966
22	ltm	length	4	0.11071189850806684	0.021476474613741636
22	ltm	length	5	0.13632392399711313	0.029812327000447336
22	ltm	length	6	0.20571400329104172	0.042736917161861676
22	ltm	length	7	0.13396538464129393	0.025295381132726724
22	ltm	length	8	0.1109403182264207	0.03421901652593834
22	ltm	length	9	0.11609122337417133	0.026928588194781278
22	ltm	length	10	0.07831679746368425	0.0186446420998298
22	ltm	length	11	0.14448437975117856	0.036005096811972614
22	ltm	length	12	0.1372586924755762	0.030895887318908744
22	ltm	length	13	0.13117090696125033	0.020893172226073287
22	ltm	length	14	0.12436289734011696	0.031049088715217443
22	ltm	length	15	0.11018511452982971	0.023333040011538186
22	ltm	length	16	0.17122603563392336	0.0357756228898386
22	ltm	length	17	0.11137185658954907	0.021724199183554782
22	ltm	length	18	0.07120586207473922	0.01684031116611634
22	ltm	length	19	0.1133029051735932	0.030805844764241697
22	ltm	length	20	0.10915757933215331	0.03673100439072019
22	ltm	length	21	0.06216317336226351	0.007080511851927707
22	ltm	length	22	0.16327345085547218	0.03445297106691014
22	ltm	length	23	0.10661067527226897	0.027892930933338
22	ltm	length	24	0.14123621699372968	0.028494483968685425
22	ltm	length	25	0.17255475171908186	0.03437221792224715
22	ltm	length	26	0.05638095405847687	0.016319839447760887
22	ltm	length	27	0.02314050840297821	0.009410451467491976
22	ltm	length	28	0.15147846600339288	0.040215968059404694
22	ltm	length	29	0.1322423832177364	0.02333304001153813
22	ltm	length	30	0.08666366758053501	0.016882599875537585
22	ltm	length	31	0.058339048596430576	0.013684153384236952
22	ltm	length	32	0.14822714888664046	0.030332470546474033
22	ltm	length	33	0.11704356242094249	0.026890123759539586
22	ltm	length	34	0.15788305263222913	0.034648789344969066
22	ltm	length	35	0.17917018749796376	0.041538619882333205
22	ltm	length	36	0.14977953235931296	0.023170549205225266
22	ltm	length	37	0.11963930677926948	0.020974253543065036
22	ltm	length	38	0.1829347509779592	0.03481128015128182
22	ltm	length	39	0.08635600411992217	0.02260746060511959
22	ltm	length	40	0.1122449518940618	0.025410118093793843
22	ltm	length	41	0.11507281119235302	0.025056617800588654
22	ltm	length	42	0.09047075033267493	0.016767862914470577
22	ltm	length	43	0.12719971810743413	0.032805993976014025
22	ltm	length	44	0.1350329894912986	0.02601167112914121
22	ltm	length	45	0.1311659930835778	0.02048776564111382
22	ltm	length	46	0.10633815294827276	0.019805131288774425
22	ltm	length	47	0.15701699773154087	0.040928105609310705
22	ltm	length	48	0.20295695482059817	0.04145272977417486
22	ltm	length	49	0.048483897612549565	0.021280984508011525
22	ltm	length	50	0.1415503923035516	0.039371171073081634
22	ltm	length	51	0.08373179202102032	0.02088869160723561
22	ltm	length	52	0.1351057360223873	0.02892906557888253
22	ltm	length	53	0.09298849655053687	0.025405637474956333
22	ltm	length	54	0.11209174296465219	0.02752566061129119
22	ltm	length	55	0.12121822228927615	0.0166149896904908
22	ltm	length	56	0.12057162563791612	0.032013431453774166
22	ltm	length	57	0.17941091153721034	0.03684989379829573
22	ltm	length	58	0.10454240499362633	0.025653690217098457
22	ltm	length	59	0.17564652424208715	0.04249367321088593
22	ltm	length	60	0.1873350285750871	0.03137341398318494
22	ltm	length	61	0.13309720321445373	0.02025315475548406
22	ltm	length	62	0.15064595426778393	0.031492959735418546
22	ltm	length	63	0.11619067812746564	0.03100614366113813
22	ltm	length	64	0.1220066460572824	0.04037397824688005
22	ltm	length	65	0.039328921271271966	0.007686873678441508
22	ltm	length	66	0.09970777240577067	0.02809322983023449
22	ltm	length	67	0.0712569904461664	0.02492811081067997
22	ltm	length	68	0.14231859042248252	0.03528880681555818
22	ltm	length	69	0.08700261540932164	0.02048776564111382
22	ltm	length	70	0.17980309962553676	0.043811516242647786
22	ltm	length	71	0.11443042367917877	0.02697153324886048
22	ltm	length	72	0.16060707185416867	0.03333575510437348
22	ltm	length	73	0.18198679725424516	0.039456404836582026
22	ltm	length	74	0.07313233451281465	0.012280420244316581
22	ltm	length	75	0.11115275070996422	0.026327035159433798
22	ltm	length	76	0.07542902450981193	0.028327512543535105
22	ltm	length	77	0.1515559502272824	0.03261465631679261
22	ltm	length	78	0.13553780294013051	0.029010146895874445
22	ltm	length	79	0.1209875291359771	0.026284090105354596
22	ltm	length	80	0.10064870036369955	0.027926586577413093
22	ltm	length	81	0.11219804729885985	0.03417159085302168
22	ltm	length	82	0.09752828391524804	0.024727483741454337
22	ltm	length	83	0.07364873523536097	0.012728771883355305
22	ltm	length	84	0.09381872021316151	0.02916782891102071
22	ltm	length	85	0.1337459263919657	0.02312793232347521
22	ltm	length	86	0.14440284793593594	0.024211820814265372
22	ltm	length	87	0.11171730162950566	0.016486482700582228
22	ltm	length	88	0.12260440241019921	0.0260071905103037
22	ltm	length	89	0.17120179166957372	0.041653356843400324
22	ltm	length	90	0.1155398430618414	0.02273115880386173
22	ltm	length	91	0.10576902588276282	0.022927305254249575
22	ltm	length	92	0.11684642707076254	0.026485045346909097
22	ltm	length	93	0.13099783939054832	0.03817254562122424
22	ltm	length	94	0.10952515644834693	0.02516687414281804
22	ltm	length	95	0.09633680416272783	0.027487196176049444
22	ltm	length	96	0.09113968452122245	0.023768277966393192
22	ltm	length	97	0.09684441960111967	0.013688634003074462
22	ltm	length	98	0.12778008007691455	0.0214854358514166
22	ltm	length	99	0.08121581995956684	0.02472748374145456
19	ltm	lexicality	0	0.20433012498800274	0.06793031668771676
19	ltm	lexicality	1	0.21451306402781323	0.05074650903238398
19	ltm	lexicality	2	0.2621176266093974	0.07792762139399667
19	ltm	lexicality	3	0.14344216754097716	0.05858537120509166
19	ltm	lexicality	4	0.2194394094755121	0.053541206199762215
19	ltm	lexicality	5	0.20938159977887794	0.07002728032191119
19	ltm	lexicality	6	0.2175158863982687	0.06701829061026665
19	ltm	lexicality	7	0.2651873150453983	0.0845649436645225
19	ltm	lexicality	8	0.2269780434729658	0.05710647959412296
19	ltm	lexicality	9	0.2523305526765731	0.08349220261647072
19	ltm	lexicality	10	0.24842649234742753	0.06723574368481833
19	ltm	lexicality	11	0.17461942707063205	0.05789634619434114
19	ltm	lexicality	12	0.21933769383702328	0.05657500902368884
19	ltm	lexicality	13	0.21784940604431013	0.06723574368481833
19	ltm	lexicality	14	0.2145700782024722	0.07154205577635675
19	ltm	lexicality	15	0.16842178692099918	0.06315718233060352
19	ltm	lexicality	16	0.28014522340470194	0.07491863168235224
19	ltm	lexicality	17	0.19451680427014906	0.07694037403608112
19	ltm	lexicality	18	0.24514716450558982	0.07663742727139322
19	ltm	lexicality	19	0.1728690063020233	0.06178779920052935
19	ltm	lexicality	20	0.13922223156290525	0.04709258141760164
19	ltm	lexicality	21	0.1776891155066329	0.054738803628039845
19	ltm	lexicality	22	0.17070507642931332	0.06044719690974287
19	ltm	lexicality	23	0.2412242110763565	0.08344021418314485
19	ltm	lexicality	24	0.27461462254715174	0.08241391357627115
19	ltm	lexicality	25	0.12190964702514162	0.041533548187275504
19	ltm	lexicality	26	0.27071791590294825	0.08921433827926128
19	ltm	lexicality	27	0.1755206650293224	0.06521717073657074
19	ltm	lexicality	28	0.26636957908007153	0.0745270054441417
19	ltm	lexicality	29	0.19314052242809787	0.05913374468689869
19	ltm	lexicality	30	0.26487268849944434	0.07046692726644233
19	ltm	lexicality	31	0.20651578104114132	0.07806116104355465
19	ltm	lexicality	32	0.20720906711825382	0.06729011958000675
19	ltm	lexicality	33	0.20497952028297028	0.06334507262224887
19	ltm	lexicality	34	0.18964872210008166	0.05257403115870096
19	ltm	lexicality	35	0.1858320049139377	0.0578132147129663
19	ltm	lexicality	36	0.1742859074245907	0.060388878540650226
19	ltm	lexicality	37	0.1974219931854293	0.061431283737373055
19	ltm	lexicality	38	0.2519445394604729	0.07045160462021205
19	ltm	lexicality	39	0.22311335332136406	0.06463290453609083
19	ltm	lexicality	40	0.22065119179684256	0.07770464558039825
19	ltm	lexicality	41	0.15213148750178895	0.05003109064420863
19	ltm	lexicality	42	0.20427311081334354	0.053239041378693175
19	ltm	lexicality	43	0.2028155904102602	0.06208996402159839
19	ltm	lexicality	44	0.2199099327542724	0.07846889187161443
19	ltm	lexicality	45	0.22279747767243774	0.07474842624569855
19	ltm	lexicality	46	0.30753326163621475	0.09537848309534436
19	ltm	lexicality	47	0.20979510888297948	0.04945473464463801
19	ltm	lexicality	48	0.289932297337526	0.08565300735880454
19	ltm	lexicality	49	0.22637378806311448	0.06060791188034442
19	ltm	lexicality	50	0.1662898735408912	0.046985435145468435
19	ltm	lexicality	51	0.17977713810459683	0.04876649157750629
19	ltm	lexicality	52	0.24411752570209422	0.06121302346610147
19	ltm	lexicality	53	0.19237176749752627	0.05770606844083315
19	ltm	lexicality	54	0.2772006643118776	0.07154124857963673
19	ltm	lexicality	55	0.23260627778569076	0.07049807031449129
19	ltm	lexicality	56	0.25600449652242485	0.07998919006510663
19	ltm	lexicality	57	0.18181141802952971	0.06206673117445882
19	ltm	lexicality	58	0.1787462501981294	0.0512101960207747
19	ltm	lexicality	59	0.2364229949718344	0.07403220066080307
19	ltm	lexicality	60	0.18405533736029978	0.04425457908622965
19	ltm	lexicality	61	0.21657811134237615	0.06447376983063169
19	ltm	lexicality	62	0.21444619796226783	0.05657342875854621
19	ltm	lexicality	63	0.25082053870343124	0.08332357744495966
19	ltm	lexicality	64	0.25979044631893866	0.060254531694372226
19	ltm	lexicality	65	0.186822273539889	0.07022941075023248
19	ltm	lexicality	66	0.2342053224260936	0.07636007556260649
19	ltm	lexicality	67	0.19819074811600113	0.06554493061354083
19	ltm	lexicality	68	0.19026158029784657	0.05384415296444989
19	ltm	lexicality	69	0.21221540202401257	0.07143174897393822
19	ltm	lexicality	70	0.277515290857832	0.08431476727677933
19	ltm	lexicality	71	0.20282871380277512	0.06124574677929295
19	ltm	lexicality	72	0.1883060407280015	0.05491691926560294
19	ltm	lexicality	73	0.24940363758086392	0.06934219778506479
19	ltm	lexicality	74	0.21890654073580662	0.06285026783891046
19	ltm	lexicality	75	0.19516619956511683	0.054141576990091145
19	ltm	lexicality	76	0.25098503822415186	0.07036611093007583
19	ltm	lexicality	77	0.21998131942441845	0.056412713787944546
19	ltm	lexicality	78	0.23050965239981291	0.08107173102034182
19	ltm	lexicality	79	0.24579655980055715	0.07452464323538022
19	ltm	lexicality	80	0.2291727407353057	0.061343402585374185
19	ltm	lexicality	81	0.19429529057476946	0.06050312781697276
19	ltm	lexicality	82	0.20778707574307553	0.06594633150583373
19	ltm	lexicality	83	0.20483674694267884	0.05686263314214646
19	ltm	lexicality	84	0.21640048842914106	0.06088526358913127
19	ltm	lexicality	85	0.24878173817389748	0.06099557039154979
19	ltm	lexicality	86	0.20029641471108006	0.07066511522085961
19	ltm	lexicality	87	0.21009661203641894	0.06419641812184484
19	ltm	lexicality	88	0.19985665882194936	0.06361848185713159
19	ltm	lexicality	89	0.2494967504314387	0.0772681339130512
19	ltm	lexicality	90	0.28863475585056264	0.08593272127635276
19	ltm	lexicality	91	0.21787113222473886	0.06839003594910231
19	ltm	lexicality	92	0.21577858902217462	0.06357201616285246
19	ltm	lexicality	93	0.22530805058370396	0.06350975531985592
19	ltm	lexicality	94	0.22839946520013354	0.07614340443167367
19	ltm	lexicality	95	0.19222039136932012	0.059343312813642246
19	ltm	lexicality	96	0.20379273564369682	0.06817258287455064
19	ltm	lexicality	97	0.2550724911741056	0.07173152633314472
19	ltm	lexicality	98	0.15709845223000363	0.04956188091677116
19	ltm	lexicality	99	0.2360939959303936	0.07296578954851818
20	ltm	lexicality	0	0.25124209785249974	0.0628834747902598
20	ltm	lexicality	1	0.21109058176870732	0.042338533213353735
20	ltm	lexicality	2	0.2557270873715146	0.06323260090001609
20	ltm	lexicality	3	0.19960199461961203	0.05397850886755551
20	ltm	lexicality	4	0.18962558068078128	0.03850211153757388
20	ltm	lexicality	5	0.2230576797779199	0.05896466579580667
20	ltm	lexicality	6	0.1879140355356984	0.05220205982183962
20	ltm	lexicality	7	0.2512310049868901	0.06777728270085265
20	ltm	lexicality	8	0.18888507490845685	0.03916303973732638
20	ltm	lexicality	9	0.3022061355755087	0.0724834474189271
20	ltm	lexicality	10	0.24412575428126593	0.05299808550521318
20	ltm	lexicality	11	0.22583112415185214	0.06293624565749317
20	ltm	lexicality	12	0.23491203184597909	0.04543719971720772
20	ltm	lexicality	13	0.17661191017075495	0.03909609926612606
20	ltm	lexicality	14	0.2181535779431053	0.06279564852965752
20	ltm	lexicality	15	0.23642602234130006	0.06618192511827037
20	ltm	lexicality	16	0.2885163995556034	0.05786776211285427
20	ltm	lexicality	17	0.19952646149155673	0.05855282161555836
20	ltm	lexicality	18	0.3094645694684558	0.07789011848717886
20	ltm	lexicality	19	0.19856439805319492	0.053062771845748535
20	ltm	lexicality	20	0.19900569610021368	0.05231401738539376
20	ltm	lexicality	21	0.18167312940916147	0.053147427790812884
20	ltm	lexicality	22	0.19017962466895322	0.0528366025879754
20	ltm	lexicality	23	0.24559749024536115	0.0630843106995867
20	ltm	lexicality	24	0.21304798724226004	0.054399098205567986
20	ltm	lexicality	25	0.22789734135028883	0.05524245581424586
20	ltm	lexicality	26	0.2235784451692625	0.0671196000146499
20	ltm	lexicality	27	0.15637278471845417	0.04298182113725357
20	ltm	lexicality	28	0.21205264520706935	0.049119831548343484
20	ltm	lexicality	29	0.14490244908430927	0.03645307749365345
20	ltm	lexicality	30	0.25245506333745904	0.05301127822202156
20	ltm	lexicality	31	0.22985262989262878	0.06302731743164519
20	ltm	lexicality	32	0.24991638642638703	0.0640145176817084
20	ltm	lexicality	33	0.23798256701400378	0.057071675727195015
20	ltm	lexicality	34	0.1955915817444448	0.04472124651955711
20	ltm	lexicality	35	0.26200127209488067	0.0605776636542415
20	ltm	lexicality	36	0.23713324951679515	0.059781637970867885
20	ltm	lexicality	37	0.25673352227231516	0.06512559096862769
20	ltm	lexicality	38	0.22817224641316203	0.051654066072799876
20	ltm	lexicality	39	0.2503333818109733	0.055223763453222996
20	ltm	lexicality	40	0.3456146486114776	0.08993424524903515
20	ltm	lexicality	41	0.20163705015243283	0.05381830319382408
20	ltm	lexicality	42	0.26797624909294104	0.06058761085750014
20	ltm	lexicality	43	0.2375301761013754	0.05635028358761557
20	ltm	lexicality	44	0.18573900661237708	0.05720782529598656
20	ltm	lexicality	45	0.27608793469936554	0.06382884275923328
20	ltm	lexicality	46	0.2327127002602255	0.059270968241588284
20	ltm	lexicality	47	0.3390262290809277	0.07034137333081131
20	ltm	lexicality	48	0.28169926370967524	0.06277695616863471
20	ltm	lexicality	49	0.26646407588267607	0.06469308615731328
20	ltm	lexicality	50	0.19963527321644114	0.045783080313414326
20	ltm	lexicality	51	0.2168701210482188	0.05104915425383039
20	ltm	lexicality	52	0.28866958274292653	0.058234528498463
20	ltm	lexicality	53	0.22865791592261975	0.05484825190985021
20	ltm	lexicality	54	0.21490162270905622	0.045056188529620345
20	ltm	lexicality	55	0.23949655750932475	0.06130680956870038
20	ltm	lexicality	56	0.2201310522166645	0.0496292240341169
20	ltm	lexicality	57	0.23092350505587478	0.057734858057612415
20	ltm	lexicality	58	0.2285380113321257	0.05592652393406533
20	ltm	lexicality	59	0.16515448468727578	0.0460794355559373
20	ltm	lexicality	60	0.21586368614741802	0.04292158235576249
20	ltm	lexicality	61	0.28472754434647396	0.07111206566573852
20	ltm	lexicality	62	0.23207203027838885	0.051877065015035084
20	ltm	lexicality	63	0.2498831078295577	0.07121633015669887
20	ltm	lexicality	64	0.23692066778515464	0.04889810984961468
20	ltm	lexicality	65	0.17119995309526337	0.05103792980706545
20	ltm	lexicality	66	0.23874707580260346	0.06341827582249127
20	ltm	lexicality	67	0.22850473273529637	0.062636359040799
20	ltm	lexicality	68	0.20968722028332676	0.047692433414372126
20	ltm	lexicality	69	0.24466870540382846	0.056590697647367294
20	ltm	lexicality	70	0.2295423293017137	0.05186259505472057
20	ltm	lexicality	71	0.17954035501706656	0.04254162325334543
20	ltm	lexicality	72	0.20465212099240848	0.05366676747984506
20	ltm	lexicality	73	0.2113142563659579	0.06322068542671405
20	ltm	lexicality	74	0.2393415570369456	0.0629571314468953
20	ltm	lexicality	75	0.249725990425966	0.056006596419788224
20	ltm	lexicality	76	0.29130093679514524	0.06503127368092615
20	ltm	lexicality	77	0.2609969541252931	0.057217772499245256
20	ltm	lexicality	78	0.22367828095975006	0.06234324931182572
20	ltm	lexicality	79	0.24067836132866793	0.04938014001461266
20	ltm	lexicality	80	0.1933943670899042	0.046196892763705866
20	ltm	lexicality	81	0.3017609033122207	0.07050707864875738
20	ltm	lexicality	82	0.13760176066013607	0.044812318293709075
20	ltm	lexicality	83	0.23818193894882167	0.051745137846951894
20	ltm	lexicality	84	0.22197571174906428	0.0507383290509929
20	ltm	lexicality	85	0.24271129993027551	0.04971832753822547
20	ltm	lexicality	86	0.20676270965328436	0.04746950967014857
20	ltm	lexicality	87	0.23714434238240478	0.055434546565808485
20	ltm	lexicality	88	0.2543680973485728	0.06024497577484317
20	ltm	lexicality	89	0.25679796253476084	0.061251784570802215
20	ltm	lexicality	90	0.2995525957920703	0.06797156688079464
20	ltm	lexicality	91	0.2023643461279342	0.051228052288584736
20	ltm	lexicality	92	0.24544037284176856	0.06488517690887591
20	ltm	lexicality	93	0.2707074389356471	0.0637773491355062
20	ltm	lexicality	94	0.260234262621749	0.07249438600507052
20	ltm	lexicality	95	0.18477694317401527	0.051850679581418535
20	ltm	lexicality	96	0.1888539132428405	0.052862988021592006
20	ltm	lexicality	97	0.23000581307995194	0.054760425649247824
20	ltm	lexicality	98	0.1561845056492457	0.038385645712689986
20	ltm	lexicality	99	0.25683124113158995	0.05927646788580282
21	ltm	lexicality	0	0.18285711753977807	0.051585619069891286
21	ltm	lexicality	1	0.1987920559979105	0.034556032782200374
21	ltm	lexicality	2	0.1995186363153264	0.047087939317175365
21	ltm	lexicality	3	0.0873211320931867	0.038369331712873656
21	ltm	lexicality	4	0.21411486813860037	0.04517674502693525
21	ltm	lexicality	5	0.22481935783920892	0.062344651865054
21	ltm	lexicality	6	0.19915776665591556	0.049493437628959414
21	ltm	lexicality	7	0.19362016538239601	0.05560503592104804
21	ltm	lexicality	8	0.2167873598148068	0.04581734237378926
21	ltm	lexicality	9	0.19136710150760894	0.06315907325727049
21	ltm	lexicality	10	0.23023258133081936	0.04688299367175358
21	ltm	lexicality	11	0.19642187583910575	0.053003750403814054
21	ltm	lexicality	12	0.1321484013950155	0.04090831862985217
21	ltm	lexicality	13	0.1505119169641297	0.04143257197639344
21	ltm	lexicality	14	0.1701482389332859	0.059568145002216855
21	ltm	lexicality	15	0.12514537580034635	0.045797586183495664
21	ltm	lexicality	16	0.27151937676712035	0.061210978171855
21	ltm	lexicality	17	0.16771474022879362	0.05399222086657213
21	ltm	lexicality	18	0.2900047690239308	0.07285245475446894
21	ltm	lexicality	19	0.11420189312802342	0.04643247312539833
21	ltm	lexicality	20	0.24105902831404025	0.05871571932992803
21	ltm	lexicality	21	0.16042150561320911	0.053610894990513136
21	ltm	lexicality	22	0.1987871344044002	0.05041388569648281
21	ltm	lexicality	23	0.2813679867748934	0.07670836488526894
21	ltm	lexicality	24	0.22335877451665442	0.050660564082313286
21	ltm	lexicality	25	0.118339809125379	0.045156988836641654
21	ltm	lexicality	26	0.27188266692582796	0.07651140540475732
21	ltm	lexicality	27	0.20736051751283424	0.05800365155281895
21	ltm	lexicality	28	0.2121690373747257	0.04939795330383723
21	ltm	lexicality	29	0.1540354473345772	0.03767586124102423
21	ltm	lexicality	30	0.2697003442844522	0.06081705921083164
21	ltm	lexicality	31	0.13785425440683874	0.05441272329776525
21	ltm	lexicality	32	0.22816479328433237	0.05527658316998452
21	ltm	lexicality	33	0.24008611293210314	0.06038168793471532
21	ltm	lexicality	34	0.1652276049758029	0.04066647218925501
21	ltm	lexicality	35	0.17586385453721387	0.05222278177175249
21	ltm	lexicality	36	0.17482996051397037	0.060217900789042544
21	ltm	lexicality	37	0.23004722490760365	0.06274084658603613
21	ltm	lexicality	38	0.1858954004689054	0.0409417713900071
21	ltm	lexicality	39	0.28119005303940126	0.06424675650548722
21	ltm	lexicality	40	0.26592321735159163	0.07702050948105948
21	ltm	lexicality	41	0.13688618002349584	0.04308339131094169
21	ltm	lexicality	42	0.22153490103539164	0.05443475524801744
21	ltm	lexicality	43	0.1641278913126588	0.045369097587392604
21	ltm	lexicality	44	0.07886962567244915	0.03979544921170658
21	ltm	lexicality	45	0.30575677155814496	0.08261158288694331
21	ltm	lexicality	46	0.22901341147927645	0.05496699475946876
21	ltm	lexicality	47	0.3088632946264701	0.06768333648015595
21	ltm	lexicality	48	0.22950107941989362	0.06111776960669146
21	ltm	lexicality	49	0.2341194018599747	0.05739307232112728
21	ltm	lexicality	50	0.20554148503016612	0.05715810856054332
21	ltm	lexicality	51	0.24762318151799645	0.057881597147554975
21	ltm	lexicality	52	0.2261580644740674	0.05249464632751194
21	ltm	lexicality	53	0.19946257926753053	0.04334038702177795
21	ltm	lexicality	54	0.23381951084187025	0.043790907568133364
21	ltm	lexicality	55	0.22304912090644502	0.05331361923964584
21	ltm	lexicality	56	0.1280007228055552	0.04331607931156706
21	ltm	lexicality	57	0.2392278127399704	0.07057962198829848
21	ltm	lexicality	58	0.1824328487397643	0.04763394418865291
21	ltm	lexicality	59	0.1421751063281126	0.043718278252844245
21	ltm	lexicality	60	0.1568907943397858	0.04245566747436824
21	ltm	lexicality	61	0.27516962482385854	0.0625036070654934
21	ltm	lexicality	62	0.25522606974379014	0.06104631256646431
21	ltm	lexicality	63	0.23035203751921884	0.06231235798993301
21	ltm	lexicality	64	0.2332708642599467	0.0513806734244695
21	ltm	lexicality	65	0.17403747996173802	0.05174224311023484
21	ltm	lexicality	66	0.18133313507661997	0.059421782886741825
21	ltm	lexicality	67	0.264891824422561	0.06462808238154621
21	ltm	lexicality	68	0.16893157017595561	0.048820826832300435
21	ltm	lexicality	69	0.26580376116319215	0.07075111487356539
21	ltm	lexicality	70	0.2380110633877245	0.05840928513908883
21	ltm	lexicality	71	0.1726402957797869	0.0572421586857349
21	ltm	lexicality	72	0.2785711979116935	0.06667626871213844
21	ltm	lexicality	73	0.15969000370228315	0.03495677902309979
21	ltm	lexicality	74	0.1424213607977184	0.042952178465705815
21	ltm	lexicality	75	0.154705970604197	0.037257634569789866
21	ltm	lexicality	76	0.28252867907934365	0.06269485614105386
21	ltm	lexicality	77	0.2105913377681531	0.0575417101965609
21	ltm	lexicality	78	0.07467557203238195	0.03286114954714753
21	ltm	lexicality	79	0.15658840222746828	0.043503893742134814
21	ltm	lexicality	80	0.17683919041844842	0.03807660748192376
21	ltm	lexicality	81	0.16424984859527114	0.05226539297187921
21	ltm	lexicality	82	0.11353621085699817	0.031011094972128894
21	ltm	lexicality	83	0.28769564810134807	0.06527556240841331
21	ltm	lexicality	84	0.18437867950363918	0.038545431518194895
21	ltm	lexicality	85	0.2713389419374149	0.052965746123741775
21	ltm	lexicality	86	0.18753883912046254	0.05896327617547642
21	ltm	lexicality	87	0.25437261055025207	0.0560578322273621
21	ltm	lexicality	88	0.24701355629476673	0.07143088877555342
21	ltm	lexicality	89	0.2406883960625249	0.05909704520598691
21	ltm	lexicality	90	0.29699811262141107	0.07921789453771722
21	ltm	lexicality	91	0.24026412726251134	0.05546811267086088
21	ltm	lexicality	92	0.2659257184458045	0.06413384715016718
21	ltm	lexicality	93	0.20110601791908767	0.053462257115079515
21	ltm	lexicality	94	0.24482389156058326	0.06814067091635961
21	ltm	lexicality	95	0.12569644288156712	0.03949246305588788
21	ltm	lexicality	96	0.224026877286977	0.06475358482183069
21	ltm	lexicality	97	0.1827986399926852	0.041969418407899195
21	ltm	lexicality	98	0.17908983379393806	0.04063645407409272
21	ltm	lexicality	99	0.2786370175515941	0.06932727313469106
22	ltm	lexicality	0	0.24832285171596225	0.05194619780813192
22	ltm	lexicality	1	0.30941244973563864	0.05604165286383761
22	ltm	lexicality	2	0.29629780461176913	0.057871357434610415
22	ltm	lexicality	3	0.2433027163405982	0.048388785887801544
22	ltm	lexicality	4	0.26109020089503365	0.045872305961181525
22	ltm	lexicality	5	0.22093920951457668	0.0503942418707341
22	ltm	lexicality	6	0.26812319956648756	0.061122185311657806
22	ltm	lexicality	7	0.2694214015256441	0.05426220903019052
22	ltm	lexicality	8	0.2406456578755939	0.04234440868141842
22	ltm	lexicality	9	0.23344582208182107	0.05762811348363478
22	ltm	lexicality	10	0.25863367069984566	0.05355917963962309
22	ltm	lexicality	11	0.24469481778926283	0.04954927507674611
22	ltm	lexicality	12	0.19216391206920702	0.045552800927381065
22	ltm	lexicality	13	0.21007809485128737	0.04383370375716822
22	ltm	lexicality	14	0.27745570293213906	0.05578979873351714
22	ltm	lexicality	15	0.177329938999211	0.04042071324613694
22	ltm	lexicality	16	0.24587613314210277	0.055188075890505006
22	ltm	lexicality	17	0.3055236791971122	0.06819838635241277
22	ltm	lexicality	18	0.32601127878069713	0.07748480000583308
22	ltm	lexicality	19	0.17860515384155928	0.03670113869182273
22	ltm	lexicality	20	0.21943066766427555	0.04323232052948556
22	ltm	lexicality	21	0.20740096693894616	0.04755344811914719
22	ltm	lexicality	22	0.25263521970624925	0.05154544164967467
22	ltm	lexicality	23	0.3156471454066595	0.06995130897436563
22	ltm	lexicality	24	0.15617807479937518	0.043509389932201215
22	ltm	lexicality	25	0.2576323679648048	0.04763004881730154
22	ltm	lexicality	26	0.2966147732832217	0.06323342846098312
22	ltm	lexicality	27	0.23996132381200586	0.05302544731542047
22	ltm	lexicality	28	0.2696518108641258	0.051315299939881986
22	ltm	lexicality	29	0.25334988104318323	0.04411043354455424
22	ltm	lexicality	30	0.2692614583551819	0.053239334990493103
22	ltm	lexicality	31	0.2315366698965674	0.050948369233164814
22	ltm	lexicality	32	0.24541239679566773	0.0559138251045882
22	ltm	lexicality	33	0.1976678532383428	0.03454297929257516
22	ltm	lexicality	34	0.2770321054803778	0.04555728154621863
22	ltm	lexicality	35	0.14788011911158183	0.03418018958936586
22	ltm	lexicality	36	0.18814799709835517	0.04310398334724175
22	ltm	lexicality	37	0.21381275755829454	0.0580292092574215
22	ltm	lexicality	38	0.3024126960070018	0.05511130538468573
22	ltm	lexicality	39	0.2472247318219415	0.06076387622728613
22	ltm	lexicality	40	0.32135161484561137	0.07151720474826978
22	ltm	lexicality	41	0.2132321346055429	0.04386752920890813
22	ltm	lexicality	42	0.24902725522688718	0.05067544083395714
22	ltm	lexicality	43	0.1571059936969249	0.036978366459202605
22	ltm	lexicality	44	0.224440545213631	0.05699738542304961
22	ltm	lexicality	45	0.20858228229178588	0.05278668398328229
22	ltm	lexicality	46	0.2657297953827823	0.06067815592679249
22	ltm	lexicality	47	0.24749864392924914	0.04987806952055063
22	ltm	lexicality	48	0.19413619026594275	0.04322320092714638
22	ltm	lexicality	49	0.33180920150447724	0.06804517351310341
22	ltm	lexicality	50	0.25292920126089335	0.05039854123890619
22	ltm	lexicality	51	0.2443675912918014	0.04783498669769981
22	ltm	lexicality	52	0.3172364112509892	0.05387454366991573
22	ltm	lexicality	53	0.2588440105909905	0.049391423253935085
22	ltm	lexicality	54	0.2520213518106814	0.0423105832296784
22	ltm	lexicality	55	0.2765909100460716	0.04879004002625237
22	ltm	lexicality	56	0.24041524853711238	0.06206828884553611
22	ltm	lexicality	57	0.17043389638141082	0.04618337062330202
22	ltm	lexicality	58	0.23878000845916614	0.049830983462963496
22	ltm	lexicality	59	0.2494811799519937	0.05091437397376003
22	ltm	lexicality	60	0.19142581741078446	0.040587175248292806
22	ltm	lexicality	61	0.302739922504463	0.05867336773151843
22	ltm	lexicality	62	0.21166002053907962	0.0453951189122348
22	ltm	lexicality	63	0.2566208074037558	0.05831074783597401
22	ltm	lexicality	64	0.21896648511316086	0.04422997929678785
22	ltm	lexicality	65	0.24818589566230853	0.04721984488417613
22	ltm	lexicality	66	0.20219347878924598	0.0471863476047652
22	ltm	lexicality	67	0.31249310565240374	0.06431664916411478
22	ltm	lexicality	68	0.20417309714251897	0.045070295664273397
22	ltm	lexicality	69	0.3025295826133184	0.06771654887696371
22	ltm	lexicality	70	0.3563557726230596	0.07184102059324299
22	ltm	lexicality	71	0.2377151335079627	0.04682321828622632
22	ltm	lexicality	72	0.25130669047374743	0.06115153014456032
22	ltm	lexicality	73	0.25749541191115155	0.04867530306518536
22	ltm	lexicality	74	0.16853500202216576	0.03262358322546571
22	ltm	lexicality	75	0.16111165084176793	0.026058575936062978
22	ltm	lexicality	76	0.3110378781922566	0.05835335327472363
22	ltm	lexicality	77	0.24907075799571288	0.05924109531512595
22	ltm	lexicality	78	0.190067407109617	0.04062151012302717
22	ltm	lexicality	79	0.28577372806726953	0.05499656842361872
22	ltm	lexicality	80	0.29638144627526886	0.05912154956289234
22	ltm	lexicality	81	0.28306335521211146	0.05699687600005521
22	ltm	lexicality	82	0.22221442435692496	0.04939607368043747
22	ltm	lexicality	83	0.25258190531609526	0.04998385668694322
22	ltm	lexicality	84	0.2823056373110323	0.05791396287335998
22	ltm	lexicality	85	0.28908479332251613	0.05871597317026811
22	ltm	lexicality	86	0.2215198324673281	0.04494229809735917
22	ltm	lexicality	87	0.2920588204589726	0.0534310122650441
22	ltm	lexicality	88	0.2212561781860295	0.05251409519940414
22	ltm	lexicality	89	0.25602992662499535	0.059995691382117966
22	ltm	lexicality	90	0.17766697711800117	0.0438199451713272
22	ltm	lexicality	91	0.24648708336819947	0.052275162059601143
22	ltm	lexicality	92	0.31389501872239667	0.06435942441052911
22	ltm	lexicality	93	0.25087328140065834	0.04999314609694727
22	ltm	lexicality	94	0.22915352353887053	0.0643168189717796
22	ltm	lexicality	95	0.243366288556761	0.04755327831148243
22	ltm	lexicality	96	0.28097710807853027	0.05623349994605353
22	ltm	lexicality	97	0.3237318435338371	0.054156252056133
22	ltm	lexicality	98	0.1639487219245711	0.038467491727287584
22	ltm	lexicality	99	0.276073859309483	0.060435081783481615
19	ltm	morphology	0	-4.169529697406471e-05	-0.001373325603978126
19	ltm	morphology	1	0.0020765831231616128	-0.0027466512079563077
19	ltm	morphology	2	-0.006345694156167592	-0.0068666280198907415
19	ltm	morphology	3	-0.0007487156355570068	-0.002746651207956252
19	ltm	morphology	4	0.010567365197878154	0.002746651207956363
19	ltm	morphology	5	0.0013997686929098085	0.0006866628019891463
19	ltm	morphology	6	0.00117878913642111	5.551115123125783e-17
19	ltm	morphology	7	0.00108394359636943	-0.0006866628019890353
19	ltm	morphology	8	0.0009206657912086413	-0.001373325603978126
19	ltm	morphology	9	0.0023421131025154196	-0.001373325603978126
19	ltm	morphology	10	-0.010139026167112042	-0.005493302415912671
19	ltm	morphology	11	-0.006406792317413701	-0.004119976811934489
19	ltm	morphology	12	0.008816941461567862	0.004119976811934545
19	ltm	morphology	13	-0.011131593163625997	-0.004119976811934489
19	ltm	morphology	14	0.0003837886079007813	-0.004119976811934434
19	ltm	morphology	15	-0.0020343084544215406	-0.003433314009945343
19	ltm	morphology	16	4.455042286499733e-05	-0.0006866628019890353
19	ltm	morphology	17	0.006361700610521659	-0.0027466512079563077
19	ltm	morphology	18	0.0038556233582616173	0.0
19	ltm	morphology	19	0.0018880852291291994	-0.0013733256039780706
19	ltm	morphology	20	-0.005974443062424339	-0.0020599884059671614
19	ltm	morphology	21	-0.0031850949063586542	-0.0013733256039781816
19	ltm	morphology	22	-0.005261678029519934	-0.0006866628019890353
19	ltm	morphology	23	0.00023644472681572104	-0.0013733256039781816
19	ltm	morphology	24	0.00654098487003596	-0.0006866628019889798
19	ltm	morphology	25	0.00684253798232104	0.001373325603978237
19	ltm	morphology	26	0.00025646140539281603	-0.001373325603978126
19	ltm	morphology	27	0.00255062767512515	0.0006866628019891463
19	ltm	morphology	28	0.007526759046714182	0.001373325603978237
19	ltm	morphology	29	0.004022370103618611	0.00480663961392358
19	ltm	morphology	30	0.007104671551757091	0.004119976811934545
19	ltm	morphology	31	0.007565564775257494	0.002059988405967217
19	ltm	morphology	32	-0.00047057561176711005	5.551115123125783e-17
19	ltm	morphology	33	-0.006035541223670338	-0.002059988405967217
19	ltm	morphology	34	0.006989881863406433	0.0
19	ltm	morphology	35	0.0019241083620601396	-0.001373325603978126
19	ltm	morphology	36	-0.0032171078150661225	5.551115123125783e-17
19	ltm	morphology	37	0.00977409913945615	0.0006866628019891463
19	ltm	morphology	38	0.006092087876666041	5.551115123125783e-17
19	ltm	morphology	39	-0.0005745622560585639	1.1102230246251565e-16
19	ltm	morphology	40	0.00581228591305627	0.0006866628019892018
19	ltm	morphology	41	0.000740767717388402	0.0006866628019891463
19	ltm	morphology	42	0.004683105549238231	-0.001373325603978126
19	ltm	morphology	43	-0.0002820777177348077	-0.0006866628019891463
19	ltm	morphology	44	0.00177329554077843	0.0
19	ltm	morphology	45	0.01165358454837273	0.0020599884059673834
19	ltm	morphology	46	0.005268543379634449	0.002059988405967328
19	ltm	morphology	47	-0.006933335210410951	-0.002059988405967217
19	ltm	morphology	48	0.006440467165941266	0.0
19	ltm	morphology	49	0.003641977905635807	5.551115123125783e-17
19	ltm	morphology	50	-0.007738597498963218	-0.00549330241591256
19	ltm	morphology	51	0.005385067538083099	-0.0006866628019889798
19	ltm	morphology	52	0.0017893019951322753	0.0
19	ltm	morphology	53	0.007411969358363413	0.0006866628019891463
19	ltm	morphology	54	-0.007685519786164163	-0.003433314009945343
19	ltm	morphology	55	0.0038750262225334398	0.001373325603978237
19	ltm	morphology	56	-0.003911590639491314	-0.004119976811934434
19	ltm	morphology	57	0.000628253783163335	-0.0027466512079563077
19	ltm	morphology	58	0.008065298169841584	0.0
19	ltm	morphology	59	0.0023387166925973313	-0.001373325603978126
19	ltm	morphology	60	-0.0016785225310048668	-0.004119976811934434
19	ltm	morphology	61	0.002559227495337546	0.003433314009945454
19	ltm	morphology	62	0.0010080321668405334	0.004119976811934489
19	ltm	morphology	63	-0.006884774563322371	0.0006866628019891463
19	ltm	morphology	64	0.0027213846447055046	-0.0020599884059671614
19	ltm	morphology	65	0.007985917800116593	0.002746651207956363
19	ltm	morphology	66	0.0056111779745881	-0.0006866628019889798
19	ltm	morphology	67	-0.005423293894860848	-0.003433314009945343
19	ltm	morphology	68	0.01426191397482579	0.0027466512079563077
19	ltm	morphology	69	0.00024558583105516174	-0.001373325603978126
19	ltm	morphology	70	0.006104697921101798	0.002059988405967328
19	ltm	morphology	71	0.002239933458600629	5.551115123125783e-17
19	ltm	morphology	72	0.003950937652062114	-0.002059988405967106
19	ltm	morphology	73	0.0033296217492916336	0.0006866628019891463
19	ltm	morphology	74	0.006602083031282291	0.002746651207956363
19	ltm	morphology	75	-0.0045489129966157504	-0.004119976811934489
19	ltm	morphology	76	-0.003520395397449194	-0.00480663961392358
19	ltm	morphology	77	-0.0007001549884684266	-0.0013733256039781816
19	ltm	morphology	78	0.007644945144982596	0.001373325603978237
19	ltm	morphology	79	-0.003714565455524954	-0.001373325603978126
19	ltm	morphology	80	0.00805442259550404	0.0027466512079564187
19	ltm	morphology	81	0.006943055686415955	0.0
19	ltm	morphology	82	0.0001382027768458416	-0.004119976811934489
19	ltm	morphology	83	0.0029006689042202494	0.001373325603978237
19	ltm	morphology	84	0.0013210021374902015	0.0006866628019891463
19	ltm	morphology	85	-0.00206119048311304	5.551115123125783e-17
19	ltm	morphology	86	0.007858518067329956	0.001373325603978237
19	ltm	morphology	87	0.0007372987771921968	0.002059988405967328
19	ltm	morphology	88	0.007437044386678582	-0.0006866628019889243
19	ltm	morphology	89	0.005443889945203728	0.002746651207956363
19	ltm	morphology	90	-0.005620932893132813	-0.002059988405967217
19	ltm	morphology	91	-0.008214917805052124	-0.002059988405967217
19	ltm	morphology	92	0.004110350293555998	0.0013733256039781816
19	ltm	morphology	93	-0.0034398218416530346	-0.00549330241591256
19	ltm	morphology	94	0.00036778215354715815	-0.004806639613923469
19	ltm	morphology	95	-0.014228239126298226	-0.008926616425858014
19	ltm	morphology	96	0.007151497728747569	-0.0006866628019889798
19	ltm	morphology	97	0.004857331459015013	5.551115123125783e-17
19	ltm	morphology	98	0.013922675789790007	0.0
19	ltm	morphology	99	0.008531936087663783	0.005493302415912671
20	ltm	morphology	0	-3.263959138788408e-05	-1.3192716808330118e-05
20	ltm	morphology	1	-0.00017882240249222914	1.3192716808330118e-05
20	ltm	morphology	2	-0.000253743081667146	-1.319271680844114e-05
20	ltm	morphology	3	-0.00022217794853229833	-3.9578150425045866e-05
20	ltm	morphology	4	-0.0001468359202408953	-6.596358404165059e-05
20	ltm	morphology	5	-0.00026346116910302975	-6.59635840417061e-05
20	ltm	morphology	6	-0.000284872902152844	-9.234901765831083e-05
20	ltm	morphology	7	-5.196489527281578e-05	-2.6385433616715748e-05
20	ltm	morphology	8	-0.00026093548180183834	-5.2770867233375984e-05
20	ltm	morphology	9	-0.00026153004908413546	-5.2770867233375984e-05
20	ltm	morphology	10	-7.051620098774691e-05	0.0
20	ltm	morphology	11	-0.00020081459912835165	-2.6385433616715748e-05
20	ltm	morphology	12	-0.00035557869223679095	-0.00011873445127491555
20	ltm	morphology	13	-0.00015341343667607532	-2.6385433616715748e-05
20	ltm	morphology	14	-0.00011323274158681063	1.3192716808330118e-05
20	ltm	morphology	15	-4.4516613376011094e-05	2.6385433616604725e-05
20	ltm	morphology	16	-0.00019580539545016595	-5.277086723332047e-05
20	ltm	morphology	17	-0.0001727488987693926	1.3192716808330118e-05
20	ltm	morphology	18	-0.0002012843318908164	-3.9578150424934844e-05
20	ltm	morphology	19	-0.00013656543644657848	-1.3192716808330118e-05
20	ltm	morphology	20	-6.145122268830239e-05	-1.3192716808330118e-05
20	ltm	morphology	21	-0.00023585504329748375	-6.596358404165059e-05
20	ltm	morphology	22	-7.995414475747697e-05	-6.596358404165059e-05
20	ltm	morphology	23	-0.00010343199055484753	-3.9578150425045866e-05
20	ltm	morphology	24	-0.00029858427686846323	-5.2770867233375984e-05
20	ltm	morphology	25	-0.000258679779958193	-9.234901765831083e-05
20	ltm	morphology	26	-0.00017320847332291667	0.0
20	ltm	morphology	27	-0.0002589559781371875	-7.915630084998071e-05
20	ltm	morphology	28	-0.0002328112395884041	-6.596358404165059e-05
20	ltm	morphology	29	-9.035962128045583e-05	-9.234901765825532e-05
20	ltm	morphology	30	-0.00017803824611373198	-9.234901765825532e-05
20	ltm	morphology	31	-0.0003122613716335376	-9.234901765831083e-05
20	ltm	morphology	32	-6.375530817803732e-05	-5.277086723332047e-05
20	ltm	morphology	33	-7.728725200606412e-05	-5.2770867233375984e-05
20	ltm	morphology	34	-0.00019971601913371106	-2.6385433616715748e-05
20	ltm	morphology	35	-0.00010563930875284733	-2.6385433616715748e-05
20	ltm	morphology	36	-9.343770493963621e-05	-6.596358404165059e-05
20	ltm	morphology	37	-0.0003336590009876961	-7.91563008499252e-05
20	ltm	morphology	38	-0.00012239448717743517	-2.6385433616715748e-05
20	ltm	morphology	39	5.919157535783093e-05	-1.3192716808330118e-05
20	ltm	morphology	40	-0.00036132366864760623	-9.234901765825532e-05
20	ltm	morphology	41	7.832334465929236e-05	-2.6385433616715748e-05
20	ltm	morphology	42	-0.00012588376174460514	2.6385433616604725e-05
20	ltm	morphology	43	-0.0001289337781756883	-3.9578150425045866e-05
20	ltm	morphology	44	-0.00011240020156255692	-1.3192716808330118e-05
20	ltm	morphology	45	-0.0002858747148559715	-6.59635840417061e-05
20	ltm	morphology	46	-0.0002502054234542195	-9.234901765825532e-05
20	ltm	morphology	47	0.00013756330366299085	2.6385433616660237e-05
20	ltm	morphology	48	-0.00034244778110781304	-6.596358404165059e-05
20	ltm	morphology	49	-0.00032384809174712537	-9.234901765825532e-05
20	ltm	morphology	50	6.922408640985811e-05	5.277086723326496e-05
20	ltm	morphology	51	-0.00017440382060918136	-2.6385433616604725e-05
20	ltm	morphology	52	-8.04621029567576e-05	-2.6385433616604725e-05
20	ltm	morphology	53	-9.403848494393685e-05	-2.6385433616715748e-05
20	ltm	morphology	54	0.0001051172468579109	2.6385433616604725e-05
20	ltm	morphology	55	-0.0002180878939611608	-6.596358404165059e-05
20	ltm	morphology	56	-8.42275757031441e-05	1.3192716808330118e-05
20	ltm	morphology	57	-3.0428327703058144e-05	1.3192716808274607e-05
20	ltm	morphology	58	-0.0001853999189271871	-1.3192716808330118e-05
20	ltm	morphology	59	-0.0002815529002644368	-5.277086723332047e-05
20	ltm	morphology	60	8.924693759015945e-05	6.596358404159508e-05
20	ltm	morphology	61	-0.00021409066119459919	-0.00010554173446658544
20	ltm	morphology	62	-0.00011071099977244536	-0.00013192716808324567
20	ltm	morphology	63	-0.00018287817711304388	-0.00011873445127491555
20	ltm	morphology	64	-0.00018098133704436137	-1.3192716808330118e-05
20	ltm	morphology	65	-0.00010025713960382099	-5.2770867233375984e-05
20	ltm	morphology	66	-0.00023929593421878614	-2.6385433616604725e-05
20	ltm	morphology	67	-0.00041471172573981363	-7.915630084998071e-05
20	ltm	morphology	68	-0.00038856698719114124	-7.91563008499252e-05
20	ltm	morphology	69	-0.00036021493044435804	-7.915630084998071e-05
20	ltm	morphology	70	-0.0003855372871776064	-0.00010554173446658544
20	ltm	morphology	71	-0.00017960655887061527	-2.6385433616715748e-05
20	ltm	morphology	72	-9.057727760508616e-05	1.3192716808330118e-05
20	ltm	morphology	73	-0.00011871167802723903	-2.6385433616715748e-05
20	ltm	morphology	74	-0.00030566975150281284	-0.00013192716808324567
20	ltm	morphology	75	-5.26140589225399e-05	5.277086723326496e-05
20	ltm	morphology	76	-4.094000058074698e-06	5.277086723326496e-05
20	ltm	morphology	77	-0.0002446398779307746	-5.2770867233375984e-05
20	ltm	morphology	78	-0.00016818911143601234	-5.277086723332047e-05
20	ltm	morphology	79	-7.815801746724471e-05	-1.3192716808330118e-05
20	ltm	morphology	80	-0.0002348773523359604	-5.277086723332047e-05
20	ltm	morphology	81	-0.0001460517638621761	-1.3192716808330118e-05
20	ltm	morphology	82	-0.00011976187437623409	3.957815042487933e-05
20	ltm	morphology	83	-7.760167562231857e-05	-2.6385433616715748e-05
20	ltm	morphology	84	-0.00027713431838161107	-9.234901765825532e-05
20	ltm	morphology	85	1.1596878322417403e-05	-1.3192716808330118e-05
20	ltm	morphology	86	-0.00034014369561818913	-9.234901765825532e-05
20	ltm	morphology	87	-0.00014453183475104936	-9.234901765825532e-05
20	ltm	morphology	88	-0.00024665760703268536	-2.6385433616715748e-05
20	ltm	morphology	89	-0.00016317990775771563	-7.91563008499252e-05
20	ltm	morphology	90	-6.982881190076284e-05	-5.2770867233375984e-05
20	ltm	morphology	91	-0.00010739099788426021	-3.9578150424934844e-05
20	ltm	morphology	92	7.565645190765746e-05	-1.3192716808330118e-05
20	ltm	morphology	93	-7.72872520059531e-05	5.277086723320945e-05
20	ltm	morphology	94	8.404419932872553e-05	0.00010554173446658544
20	ltm	morphology	95	5.159814252375661e-05	7.915630084986969e-05
20	ltm	morphology	96	-0.00016293798952882188	-1.3192716808330118e-05
20	ltm	morphology	97	-0.0001917980044748857	-2.6385433616715748e-05
20	ltm	morphology	98	-0.0002648461054857165	0.0
20	ltm	morphology	99	-9.215574857057707e-05	-0.00010554173446664095
21	ltm	morphology	0	-9.615849094801732e-05	0.0006854843069393768
21	ltm	morphology	1	-0.002383999026723038	-0.0013709686138787536
21	ltm	morphology	2	0.005505955084956327	-0.0027419372277575627
21	ltm	morphology	3	0.013411707017899621	0.002741937227757507
21	ltm	morphology	4	0.0066680090112093415	0.0013709686138787536
21	ltm	morphology	5	0.0135418822983987	0.0047983901485757485
21	ltm	morphology	6	0.011071099751342905	0.004112905841636316
21	ltm	morphology	7	-0.005930051979699202	-0.0013709686138787536
21	ltm	morphology	8	0.0022649182710756666	0.0006854843069393768
21	ltm	morphology	9	0.002729922534542739	0.0
21	ltm	morphology	10	-0.004850109899575905	-0.0013709686138787536
21	ltm	morphology	11	-0.005640833661867739	-0.0006854843069393768
21	ltm	morphology	12	0.008526104268789303	0.004112905841636372
21	ltm	morphology	13	-0.002852464390881604	-0.0006854843069393768
21	ltm	morphology	14	0.005951498184415427	-0.0020564529208181304
21	ltm	morphology	15	-0.006084391720618698	-0.0020564529208181304
21	ltm	morphology	16	-0.0041335990727821015	0.0006854843069393768
21	ltm	morphology	17	-0.004423794099862599	-0.004112905841636316
21	ltm	morphology	18	-0.002558808263109502	0.0006854843069393768
21	ltm	morphology	19	-0.003523364552538877	-0.0013709686138787536
21	ltm	morphology	20	-0.00935157803562825	-0.0020564529208181304
21	ltm	morphology	21	-0.006751830781584478	0.0
21	ltm	morphology	22	-0.001657136520064606	0.003427421534696995
21	ltm	morphology	23	0.002908192871620807	0.0006854843069393768
21	ltm	morphology	24	0.0047275680432373735	0.0006854843069393768
21	ltm	morphology	25	0.007832515706694965	0.002741937227757618
21	ltm	morphology	26	0.0011724056061176436	0.001370968613878809
21	ltm	morphology	27	0.006199543647050776	0.002056452920818186
21	ltm	morphology	28	0.012610631575743603	0.003427421534696995
21	ltm	morphology	29	-0.006084391720618698	0.004112905841636372
21	ltm	morphology	30	0.00704401084937345	0.002741937227757618
21	ltm	morphology	31	0.002183549269932694	0.002741937227757507
21	ltm	morphology	32	0.005573277441280999	0.002056452920818186
21	ltm	morphology	33	-0.0001681525214755064	0.0020564529208181304
21	ltm	morphology	34	0.001388387697700444	0.0
21	ltm	morphology	35	0.0039550948714420775	5.551115123125783e-17
21	ltm	morphology	36	-0.006205457516974544	0.0020564529208181304
21	ltm	morphology	37	0.010659838927906784	0.0013709686138787536
21	ltm	morphology	38	0.009422096006172609	0.0013709686138787536
21	ltm	morphology	39	-0.003293569680400177	0.0006854843069393768
21	ltm	morphology	40	0.009626749708641524	0.002741937227757507
21	ltm	morphology	41	0.0018339307971595442	0.0020564529208181304
21	ltm	morphology	42	0.003892210325057932	0.0
21	ltm	morphology	43	0.0012912524975030593	0.0006854843069393768
21	ltm	morphology	44	0.0003084456175771466	0.0006854843069393768
21	ltm	morphology	45	-0.0003486417635237826	0.0006854843069393768
21	ltm	morphology	46	0.01765034020151124	0.006169358762454502
21	ltm	morphology	47	-0.009753963239183094	-0.0006854843069393768
21	ltm	morphology	48	0.005951498184415538	0.0006854843069394323
21	ltm	morphology	49	0.004709317452740502	0.0020564529208181304
21	ltm	morphology	50	-0.012372937792972438	-0.004112905841636316
21	ltm	morphology	51	0.00802113772363744	0.0
21	ltm	morphology	52	-0.0013200886321262928	0.0013709686138787536
21	ltm	morphology	53	-0.0065984677499139055	-0.0013709686138787536
21	ltm	morphology	54	0.0003437046028491597	-0.0006854843069393768
21	ltm	morphology	55	0.0017150839057741285	0.0020564529208181304
21	ltm	morphology	56	-0.012548989225080076	-0.003427421534696995
21	ltm	morphology	57	-0.0008422482973521328	-0.0020564529208181304
21	ltm	morphology	58	0.005715046597365658	0.0006854843069393768
21	ltm	morphology	59	0.004959581820346282	0.0020564529208181304
21	ltm	morphology	60	0.009793660034396079	-0.0013709686138787536
21	ltm	morphology	61	-0.0012241640054401204	0.003427421534696995
21	ltm	morphology	62	-0.0029155828015278162	0.004112905841636316
21	ltm	morphology	63	0.000914008463617777	0.004112905841636316
21	ltm	morphology	64	0.0025667071737420777	-0.0013709686138787536
21	ltm	morphology	65	0.0054154765996698995	0.0020564529208181304
21	ltm	morphology	66	0.016018344851116306	0.0034274215346969394
21	ltm	morphology	67	0.0006181334308755781	0.0006854843069393768
21	ltm	morphology	68	0.016516654681357323	0.003427421534696995
21	ltm	morphology	69	0.004261321584049127	0.0013709686138787536
21	ltm	morphology	70	0.016799959129264797	0.005483874455515125
21	ltm	morphology	71	-0.002324575581030386	0.0006854843069393768
21	ltm	morphology	72	-0.008076123359389231	-0.004112905841636316
21	ltm	morphology	73	0.0034602461418927755	0.002741937227757507
21	ltm	morphology	74	0.009097618703069243	0.004112905841636372
21	ltm	morphology	75	-0.002094780708891575	-0.0013709686138787536
21	ltm	morphology	76	-0.0021576652552759423	-0.002741937227757618
21	ltm	morphology	77	-0.000316578392471234	0.0006854843069393768
21	ltm	morphology	78	0.01332590020681601	0.0034274215346969394
21	ltm	morphology	79	-0.010823553639441541	-0.0013709686138787536
21	ltm	morphology	80	0.012870005427492393	0.004112905841636316
21	ltm	morphology	81	0.007963933182914884	0.0020564529208181304
21	ltm	morphology	82	0.003045524217765161	-0.0027419372277575627
21	ltm	morphology	83	-0.003190754474541091	0.0006854843069393768
21	ltm	morphology	84	0.00452193763151898	0.0047983901485757485
21	ltm	morphology	85	-1.1593875585691471e-05	0.0013709686138787536
21	ltm	morphology	86	0.010001509351084348	0.0020564529208181304
21	ltm	morphology	87	0.002585934473487539	0.004112905841636316
21	ltm	morphology	88	0.005201947277319929	-0.0006854843069393768
21	ltm	morphology	89	-0.002786384230277883	0.0020564529208181304
21	ltm	morphology	90	-0.008651098894360554	0.0006854843069393768
21	ltm	morphology	91	-0.013093143584719913	-0.0020564529208181304
21	ltm	morphology	92	-0.003721096053624806	-0.0006854843069393768
21	ltm	morphology	93	0.0025425427133212164	-0.0013709686138787536
21	ltm	morphology	94	-0.004618096122466997	-0.006169358762454502
21	ltm	morphology	95	-0.004007861602223661	-0.0034274215346969394
21	ltm	morphology	96	0.012666593920744762	0.0020564529208181304
21	ltm	morphology	97	0.010350151114608463	0.0013709686138787536
21	ltm	morphology	98	0.007786905041558212	-0.0006854843069393768
21	ltm	morphology	99	-0.002339365070835542	0.004798390148575693
22	ltm	morphology	0	0.007845066984686566	0.001671343324967156
22	ltm	morphology	1	0.003020939605520301	-0.00023876333213818102
22	ltm	morphology	2	0.007539058826715017	-5.551115123125783e-17
22	ltm	morphology	3	0.004363283776311344	0.00023876333213818102
22	ltm	morphology	4	0.00531930624072785	0.0011938166606908496
22	ltm	morphology	5	0.006436257854152916	0.0009550533285526686
22	ltm	morphology	6	0.004926890830228237	0.000716289996414432
22	ltm	morphology	7	0.00279349026759812	0.0
22	ltm	morphology	8	0.004220410325019075	0.0004775266642763065
22	ltm	morphology	9	0.004932890986410254	0.0009550533285526686
22	ltm	morphology	10	0.0006762757180145407	-0.0009550533285527241
22	ltm	morphology	11	0.0024251476213961176	-5.551115123125783e-17
22	ltm	morphology	12	0.0019100816962200895	0.0011938166606908496
22	ltm	morphology	13	0.0028719724501030663	-0.00023876333213829204
22	ltm	morphology	14	0.00509589382637432	0.0004775266642763065
22	ltm	morphology	15	0.00015707932132646985	-0.0007162899964144875
22	ltm	morphology	16	0.0028881032339787005	0.00023876333213818102
22	ltm	morphology	17	0.0032422952393174054	-0.00047752666427636203
22	ltm	morphology	18	0.00493688959120675	0.000716289996414432
22	ltm	morphology	19	0.003147720591708536	-0.00023876333213818102
22	ltm	morphology	20	0.006454368781040998	0.000716289996414432
22	ltm	morphology	21	0.0008635215077633651	-0.00023876333213829204
22	ltm	morphology	22	0.001322308330062083	0.0009550533285526686
22	ltm	morphology	23	0.004938946371763175	0.0009550533285526686
22	ltm	morphology	24	0.00315175751527752	-0.00023876333213818102
22	ltm	morphology	25	0.005770112763832325	0.0014325799928290306
22	ltm	morphology	26	0.001326345253630734	0.00023876333213807
22	ltm	morphology	27	0.007655857962324264	0.001193816660690794
22	ltm	morphology	28	0.0075370955941017614	0.0014325799928290306
22	ltm	morphology	29	0.004631013299950637	0.002148869989243518
22	ltm	morphology	30	0.006001543796152253	0.001671343324967156
22	ltm	morphology	31	0.00313172167454856	0.0009550533285527241
22	ltm	morphology	32	0.0014571631633879534	0.0009550533285527241
22	ltm	morphology	33	0.00432308022813821	0.000716289996414543
22	ltm	morphology	34	0.00393864511683284	0.000716289996414432
22	ltm	morphology	35	0.0028599169085682385	0.00023876333213818102
22	ltm	morphology	36	0.0011733794934170039	0.0
22	ltm	morphology	37	0.005800279232255123	0.000716289996414432
22	ltm	morphology	38	0.004850388790735516	0.00023876333213818102
22	ltm	morphology	39	0.0042686708099305415	0.0004775266642763065
22	ltm	morphology	40	0.005393751499664257	0.0009550533285526686
22	ltm	morphology	41	0.005472310319713625	0.001432579992828975
22	ltm	morphology	42	0.007895345931382192	0.0009550533285526686
22	ltm	morphology	43	0.0038159010542128113	0.000716289996414432
22	ltm	morphology	44	0.005061652115611048	0.0004775266642763065
22	ltm	morphology	45	0.005834465713847159	0.00047752666427636203
22	ltm	morphology	46	0.003467670886283969	0.001671343324967156
22	ltm	morphology	47	-0.00023331762738876272	0.0
22	ltm	morphology	48	0.0031074787247635793	0.000716289996414543
22	ltm	morphology	49	0.005192470025368046	0.0004775266642763065
22	ltm	morphology	50	0.0004246386594783935	-0.000716289996414543
22	ltm	morphology	51	0.006339643336387035	0.00023876333213818102
22	ltm	morphology	52	0.002421204245770636	0.000716289996414432
22	ltm	morphology	53	0.00547419691478257	0.00023876333213818102
22	ltm	morphology	54	0.004003129933562888	-5.551115123125783e-17
22	ltm	morphology	55	0.001988546968326066	0.0004775266642763065
22	ltm	morphology	56	-0.0020930651477419904	-0.0011938166606908496
22	ltm	morphology	57	0.006102118599942363	0.0004775266642763065
22	ltm	morphology	58	0.0055446435689225915	0.000716289996414432
22	ltm	morphology	59	0.006234993290256008	0.0009550533285526686
22	ltm	morphology	60	0.005584885435867548	-5.551115123125783e-17
22	ltm	morphology	61	0.003809939216802949	0.001432579992828975
22	ltm	morphology	62	0.00421650526816586	0.0019101066571053371
22	ltm	morphology	63	0.006653670112324872	0.0021488699892434626
22	ltm	morphology	64	0.005383620871970529	0.0
22	ltm	morphology	65	0.004852407252520008	0.001671343324967156
22	ltm	morphology	66	0.004870462950236409	0.0011938166606908496
22	ltm	morphology	67	0.003123571189867169	0.0
22	ltm	morphology	68	0.003999016372450037	0.000716289996414432
22	ltm	morphology	69	0.004467972141214416	0.000716289996414432
22	ltm	morphology	70	0.005500458326351709	0.001671343324967156
22	ltm	morphology	71	0.0005374391902911446	0.00023876333213818102
22	ltm	morphology	72	0.0035481546201744374	-0.00047752666427641755
22	ltm	morphology	73	0.00018522732796477648	0.00023876333213818102
22	ltm	morphology	74	0.009756980046804364	0.0023876333213817547
22	ltm	morphology	75	0.0011612856331102428	-0.00047752666427641755
22	ltm	morphology	76	0.0017227806772999177	-0.00047752666427641755
22	ltm	morphology	77	0.0023024035587762004	0.00023876333213818102
22	ltm	morphology	78	0.005812373092561773	0.0011938166606908496
22	ltm	morphology	79	0.0029444758847994024	-0.00047752666427636203
22	ltm	morphology	80	0.007692062905700903	0.001671343324967156
22	ltm	morphology	81	0.0023346651265273577	0.0004775266642763065
22	ltm	morphology	82	0.0001308179097572193	-0.0011938166606908496
22	ltm	morphology	83	0.0008191491693063657	0.00023876333213818102
22	ltm	morphology	84	0.00806238569491513	0.0019101066571053371
22	ltm	morphology	85	0.003950738977139712	0.0004775266642763065
22	ltm	morphology	86	0.004127854139195031	0.0014325799928290306
22	ltm	morphology	87	0.005345474104353931	0.002148869989243518
22	ltm	morphology	88	0.003916458947604284	-0.00023876333213818102
22	ltm	morphology	89	0.0047840173789363005	0.001671343324967156
22	ltm	morphology	90	0.001732911304993534	0.00023876333213818102
22	ltm	morphology	91	0.0020448813003746125	-0.00023876333213818102
22	ltm	morphology	92	0.0034657459724429796	0.00023876333213818102
22	ltm	morphology	93	0.002831768901930154	-0.000716289996414543
22	ltm	morphology	94	0.0037595114929930284	-0.000716289996414543
22	ltm	morphology	95	4.229864750171508e-05	-0.0011938166606908496
22	ltm	morphology	96	0.004125797358638605	0.0009550533285527241
22	ltm	morphology	97	0.004258633730179984	0.00023876333213818102
22	ltm	morphology	98	0.004276744657067844	0.00047752666427636203
22	ltm	morphology	99	0.003505949520616003	0.0023876333213817547
19	wm	length	0	0.013905365348628629	0.0005801888958989372
19	wm	length	1	0.006769772760102599	3.063331308798822e-05
19	wm	length	2	0.02052722948242336	0.000421152625620598
19	wm	length	3	0.007172005246907753	0.00034082448386146477
19	wm	length	4	0.017467869078593545	0.0006054223464414601
19	wm	length	5	0.013724572440137028	0.0004324221930044683
19	wm	length	6	0.017266611748139593	0.0005737203463165724
19	wm	length	7	0.0070063136525564396	0.0002764718902058018
19	wm	length	8	0.020959523510456157	0.0008927358647811863
19	wm	length	9	0.013867117958621278	0.0004909888879077069
19	wm	length	10	0.006990788877277554	0.00033469445194508896
19	wm	length	11	0.020905186796978614	0.000665318055459569
19	wm	length	12	0.013646666389638296	0.00017227559956405417
19	wm	length	13	0.013800502671960424	0.0003203864356224814
19	wm	length	14	0.014141906241082025	0.0007684875621074144
19	wm	length	15	0.016973193775340456	0.00010826713907235302
19	wm	length	16	0.01712830024109635	0.00020839258128349178
19	wm	length	17	0.01710501307817769	0.00026387330870705425
19	wm	length	18	0.017612108241651048	0.0007324124834309637
19	wm	length	19	0.014273725543919036	0.0007538773156638492
19	wm	length	20	0.014441251869895644	0.0009394341475565914
19	wm	length	21	0.01675542366027616	-0.00014301320363391268
19	wm	length	22	0.02054938754895963	0.0002880380722126742
19	wm	length	23	0.02087752453556735	0.0006326311743837729
19	wm	length	24	0.02072594644600978	0.0004579578736679489
19	wm	length	25	0.0039037662120358085	0.0004447185443822513
19	wm	length	26	0.014152208995589333	0.0006176767947762528
19	wm	length	27	0.003399493789517871	8.17046744149598e-05
19	wm	length	28	0.013858085387547958	0.0005403451989128491
19	wm	length	29	0.013791046639746729	0.00028975312253449667
19	wm	length	30	0.02023508169305821	0.00019031033115329832
19	wm	length	31	0.003775616372448831	0.00043653494447805363
19	wm	length	32	0.006851912822043116	0.00030813198728770266
19	wm	length	33	0.020472187133703135	0.0003095029044455598
19	wm	length	34	0.020440431947902016	0.00045726960734003563
19	wm	length	35	0.020928897421037207	0.0008127462406880524
19	wm	length	36	0.013256430301913591	-0.00015085267037414848
19	wm	length	37	-6.167563997716563e-05	7.352107451076562e-05
19	wm	length	38	0.020774496590523994	0.0005229931181535627
19	wm	length	39	0.02058650584258459	0.00038679259726596277
19	wm	length	40	0.013919055392282886	0.00047633673842114796
19	wm	length	41	0.017220460883441313	0.0002631906578771069
19	wm	length	42	0.003178618759395291	-0.0002454944439538517
19	wm	length	43	0.007319490412075691	0.0005866574454813089
19	wm	length	44	0.0035270790809140973	0.000303034354863195
19	wm	length	45	0.007111740877415951	0.0002111344155992234
19	wm	length	46	0.003918161890932859	0.0004498161768067485
19	wm	length	47	0.004448685304376698	0.0009248239011130227
19	wm	length	48	0.013935285802804454	0.0005883724958031314
19	wm	length	49	0.004411567010751738	0.0009755511292760394
19	wm	length	50	0.017733060241789445	0.0009952590081441053
19	wm	length	51	0.0036282722943324908	0.0004123282779294468
19	wm	length	52	0.020570416519113732	0.0003643428840821618
19	wm	length	53	0.0074967549443683	0.0006871270208564165
19	wm	length	54	0.004148069492128981	0.0007392251661772903
19	wm	length	55	0.019944627548266536	-0.00013315645645090718
19	wm	length	56	0.014159830296177511	0.0006459124067124643
19	wm	length	57	0.020668645904524996	0.00044535929216920483
19	wm	length	58	0.0038851365216975298	0.0004899621039138047
19	wm	length	59	0.007357737802082709	0.0005645518654614663
19	wm	length	60	0.013840725880643556	0.00025093620954231774
19	wm	length	61	0.0032469276906298417	-0.00012531698971067484
19	wm	length	62	0.006928407602057263	0.00024176772868721857
19	wm	length	63	0.0174128267298731	0.0005522974171266772
19	wm	length	64	0.00779186656174069	0.0010609825189576323
19	wm	length	65	0.0032546900782693955	-7.839466740228868e-06
19	wm	length	66	0.00016470358502096438	0.00026284652471314507
19	wm	length	67	0.007291263602472786	0.0005951851785494615
19	wm	length	68	0.00721476882245875	0.0006135640433026605
19	wm	length	69	0.0071224670930629674	0.00040178887991647316
19	wm	length	70	0.01447724106713777	0.0008805233194893909
19	wm	length	71	0.014040713027663743	0.0005178954857290551
19	wm	length	72	0.003788177319720587	0.0004630555060924531
19	wm	length	73	0.013534746960572774	0.0002972065530677838
19	wm	length	74	0.014044382490913887	0.0003136156559191486
19	wm	length	75	0.0038271303449702865	0.0002496071954274509
19	wm	length	76	0.02089431949428	0.0007616748793610843
19	wm	length	77	0.013561703586741802	0.00030539015297197103
19	wm	length	78	0.020630821975657354	0.00037488228209513197
19	wm	length	79	0.01728707617010239	0.00033880720341867426
19	wm	length	80	0.003924795182190022	0.0006217476432068478
19	wm	length	81	0.0007790607049785736	0.0007245730166907313
19	wm	length	82	0.01734635253026362	0.0004388907425868366
19	wm	length	83	0.013710741309431396	0.000268288290301618
19	wm	length	84	0.007241160900436916	0.0005696494978859705
19	wm	length	85	0.0036164169823029724	0.00029759258927472554
19	wm	length	86	0.0005203617459882404	0.00017266163577099938
19	wm	length	87	0.013782719703916091	0.00034013621753355497
19	wm	length	88	0.01404014847947288	0.0004937307222234351
19	wm	length	89	0.00730326000155368	0.0006738457885277216
19	wm	length	90	0.006618335757596849	7.797563697238552e-06
19	wm	length	91	0.003451713397282452	0.00012938783814127677
19	wm	length	92	0.0008108158907798035	0.0006408566773309504
19	wm	length	93	0.014020954240943184	0.0006190058088911231
19	wm	length	94	0.0139275234151649	0.00038580771631504737
19	wm	length	95	0.003877515221109462	0.00048554712231924785
19	wm	length	96	0.014345421764300759	0.0006970256710824227
19	wm	length	97	0.003610912787428089	0.00022574466204279206
19	wm	length	98	0.017279172695411238	0.00040007382959465765
19	wm	length	99	0.01400839329367154	0.00046035557481972217
20	wm	length	0	0.0045325536447236026	0.0001842998549302921
20	wm	length	1	-1.7090210484793644e-05	-0.00010144840233793084
20	wm	length	2	0.005632479293215198	5.7990601944890585e-06
20	wm	length	3	0.006866333808885017	0.0009254385745169416
20	wm	length	4	0.002247251295318886	-0.0002321438894272304
20	wm	length	5	0.001110969662259098	0.00018152283424590493
20	wm	length	6	0.0067706031795693455	0.00029737491100310237
20	wm	length	7	0.0011238559293214045	0.00034672393018223
20	wm	length	8	0.005691050558337407	0.0008803532208629672
20	wm	length	9	0.0067455656455635005	0.0002657591931723227
20	wm	length	10	-2.758535066305079e-05	-0.00015063955463912038
20	wm	length	11	0.006735070505385243	-0.00010836444661864453
20	wm	length	12	0.006773611559549364	0.0002986221669419517
20	wm	length	13	0.0045603839954255765	0.000435684845349886
20	wm	length	14	0.002290790166534773	0.00034726352796041887
20	wm	length	15	0.0056200535894768144	0.0002415321819353236
20	wm	length	16	0.0067525624056823386	0.0001938552695001719
20	wm	length	17	0.0022064758040438726	-0.00024223890177531293
20	wm	length	18	4.151049139278218e-05	6.693259998639955e-05
20	wm	length	19	0.004515061744426951	0.00022390893595693878
20	wm	length	20	0.0012175581788143042	0.0004990282130226675
20	wm	length	21	0.004374508370186714	-0.0004189556577559664
20	wm	length	22	0.004505614983913331	-9.849993522367817e-06
20	wm	length	23	0.005665062460929571	0.0004315476983948255
20	wm	length	24	0.006820923247619515	0.0005730163843262678
20	wm	length	25	0.001155027970309419	0.0003759728915748717
20	wm	length	26	0.0011012095221996088	-0.00011308618789798025
20	wm	length	27	2.5037534005400985e-05	0.00032482149379921277
20	wm	length	28	0.0067706031795689015	0.0003706839574920129
20	wm	length	29	0.0022406562250130158	0.00032009881419923364
20	wm	length	30	0.001062246847462811	-0.00042446564089931166
20	wm	length	31	0.002274621082697381	0.0002801932775788052
20	wm	length	32	0.005574672464967012	9.739559236877915e-05
20	wm	length	33	0.004475883506406708	-6.802235628239339e-06
20	wm	length	34	0.00222752495791112	-0.00025152076417354896
20	wm	length	35	0.0023502236847929847	0.0007053563831342299
20	wm	length	36	0.0010083989625977452	-0.0003393922902802729
20	wm	length	37	0.005631989293136241	0.00043746794578438525
20	wm	length	38	0.0022907607297795174	0.00020939520616772983
20	wm	length	39	0.002257501435457776	-3.1872849306155415e-06
20	wm	length	40	6.556802524038119e-05	0.0002915777274499001
20	wm	length	41	0.0011507651533759766	0.00045300788245195706
20	wm	length	42	-3.654211109738181e-05	-0.00028310888697904296
20	wm	length	43	0.004532122518155601	-1.7194641890733164e-05
20	wm	length	44	0.004525743011133843	0.0004014462204300698
20	wm	length	45	0.006751425715751269	0.00019496112176124042
20	wm	length	46	0.0011437978300126161	0.00012459071611717332
20	wm	length	47	0.0023252744610537945	0.00038177007512808087
20	wm	length	48	0.00454519491174632	0.00026564913780239424
20	wm	length	49	0.00682852775483922	0.0006384126513226812
20	wm	length	50	5.510232181782371e-05	0.00033965095734422857
20	wm	length	51	0.006791897333475738	0.00035198526923976153
20	wm	length	52	0.0022160792543306496	2.727758409303699e-05
20	wm	length	53	2.7487534399961433e-05	0.0001103135602679578
20	wm	length	54	0.001180339941109887	0.0002544206781679298
20	wm	length	55	0.0021825160864585857	0.00011596588540968567
20	wm	length	56	0.002312789883804678	0.0004517625031543876
20	wm	length	57	0.0010838448749199703	-0.00018126322886130586
20	wm	length	58	0.004570261882507642	0.0006398158974981541
20	wm	length	59	0.006829390007975	0.0004166878248625938
20	wm	length	60	0.0045110144907771765	0.00019374427580960002
20	wm	length	61	0.006711571351122991	0.0001201194955648896
20	wm	length	62	0.0011486484632869942	0.00013303934010533425
20	wm	length	63	-3.691436415420579e-05	-7.73333231121262e-05
20	wm	length	64	0.002358259318580691	0.0008607065472275369
20	wm	length	65	0.0010856576914586302	2.910755771488166e-05
20	wm	length	66	0.004507731674002091	0.0002692631501793885
20	wm	length	67	0.0011894239545622298	0.0003528213226117252
20	wm	length	68	0.0011051684655822847	0.00015200407396415844
20	wm	length	69	0.0022687610125098345	0.0002763066513508036
20	wm	length	70	0.006827332191397195	0.000362235333503845
20	wm	length	71	0.0056624852075171095	0.0005053761261792494
20	wm	length	72	0.005665523024252828	0.0004606359779476543
20	wm	length	73	0.005607412322454097	9.213519163186329e-05
20	wm	length	74	-1.4209083522009891e-05	-5.528760641007602e-05
20	wm	length	75	1.5277393945578588e-05	-3.658891815781773e-05
20	wm	length	76	0.002269251012588347	0.00023529432414867019
20	wm	length	77	0.004476804633053444	0.00014507250480393086
20	wm	length	78	0.001131342689518755	-4.614245608643153e-05
20	wm	length	79	0.0010808070581844742	-0.000171709690932699
20	wm	length	80	0.004503341604051414	0.0002883885658780186
20	wm	length	81	0.004568204065929615	0.0005508577972924006
20	wm	length	82	0.001088538818421414	4.696831595388945e-05
20	wm	length	83	0.005650030067023248	0.0003788627825910759
20	wm	length	84	0.005594859365697813	0.00018179075649373683
20	wm	length	85	0.005601611125777284	0.00012969043501427635
20	wm	length	86	0.006809261980754933	0.00040937358648143046
20	wm	length	87	0.004466309492875187	7.370724058935324e-05
20	wm	length	88	0.00113465494304954	-5.538516489260459e-06
20	wm	length	89	0.006817914867639052	0.00040602749635227503
20	wm	length	90	0.006704545154248676	-1.872628327755088e-05
20	wm	length	91	0.006731728815099203	5.957242673853419e-05
20	wm	length	92	5.1143378435258846e-05	0.0003715200108639974
20	wm	length	93	0.006787477826769361	0.00032673298944505685
20	wm	length	94	0.004533259208086671	0.00018303801243257922
20	wm	length	95	0.0011035417755722587	1.3994348493702458e-05
20	wm	length	96	9.278112284627493e-05	0.00047256096391760233
20	wm	length	97	0.0011495990266894296	0.00024390175333537795
20	wm	length	98	0.004523655757800338	-2.744282951354371e-05
20	wm	length	99	0.0011414361398847106	8.231373145542453e-05
21	wm	length	0	0.0921306203636143	0.0029560348537852055
21	wm	length	1	0.01551375928500387	3.0088579269928195e-05
21	wm	length	2	0.06985767201231252	0.0016615455678802918
21	wm	length	3	0.0792304698649513	0.002582336010573859
21	wm	length	4	0.11179113505124261	0.0027028405838927932
21	wm	length	5	0.06985414664430722	0.0022872167561781773
21	wm	length	6	0.07349298683528693	0.002767562355930342
21	wm	length	7	0.03830108602262672	0.0016772773561116658
21	wm	length	8	0.08129092121690995	0.004504367640082191
21	wm	length	9	0.021739180440949024	0.001965255075010948
21	wm	length	10	0.02018018112595854	0.0014122466809859194
21	wm	length	11	0.043481298688569314	0.002312111491450719
21	wm	length	12	0.03467282193566379	0.0007741663931484996
21	wm	length	13	0.0905827847139744	0.0020273799250498103
21	wm	length	14	0.029539465067909942	0.003348711637726272
21	wm	length	15	0.0662217696280043	0.0006138347830645513
21	wm	length	16	0.10400671458030697	0.0013252270956745082
21	wm	length	17	-1.5276594690805112e-05	0.00031871552866886976
21	wm	length	18	0.01402218041490011	0.0026759981571212246
21	wm	length	19	0.03160520447187687	0.0030974650593328865
21	wm	length	20	0.05493393741719754	0.004351977052233558
21	wm	length	21	-0.010419769026644543	-0.0016759788951123192
21	wm	length	22	0.10452814370263952	0.0014429844907555209
21	wm	length	23	0.07868847609592011	0.003029996109057402
21	wm	length	24	0.007800284626960474	0.0016177494280714896
21	wm	length	25	0.11439651797890416	0.0031000619813315797
21	wm	length	26	0.010887730067560497	0.0021943540963697064
21	wm	length	27	0.017602413581006227	0.0007754648541478462
21	wm	length	28	0.09056868324195277	0.0029579825452842184
21	wm	length	29	0.003108597648632916	0.0010353016852762131
21	wm	length	30	0.010310044165690924	-7.331202477253718e-05
21	wm	length	31	0.04297808396759817	0.002357282628452348
21	wm	length	32	0.016018149128643522	0.001413545141985259
21	wm	length	33	0.033621737832318255	0.0009024617324634998
21	wm	length	34	0.03310500920065951	0.0014109482199865728
21	wm	length	35	0.047671533629928486	0.0036418832006229335
21	wm	length	36	0.05633165558237252	-0.0007120415431096302
21	wm	length	37	0.08382007027967164	0.0014756699920241284
21	wm	length	38	0.008312900329279449	0.0016445918548430513
21	wm	length	39	0.071416671327303	0.0015431389422996197
21	wm	length	40	0.042473694123958294	0.002156324494864491
21	wm	length	41	0.021752694351636848	0.0010366001462755528
21	wm	length	42	0.09621641849602836	-0.00042146690221166183
21	wm	length	43	0.0802433624815706	0.002984175741556107
21	wm	length	44	0.08849648066330862	0.0023173053354481124
21	wm	length	45	0.023297592194605254	0.0009443867169667622
21	wm	length	46	0.011938814170905365	0.002035970177784785
21	wm	length	47	0.02544602863814971	0.0042610620839241
21	wm	length	48	0.07609660707894572	0.0028971561562447026
21	wm	length	49	0.024406108200155208	0.004582374534591663
21	wm	length	50	0.05129098429687784	0.004410855749774054
21	wm	length	51	0.1081699217002905	0.0029579825452842184
21	wm	length	52	0.01862000668829933	0.0009731768352373438
21	wm	length	53	0.050244600684206775	0.0033179738279566773
21	wm	length	54	0.0352522705215359	0.003609197699354326
21	wm	length	55	0.07186539195274122	-0.000417571519213622
21	wm	length	56	0.030584085996578247	0.0028690152684737874
21	wm	length	57	0.020693971950946244	0.0012211772611323696
21	wm	length	58	0.029547103365254568	0.002740070698659114
21	wm	length	59	0.09940771318423902	0.003319272288956031
21	wm	length	60	0.038821340022291206	0.0010640918035467878
21	wm	length	61	0.09724870063667801	0.00038213883970708573
21	wm	length	62	0.08849824334731116	0.001776133346656418
21	wm	length	63	0.07555520087124878	0.002384774285723583
21	wm	length	64	0.059088918678501745	0.00544615743505026
21	wm	length	65	0.012392822848351637	0.00016227930158296128
21	wm	length	66	0.020706898300299592	0.0015745259825688807
21	wm	length	67	0.029547690926589265	0.002868366037974114
21	wm	length	68	0.02537038233458322	0.002765614664431336
21	wm	length	69	0.041419672213941716	0.0020967965668243077
21	wm	length	70	0.020773731183852284	0.0036085484688546526
21	wm	length	71	0.009866024030927623	0.0020673572180540598
21	wm	length	72	0.07765090590326262	0.002958631775783885
21	wm	length	73	0.06518008650600704	0.0015326009980656183
21	wm	length	74	0.008816115050250817	0.0008121959946537222
21	wm	length	75	0.11231726466424963	0.0019345172652413464
21	wm	length	76	0.0445329703532491	0.0030568385358289707
21	wm	length	77	0.09984938307366575	0.0019547171307769465
21	wm	length	78	0.10660622189462599	0.0018343628136972545
21	wm	length	79	0.10659035773860115	0.0016426441633440383
21	wm	length	80	0.07971547018456104	0.0035083940173105538
21	wm	length	81	0.01921590699153053	0.0036399355091239274
21	wm	length	82	0.005695178613598584	0.0013533679834454096
21	wm	length	83	0.07038203894131723	0.0015758244435682342
21	wm	length	84	0.008288222753241259	0.0024155120954931844
21	wm	length	85	0.07192341141627967	0.001995343654280869
21	wm	length	86	0.030060894190242715	0.0012369090493637505
21	wm	length	87	0.07036441210128919	0.0017342083621531487
21	wm	length	88	0.02641735350858876	0.0019050779164710915
21	wm	length	89	0.04662044952658295	0.0033186230584563436
21	wm	length	90	0.02790599457202103	0.00011970508658003254
21	wm	length	91	0.017065120302648396	0.0006112378610658581
21	wm	length	92	0.03680833202985512	0.0033304594636896986
21	wm	length	93	0.043497750405928626	0.0027669131254306756
21	wm	length	94	0.041422610020613204	0.001554975347532947
21	wm	length	95	0.07815353306289907	0.002765614664431329
21	wm	length	96	0.018707991779885136	0.003011743935020815
21	wm	length	97	0.039346882073963974	0.0015162965155280442
21	wm	length	98	0.02278732673762307	0.0012218264916320429
21	wm	length	99	0.09420341050359227	0.0024161613259928508
22	wm	length	0		0.00013611595209608168
22	wm	length	1		-5.313090639880516e-05
22	wm	length	2		-5.9827535179942173e-05
22	wm	length	3		0.0008517457999151455
22	wm	length	4		-0.00018302793680649576
22	wm	length	5		0.0002756665302404201
22	wm	length	6		0.00023745768023569237
22	wm	length	7		0.0003674147077213138
22	wm	length	8		0.0008762694152260365
22	wm	length	9		0.00021445485549850644
22	wm	length	10		-4.358934455992412e-05
22	wm	length	11		-0.00018862375455944679
22	wm	length	12		0.000221211481357576
22	wm	length	13		0.0004153537593964921
22	wm	length	14		0.00040236091465348234
22	wm	length	15		0.00017013042110537897
22	wm	length	16		0.00011490632833790516
22	wm	length	17		-0.000274531027587949
22	wm	length	18		0.0001804323782311143
22	wm	length	19		0.00021637605889147753
22	wm	length	20		0.0005780351646919764
22	wm	length	21		-0.0005135181469951237
22	wm	length	22		-1.8364690700432493e-05
22	wm	length	23		0.0004049145109193443
22	wm	length	24		0.0005242725057599575
22	wm	length	25		0.0004268251732261197
22	wm	length	26		-5.197874689046207e-05
22	wm	length	27		0.0004044027525419939
22	wm	length	28		0.00032407400007089353
22	wm	length	29		0.00032600385206163485
22	wm	length	30		-0.0003880612246219828
22	wm	length	31		0.00033089062300789215
22	wm	length	32		5.089242042062743e-05
22	wm	length	33		-1.778428664737236e-05
22	wm	length	34		-0.00018787136753069256
22	wm	length	35		0.000757212046114758
22	wm	length	36		-0.0003140286881127552
22	wm	length	37		0.0003519889012079825
22	wm	length	38		0.00024247309393558673
22	wm	length	39		8.841163629961027e-06
22	wm	length	40		0.00035751607328522554
22	wm	length	41		0.0004895062900615848
22	wm	length	42		-0.00024919438783069237
22	wm	length	43		-4.4281734510747545e-05
22	wm	length	44		0.0003656134984842078
22	wm	length	45		0.0001257973381144726
22	wm	length	46		0.0002089710236433187
22	wm	length	47		0.0004431313691821686
22	wm	length	48		0.0002751461232652925
22	wm	length	49		0.0005970835967454586
22	wm	length	50		0.00044383176739109034
22	wm	length	51		0.0002947749593718331
22	wm	length	52		6.66788497412276e-05
22	wm	length	53		0.0002115926252452098
22	wm	length	54		0.00035738743053158675
22	wm	length	55		0.00010873875512966945
22	wm	length	56		0.0005175158799008879
22	wm	length	57		-0.00015466127436998718
22	wm	length	58		0.0005914964275902813
22	wm	length	59		0.0003819716832600909
22	wm	length	60		0.00015515637589146383
22	wm	length	61		1.3504603120365402e-05
22	wm	length	62		0.00020489663680375338
22	wm	length	63		-1.8536673676131793e-05
22	wm	length	64		0.0009273504754782336
22	wm	length	65		5.700864514870778e-05
22	wm	length	66		0.00022261227777541776
22	wm	length	67		0.00040981793872147364
22	wm	length	68		0.0001844634248486226
22	wm	length	69		0.0002898881884255758
22	wm	length	70		0.0003281483869104606
22	wm	length	71		0.00044320001485787484
22	wm	length	72		0.00039956733007589194
22	wm	length	73		8.088776601205064e-06
22	wm	length	74		-1.2360451870118902e-05
22	wm	length	75		1.6938588828939796e-05
22	wm	length	76		0.0002635027264599691
22	wm	length	77		0.0001163671218336812
22	wm	length	78		1.2641454061081137e-06
22	wm	length	79		-0.00016834586872414327
22	wm	length	80		0.0002668167180126819
22	wm	length	81		0.0005174038940031229
22	wm	length	82		6.656686384346085e-05
22	wm	length	83		0.00030701541708608865
22	wm	length	84		0.00014968055229437442
22	wm	length	85		6.98808553961771e-05
22	wm	length	86		0.00032046002312851804
22	wm	length	87		6.050262793521645e-05
22	wm	length	88		8.431783677909088e-05
22	wm	length	89		0.00036426405054651965
22	wm	length	90		-9.804439344276994e-05
22	wm	length	91		-2.1098278200090345e-05
22	wm	length	92		0.0004682960259637277
22	wm	length	93		0.0002640831305130275
22	wm	length	94		0.00016267339703738594
22	wm	length	95		5.1592818629549175e-05
22	wm	length	96		0.0005982963936714113
22	wm	length	97		0.0003124225950074701
22	wm	length	98		-3.6712724544989486e-05
22	wm	length	99		0.000147699351823476
19	wm	lexicality	0	0.0006371211087160544	0.00041883873055481233
19	wm	lexicality	1	0.01137354539843316	-7.755282946017919e-05
19	wm	lexicality	2	0.012203414440690508	0.000673582651887935
19	wm	lexicality	3	9.691458766847294e-05	0.0002451503107899003
19	wm	lexicality	4	2.9438654046365365e-05	-0.00016409199965986
19	wm	lexicality	5	0.00027326337428768	0.00046442642325032063
19	wm	lexicality	6	0.011814957985878616	0.0003123257352854632
19	wm	lexicality	7	0.0006453206821773749	0.0007109895542410753
19	wm	lexicality	8	0.011699365853285237	0.00013323745297508585
19	wm	lexicality	9	0.012425601028277833	0.0007818916940032714
19	wm	lexicality	10	0.011834716772598952	0.0002254815254030089
19	wm	lexicality	11	0.011976387919440001	0.00039098634526372675
19	wm	lexicality	12	0.011729602611469159	0.00022175481013636533
19	wm	lexicality	13	0.011675166184970776	0.00021220029307431748
19	wm	lexicality	14	0.012238092080468221	0.0006698559366212949
19	wm	lexicality	15	0.0004641319618953199	0.0005390161847979892
19	wm	lexicality	16	0.012022225720408453	0.0004975803370572442
19	wm	lexicality	17	0.0005267679618546905	0.0007004082531851079
19	wm	lexicality	18	0.012397642668096287	0.0007873334595917374
19	wm	lexicality	19	0.00026170416102833105	0.00036806959934880534
19	wm	lexicality	20	1.1559213259459966e-05	0.0001535526016469002
19	wm	lexicality	21	0.00041829416092686866	0.0003885076475877852
19	wm	lexicality	22	0.0005200486822584116	0.000541758019113707
19	wm	lexicality	23	0.012623188895481752	0.001021944372368664
19	wm	lexicality	24	0.011879074279702695	0.0005336135126907046
19	wm	lexicality	25	0.012027464706140245	0.0005006244014939334
19	wm	lexicality	26	0.0007884721228830216	0.0008059754609847231
19	wm	lexicality	27	0.0004771714690192663	0.0006309580271049442
19	wm	lexicality	28	0.01163860919925952	0.00026258338807336884
19	wm	lexicality	29	0.011286310678090383	-8.446736543966937e-06
19	wm	lexicality	30	0.011617370118674364	0.0001801960628284617
19	wm	lexicality	31	0.0005118491087972021	0.0005070119545521334
19	wm	lexicality	32	0.012213493360085037	0.000715485532359797
19	wm	lexicality	33	0.011640488545193062	0.00028130638599052626
19	wm	lexicality	34	0.011553253824850174	0.00021764205866277656
19	wm	lexicality	35	0.00027810330795052796	0.00023868176120753204
19	wm	lexicality	36	0.0004674916016935704	0.00036571380124002933
19	wm	lexicality	37	0.012435679947672251	0.0009459836936631313
19	wm	lexicality	38	0.0002516252416336906	0.00018525460177178446
19	wm	lexicality	39	0.011607291199279723	0.0002894899858947135
19	wm	lexicality	40	0.012736901682141477	0.0010849260488664594
19	wm	lexicality	41	0.0005450464547104295	0.0003323386538363095
19	wm	lexicality	42	0.011421262545335042	5.1835008681094114e-05
19	wm	lexicality	43	0.011898833066423031	0.0004481821230091082
19	wm	lexicality	44	0.0005696451750938358	0.0006139081764666154
19	wm	lexicality	45	0.012112820080549258	0.0007457747122838303
19	wm	lexicality	46	0.01177692070630243	0.0004559796867063502
19	wm	lexicality	47	0.011597611331954027	6.54603741737439e-05
19	wm	lexicality	48	0.011800039132821016	0.0004788154360970999
19	wm	lexicality	49	0.011860795786847067	0.00040970934318088764
19	wm	lexicality	50	7.23158672852886e-05	-3.710186267035648e-05
19	wm	lexicality	51	0.011760521559380122	0.00026429843839518435
19	wm	lexicality	52	0.011534975331994546	0.0001492186165765151
19	wm	lexicality	53	0.011617370118674364	0.000202687679055253
19	wm	lexicality	54	0.011263192251571685	-0.0001095570597060315
19	wm	lexicality	55	0.00037501789561922294	0.0002816114256733032
19	wm	lexicality	56	0.012354765454857253	0.0007362620982647727
19	wm	lexicality	57	0.01197114893370832	0.0004226464423456207
19	wm	lexicality	58	0.0004313336680509261	0.00026970111050246895
19	wm	lexicality	59	1.4802938645974706e-06	0.00016139206838713255
19	wm	lexicality	60	0.011528256052398267	-2.631366397796986e-07
19	wm	lexicality	61	0.01211617972034762	0.0005857535610545687
19	wm	lexicality	62	0.011724363625737477	0.00021901297582063717
19	wm	lexicality	63	0.012238092080468443	0.0007658686273588518
19	wm	lexicality	64	0.011449220905516588	-3.2267366885632004e-05
19	wm	lexicality	65	0.0006419610423790134	0.0007255998006846405
19	wm	lexicality	66	0.0007769129096235616	0.0005860166976943519
19	wm	lexicality	67	0.00045593238843422146	0.0005322035020516556
19	wm	lexicality	68	0.01135862654537556	1.3018095688918652e-05
19	wm	lexicality	69	0.012333526374272208	0.0009020691482464517
19	wm	lexicality	70	0.011939830933728524	0.0005707572784040549
19	wm	lexicality	71	0.012065102933647487	0.0003695634160738315
19	wm	lexicality	72	0.0004969302557397137	0.0003776660194538539
19	wm	lexicality	73	0.00038361652114893285	0.0002591198094465119
19	wm	lexicality	74	0.011688205692095166	0.00022411060824515175
19	wm	lexicality	75	0.011530135398331587	0.00016382886302008376
19	wm	lexicality	76	0.012068462573445626	0.00040563849475028224
19	wm	lexicality	77	0.012066982279580918	0.00044715533901519555
19	wm	lexicality	78	0.012363364080387074	0.0007699394757894502
19	wm	lexicality	79	0.011752321985919245	0.00026022758996459283
19	wm	lexicality	80	0.011973028279641751	0.00043760082195314423
19	wm	lexicality	81	0.011480538905496385	0.00011040170358433271
19	wm	lexicality	82	7.083557342069113e-05	0.00026147560755528446
19	wm	lexicality	83	0.011943190573526774	0.00045602158974933707
19	wm	lexicality	84	0.012119539360145759	0.00041754880992111304
19	wm	lexicality	85	0.011827997493002562	0.00022415251128814206
19	wm	lexicality	86	0.0005152087485954526	0.000528476786785019
19	wm	lexicality	87	0.00045929202823236093	0.00042972226173173395
19	wm	lexicality	88	0.012155697293788514	0.0005765431771564723
19	wm	lexicality	89	0.012014026146947354	0.0005547342117596318
19	wm	lexicality	90	0.01190851293374906	0.0005731130765128344
19	wm	lexicality	91	0.00015955058762806562	0.00022677144603670124
19	wm	lexicality	92	0.00026654409469129003	0.0003187132883436562
19	wm	lexicality	93	0.011880953625636237	0.0004604365713438939
19	wm	lexicality	94	0.01210462050708827	0.0007951310232889794
19	wm	lexicality	95	0.0003045813742673653	0.0002403968115293545
19	wm	lexicality	96	0.00044773281497334505	0.0003789950335687242
19	wm	lexicality	97	0.011673286839037234	0.00020812944464371208
19	wm	lexicality	98	0.00016626986722445558	0.0001988380642214474
19	wm	lexicality	99	0.011989427426564059	0.0006483911043884093
20	wm	lexicality	0	5.702261134232778e-05	-0.00010323244109305268
20	wm	lexicality	1	0.004513650049294826	-0.00020664296554673278
20	wm	lexicality	2	0.004621894692615314	0.00015977544977889557
20	wm	lexicality	3	0.004544792447756851	-0.00016366945454950044
20	wm	lexicality	4	-4.8321742295964754e-05	-0.0003476995105906669
20	wm	lexicality	5	1.8256131399940756e-05	0.00038690114233302236
20	wm	lexicality	6	0.004606000457114012	0.00022477633763676175
20	wm	lexicality	7	4.9398529862076934e-05	-3.810221970321215e-05
20	wm	lexicality	8	0.004503987108185337	-0.0003374485080059539
20	wm	lexicality	9	3.178847100182569e-05	0.00013525010630685563
20	wm	lexicality	10	0.004608577710526696	0.00024015465414387038
20	wm	lexicality	11	5.1437389491093555e-05	4.55954797656255e-05
20	wm	lexicality	12	7.140934425009515e-05	0.00023227603792112111
20	wm	lexicality	13	3.8228086159053376e-05	9.93679079890411e-05
20	wm	lexicality	14	0.004652498697294227	0.00025388295703100694
20	wm	lexicality	15	8.377832776740313e-06	0.00021144716717071826
20	wm	lexicality	16	-1.2132515765594931e-05	-0.00015605688393328931
20	wm	lexicality	17	0.004626941520683658	0.0003528222609323825
20	wm	lexicality	18	3.683529906994831e-05	0.0002948952842331404
20	wm	lexicality	19	8.054796507006579e-06	1.3568559367953259e-05
20	wm	lexicality	20	0.004603207846188839	0.0003188819682475863
20	wm	lexicality	21	7.194773803353982e-05	0.00042086996836373375
20	wm	lexicality	22	0.004591290687936844	0.00019995172360905145
20	wm	lexicality	23	0.0046505675164219	0.00027562846485674336
20	wm	lexicality	24	-4.72379179849991e-06	0.0003103864710720869
20	wm	lexicality	25	0.004659799742504855	0.000456213507223982
20	wm	lexicality	26	0.004634996317190554	0.00047545179325444997
20	wm	lexicality	27	-2.469574655761253e-05	3.642085777541548e-05
20	wm	lexicality	28	0.004539530262175351	2.5064941250256545e-05
20	wm	lexicality	29	0.004510965117125787	-0.00038372217426563965
20	wm	lexicality	30	-1.2778588305617511e-05	9.632015009491263e-05
20	wm	lexicality	31	0.004598914769417206	0.00023418941020823814
20	wm	lexicality	32	0.004675370941735535	0.0006014246007437773
20	wm	lexicality	33	7.624081480250844e-06	-1.5142398660239476e-06
20	wm	lexicality	34	0.004597945660607339	0.0003824786716093431
20	wm	lexicality	35	-7.193366453939198e-06	-5.418175414900056e-05
20	wm	lexicality	36	0.0046192097604464966	0.00026510954002419845
20	wm	lexicality	37	8.526472012237996e-05	0.000490831048082202
20	wm	lexicality	38	0.0045475850586826905	-0.0002120419549994923
20	wm	lexicality	39	0.004526751673870066	0.00014091983296937033
20	wm	lexicality	40	0.004691480534749992	0.0006646119781799353
20	wm	lexicality	41	7.978717702716853e-05	0.00013959199332717886
20	wm	lexicality	42	0.004511180474638943	-0.00022091730643403196
20	wm	lexicality	43	0.0045908599729100885	9.076141712295593e-05
20	wm	lexicality	44	0.004649921443881544	0.0006543609755952223
20	wm	lexicality	45	8.37783277707338e-06	0.0001452313100024777
20	wm	lexicality	46	0.004557571036062136	7.732312960762044e-05
20	wm	lexicality	47	-1.5355841717967778e-05	-5.849229286146451e-05
20	wm	lexicality	48	0.004577973705848004	0.00010074262081857799
20	wm	lexicality	49	0.004542430551857768	0.0002505185270604282
20	wm	lexicality	50	0.004567664692198603	0.00018238835928444802
20	wm	lexicality	51	-2.0187312272712532e-05	0.00016323347191924548
20	wm	lexicality	52	0.004552093492967257	-0.00014067575246426434
20	wm	lexicality	53	0.004580227922990288	-0.00011127080083499913
20	wm	lexicality	54	0.0044905624473396966	-0.00032096246259647604
20	wm	lexicality	55	0.004537599081303023	9.297405996575026e-05
20	wm	lexicality	56	0.004606861887167746	-1.6515517076022557e-05
20	wm	lexicality	57	-2.7488357483229642e-05	-0.0002511114382479432
20	wm	lexicality	58	0.004631880669994981	0.0002052406576919033
20	wm	lexicality	59	0.004549731597068174	6.928476986568788e-05
20	wm	lexicality	60	0.004516442660220665	-0.00027895527682384597
20	wm	lexicality	61	2.6203249150480445e-05	8.315072314803856e-05
20	wm	lexicality	62	0.00458549010857201	0.00035212573459689894
20	wm	lexicality	63	0.004652498697294005	0.00037041509692356533
20	wm	lexicality	64	0.00450613364657082	-0.0003503196027177871
20	wm	lexicality	65	0.004624579624784575	0.00019927353711499118
20	wm	lexicality	66	0.004624794982297953	0.0005484891642129758
20	wm	lexicality	67	1.6001914257435246e-05	7.038968380612687e-05
20	wm	lexicality	68	-0.0001073832132675312	-0.0005177342798175187
20	wm	lexicality	69	5.455303668677747e-05	0.00045176156483375113
20	wm	lexicality	70	0.004552739565507391	-4.298276618110858e-05
20	wm	lexicality	71	0.004603853918728751	-0.0001346902920459428
20	wm	lexicality	72	0.004570888018150754	-0.00010296170388331832
20	wm	lexicality	73	0.004634350244650642	0.0004531666876505108
20	wm	lexicality	74	0.004598161018120495	0.0002393186007719067
20	wm	lexicality	75	0.00457754299082147	1.4134813850825989e-05
20	wm	lexicality	76	0.004621679335102158	9.548222008166213e-05
20	wm	lexicality	77	0.004664954249329334	0.0004286394675372118
20	wm	lexicality	78	0.004703613050515587	0.0005954860135128012
20	wm	lexicality	79	0.0045804432805036654	0.0001122390027008674
20	wm	lexicality	80	3.3611973117575467e-05	0.0002405841965521585
20	wm	lexicality	81	0.004518912234876327	-0.0002495981367025349
20	wm	lexicality	82	0.004610939606425779	0.00033285891522050887
20	wm	lexicality	83	-2.244152941510702e-05	-0.0003097175397618959
20	wm	lexicality	84	4.402866552377649e-05	-3.4914934772596606e-05
20	wm	lexicality	85	-2.00796335160236e-05	-0.000155489691129794
20	wm	lexicality	86	0.004616740185790613	0.00028796183843163986
20	wm	lexicality	87	3.3827330631064356e-05	0.0002063455716323423
20	wm	lexicality	88	3.135775597518098e-05	0.00032608521293819165
20	wm	lexicality	89	0.004588498077011005	0.0001233251203369215
20	wm	lexicality	90	-5.304553409379853e-05	-0.00029269095825357194
20	wm	lexicality	91	-2.2656886928373865e-05	3.2834440423720745e-05
20	wm	lexicality	92	0.004575611809948921	-2.8548681774619167e-05
20	wm	lexicality	93	0.004649383050098432	0.00038358452387043246
20	wm	lexicality	94	0.004609008425553673	0.00036973691042948426
20	wm	lexicality	95	3.10347197052252e-05	0.0002991884214248383
20	wm	lexicality	96	2.362599573813018e-05	8.687666753623424e-05
20	wm	lexicality	97	0.004570134266854264	4.2547721871497024e-05
20	wm	lexicality	98	1.2993945818662311e-05	0.00021589910956094222
20	wm	lexicality	99	1.836381015662969e-05	0.00015672675356413757
21	wm	lexicality	0	0.07725801943609878	0.002316358886876292
21	wm	lexicality	1	-0.008325184435141963	-0.0010640918035467878
21	wm	lexicality	2	0.013500805974724361	0.002574545244577786
21	wm	lexicality	3	0.06217927558703629	0.0015336022409928249
21	wm	lexicality	4	0.06062238055641833	-0.0004191671982851086
21	wm	lexicality	5	0.06790612783052796	0.0030217578687499677
21	wm	lexicality	6	0.06530989992324909	0.0015774749169951072
21	wm	lexicality	7	0.07725591515172692	0.0036690776398220284
21	wm	lexicality	8	0.06009219269622834	0.00035110381186535117
21	wm	lexicality	9	0.01869115750491024	0.003066727249563292
21	wm	lexicality	10	0.004674893660599366	0.0006118870915655314
21	wm	lexicality	11	0.06999110643696427	0.0018674003273934092
21	wm	lexicality	12	0.06480706775989398	0.0012581101578265572
21	wm	lexicality	13	0.0015674164524779322	0.0006125363220652116
21	wm	lexicality	14	0.015066118142830653	0.002646558808350963
21	wm	lexicality	15	0.010900369498701545	0.0025457551263072045
21	wm	lexicality	16	0.06945460572365891	0.0021259386975224295
21	wm	lexicality	17	0.07413791652174573	0.003891534099944853
21	wm	lexicality	18	0.0793282680519316	0.003802566823134408
21	wm	lexicality	19	0.0062296844068461255	0.0017028213218838878
21	wm	lexicality	20	0.06167644342368184	0.0015080582752206168
21	wm	lexicality	21	0.07259154291298686	0.002671655299811816
21	wm	lexicality	22	0.01193549380661807	0.002485577967767362
21	wm	lexicality	23	0.08504249458919166	0.004702431633599222
21	wm	lexicality	24	0.005188247245813793	0.0021857638436347387
21	wm	lexicality	25	0.07155221003632661	0.0026114781412719668
21	wm	lexicality	26	0.0803676009285923	0.004443893263470194
21	wm	lexicality	27	0.07152695862386382	0.0034092408086936685
21	wm	lexicality	28	0.05958304767975764	0.00124432606109421
21	wm	lexicality	29	-0.010401745904091042	-0.0008455307264220099
21	wm	lexicality	30	-0.0010414371610323325	0.00045220471198126333
21	wm	lexicality	31	0.0730922707919699	0.0029596330187111053
21	wm	lexicality	32	0.0762271036969262	0.0036441829045495006
21	wm	lexicality	33	0.0611567769853516	0.0014053069016778316
21	wm	lexicality	34	-0.0020744571845772164	0.0007741663931484996
21	wm	lexicality	35	0.06738014853908192	0.0016657929633058718
21	wm	lexicality	36	0.07257891720675524	0.0023189558088749854
21	wm	lexicality	37	0.08141745522711208	0.004634313452824071
21	wm	lexicality	38	0.06581273208660421	0.0011226732830151506
21	wm	lexicality	39	-0.002613062182254211	0.000932550311733428
21	wm	lexicality	40	0.02753179980963849	0.004742706144675604
21	wm	lexicality	41	0.014552764557616227	0.0016145032755731162
21	wm	lexicality	42	-0.007287955842853577	-0.0004528539424809297
21	wm	lexicality	43	0.06686258638512399	0.0020565220557479183
21	wm	lexicality	44	0.014546451704500418	0.003189678488641684
21	wm	lexicality	45	0.07205504219968173	0.0035708708797769564
21	wm	lexicality	46	0.0020660400470888796	0.0016020176398401226
21	wm	lexicality	47	0.05959356910161717	0.00038443854363363894
21	wm	lexicality	48	0.0031095814924932963	0.0016727327426139665
21	wm	lexicality	49	0.0036187265089637766	0.0014541716654891748
21	wm	lexicality	50	0.062185588440152095	0.0005159800354470126
21	wm	lexicality	51	0.002070248615832604	0.0009037601934628534
21	wm	lexicality	52	0.05751069477955295	0.0005722618109888292
21	wm	lexicality	53	0.06011323553994763	0.0008333971031165358
21	wm	lexicality	54	-0.011445287349494793	-0.0012244234136307292
21	wm	lexicality	55	0.007250078724159392	0.001293190824905567
21	wm	lexicality	56	0.07776506016819784	0.0032175221583404523
21	wm	lexicality	57	0.06789350212429635	0.001763999723350937
21	wm	lexicality	58	0.07206345933716918	0.0018379609786231474
21	wm	lexicality	59	0.060104818402459737	0.0013457789736376416
21	wm	lexicality	60	0.056462944765405254	-0.00016986831139073622
21	wm	lexicality	61	0.07257891720675524	0.002769212829357215
21	wm	lexicality	62	0.0627094634472265	0.0013182873163664205
21	wm	lexicality	63	0.0762207908438104	0.00370176314109065
21	wm	lexicality	64	0.05438427901208431	-0.0003301999214746776
21	wm	lexicality	65	0.015577367443672996	0.0033461147157275786
21	wm	lexicality	66	0.01869115750491024	0.002939081140747958
21	wm	lexicality	67	0.07205714648405359	0.002988423136981673
21	wm	lexicality	68	-0.009370830164918242	-0.0007447270443782447
21	wm	lexicality	69	0.07829524802838717	0.004444542493969875
21	wm	lexicality	70	0.005697392262284495	0.0019620089225125814
21	wm	lexicality	71	0.009863140906413381	0.0009104027546988011
21	wm	lexicality	72	0.07204662506219428	0.0020664107694822464
21	wm	lexicality	73	0.009871558043901052	0.001486207936258123
21	wm	lexicality	74	0.062194005577639766	0.0012161851733233017
21	wm	lexicality	75	-0.003117998629981189	0.00024929888689437935
21	wm	lexicality	76	0.07154168861446686	0.0018366625176238008
21	wm	lexicality	77	0.0114368702120069	0.001776133346656418
21	wm	lexicality	78	0.08038653948793928	0.003893481791443866
21	wm	lexicality	79	0.06322702560118465	0.0012862510455974585
21	wm	lexicality	80	0.008312558728910346	0.0017047690133829008
21	wm	lexicality	81	0.055425716173116424	0.00028038870909151414
21	wm	lexicality	82	0.0632354427386721	0.0020184924542427027
21	wm	lexicality	83	0.006221267269358233	0.0013200332516771149
21	wm	lexicality	84	0.011948119512849686	0.0012918923639062135
21	wm	lexicality	85	0.06478181634743096	0.000934200785160301
21	wm	lexicality	86	0.07361614579904385	0.0030604367007548636
21	wm	lexicality	87	0.07258102149112755	0.002639619029042868
21	wm	lexicality	88	0.012463577382435975	0.002387371207722276
21	wm	lexicality	89	0.06945671000803078	0.0025970448140399394
21	wm	lexicality	90	0.0658106278022319	0.0024942934404971542
21	wm	lexicality	91	0.003107477208121434	0.0010621441120477748
21	wm	lexicality	92	0.06685837781638004	0.0019256297944342249
21	wm	lexicality	93	0.06791664925238727	0.00234969361864458
21	wm	lexicality	94	0.07205714648405337	0.003922271909714441
21	wm	lexicality	95	0.06894756499156007	0.0018994365981623504
21	wm	lexicality	96	0.07205925076842523	0.002318306578375312
21	wm	lexicality	97	0.06114835984786393	0.0009950271741998237
21	wm	lexicality	98	0.004155227222269131	0.0010935311523170427
21	wm	lexicality	99	0.06946302286114636	0.0031199646287950328
22	wm	lexicality	0		-3.938631496671653e-05
22	wm	lexicality	1		-0.0003016082391647055
22	wm	lexicality	2		0.00014787934305726842
22	wm	lexicality	3		-0.00019327854545207399
22	wm	lexicality	4		-0.00030773247215087896
22	wm	lexicality	5		0.0004650420314889457
22	wm	lexicality	6		0.00019075163255239877
22	wm	lexicality	7		8.327702282883744e-05
22	wm	lexicality	8		-0.00036074338439382424
22	wm	lexicality	9		0.00023565647099858637
22	wm	lexicality	10		0.0001259339891262097
22	wm	lexicality	11		0.00011444591844071011
22	wm	lexicality	12		0.00026554456434848064
22	wm	lexicality	13		0.00015184238433874932
22	wm	lexicality	14		0.0002567380923428012
22	wm	lexicality	15		0.0002785367687518133
22	wm	lexicality	16		-6.932575679676617e-05
22	wm	lexicality	17		0.00035285263379482464
22	wm	lexicality	18		0.00039018910261493303
22	wm	lexicality	19		8.654767415949317e-05
22	wm	lexicality	20		0.00025872794141147855
22	wm	lexicality	21		0.00048274966420251524
22	wm	lexicality	22		0.00019546642052295678
22	wm	lexicality	23		0.000266296311037556
22	wm	lexicality	24		0.0003745313160479734
22	wm	lexicality	25		0.00041599416052748306
22	wm	lexicality	26		0.0005094784517798399
22	wm	lexicality	27		0.00012737812576611024
22	wm	lexicality	28		-2.3711871543883115e-05
22	wm	lexicality	29		-0.00045061369870380737
22	wm	lexicality	30		0.00015120198320776185
22	wm	lexicality	31		0.0002247654612220172
22	wm	lexicality	32		0.0005609765817071732
22	wm	lexicality	33		4.571722255287437e-05
22	wm	lexicality	34		0.00033503365552316894
22	wm	lexicality	35		-1.3494479376863905e-06
22	wm	lexicality	36		0.0002213314755134376
22	wm	lexicality	37		0.0005720475827175366
22	wm	lexicality	38		-0.0002558910166118294
22	wm	lexicality	39		0.00013558753686285924
22	wm	lexicality	40		0.0006734493079350798
22	wm	lexicality	41		0.00021526723960519321
22	wm	lexicality	42		-0.00026684202346632935
22	wm	lexicality	43		4.571722255287437e-05
22	wm	lexicality	44		0.0006196346601832232
22	wm	lexicality	45		0.0002574384905517247
22	wm	lexicality	46		5.9401816907032196e-05
22	wm	lexicality	47		4.126375659404755e-06
22	wm	lexicality	48		6.74992421060127e-05
22	wm	lexicality	49		0.00022884849665936145
22	wm	lexicality	50		0.00012120254429977967
22	wm	lexicality	51		0.00023967950935799807
22	wm	lexicality	52		-0.00017958530250014072
22	wm	lexicality	53		-0.00015786328002493494
22	wm	lexicality	54		-0.0003737875776169911
22	wm	lexicality	55		8.788046524130753e-05
22	wm	lexicality	56		-3.804551562680558e-05
22	wm	lexicality	57		-0.0001652603070149937
22	wm	lexicality	58		0.00016209299298432928
22	wm	lexicality	59		4.775041184361048e-05
22	wm	lexicality	60		-0.0003444285398399999
22	wm	lexicality	61		0.0001764179884694763
22	wm	lexicality	62		0.0003057346148241085
22	wm	lexicality	63		0.0003712006676393851
22	wm	lexicality	64		-0.0003797918164473047
22	wm	lexicality	65		0.0002201020217316163
22	wm	lexicality	66		0.0005229397146781431
22	wm	lexicality	67		0.00014514575555761404
22	wm	lexicality	68		-0.00042743889099092214
22	wm	lexicality	69		0.0005556727410857814
22	wm	lexicality	70		-4.68433390347061e-05
22	wm	lexicality	71		-0.00016602070230184625
22	wm	lexicality	72		-9.385802070543438e-05
22	wm	lexicality	73		0.00043585497668765204
22	wm	lexicality	74		0.00014707560754835883
22	wm	lexicality	75		-7.351212953410173e-05
22	wm	lexicality	76		2.4515607052794444e-05
22	wm	lexicality	77		0.000375864107129786
22	wm	lexicality	78		0.000542688544940547
22	wm	lexicality	79		6.400525931950403e-05
22	wm	lexicality	80		0.0003092285976106189
22	wm	lexicality	81		-0.00033830430685382294
22	wm	lexicality	82		0.000288727380319459
22	wm	lexicality	83		-0.00023073500842804746
22	wm	lexicality	84		1.5777780722824736e-05
22	wm	lexicality	85		-0.00010205878320440273
22	wm	lexicality	86		0.0002621619271200564
22	wm	lexicality	87		0.0002594283396204003
22	wm	lexicality	88		0.0004187877451050717
22	wm	lexicality	89		7.635706259184749e-05
22	wm	lexicality	90		-0.00015903273672882717
22	wm	lexicality	91		8.311368845091531e-05
22	wm	lexicality	92		-3.729312859804962e-05
22	wm	lexicality	93		0.0003459846623776689
22	wm	lexicality	94		0.0003957162746921778
22	wm	lexicality	95		0.00033358087028549123
22	wm	lexicality	96		0.0001525427825476728
22	wm	lexicality	97		6.919960236991679e-06
22	wm	lexicality	98		0.000245803742344175
22	wm	lexicality	99		0.00023356328462991773
19	wm	morphology	0	0.00150067108714258	3.984369698609158e-05
19	wm	morphology	1	0.001493869059484565	-1.3281232328691411e-05
19	wm	morphology	2	-1.3789756675208764e-05	-6.640616164347093e-05
19	wm	morphology	3	4.178949088762263e-05	-1.3281232328691411e-05
19	wm	morphology	4	9.618130307731398e-05	3.984369698608811e-05
19	wm	morphology	5	0.0014868813304672601	5.312492931478299e-05
19	wm	morphology	6	0.0001313788767378643	5.312492931478993e-05
19	wm	morphology	7	4.8801628976025135e-05	-1.3281232328691411e-05
19	wm	morphology	8	6.0983729417207755e-05	-1.3281232328691411e-05
19	wm	morphology	9	0.0015070773030091411	2.656246465739323e-05
19	wm	morphology	10	5.399600039945884e-05	-2.6562464657382823e-05
19	wm	morphology	11	5.404481854376364e-06	-2.6562464657382823e-05
19	wm	morphology	12	0.0015744428392212573	9.29686263008711e-05
19	wm	morphology	13	4.178949088773365e-05	-2.6562464657386292e-05
19	wm	morphology	14	7.79887985609129e-05	-2.6562464657386292e-05
19	wm	morphology	15	0.001515066766039297	1.328123232869835e-05
19	wm	morphology	16	7.218850491585993e-05	1.328123232869835e-05
19	wm	morphology	17	0.0014676626828672434	-2.656246465738976e-05
19	wm	morphology	18	0.0014812667381824962	2.656246465739323e-05
19	wm	morphology	19	0.0014824785826257347	6.938893903907228e-18
19	wm	morphology	20	7.079095911211031e-05	6.938893903907228e-18
19	wm	morphology	21	0.00013277642254139188	2.65624646573967e-05
19	wm	morphology	22	5.339007817772856e-05	3.984369698609158e-05
19	wm	morphology	23	0.00011118290419598331	2.65624646573967e-05
19	wm	morphology	24	8.038807837718043e-05	1.328123232869835e-05
19	wm	morphology	25	0.0015020686329458854	6.640616164348134e-05
19	wm	morphology	26	0.0014802650041693122	3.469446951953614e-18
19	wm	morphology	27	5.8584449600496136e-05	2.65624646573967e-05
19	wm	morphology	28	0.0014518694581669989	2.656246465739323e-05
19	wm	morphology	29	0.001515066766039297	0.00011953109095826087
19	wm	morphology	30	7.319023892848886e-05	6.640616164348481e-05
19	wm	morphology	31	0.0015858577251512962	9.29686263008711e-05
19	wm	morphology	32	6.678402306170561e-05	3.984369698608811e-05
19	wm	morphology	33	8.998519764169544e-05	2.656246465740017e-05
19	wm	morphology	34	0.001468874527310482	2.656246465739323e-05
19	wm	morphology	35	6.198546342950362e-05	3.469446951953614e-18
19	wm	morphology	36	5.399600039945884e-05	3.984369698609158e-05
19	wm	morphology	37	0.0014802650041695342	2.65624646573967e-05
19	wm	morphology	38	0.00010638434456389234	2.656246465739323e-05
19	wm	morphology	39	1.84026149481209e-05	3.469446951953614e-18
19	wm	morphology	40	0.0014912596692376878	3.984369698609158e-05
19	wm	morphology	41	0.00014617036742581302	6.640616164348134e-05
19	wm	morphology	42	0.0014642860781090006	3.469446951953614e-18
19	wm	morphology	43	7.817449992064684e-05	3.469446951953614e-18
19	wm	morphology	44	4.9197440767034806e-05	3.469446951953614e-18
19	wm	morphology	45	3.720104168647431e-05	1.328123232870182e-05
19	wm	morphology	46	0.0014346786876626716	6.640616164348134e-05
19	wm	morphology	47	0.00014197773001511926	3.984369698608811e-05
19	wm	morphology	48	0.0014924715136813704	2.65624646573967e-05
19	wm	morphology	49	0.0014646818899001213	2.656246465739323e-05
19	wm	morphology	50	-1.2602321302401798e-05	-6.640616164347093e-05
19	wm	morphology	51	6.19854634293926e-05	-1.3281232328691411e-05
19	wm	morphology	52	0.0015030703669582923	3.984369698608811e-05
19	wm	morphology	53	1.8588316307854846e-05	-2.6562464657382823e-05
19	wm	morphology	54	0.00013778509260453653	2.656246465739323e-05
19	wm	morphology	55	0.0015482608716745894	6.640616164348134e-05
19	wm	morphology	56	3.0052020383308786e-06	-3.984369698608117e-05
19	wm	morphology	57	1.959005032026173e-05	-2.656246465738976e-05
19	wm	morphology	58	0.0014394772472948736	6.938893903907228e-18
19	wm	morphology	59	0.001479473380587737	2.656246465739323e-05
19	wm	morphology	60	1.5001601119113417e-05	-5.3124929314772584e-05
19	wm	morphology	61	0.0015696442795890553	0.00010624985862956599
19	wm	morphology	62	0.0001823696750991033	0.00013281232328695922
19	wm	morphology	63	0.00012937540871271747	7.968739397217622e-05
19	wm	morphology	64	7.59365123981226e-06	-3.984369698608117e-05
19	wm	morphology	65	0.0015270631651200794	7.968739397217969e-05
19	wm	morphology	66	0.0014680829037285736	2.65624646573967e-05
19	wm	morphology	67	0.0014846677520109486	6.938893903907228e-18
19	wm	morphology	68	0.0014634700454565497	2.656246465739323e-05
19	wm	morphology	69	0.0014914697796685195	3.984369698609158e-05
19	wm	morphology	70	0.0015326533483340787	7.968739397217622e-05
19	wm	morphology	71	0.0015000651649204055	2.656246465738976e-05
19	wm	morphology	72	0.0014146928255517333	-2.656246465738976e-05
19	wm	morphology	73	0.001487067031827105	3.984369698608811e-05
19	wm	morphology	74	0.0014756765549682749	9.296862630087457e-05
19	wm	morphology	75	0.0014504719123630272	-2.6562464657382823e-05
19	wm	morphology	76	2.3807096801720107e-05	-5.312492931477952e-05
19	wm	morphology	77	0.0014436698847055673	3.469446951953614e-18
19	wm	morphology	78	8.378909220574382e-05	3.984369698608811e-05
19	wm	morphology	79	9.259458788868358e-05	1.328123232870182e-05
19	wm	morphology	80	0.0014506820227939698	5.312492931478646e-05
19	wm	morphology	81	8.998519764136237e-05	1.328123232869835e-05
19	wm	morphology	82	1.0017340129619967e-06	-6.640616164346747e-05
19	wm	morphology	83	3.480176186998474e-05	1.328123232870182e-05
19	wm	morphology	84	0.0014620724996528	5.312492931478299e-05
19	wm	morphology	85	7.239861534669156e-05	2.656246465739323e-05
19	wm	morphology	86	8.19957346113176e-05	3.984369698609158e-05
19	wm	morphology	87	0.0015146709542485093	9.29686263008711e-05
19	wm	morphology	88	5.404481854709431e-06	-3.9843696986077703e-05
19	wm	morphology	89	0.001565055830387907	0.00010624985862956599
19	wm	morphology	90	9.299039967958223e-05	3.984369698609505e-05
19	wm	morphology	91	0.00011598146382840735	1.328123232870182e-05
19	wm	morphology	92	0.00010957524796173512	2.656246465740017e-05
19	wm	morphology	93	0.001504467912761931	-2.656246465738976e-05
19	wm	morphology	94	0.0014530813026102374	-6.640616164347093e-05
19	wm	morphology	95	3.440595007897507e-05	-6.64061616434744e-05
19	wm	morphology	96	0.0014520795685974974	1.328123232869835e-05
19	wm	morphology	97	4.479469292573146e-05	6.938893903907228e-18
19	wm	morphology	98	0.0014576697518114967	-1.3281232328691411e-05
19	wm	morphology	99	6.137954120755129e-05	7.968739397217969e-05
20	wm	morphology	0	-0.0034114281144287384	-0.0003557692186404518
20	wm	morphology	1	-0.003403666711665254	-5.422862733634598e-05
20	wm	morphology	2	7.074796349204604e-06	0.00029198705337549896
20	wm	morphology	3	-3.3827742172864994e-05	-5.6393458671158414e-05
20	wm	morphology	4	-0.003416768542011561	-0.0004400055775668661
20	wm	morphology	5	-0.0034043533180794228	-0.00041464230408159303
20	wm	morphology	6	-0.00011353729451146766	-0.00040481896726388134
20	wm	morphology	7	-0.0033834900849699645	-0.0001736506582451225
20	wm	morphology	8	-4.880126256823214e-05	-0.0001363661520724438
20	wm	morphology	9	-8.573658633526104e-05	-0.00017963518034280063
20	wm	morphology	10	-4.948786898240076e-05	-2.8707486973165997e-05
20	wm	morphology	11	-0.003343497987517874	-8.175391719453251e-05
20	wm	morphology	12	-0.00012969589854217034	-0.0006395600453961044
20	wm	morphology	13	-3.382774217264295e-05	9.810418885004141e-05
20	wm	morphology	14	-6.820476947655418e-05	-3.259223655989463e-05
20	wm	morphology	15	-8.705899125382999e-05	-0.0001618863541149873
20	wm	morphology	16	-0.0033980516415172968	-0.0002385101424252148
20	wm	morphology	17	-3.903084847278748e-05	1.0518924832558785e-05
20	wm	morphology	18	-0.0033901529174711342	-0.00023462633115912263
20	wm	morphology	19	-0.0033984636053654427	-8.762932224291864e-05
20	wm	morphology	20	-0.003398188962799864	-0.0002577760234809823
20	wm	morphology	21	-0.0001133999732284563	-0.0003068295253869438
20	wm	morphology	22	-0.003380931788506736	-0.0004028779999514648
20	wm	morphology	23	-0.0034321540262552963	-0.0003597640235971089
20	wm	morphology	24	-7.007645952628039e-05	-0.0002987892890037383
20	wm	morphology	25	-0.003411290793145838	-0.00044210628839845556
20	wm	morphology	26	-5.254464266724046e-05	-5.23977153938579e-05
20	wm	morphology	27	-0.0033825288359904393	-0.0002719127139730604
20	wm	morphology	28	-0.0033635372929308183	-0.0003283071109648483
20	wm	morphology	29	-8.705899125371896e-05	-0.0005834335706521553
20	wm	morphology	30	-6.446138937765689e-05	-0.00042062776449990763
20	wm	morphology	31	-0.00014964869058176067	-0.0005438235513048548
20	wm	morphology	32	-0.003390152917470912	-0.0003951085007780075
20	wm	morphology	33	-0.003413162483195342	-0.000387070141036068
20	wm	morphology	34	-0.0033829407998388072	-0.0002248020560207814
20	wm	morphology	35	-0.003386409537372348	-0.00020705322979296115
20	wm	morphology	36	-4.948786898240076e-05	-0.0003324597827994158
20	wm	morphology	37	-0.0033881439061389518	-0.0002404539246995338
20	wm	morphology	38	-0.00342841064615651	-0.0003793006418626038
20	wm	morphology	39	-0.003354865449097244	-0.00022075943955612853
20	wm	morphology	40	-5.9894081582023695e-05	-0.00025610391673702715
20	wm	morphology	41	-0.003458220365664455	-0.0005302292735528784
20	wm	morphology	42	-0.003385499096302036	-0.00015411497830025017
20	wm	morphology	43	-0.0033953560237709457	-0.0002286418090614306
20	wm	morphology	44	-0.0033813437523548817	-0.00025583317952728585
20	wm	morphology	45	-0.003371985302107916	-0.00022685589366502196
20	wm	morphology	46	-1.6982531727993688e-05	-0.00040298805532139326
20	wm	morphology	47	-0.00012303306604122266	-0.00038901110834848457
20	wm	morphology	48	-6.82047694766652e-05	-0.0001718666194899729
20	wm	morphology	49	-4.7753500215574896e-05	-0.00019140136111419487
20	wm	morphology	50	-0.0033220854692775914	0.0001473136809926473
20	wm	morphology	51	-0.003386409537372126	-0.0001990139317303921
20	wm	morphology	52	-0.0034132998044781315	-0.0003421721259265695
20	wm	morphology	53	-0.0033464174399202573	-4.657106017406931e-05
20	wm	morphology	54	-0.00345904429336108	-0.0003850163033918205
20	wm	morphology	55	-0.00011540898456074977	-0.0004282393967954684
20	wm	morphology	56	-0.0033416262974685917	2.784383857589584e-05
20	wm	morphology	57	-0.0033484264512522177	-0.0001403609570291009
20	wm	morphology	58	-0.0033563251752984913	-0.00010727599587834896
20	wm	morphology	59	-5.6837307897184e-05	-0.0001621552146834626
20	wm	morphology	60	-1.5385484244179182e-05	5.3634777828194535e-05
20	wm	morphology	61	-0.00012595251844327304	-0.000606584201294634
20	wm	morphology	62	-0.00015699812949665493	-0.0008453650809295901
20	wm	morphology	63	-0.003445118535318259	-0.0006338884420923306
20	wm	morphology	64	-3.4687375337627557e-06	0.00010225592236397241
20	wm	morphology	65	-0.003432016704972618	-0.0004990384065271872
20	wm	morphology	66	-5.1634201597039464e-05	-9.966436358278818e-05
20	wm	morphology	67	-0.003394033618852599	-8.579934862106703e-05
20	wm	morphology	68	-3.944281232104441e-05	-0.00018762760521802424
20	wm	morphology	69	-6.619575814448275e-05	-0.00021508971289362078
20	wm	morphology	70	-9.586815636941637e-05	-0.0004948847963719867
20	wm	morphology	71	-7.16735070096508e-05	-0.00021482272896642535
20	wm	morphology	72	-0.0033419009400345034	-3.853082379087075e-05
20	wm	morphology	73	-6.0306045430613686e-05	-0.00022091824475466842
20	wm	morphology	74	-0.0033907022026021805	-0.000585105677396093
20	wm	morphology	75	-0.0033636746142132745	6.691332182434673e-05
20	wm	morphology	76	-0.0033627641731432956	0.0001198506349964143
20	wm	morphology	77	-0.0033559132114501233	-5.4497487904814346e-05
20	wm	morphology	78	-0.0034095564243792342	-0.00037945757041987077
20	wm	morphology	79	-0.0034213358498069724	-0.00027758056399430214
20	wm	morphology	80	-0.0033699762907757336	-0.00038733806328390685
20	wm	morphology	81	-0.0034131624831954532	-0.00031459714791913507
20	wm	morphology	82	-2.00901133251552e-06	0.0003115227333203713
20	wm	morphology	83	-0.003370113612058523	-0.00021314874558121116
20	wm	morphology	84	-0.003375179397075434	-0.000391223751191265
20	wm	morphology	85	-0.0034043533180794228	-0.0003792997035419743
20	wm	morphology	86	-0.0034118400782771063	-0.00042835039048603335
20	wm	morphology	87	-8.920532386880176e-05	-0.0005282836146372934
20	wm	morphology	88	-0.003343497987518207	-8.537074453341537e-05
20	wm	morphology	89	-0.00012851081490672378	-0.0006398279676439363
20	wm	morphology	90	-8.359025372051132e-05	-0.00026997080834000736
20	wm	morphology	91	-0.00010029814288226024	-0.00016603996427019124
20	wm	morphology	92	-0.0034259896709758486	-0.0003344026267531053
20	wm	morphology	93	-7.75632197236309e-05	2.6171731831954592e-05
20	wm	morphology	94	-0.0033718479808249047	0.00020035917289337735
20	wm	morphology	95	-3.666068120178334e-05	0.00023543478950580066
20	wm	morphology	96	-3.423970602123294e-05	-8.579841030043056e-05
20	wm	morphology	97	-3.9854776169523376e-05	-0.00010144840233793084
20	wm	morphology	98	-0.003369289684361787	-0.00013247952584443529
20	wm	morphology	99	-0.0033822541934249717	-0.0005598552742426509
21	wm	morphology	0	-9.092531329080167e-05	-1.9476914990129712e-06
21	wm	morphology	1	-1.9922403207583983e-05	1.2984609993396679e-06
21	wm	morphology	2	-6.605645844404151e-05	2.5969219986932135e-06
21	wm	morphology	3	-7.947472972791303e-05	6.938893903907228e-18
21	wm	morphology	4	-2.4035332547578392e-05	-1.9476914990129712e-06
21	wm	morphology	5	-8.783718505833704e-05	-2.5969219986932135e-06
21	wm	morphology	6	-3.304003136928024e-05	-2.5969219986862746e-06
21	wm	morphology	7	-1.2721345635791081e-05	6.492304996733034e-07
21	wm	morphology	8	-8.417522040171654e-05	6.938893903907228e-18
21	wm	morphology	9	-9.287927610146518e-05	-1.298460999332729e-06
21	wm	morphology	10	-1.3800828900123463e-05	1.2984609993604845e-06
21	wm	morphology	11	-7.075694911828911e-05	6.492304996733034e-07
21	wm	morphology	12	-3.9557888202867986e-05	-3.895382998032881e-06
21	wm	morphology	13	-7.947472972791303e-05	6.492304996733034e-07
21	wm	morphology	14	-8.882102891871746e-05	6.492304996733034e-07
21	wm	morphology	15	-2.530609462025879e-05	6.938893903907228e-18
21	wm	morphology	16	-8.730430588133054e-05	-1.2984609993396679e-06
21	wm	morphology	17	-1.2830709949840369e-05	1.947691499026849e-06
21	wm	morphology	18	-8.569194343910347e-05	-1.2984609993396679e-06
21	wm	morphology	19	-1.742183630981664e-05	6.492304996802423e-07
21	wm	morphology	20	-8.705834491617992e-05	-6.492304996594256e-07
21	wm	morphology	21	-3.3285992334208814e-05	-1.2984609993396679e-06
21	wm	morphology	22	-8.250817580313097e-05	-2.5969219986793357e-06
21	wm	morphology	23	-2.7997940326152104e-05	-1.2984609993396679e-06
21	wm	morphology	24	-8.94085902531927e-05	-1.298460999332729e-06
21	wm	morphology	25	-9.117127425595228e-05	-3.246152498352639e-06
21	wm	morphology	26	-1.6205756394160886e-05	6.492304996733034e-07
21	wm	morphology	27	-8.358765906746335e-05	-1.9476914990129712e-06
21	wm	morphology	28	-9.059380979170584e-06	-6.492304996663645e-07
21	wm	morphology	29	-2.530609462025879e-05	-5.193843997379488e-06
21	wm	morphology	30	-8.764590625021107e-05	-3.8953829980259425e-06
21	wm	morphology	31	-4.3219852859488483e-05	-3.8953829980259425e-06
21	wm	morphology	32	-1.6547356763263465e-05	-1.94769149901991e-06
21	wm	morphology	33	-9.175883558998343e-05	-1.9476914990129712e-06
21	wm	morphology	34	-1.37051894961715e-05	-6.492304996594256e-07
21	wm	morphology	35	-8.451682077081912e-05	-6.492304996594256e-07
21	wm	morphology	36	-8.29454155766296e-05	-2.5969219986793357e-06
21	wm	morphology	37	-8.535034307022293e-05	-1.2984609993396679e-06
21	wm	morphology	38	-2.682281765742367e-05	-1.2984609993396679e-06
21	wm	morphology	39	-7.403635615865767e-05	-6.492304996594256e-07
21	wm	morphology	40	-8.794654937238633e-05	-1.9476914990129712e-06
21	wm	morphology	41	-3.6469759970625404e-05	-3.246152498359578e-06
21	wm	morphology	42	-1.306294600489366e-05	6.492304996733034e-07
21	wm	morphology	43	-8.819251033753694e-05	-6.492304996594256e-07
21	wm	morphology	44	-8.177029290767912e-05	-6.492304996663645e-07
21	wm	morphology	45	-7.883248623663519e-05	-1.298460999332729e-06
21	wm	morphology	46	-7.418667771941223e-05	-3.246152498359578e-06
21	wm	morphology	47	-3.57318770753956e-05	-1.9476914990129712e-06
21	wm	morphology	48	-8.882102891871746e-05	-1.2984609993396679e-06
21	wm	morphology	49	-8.211189327700374e-05	-1.2984609993396679e-06
21	wm	morphology	50	3.375046444098473e-06	3.246152498366517e-06
21	wm	morphology	51	-1.5372234094757076e-05	6.492304996733034e-07
21	wm	morphology	52	-9.151287462505486e-05	-1.94769149901991e-06
21	wm	morphology	53	-7.340783757725511e-05	6.492304996733034e-07
21	wm	morphology	54	-3.4993994179943755e-05	-1.2984609993396679e-06
21	wm	morphology	55	-3.362759270375548e-05	-2.5969219986862746e-06
21	wm	morphology	56	-7.016938778381387e-05	1.2984609993604845e-06
21	wm	morphology	57	-4.60485127029564e-06	1.2984609993604845e-06
21	wm	morphology	58	-6.217213711856573e-06	6.492304996733034e-07
21	wm	morphology	59	-8.554162187857095e-05	-1.2984609993396679e-06
21	wm	morphology	60	-7.31071944553019e-05	1.947691499026849e-06
21	wm	morphology	61	-3.838276553458364e-05	-4.544613497713124e-06
21	wm	morphology	62	-4.581605916187392e-05	-6.492304996719156e-06
21	wm	morphology	63	-0.00010150141730713713	-4.544613497699246e-06
21	wm	morphology	64	-7.081163127509171e-05	1.2984609993396679e-06
21	wm	morphology	65	-2.8243901291524764e-05	-3.246152498352639e-06
21	wm	morphology	66	-1.3896468304297471e-05	-6.492304996733034e-07
21	wm	morphology	67	-8.662110514245924e-05	0.0
21	wm	morphology	68	-8.123741373067261e-05	-1.2984609993396679e-06
21	wm	morphology	69	-8.847942854983692e-05	-1.9476914990129712e-06
21	wm	morphology	70	-9.837233182774519e-05	-3.895382998032881e-06
21	wm	morphology	71	-9.048807351774713e-05	-1.2984609993396679e-06
21	wm	morphology	72	-6.967746585373469e-05	1.2984609993604845e-06
21	wm	morphology	73	-8.720866647715653e-05	-1.9476914990129712e-06
21	wm	morphology	74	-8.470809957916714e-05	-4.544613497692307e-06
21	wm	morphology	75	-7.795800669008202e-05	1.2984609993604845e-06
21	wm	morphology	76	-6.5041319239345086e-06	2.5969219986932135e-06
21	wm	morphology	77	-7.609968328337047e-05	6.938893903907228e-18
21	wm	morphology	78	-2.119316528026438e-05	-1.9476914990129712e-06
21	wm	morphology	79	-2.3734689425181088e-05	-6.492304996663645e-07
21	wm	morphology	80	-7.849088586753261e-05	-2.5969219986862746e-06
21	wm	morphology	81	-2.2614248913921386e-05	-6.492304996663645e-07
21	wm	morphology	82	-3.416003693246239e-07	3.2461524983734558e-06
21	wm	morphology	83	-9.100338226319948e-06	-6.492304996594256e-07
21	wm	morphology	84	-8.099145276529995e-05	-2.5969219986862746e-06
21	wm	morphology	85	-8.7837185058115e-05	-1.9476914990129712e-06
21	wm	morphology	86	-9.018743039512778e-05	-2.5969219986862746e-06
21	wm	morphology	87	-2.5401734024210754e-05	-3.8953829980259425e-06
21	wm	morphology	88	-7.075694911828911e-05	1.2984609993604845e-06
21	wm	morphology	89	-3.77405220433058e-05	-4.544613497699246e-06
21	wm	morphology	90	-2.3639050021229124e-05	-1.9476914990129712e-06
21	wm	morphology	91	-2.917306299443645e-05	-6.492304996594256e-07
21	wm	morphology	92	-2.7219100183772937e-05	-1.2984609993396679e-06
21	wm	morphology	93	-9.175883558998343e-05	1.2984609993604845e-06
21	wm	morphology	94	-9.933860525723759e-06	3.89538299803982e-06
21	wm	morphology	95	-7.834056430611192e-05	2.5969219986932135e-06
21	wm	morphology	96	-7.873684683268323e-05	-6.492304996663645e-07
21	wm	morphology	97	-8.049953083544281e-05	-6.492304996663645e-07
21	wm	morphology	98	-7.972069069306364e-05	6.492304996733034e-07
21	wm	morphology	99	-1.4934994321924577e-05	-3.8953829980259425e-06
22	wm	morphology	0		-0.0002275243541753208
22	wm	morphology	1		8.026010679539584e-05
22	wm	morphology	2		0.0003213490611690111
22	wm	morphology	3		-2.325146164668633e-05
22	wm	morphology	4		-0.0003023772830493335
22	wm	morphology	5		-0.000263468034835684
22	wm	morphology	6		-0.00032200611915587235
22	wm	morphology	7		-3.1408883923599376e-05
22	wm	morphology	8		-9.897677170531832e-05
22	wm	morphology	9		-0.00010141838207341353
22	wm	morphology	10		4.553723131908022e-05
22	wm	morphology	11		7.628905725581663e-05
22	wm	morphology	12		-0.0006110341252046694
22	wm	morphology	13		0.00013757738593153483
22	wm	morphology	14		4.553723131908022e-05
22	wm	morphology	15		-0.00012069879418052411
22	wm	morphology	16		-0.00010141838207341353
22	wm	morphology	17		4.466485013446091e-05
22	wm	morphology	18		-0.00012191959936457171
22	wm	morphology	19		5.0380662043277014e-05
22	wm	morphology	20		-9.810439052069901e-05
22	wm	morphology	21		-0.0002745910246658833
22	wm	morphology	22		-0.00027581182984992916
22	wm	morphology	23		-0.00021518055916107566
22	wm	morphology	24		-0.00022211717625393937
22	wm	morphology	25		-0.0003159418832476262
22	wm	morphology	26		-1.509403936977502e-05
22	wm	morphology	27		-0.00017230026140784872
22	wm	morphology	28		-0.00021605294034569497
22	wm	morphology	29		-0.0005582516428052908
22	wm	morphology	30		-0.00035397875027665636
22	wm	morphology	31		-0.00045749031871874027
22	wm	morphology	32		-0.00027581182984992916
22	wm	morphology	33		-0.00026434041602030334
22	wm	morphology	34		-8.301035115092226e-05
22	wm	morphology	35		-0.00010229076325803457
22	wm	morphology	36		-0.0002839692521268422
22	wm	morphology	37		-0.00013217020801015167
22	wm	morphology	38		-0.0002643404160203016
22	wm	morphology	39		-7.969635959820774e-05
22	wm	morphology	40		-0.00021727374552974084
22	wm	morphology	41		-0.00043179724670395526
22	wm	morphology	42		-2.7502443555298822e-06
22	wm	morphology	43		-0.00012885621645743715
22	wm	morphology	44		-8.785378187512079e-05
22	wm	morphology	45		-0.00010141838207341353
22	wm	morphology	46		-0.0003404141500783636
22	wm	morphology	47		-0.0003105347053262448
22	wm	morphology	48		-0.00012191959936457171
22	wm	morphology	49		-0.00013007702164148302
22	wm	morphology	50		0.00027637557704711727
22	wm	morphology	51		-7.03181321372471e-05
22	wm	morphology	52		-0.00021727374552974257
22	wm	morphology	53		5.160146722732635e-05
22	wm	morphology	54		-0.00024593238509781207
22	wm	morphology	55		-0.00035066475872394184
22	wm	morphology	56		0.0001490487997611624
22	wm	morphology	57		-9.686861448393591e-06
22	wm	morphology	58		1.3564600198296209e-05
22	wm	morphology	59		-0.00013217020801015167
22	wm	morphology	60		0.00014629855540563425
22	wm	morphology	61		-0.0005549376512525746
22	wm	morphology	62		-0.0007857759969806142
22	wm	morphology	63		-0.00048614895828680803
22	wm	morphology	64		0.00010804636517884603
22	wm	morphology	65		-0.0003826373898447276
22	wm	morphology	66		-6.66955065970979e-05
22	wm	morphology	67		1.147141382962756e-05
22	wm	morphology	68		-0.00013823444391839607
22	wm	morphology	69		-0.00014970585774802363
22	wm	morphology	70		-0.0004481120912577796
22	wm	morphology	71		-0.00017923687850071243
22	wm	morphology	72		0.00010407531563926854
22	wm	morphology	73		-0.00018045768368476003
22	wm	morphology	74		-0.00043908228779624726
22	wm	morphology	75		0.00016536364431498675
22	wm	morphology	76		0.0002444029459263315
22	wm	morphology	77		6.878869296576828e-05
22	wm	morphology	78		-0.00024715319028185967
22	wm	morphology	79		-0.00013823444391839607
22	wm	morphology	80		-0.000255310612558771
22	wm	morphology	81		-0.00015664247484088734
22	wm	morphology	82		0.0003500077007370806
22	wm	morphology	83		-0.00010351156844208044
22	wm	morphology	84		-0.00027581182984992916
22	wm	morphology	85		-0.0002438391987291469
22	wm	morphology	86		-0.00028187606575817356
22	wm	morphology	87		-0.0004369891014275821
22	wm	morphology	88		6.7259253794286e-05
22	wm	morphology	89		-0.0006020043217431371
22	wm	morphology	90		-0.00025949698529610654
22	wm	morphology	91		-0.00013217020801015167
22	wm	morphology	92		-0.00021727374552974257
22	wm	morphology	93		0.00011432592428484677
22	wm	morphology	94		0.00030206864906190053
22	wm	morphology	95		0.0002742823906784486
22	wm	morphology	96		-4.4973484121892116e-05
22	wm	morphology	97		-5.313090639880516e-05
22	wm	morphology	98		1.8971778119677637e-05
22	wm	morphology	99		-0.0004493328964418272
