epoch	train_loss	n_optimizer_steps	train_c0	train_retrieval
1	1.2750015671436603	52	0.5979069104561439	7.782697384174053
2	1.2645320800634532	52	0.5949185949105483	7.696706826870258
3	1.25899714919237	52	0.5930088655306742	7.655037971643301
4	1.2546069736664112	52	0.5913810649743447	7.623286430652325
5	1.248296279173631	52	0.5885669164932691	7.583096274962792
6	1.2452006408801446	52	0.5873385874124674	7.561633073366606
7	1.2406419217586517	52	0.5852783161860245	7.532915225395789
8	1.237386568234517	52	0.5837670243703402	7.512868541937608
9	1.2339912973917448	52	0.5824316992209508	7.489190936088562
10	1.2298788520006032	52	0.5802033898922113	7.467534322005052
11	1.227437360928609	52	0.5793774769856379	7.448964421565716
12	1.2242473340951479	52	0.5777174864824002	7.4313777318367595
13	1.2214023975225596	52	0.5765154361724854	7.412493971677927
14	1.2188022343012004	52	0.5750920256743064	7.39896821975708
15	1.2160136653826787	52	0.5740215629339218	7.379219724581792
16	1.2123678808028882	52	0.5721729833346146	7.358562331933242
17	1.211332612312757	52	0.5715924650430679	7.353335252174964
18	1.2106561844165509	52	0.5715528073219153	7.34601601270529
19	1.2053690690260668	52	0.5689080667037231	7.315643897423377
20	1.2031259720142071	52	0.5677048609806941	7.303691139587989
21	1.200845140677232	52	0.566804907642878	7.287818972881023
22	1.1998978234254396	52	0.5663334555350817	7.282349247198838
23	1.1969505410927992	52	0.5649810421925324	7.264017343521118
24	1.1957231576626117	52	0.5642956082637494	7.257788227154658
25	1.1946843954233022	52	0.5639268434964694	7.250086958591755
26	1.1921812066665063	52	0.5627448008610652	7.234901492412273
27	1.1895822149056654	52	0.5615192113014368	7.219115220583403
28	1.1885009224598224	52	0.5612004972421206	7.21034994492164
29	1.1866719057926765	52	0.560002822142381	7.203093262819143
30	1.1850646206965814	52	0.5594472438097	7.191004551373995
31	1.181893208852181	52	0.5577444296616775	7.174124084986174
32	1.1797095399636488	52	0.5568401366472244	7.15941858291626
33	1.1799727999247038	52	0.5570544325388395	7.15998140665201
34	1.1782742073902717	52	0.5562643523399646	7.149538682057307
35	1.1753327181706061	52	0.5547195627139165	7.133484785373394
36	1.174299962245501	52	0.554298521234439	7.1264536289068365
37	1.170383327282392	52	0.5524353264616086	7.102850721432612
38	1.1706109780531664	52	0.5524603942265878	7.10517941071437
39	1.1696928212275872	52	0.5519861556016482	7.100076785454383
40	1.1690638065338135	52	0.552048364510903	7.092131733894348
41	1.1678946637190306	52	0.5511362724579297	7.089177186672504
42	1.1646121373543372	52	0.5496357908615699	7.068693802906917
43	1.1631461496536548	52	0.5489190427156595	7.060081931260916
44	1.1615835772110865	52	0.5482720767076199	7.049557704191941
45	1.1609465594475086	52	0.5479127736045764	7.046365536176241
46	1.1599739216841185	52	0.54776247132283	7.036913321568416
47	1.1583515611978679	52	0.5467692384353051	7.029682049384484
48	1.1567821204662323	52	0.5458409178715485	7.022312907072214
49	1.155037944133465	52	0.5450723583881671	7.011098916714008
50	1.1531474406902606	52	0.5442876116587565	6.998388959811284
51	1.15212737596952	52	0.5438174255765401	6.992068492449247
52	1.1511602860230665	52	0.5431574502816567	6.9885385770064135
53	1.150482831092981	52	0.5430652493467698	6.981811450077937
54	1.1492650646429796	52	0.542526455452809	6.9740072305385885
55	1.147185137638679	52	0.5414214741725188	6.962800952104422
56	1.1468949409631581	52	0.5412150139992054	6.961838392110971
57	1.1459820751960461	52	0.5410491898655891	6.9532518203441915
58	1.1448143606002514	52	0.540329424234537	6.948103070259094
59	1.143019077869562	52	0.5395681875256392	6.936217445593614
60	1.1409355012270121	52	0.5382781911354798	6.927095688306368
61	1.1395599452348857	52	0.53788911150052	6.9157570875608005
62	1.1392317070410802	52	0.5378264887974813	6.912703807537373
63	1.1398133543821483	52	0.5379071516486315	6.91846241400792
64	1.1370607110170217	52	0.5368120658856171	6.899409981874319
65	1.1345261083199427	52	0.5352829637435766	6.887852402833792
66	1.1355318197837243	52	0.5359128014399455	6.8921728776051445
67	1.1313866101778471	52	0.5339068678709177	6.867583375710708
68	1.1325151117948384	52	0.5343478522621669	6.875485869554373
69	1.132083766735517	52	0.5341993707876939	6.872234472861657
70	1.1291597508467162	52	0.5328402977723342	6.854246790592487
71	1.129562918956463	52	0.533066491668041	6.856280950399546
72	1.1274544138174791	52	0.5320639656140254	6.84356860931103
73	1.1274880239596734	52	0.5322108045220375	6.842266990588262
74	1.1251568748400762	52	0.5310647659576856	6.8286450276008015
75	1.124534730727856	52	0.5305999557559307	6.826836696037879
76	1.1250333740161016	52	0.5310281366109848	6.827646530591524
77	1.1237665506509633	52	0.5305099275249702	6.819041811502897
78	1.120178215778791	52	0.5283881775461711	6.8021845909265375
79	1.1216244307848124	52	0.5293915650019279	6.8072744607925415
80	1.1200002569418688	52	0.5285268208155265	6.7985455347941475
81	1.1197316692425654	52	0.5285367896923652	6.795343646636376
82	1.117600298844851	52	0.5272741890870608	6.785357777888958
83	1.1166680134259737	52	0.5269190393961393	6.778724001004146
84	1.1167467259443724	52	0.527103911798734	6.777503829735976
85	1.1147643625736237	52	0.525945344223426	6.768034889147832
86	1.1132087271947126	52	0.5252518166716282	6.758125626123869
87	1.1142290440889506	52	0.5259370265098718	6.761977406648489
88	1.1125659209031324	52	0.5249983817338943	6.753650096746592
89	1.111656673825704	52	0.524651893056356	6.747181562276987
90	1.110590249300003	52	0.5241459802939341	6.7407389512428875
91	1.1074974903693566	52	0.5224548337551264	6.7246285035060005
92	1.107662171125412	52	0.5224715299331225	6.7263293999892015
93	1.1073653056071355	52	0.5226927153193034	6.720374785936796
94	1.1061864976699536	52	0.5219017748649304	6.715916422697214
95	1.1057146581319661	52	0.5217347832826468	6.7124126599385185
96	1.1049652168383965	52	0.5214518142434267	6.707050781983596
97	1.102670133113861	52	0.520060236637409	6.696665672155527
98	1.101799290913802	52	0.5199527081388694	6.687891932634207
99	1.101726165184608	52	0.5198388552436461	6.6883599024552565
100	1.1012186866540175	52	0.5195608167694166	6.685722837081323
101	1.0996507543783922	52	0.5188053949521139	6.676383651219881
102	1.0992149435556853	52	0.5185717693888224	6.674059656950144
103	1.0987722942462335	52	0.518372454895423	6.671262750258813
104	1.0984575954767375	52	0.5184200463386682	6.667098448826716
105	1.0968459661190326	52	0.5175558431790426	6.658507337936988
106	1.0950782642914698	52	0.5166142749098631	6.649011547748859
107	1.0950300510113056	52	0.516719662799285	6.647246049000667
108	1.0943785034693205	52	0.5164409251167223	6.642960860179021
109	1.0930445377643292	52	0.51562555707418	6.636999918864324
110	1.0912982592215905	52	0.5149177656723902	6.625063290962806
111	1.0916753113269806	52	0.5150056154682086	6.628387597891001
112	1.090709768808805	52	0.5145614491059229	6.622394589277414
113	1.0895231939279115	52	0.5140449754320658	6.614692385380085
114	1.0890392317221715	52	0.5137344082960715	6.61269945364732
115	1.0881972083678613	52	0.5134053935225193	6.606802665270292
116	1.0880794754395118	52	0.5133919268846512	6.605604226772602
117	1.0872445885951703	52	0.5130972816393926	6.599394403971159
118	1.085289145891483	52	0.512011767579959	6.589395275482764
119	1.0847451526385088	52	0.5117690586126767	6.585932245621314
120	1.0834652506388152	52	0.5110884807430781	6.579043434216426
121	1.0827982861262102	52	0.5106442662385794	6.576483194644634
122	1.0826109716525445	52	0.5106998745065469	6.57369104715494
123	1.081040579539079	52	0.5099638058589056	6.564101145817683
124	1.0803521665243	52	0.5094856361930187	6.561684333361113
125	1.0807735255131354	52	0.5097720342186781	6.5632356863755446
126	1.07930748967024	52	0.5091163934423373	6.553920929248516
127	1.079084453674463	52	0.5091335624456406	6.551159849533668
128	1.0774419284783876	52	0.5082003216330822	6.543007190410908
129	1.0770560984428112	52	0.5080826775385783	6.539924511542687
130	1.0757625951216772	52	0.5072951322564712	6.5341089230317335
131	1.075947337425672	52	0.5076096648207078	6.532617073792678
132	1.0735591031037843	52	0.5063153379238569	6.5200434281275825
133	1.0751380347288573	52	0.5070187959533471	6.530106361095722
134	1.0741495719322791	52	0.5067111402750015	6.522280968152559
135	1.0729600752775486	52	0.5062144650862768	6.514317549191988
136	1.0723775923252106	52	0.5058094572562438	6.512277465600234
137	1.0715994995373945	52	0.5053823641859568	6.508243047274076
138	1.071206340422997	52	0.5053176891345245	6.50446735895597
139	1.0701538484830122	52	0.5048472669262153	6.49777707686791
140	1.068847479728552	52	0.5040672152088239	6.491727342972388
141	1.0687618106603622	52	0.5040423165147121	6.491028904914856
142	1.0678744728748615	52	0.5036667659878731	6.485146201573885
143	1.0675773207957928	52	0.5035464843878379	6.483113215519832
144	1.0666525902656407	52	0.5031384756931891	6.477173924446106
145	1.0657730102539062	52	0.5025024299438183	6.474374706928547
146	1.0646695013229663	52	0.5019945370463225	6.467528636638935
147	1.0641290717400038	52	0.5018720764380235	6.462724291361296
148	1.0643567591905594	52	0.5020086301060823	6.463771765048687
149	1.0614286557986186	52	0.5004839547551595	6.4476403914965115
150	1.0610247942117543	52	0.5002821024793845	6.44531851548415
151	1.062490823177191	52	0.501204082599053	6.451572033075186
152	1.0606868129510145	52	0.5002090885088994	6.442272736476018
153	1.060087460737962	52	0.49982696026563644	6.439776090475229
154	1.0610323307605891	52	0.5004148609363116	6.443879136672387
155	1.0581987775289095	52	0.4990949791211348	6.426480669241685
156	1.0586591122242122	52	0.4992251997956863	6.430275027568523
157	1.05806648845856	52	0.499083348764823	6.425093834216778
158	1.056636699117147	52	0.49833252739447814	6.4172894679583035
159	1.0566034546265235	52	0.49824141080562884	6.417954683303833
160	1.056498442704861	52	0.49838430892962676	6.415105122786302
161	1.053697230724188	52	0.4967074835529694	6.402181157698998
162	1.0542527402822788	52	0.49720971974042744	6.402793526649475
163	1.053162164413012	52	0.4966619467506042	6.39655444255242
164	1.0521343442109914	52	0.49591648292083007	6.393308868775001
165	1.0514999731228902	52	0.4957532240794255	6.3878938143069925
166	1.0507699297024653	52	0.4953728828292627	6.383874223782466
167	1.0510893269227102	52	0.495661168717421	6.384231824141282
168	1.0491702797321172	52	0.4945405704470781	6.3750542310568
169	1.0502369037041297	52	0.49536124903422135	6.377881325208223
170	1.05003364613423	52	0.49525192551887953	6.376801490783691
171	1.0485703647136688	52	0.49421141010064346	6.371942153343787
172	1.0479434121113558	52	0.49420583763947856	6.364799811289861
173	1.047067213516969	52	0.4936753368148437	6.36082635476039
174	1.0461881069036632	52	0.4931044206023216	6.357283775623028
175	1.0447281564657505	52	0.49238141683431774	6.348813405403724
176	1.0448594895692973	52	0.4925767727769338	6.348077315550584
177	1.0444015872019987	52	0.49238786961023623	6.344985430057232
178	1.0434301552864222	52	0.4919266041654807	6.339121396724995
179	1.043658850284723	52	0.4921129804391127	6.339607935685378
180	1.0431261715980678	52	0.491797383588094	6.3371127477059
181	1.0423119228619795	52	0.4915007541959102	6.331163094593928
182	1.0413611347858722	52	0.490827440069272	6.32797372341156
183	1.0413543283939362	52	0.49092554129087007	6.326767857258137
184	1.0406601153887236	52	0.4904782663171108	6.3239295941132765
185	1.0403995112730906	52	0.49053623527288437	6.320267695647019
186	1.0403696023500884	52	0.49055360830747163	6.319724220495957
187	1.0393518816966276	52	0.48992602813702363	6.315239787101746
188	1.0382733677442257	52	0.48960800296985185	6.306498619226309
189	1.0371921681440794	52	0.4889090405060695	6.302105096670298
190	1.037131891800807	52	0.4889484237019832	6.3009596054370585
191	1.035305604338646	52	0.4879410622211603	6.29154661985544
192	1.0357773097661824	52	0.48823265788646847	6.29361682671767
193	1.0355433718516276	52	0.4881107686803891	6.2923289170632
194	1.0345932382803698	52	0.487662048293994	6.286565459691561
195	1.032893411242045	52	0.4867562319223697	6.277438989052405
196	1.0326348462930093	52	0.48669839994265485	6.275131711593041
197	1.0336983192425508	52	0.48720936419872135	6.281482503964351
198	1.032361897138449	52	0.4866636028656593	6.272394271997305
199	1.0322317710289588	52	0.4864532941809067	6.273315879014822
200	1.0311181098222733	52	0.486072963820054	6.264886856079102
201	1.0310620000729194	52	0.48619725153996396	6.262813375546382
202	1.0298851029230998	52	0.4852866129233287	6.259752887945909
203	1.0288702857035856	52	0.48490802026711977	6.2524400766079244
204	1.0289285698762307	52	0.48490323011691755	6.253164905768174
205	1.0283260872730842	52	0.48473701167565125	6.248150422022893
206	1.0286232760319343	52	0.48495524949752367	6.2490578798147345
207	1.0272932109924464	52	0.48417263993850124	6.242765435805688
208	1.0269557707584822	52	0.4839462809837781	6.241488557595473
209	1.0258504691032262	52	0.48348521899718505	6.234083505777212
210	1.0263075507604158	52	0.48371248004528195	6.236725192803603
211	1.0251918549721057	52	0.4831369479115193	6.230516332846421
212	1.0253143574182804	52	0.4832332609937741	6.2308173179626465
213	1.0231390343262599	52	0.4821734783741144	6.217995120928838
214	1.0227045130271177	52	0.48204051359341693	6.21452889075646
215	1.0227842445556934	52	0.4818924218416214	6.217147597899804
216	1.022116788304769	52	0.48151748455487764	6.213785409927368
217	1.0221603443989387	52	0.4817050494826757	6.212130078902612
218	1.0214665279938624	52	0.4813394494927846	6.208357407496526
219	1.0207318388498747	52	0.48100157139393	6.203796414228586
220	1.020139530301094	52	0.4807616346157514	6.199745957668011
221	1.0191482809873729	52	0.48021505257258046	6.1946349785878105
222	1.0188425332307816	52	0.48020583104628783	6.191226601600647
223	1.020042360975192	52	0.4808084500523714	6.1980912043498115
224	1.0186069779671156	52	0.47994724145302403	6.191491411282466
225	1.0163196485776167	52	0.4787904184598189	6.178497176903945
226	1.0172350578583205	52	0.4793455944611476	6.182637764857366
227	1.0166043008749301	52	0.478957994052997	6.17984283887423
228	1.0160118547769694	52	0.4786991666142757	6.176008114447961
229	1.0153397757273455	52	0.4782265556546358	6.173715307162358
230	1.0158188824470227	52	0.47871524496720386	6.173605148608868
231	1.0141354673183882	52	0.4776975501042146	6.165953315221346
232	1.0133963915017934	52	0.47756749334243626	6.158953024790837
233	1.0136964172124863	52	0.47753622325567097	6.162761027996357
234	1.0134890916255803	52	0.4775522511738997	6.160193709226755
235	1.0128872394561768	52	0.4772334975691942	6.156939735779395
236	1.0128864714732537	52	0.477338113463842	6.155728468528161
237	1.0114881132657711	52	0.4764701437491637	6.14963201376108
238	1.011125196631138	52	0.4765294228608792	6.144779186982375
239	1.0107767490240245	52	0.4761864978533525	6.144715602581318
240	1.0092510282993317	52	0.4754606852164635	6.135521265176626
241	1.0100704305447066	52	0.47585570296415913	6.14039931847499
242	1.009411110327794	52	0.4756843837407919	6.134790200453538
243	1.0073987257022123	52	0.47447584397517717	6.125550536008982
244	1.0090821167597404	52	0.475371601489874	6.1346037571246805
245	1.0076284133470976	52	0.4747676643041464	6.124836298135611
246	1.0066181627603679	52	0.4741524916428786	6.1202951944791355
247	1.0071214746970396	52	0.4745544304068272	6.121460483624385
248	1.0062200071719976	52	0.47401111916853833	6.117343609149639
249	1.0050477626232	52	0.47343983271947276	6.110436155245854
250	1.0054572877975612	52	0.47369683247346145	6.112189292907715
251	1.0049417672248988	52	0.473372411269408	6.109992742538452
252	1.0035392997356563	52	0.47256914296975505	6.103105324965257
253	1.0039325379408324	52	0.4728707911876532	6.104158153900733
254	1.0024904345090573	52	0.4721882543884791	6.095427503952613
255	1.0033251104446559	52	0.47242759053523725	6.102270493140588
256	1.0019749758335261	52	0.47194556490733075	6.092292198768029
257	1.0011494675507913	52	0.4713983123119061	6.089093960248507
258	1.0008254979665463	52	0.47127541498495984	6.086782758052532
259	1.000732707289549	52	0.47137294996243256	6.084595148379986
260	1.0008117843132753	52	0.4712367458985402	6.087069593943083
261	0.9999143653191053	52	0.47092629224061966	6.08032291669112
262	0.9993749237977542	52	0.47071208231724226	6.076584504200862
263	0.9988855627866892	52	0.4703520324367743	6.07509812941918
264	0.998371347784996	52	0.47020493848965716	6.0708784231772785
265	0.9976657949961149	52	0.46969881596473545	6.068586138578562
266	0.9970381065056875	52	0.4696571884246973	6.061849704155555
267	0.9975025585064521	52	0.46969028963492465	6.066807856926551
268	0.9965090304613113	52	0.4693569466471672	6.059219562090361
269	0.9963778979503192	52	0.469091871036933	6.060759012515728
270	0.9962598796074207	52	0.4691543166454022	6.058684679178091
271	0.9956704481289937	52	0.468889336173351	6.054955546672527
272	0.9942102122765321	52	0.46822689187068206	6.045785445433396
273	0.9943880450267059	52	0.4681640135554167	6.0485522747039795
274	0.9946329593658447	52	0.46846831475312894	6.047869746501629
275	0.993486531651937	52	0.467689875799876	6.043639898300171
276	0.9938396490537204	52	0.4681293207865495	6.0426475543242235
277	0.9932211362398587	52	0.46763012328973186	6.041276225676904
278	0.993350733931248	52	0.46769854999505556	6.041979367916401
279	0.9900006411167291	52	0.46610064059495926	6.021839316074665
280	0.9915884973911139	52	0.46697889325710445	6.029995670685401
281	0.9910215242550924	52	0.4667461554591472	6.02615383038154
282	0.9900827258825302	52	0.46609748613375884	6.022818950506357
283	0.9909880207135127	52	0.46667910711123395	6.026539463263291
284	0.9892415839892167	52	0.465798271390108	6.01658990749946
285	0.9891747454038033	52	0.4656709713431505	6.017284943507268
286	0.9893092742333045	52	0.46582038414019805	6.017113786477309
287	0.9889948287835488	52	0.4657376122016173	6.014450889367324
288	0.9895086357226739	52	0.46589896369438905	6.018502107033362
289	0.9867347570566031	52	0.46459467995625275	6.001610315763033
290	0.9867841555522039	52	0.4645420524936456	6.0027829592044535
291	0.9875003603788522	52	0.4650790192759954	6.004843170826252
292	0.9867195578721853	52	0.46472097016297853	5.999983897575965
293	0.9862535893917084	52	0.46438556336439574	5.9984832910391
294	0.9851015210151672	52	0.46368331060959744	5.993313019092266
295	0.9843416076440078	52	0.4634748983841676	5.986973845041716
296	0.9855577876934638	52	0.4640402581829291	5.994454603928786
297	0.9842131573420304	52	0.4635318506222505	5.984842749742361
298	0.9832590497457064	52	0.46290886058257175	5.981036855624272
299	0.984493531859838	52	0.46366571348447067	5.986526856055627
300	0.9828934176610067	52	0.4627369991861857	5.978809622617868
301	0.9830052050260397	52	0.46282499168927854	5.979083070388207
302	0.9826546941812222	52	0.46256198447484237	5.9780773016122675
303	0.9819611631906949	52	0.4621748964373882	5.974554896354675
304	0.9809942807142551	52	0.4617653414607048	5.968148891742413
305	0.9810479283332825	52	0.461805274280218	5.968306605632488
306	0.9815748620491761	52	0.462099317747813	5.97098341354957
307	0.9808393705349702	52	0.4617544596011822	5.966493368148804
308	0.9802206238875022	52	0.4615172130557207	5.9621083828119135
309	0.9781922686558503	52	0.4603426651312755	5.9522944688797
310	0.9789446408932025	52	0.4607480036524626	5.956283275897686
311	0.9796126645344955	52	0.46118283386413866	5.958963770132798
312	0.9776337112371738	52	0.46025912119792056	5.946834426659804
313	0.9779307979803818	52	0.46022145392803043	5.950682273277869
314	0.977630880016547	52	0.46014980570628095	5.948058531834529
315	0.9771084934473038	52	0.45991547921529186	5.944747383777912
316	0.9772592863211265	52	0.46007854090287137	5.944606450887827
317	0.9758463238294308	52	0.4592149762006906	5.938291531342727
318	0.9766153612962136	52	0.459719150685347	5.941336026558509
319	0.9752165537614089	52	0.4589821988573441	5.933728355627793
320	0.9749791461687821	52	0.4589019945034614	5.931921472916236
321	0.975312604353978	52	0.45905137405945706	5.934037355276255
322	0.973895937204361	52	0.4584983312166654	5.924110595996563
323	0.9739178396188296	52	0.45837234533750093	5.925810419596159
324	0.973775354715494	52	0.4583712867819346	5.924184854214008
325	0.9729914940320529	52	0.458095439351522	5.918345662263723
326	0.9733213621836442	52	0.45811534501039064	5.921908360261184
327	0.9726839443812003	52	0.4577351464675023	5.918951887350816
328	0.9726075186179235	52	0.45783421913018596	5.916934609413147
329	0.9717818888334128	52	0.45731286933788884	5.913437137236962
330	0.9716303646564484	52	0.45725339421859157	5.912379127282363
331	0.9706242508613147	52	0.45676363832675493	5.90644410940317
332	0.9716892563379728	52	0.45737278117583346	5.911683816176194
333	0.9699349368994052	52	0.4563266463004626	5.903543784068181
334	0.9701883930426377	52	0.45666466939907807	5.902571623141949
335	0.9696287638865985	52	0.45632576312010104	5.900034739420964
336	0.9678343626169058	52	0.45529700643741167	5.891234214489277
337	0.9681460479131112	52	0.4555144413159444	5.892317487643315
338	0.9696810062115009	52	0.4564697089103552	5.898980590013357
339	0.9688971867928138	52	0.4560379941876118	5.894933407123272
340	0.9674600844199841	52	0.4552132601921375	5.8878947129616375
341	0.9670153523866947	52	0.455013941686887	5.885073891052833
342	0.967525412256901	52	0.4553817883133888	5.886708452151372
343	0.9671928263627566	52	0.45508420868561816	5.886306093289302
344	0.9654885759720435	52	0.45425496651576114	5.876248524739192
345	0.9672529112834197	52	0.4553799004508899	5.883598043368413
346	0.9663278735600985	52	0.45480631922300047	5.879558288134062
347	0.9653655840800359	52	0.4542406860452432	5.874999018815847
348	0.9658333854033396	52	0.4546057094748204	5.8761803553654595
349	0.9640183196618006	52	0.45356495334551883	5.867280217317434
350	0.9650354167589774	52	0.45411473971146804	5.87265159533574
351	0.9648179824535663	52	0.4541371980538735	5.869894238618704
352	0.9645246668503835	52	0.45381132627909	5.870268473258386
353	0.9630681459720318	52	0.4531927223388965	5.860637206297654
354	0.9627886380140598	52	0.4529297139782172	5.860447525978088
355	0.962531390098425	52	0.4529980283517104	5.8567054730195265
356	0.9622534284224877	52	0.45275950259887254	5.856252147601201
357	0.9617044616204041	52	0.4523777182285602	5.854330567213205
358	0.9614127553426303	52	0.45238700681007826	5.850870847702026
359	0.9612066791607783	52	0.452295676446878	5.849551925292382
360	0.9611450479580805	52	0.45227578626229215	5.849072135411776
361	0.960713443847803	52	0.4520822155934114	5.84633613549746
362	0.9601645332116348	52	0.45175505028321195	5.843787303337684
363	0.9593925120738837	52	0.45127260054533297	5.840458934123699
364	0.9599605351686478	52	0.4515965489240793	5.843264442223769
365	0.9597874043079523	52	0.45159559181103337	5.84128540295821
366	0.958292774282969	52	0.45075226804384816	5.833799132933984
367	0.9591467988032562	52	0.451305875984522	5.8372520575156575
368	0.9577930902059262	52	0.45054258291537946	5.830465766099783
369	0.9580234048458246	52	0.45073557988955426	5.830894690293532
370	0.9572821018787531	52	0.45032497266164195	5.8270935737169705
371	0.9563233359501913	52	0.4498530018788118	5.8214983481627245
372	0.956820412324025	52	0.4501320989086078	5.824003742291377
373	0.9560517932359989	52	0.44967848234451735	5.820383071899414
374	0.9562774931008999	52	0.4499370427085803	5.8200053710203905
375	0.9562678566345801	52	0.4497989874619704	5.821481411273663
376	0.9567287999850053	52	0.4501814590050624	5.822383367098295
377	0.9555619977987729	52	0.44955031401835954	5.8162264090317946
378	0.9551146511848156	52	0.4493564057808656	5.813313319132878
379	0.954169226380495	52	0.44880065608483094	5.808834323516259
380	0.9542328829948719	52	0.4489230536497556	5.808159222969642
381	0.9546857178211212	52	0.4490293711423874	5.8121420328433695
382	0.9529453848416989	52	0.448275588452816	5.800802423403813
383	0.9531391182771096	52	0.4482026816560672	5.80386718419882
384	0.9534054089051026	52	0.44845999490756255	5.8039703735938435
385	0.95312372308511	52	0.44851966546132016	5.8000467740572414
386	0.9518177039348162	52	0.4477265408405891	5.7941514895512505
387	0.9516279972516574	52	0.4476091821606343	5.793319885547344
388	0.9525909653076758	52	0.44815196039584965	5.798149613233713
389	0.9509774904984695	52	0.44723400129721713	5.790155264047476
390	0.9514985325244757	52	0.44757125641290957	5.7922676893380975
391	0.9510151663651834	52	0.4473581680884728	5.789161031062786
392	0.9508378895429465	52	0.4472021706975423	5.788916486960191
393	0.9496373178867193	52	0.44658501274310625	5.7822105426054735
394	0.9499032004521444	52	0.4467815240988365	5.78300797022306
395	0.9496552038651246	52	0.44661545352293897	5.782066226005554
396	0.9498803581182773	52	0.4467788195380798	5.782776447442862
397	0.9495244117883536	52	0.44669007796507615	5.779705203496492
398	0.9478921534923407	52	0.445779715019923	5.771407521688021
399	0.9487901650942289	52	0.4463128321445905	5.775601707972013
400	0.9479241611865851	52	0.44576885952399325	5.771900186171899
401	0.9479007904346173	52	0.4457499316105476	5.771849109576299
402	0.9474174219828385	52	0.44562053909668553	5.76778047818404
403	0.9467483621377212	52	0.44521717727184296	5.76472637286553
404	0.9470027421529477	52	0.44534474267409396	5.766184054888212
405	0.9466271595312998	52	0.445262162731244	5.762816264079167
406	0.9462254746602132	52	0.44490686918680483	5.7622829125477715
407	0.9457004861189768	52	0.4447252509685663	5.758336177239051
408	0.9457870939603219	52	0.44485655426979065	5.757822476900541
409	0.9452486221606915	52	0.4446381198672148	5.754143907473638
410	0.944887638092041	52	0.4442721037910535	5.7542016964692335
411	0.944328004351029	52	0.44405751732679516	5.750235603405879
412	0.9441222502635076	52	0.44380814467485136	5.750737025187566
413	0.9435397008290658	52	0.44369578189574754	5.745332598686218
414	0.943724084358949	52	0.4438226343347476	5.745993843445411
415	0.9432409291083996	52	0.4434676915407181	5.744520095678476
416	0.9436419720833118	52	0.44372790593367356	5.746138756091778
417	0.9419394857608355	52	0.44292035469642055	5.735852232346168
418	0.9411347061395645	52	0.44242093769403606	5.732342307384197
419	0.9422849886692487	52	0.44308776351121754	5.73789932177617
420	0.9420982243923041	52	0.4429374010517047	5.73748086966001
421	0.9413528064122567	52	0.44262829422950745	5.732465789868281
422	0.9405631193747888	52	0.44209063397004056	5.729568976622361
423	0.9412462401848573	52	0.4425473866554407	5.732170893595769
424	0.9407000495837285	52	0.44220733699890286	5.72980142556704
425	0.9403283057304529	52	0.4421355603979184	5.726353571965144
426	0.9406146773925195	52	0.44229833437846255	5.727774271598229
427	0.9387091730649655	52	0.44129756264961684	5.717375095073994
428	0.9387869181541296	52	0.4412365819399173	5.718969537661626
429	0.9389735609292984	52	0.44141194224357605	5.71909919151893
430	0.9388391650640048	52	0.44141491044026154	5.717520236968994
431	0.9383601649449422	52	0.4413490089086386	5.712772002586951
432	0.9383770983952743	52	0.44107198314024854	5.7161509073697605
433	0.9384324894501612	52	0.44133439660072327	5.713771352401147
434	0.9382971937839801	52	0.4411411933027781	5.71443693454449
435	0.9384899999086673	52	0.4412543366734798	5.715352562757639
436	0.9374905263002102	52	0.4406468839599536	5.710846625841581
437	0.9375005742678275	52	0.4407538015108842	5.709733192737286
438	0.9361132750144372	52	0.4400253932063396	5.7021596890229445
439	0.9359293339344171	52	0.44010941970806855	5.699079651098985
440	0.9363154379221109	52	0.44007058212390315	5.703963994979858
441	0.9356646354381855	52	0.4398447475754298	5.6990793851705694
442	0.9355010757079492	52	0.43967290279956966	5.699174523353577
443	0.9350935679215652	52	0.43949127483826417	5.696578273406396
444	0.9341483139074765	52	0.439138168325791	5.689772009849548
445	0.9354850202798843	52	0.4397419501955693	5.6981963744530315
446	0.935052059017695	52	0.4396601038483473	5.694160534785344
447	0.9343533401305859	52	0.439178113753979	5.691669409091656
448	0.9335388174423804	52	0.43873921265968907	5.687351923722487
449	0.9334043333163629	52	0.4388081786724237	5.685013459278987
450	0.934094678897124	52	0.43919206926455867	5.688535855366633
451	0.9321359716928922	52	0.4379442139313771	5.680365259830769
452	0.9324076083990244	52	0.438218517945363	5.6803345405138455
453	0.9321671712857026	52	0.43808621970506817	5.6790915452516995
454	0.9318473316155947	52	0.4380887219539055	5.675386538872352
455	0.9328374553185242	52	0.4384958864404605	5.682087228848384
456	0.9322164161847188	52	0.4382793954931773	5.677437232090877
457	0.9314518249951876	52	0.43775336100504947	5.674695097483122
458	0.9314590337184759	52	0.4377908179393181	5.67434744651501
459	0.931790394278673	52	0.43798114302066654	5.675968573643611
460	0.9301675684176959	52	0.4371574870668925	5.666782690928533
461	0.9303839871516595	52	0.4373158674973708	5.667449859472422
462	0.9305399495821732	52	0.43744515570310444	5.667756429085364
463	0.9301630785832038	52	0.4371773205124415	5.6665030626150275
464	0.9302699279326659	52	0.4373971762565466	5.6652042223857
465	0.9286664930673746	52	0.43635022181731004	5.658807919575618
466	0.9290575213157214	52	0.4366430468284167	5.6599366298088665
467	0.9294472508705579	52	0.4368127091572835	5.662466223423298
468	0.9299112042555442	52	0.43719295928111446	5.66342830657959
469	0.9281035535610639	52	0.4361092992700063	5.655106599514301
470	0.9274880083707663	52	0.4359015111739819	5.650419702896705
471	0.9284750246084653	52	0.43642136053397107	5.655789402815012
472	0.9272378511153735	52	0.435644099345574	5.650503021020156
473	0.9285715967416763	52	0.4364889648098212	5.656122354360727
474	0.9261004982086328	52	0.4351920330753693	5.642626230533306
475	0.9267681252497894	52	0.43550336360931396	5.646721555636479
476	0.9257989628956869	52	0.4351694268675951	5.639420069181002
477	0.9263569013430522	52	0.43525893642352176	5.6448043676523065
478	0.9264021458534094	52	0.4353602723433421	5.644159546265235
479	0.9246216508058401	52	0.43436243213140047	5.635163563948411
480	0.9251569028084095	52	0.4348185727229485	5.636073011618394
481	0.9244220130718671	52	0.4343818695499347	5.6326455152951755
482	0.9242911109557519	52	0.43425034617002195	5.632652640342712
483	0.9254737771474398	52	0.43490461775889766	5.638726051037128
484	0.9248094799426886	52	0.4346489998010489	5.634028618152325
485	0.9248501406266139	52	0.4345185114787175	5.635995956567617
486	0.9246982840391306	52	0.4346445489388246	5.632801761993995
487	0.9242538557602809	52	0.4343350581251658	5.6312506932478685
488	0.9232175705524591	52	0.43380868377593845	5.625389640147869
489	0.9236203672794195	52	0.4340558390204723	5.627178714825557
490	0.9239674176161106	52	0.43435326562477994	5.627748993726877
491	0.9226757287979126	52	0.43341701420453876	5.623663562994737
492	0.9226558586725822	52	0.4335546287206503	5.621853369932908
493	0.9214987731896914	52	0.43289077339264065	5.6161840328803425
494	0.9225534659165603	52	0.4334692811736694	5.621657454050505
495	0.9208920449018478	52	0.43255480321554035	5.613071890977713
496	0.9222342669963837	52	0.433422846862903	5.618522222225483
497	0.9215627587758578	52	0.4329655525776056	5.616060027709374
498	0.9208763471016517	52	0.4326930630665559	5.611302274924058
499	0.9209232513721173	52	0.43262974000894105	5.612569194573623
500	0.9209463539031836	52	0.4326552880498079	5.612541171220633
501	0.9204458456773025	52	0.43241180364902204	5.609586926606985
502	0.9201159809644406	52	0.43229398360619176	5.607149527623103
503	0.9192011046868104	52	0.4318446402366345	5.601798616922819
504	0.9197816951916769	52	0.43203056775606596	5.606335016397329
505	0.9197204800752493	52	0.43204429573737657	5.605473573391254
506	0.9192013408129032	52	0.4318250847550539	5.60202601322761
507	0.918278123323734	52	0.43130364555578965	5.597407854520357
508	0.9188302686581244	52	0.4316537964802522	5.599729703022883
509	0.9178567333863332	52	0.43108468789320725	5.595081127606905
510	0.9181465025131519	52	0.43119840037364227	5.597104778656592
511	0.9182628301473764	52	0.4314712629868434	5.595305589529184
512	0.9176013584320362	52	0.4309857321473268	5.593283277291518
513	0.9176597492052958	52	0.43110518902540207	5.592581290465135
514	0.9181291277591999	52	0.43136634276463437	5.59497476541079
515	0.9171087845013692	52	0.43104095126573855	5.586986780166626
516	0.9173008237893765	52	0.43082255526230884	5.591704396101145
517	0.9167564259125636	52	0.43072537046212417	5.586564036516043
518	0.917105767589349	52	0.4308101666661409	5.589604753714341
519	0.9157028771363772	52	0.4301953911781311	5.580546003121596
520	0.9153688148810313	52	0.429880502132269	5.580325621824998
521	0.9160333631130365	52	0.4302681948129947	5.583507913809556
522	0.9166590995513476	52	0.4307664856314659	5.584972684199993
523	0.9163405975470176	52	0.430474491073535	5.584667994425847
524	0.9151813353483493	52	0.4298656238959386	5.578341685808622
525	0.9153310966033202	52	0.42999794219548887	5.578542131644029
526	0.9144393893388602	52	0.4295932203531265	5.572944631943336
527	0.9142338713774314	52	0.42923226952552795	5.574731221565833
528	0.9153961264170133	52	0.4300992569098106	5.578125027509836
529	0.91423555291616	52	0.4294598245849976	5.572134925768926
530	0.913881418796686	52	0.42933563658824336	5.569491936610295
531	0.9133998717253025	52	0.42899078933092266	5.567920648134672
532	0.9127507255627558	52	0.4286431452402702	5.564455151557922
533	0.9126057418493124	52	0.42864296298760635	5.562790751457214
534	0.9131060460439095	52	0.42888475266786724	5.565762189718393
535	0.9125398443295405	52	0.4286392508791043	5.562075954217177
536	0.9116666443072833	52	0.4280544507962007	5.558760982293349
537	0.9120932450661292	52	0.4283526918062797	5.560236426500174
538	0.9114052355289459	52	0.4280294730113103	5.556043478158804
539	0.9112891898705409	52	0.4278772651002957	5.556459041742178
540	0.912545886177283	52	0.4286230028821872	5.562332171660203
541	0.9109537463921767	52	0.42778927431656766	5.55361479979295
542	0.912105224453486	52	0.4284510503594692	5.559243578177232
543	0.910475220817786	52	0.42754453821824145	5.550927583987896
544	0.9110074582008215	52	0.42793740045565826	5.552529591780442
545	0.9108467216675098	52	0.42781688616825986	5.552067233965947
546	0.9107312903954432	52	0.42790872431718385	5.549684753784766
547	0.9098253903480676	52	0.4273038311646535	5.546224997593806
548	0.9098247301120025	52	0.42723510013176846	5.547007340651292
549	0.9094682301466281	52	0.427098803795301	5.5444763256953316
550	0.9095534579111979	52	0.42708219530490726	5.545646988428556
551	0.9089948546427947	52	0.42688061125003374	5.541543208635771
552	0.9084599373432306	52	0.42664516831819826	5.538100957870483
553	0.9096675801735657	52	0.42727434921723145	5.544749929354741
554	0.9089678239363891	52	0.4269529821781012	5.540400670124934
555	0.9095655863101666	52	0.427185330253381	5.544600826043349
556	0.9084290071175649	52	0.42662016302347183	5.538032788496751
557	0.9085980997635767	52	0.4265941410110547	5.540275555390578
558	0.9069343243653958	52	0.42577652403941524	5.530549553724436
559	0.9075635476754262	52	0.426130510866642	5.533713194040152
560	0.9067837997124746	52	0.4257965706861936	5.52858894604903
561	0.9073897554324224	52	0.42592011392116547	5.53413397532243
562	0.9061545374301764	52	0.42546796512145263	5.525133187954243
563	0.9058802918745921	52	0.4253915107020965	5.522859729253328
564	0.9067624050837296	52	0.42580782851347554	5.528213675205524
565	0.9060424715280533	52	0.4254449170369368	5.524109996282137
566	0.9061338718120868	52	0.42549937734237087	5.524534610601572
567	0.9060036459794412	52	0.4254193718616779	5.52395733503195
568	0.9055273406780683	52	0.42516793941075987	5.521372575026292
569	0.9054072270026574	52	0.42494640900538516	5.522538285989028
570	0.905613226386217	52	0.425163603745974	5.522409613315876
571	0.9056882457091258	52	0.42531768633769107	5.521500871731685
572	0.9041740882855195	52	0.4245052927961716	5.513434602664067
573	0.904347226023674	52	0.4245790999669295	5.514576279200041
574	0.9049349461610501	52	0.42490518207733446	5.5175836728169365
575	0.9048100583828412	52	0.4248605714394496	5.51666090121636
576	0.9046090944455221	52	0.42465678258584094	5.516693436182463
577	0.9045391059838809	52	0.42464009672403336	5.516080746283898
578	0.9037632655638915	52	0.4243262324195642	5.510770641840422
579	0.9034785754405535	52	0.42424437690239686	5.5084391832351685
580	0.9038255753425452	52	0.42424764140294147	5.512390200908367
581	0.9019993853110534	52	0.42326010649020857	5.502750451748188
582	0.9025728977643527	52	0.4235671884738482	5.505812901716966
583	0.9025363314610261	52	0.4238165674301294	5.502526182394761
584	0.9024872768383759	52	0.42365180586393064	5.503856145418608
585	0.9025232035380143	52	0.4236118220365964	5.504728610698994
586	0.9021215564929522	52	0.4236394424851124	5.4997944465050335
587	0.9019357905938075	52	0.4232937882726009	5.501632360311655
588	0.9016446390977273	52	0.4232718308384602	5.498538237351638
589	0.902746510047179	52	0.4238162413239479	5.504945810024555
590	0.9010279568342062	52	0.42291186864559466	5.4955874131276055
591	0.9008920238568232	52	0.4229308372506729	5.493806857329148
592	0.9005230630819614	52	0.4226830137463716	5.492414520337031
593	0.9001792417122767	52	0.42260701667803985	5.4893360413037815
594	0.9000261964706274	52	0.42239287896798206	5.4900382940585795
595	0.9007318191803418	52	0.4228834773485477	5.492509777729328
596	0.8998914796572465	52	0.4223006470845296	5.489549966958853
597	0.8998846010519908	52	0.4223906329044929	5.488436598044175
598	0.8995823195347419	52	0.42228536766309005	5.486172125889705
599	0.8992162816799604	52	0.42204221338033676	5.484759504978474
600	0.8994615972042084	52	0.4222301491177999	5.485419071637667
601	0.8992414806897824	52	0.4222012632168256	5.483221044907203
602	0.8986979000843488	52	0.4218227250071672	5.4813240858224725
603	0.8986799854498643	52	0.42180159859932387	5.4813608939831076
604	0.8988846150728372	52	0.42194395856215405	5.482076644897461
605	0.8981489848632079	52	0.42150706912462527	5.478642903841459
606	0.8981327276963454	52	0.4214903127688628	5.478648616717412
607	0.8980667602557403	52	0.42138004073729884	5.479157906312209
608	0.8974170249242049	52	0.42120226931113464	5.473732939133277
609	0.8974478531342286	52	0.4211363179179338	5.474845400223365
610	0.8966748221562459	52	0.42087530402036816	5.468960138467642
611	0.897689952300145	52	0.4212445507829006	5.476384052863488
612	0.8964085005796872	52	0.420668509717171	5.468275849635784
613	0.8966266191922702	52	0.4208158334860435	5.469089645605821
614	0.8971225802715008	52	0.4210880524837054	5.4716614209688625
615	0.8967617578231372	52	0.42079731134267956	5.470855795420134
616	0.8963919476820872	52	0.4208019060584215	5.46655234006735
617	0.8973445135813493	52	0.42112554208590436	5.473781429804289
618	0.8964641506855304	52	0.4208239099154106	5.4671294047282295
619	0.8962489297756782	52	0.42073538498236585	5.465673043177678
620	0.8958493276284292	52	0.420399699646693	5.46493844802563
621	0.8960031729478103	52	0.4206178474884767	5.464199286240798
622	0.8954590788254371	52	0.42024741436426455	5.462203154197106
623	0.8951431673306686	52	0.42014875606848645	5.459705957999597
624	0.8953010829595419	52	0.42017796635627747	5.461185455322266
625	0.8940188265763797	52	0.41930726915597916	5.4564548914249125
626	0.8943054767755362	52	0.4196079780276005	5.456293243628282
627	0.8937029471764197	52	0.41932317729179674	5.452641239533057
628	0.89349899154443	52	0.41934766276524615	5.450015407342177
629	0.8936892919815503	52	0.41934153036429334	5.452273286305941
630	0.8937647101970819	52	0.41940917533177596	5.4523626657632684
631	0.8937927977396891	52	0.41944082195942217	5.4523216761075535
632	0.8936844009619492	52	0.4194330590275618	5.451164997540987
633	0.8928318745814837	52	0.41904859302135616	5.445784981434162
634	0.8931468690817173	52	0.4191811142059473	5.447882368014409
635	0.8922446003327003	52	0.41862631933047223	5.443888434996972
636	0.8927242710040166	52	0.4190054449897546	5.445044169059167
637	0.8929746930415814	52	0.41897064733963746	5.448322461201594
638	0.8925733107786912	52	0.41892988005509746	5.444177471674406
639	0.8919551441302667	52	0.4185120119498326	5.4418752651948195
640	0.8910888410531558	52	0.4180682536501151	5.4370184036401605
641	0.8923421788674134	52	0.4187623526041324	5.443446471140935
642	0.8927518576383591	52	0.41889333954224217	5.446649826489962
643	0.8912819715646597	52	0.4182352979595845	5.4373182241733256
644	0.8905700628574078	52	0.4176312702206465	5.436078190803528
645	0.8907915342312592	52	0.41779322177171707	5.4367623787659864
646	0.8908605907972043	52	0.41798299035200703	5.435374855995178
647	0.8898931856338794	52	0.4172828782063264	5.432302520825313
648	0.890140393605599	52	0.4175715045287059	5.43182647228241
649	0.8898420620423096	52	0.4174878757733565	5.42935861991002
650	0.8914643915799948	52	0.4182325355135478	5.439446761057927
651	0.890584294612591	52	0.4178573191165924	5.433643515293415
652	0.8908735272976068	52	0.4180695076401417	5.434529157785269
653	0.890851656977947	52	0.4180302803332989	5.434728640776414
654	0.8888997825292441	52	0.41710439725564075	5.422935641728914
655	0.8894909207637494	52	0.4173123481181952	5.427340030670166
656	0.8891928826387112	52	0.41716192146906483	5.425643379871662
657	0.8890014531520697	52	0.41704754072886246	5.4247578015694256
658	0.8892027208438287	52	0.41723604729542363	5.424904465675354
659	0.8886445405391546	52	0.4167590777461345	5.4239709468988275
660	0.8882637551197639	52	0.41668768284412533	5.420414814582238
661	0.8885590262137927	52	0.41682951840070576	5.422178405981797
662	0.8879709725196545	52	0.41662267996714664	5.41779664846567
663	0.8874843739546262	52	0.4161706303174679	5.417399479792668
664	0.888403459237172	52	0.4169076910385719	5.419491758713355
665	0.8867967988436039	52	0.4159788884795629	5.411700285398043
666	0.888226487315618	52	0.4167391245181744	5.419395162509038
667	0.8874456848089511	52	0.4163189690846663	5.415249778674199
668	0.8877693964884832	52	0.4166037503343362	5.415697198647719
669	0.8871391197809806	52	0.4162022706407767	5.413067377530611
670	0.8870695795004184	52	0.41607793191304576	5.413697261076707
671	0.8864724475603837	52	0.41587427201179356	5.409174506480877
672	0.8863446253996629	52	0.4156740686068168	5.410006504792434
673	0.8867339927416581	52	0.41607438772916794	5.409880693142231
674	0.8865931607209719	52	0.4159897153194134	5.409235165669368
675	0.8852211087942123	52	0.4151201465955147	5.403459558120141
676	0.8861478532736118	52	0.41577659432704633	5.406566344774687
677	0.8860951799612778	52	0.4155769015734012	5.408256255663359
678	0.8857128815009043	52	0.41541377053811	5.405737079106844
679	0.8857903079344676	52	0.4156136529949995	5.404329593365009
680	0.8851048854681162	52	0.4151526844272247	5.401749610900879
681	0.8843838446415387	52	0.4148520357333697	5.3969175448784465
682	0.8856702229151359	52	0.4154298569147403	5.405061785991375
683	0.8848625180812982	52	0.4151413606909605	5.3990939397078295
684	0.8848913667293695	52	0.4150861312563603	5.400060323568491
685	0.8846170180119001	52	0.4149313173615016	5.398686408996582
686	0.8842182744007844	52	0.41472568764136386	5.396466658665584
687	0.8842940330505371	52	0.4148365700474152	5.396062924311711
688	0.884124198785195	52	0.41460249630304485	5.396801288311298
689	0.8848111778497696	52	0.4150559019583922	5.39948610159067
690	0.8841546189326507	52	0.41463209287478375	5.396810806714571
691	0.8836748817792306	52	0.41443385699620616	5.393575237347529
692	0.8834537863731384	52	0.4143756782779327	5.39170255110814
693	0.8831270245405344	52	0.41424038719672424	5.389501690864563
694	0.8828011361452249	52	0.4139574599953798	5.389007944327134
695	0.8825921817467763	52	0.41395104504548585	5.386679951961224
696	0.8831268216554935	52	0.4142937774841602	5.388885708955618
697	0.8834500049169247	52	0.41450448964650816	5.390178497021015
698	0.8814559051623712	52	0.4133567810058594	5.380449845240666
699	0.8820541936617631	52	0.41358294739173007	5.384727166249202
700	0.8818228577192013	52	0.4135753076810103	5.382155886063209
701	0.8816790213951697	52	0.413482475739259	5.381569633117089
702	0.8824337869882584	52	0.41383936313482433	5.386142959961524
703	0.8815670162439346	52	0.4134811535477638	5.380297468258784
704	0.8808864767734821	52	0.4130768890564258	5.377121971203731
705	0.8813549257241763	52	0.41335483353871566	5.379311524904692
706	0.8804945647716522	52	0.41282969598586744	5.375458387228159
707	0.880316816843473	52	0.4128543763206555	5.373131678654597
708	0.8815545519957175	52	0.4133432094867413	5.38173966224377
709	0.880034293119724	52	0.41272879907718074	5.371327592776372
710	0.8810827674774023	52	0.4132245618563432	5.377680613444402
711	0.8800715976036512	52	0.4127030624793126	5.372052293557387
712	0.8811813111488636	52	0.41328531217116576	5.378115048775306
713	0.8802432372019842	52	0.41278500797656864	5.373083224663367
714	0.87916599214077	52	0.4120992003725125	5.36858397263747
715	0.8799402645001044	52	0.4126651401703174	5.370978593826294
716	0.8786811977624893	52	0.4119280192714471	5.364979276290307
717	0.8792428993261777	52	0.41212881069916946	5.369127631187439
718	0.879451538507755	52	0.41239617478389007	5.3684526315102215
719	0.878996477677272	52	0.4121246154491718	5.366343443210308
720	0.8786584734916687	52	0.41199505501068556	5.363947474039518
721	0.8781409745032971	52	0.411718678015929	5.361175995606643
722	0.8796561853243754	52	0.41252547101332593	5.369318659488972
723	0.878090962767601	52	0.41167111007066876	5.361147880554199
724	0.8773723026880851	52	0.41129276099113316	5.357236238626333
725	0.8782184800276389	52	0.41180789585296923	5.361041417488685
726	0.8785026325629308	52	0.4119747412892488	5.36238968372345
727	0.8778500430859052	52	0.41156461433722424	5.359602763102605
728	0.8788161163146679	52	0.4119718911556097	5.366025722943819
729	0.8771688823516552	52	0.41127635481265873	5.355086739246662
730	0.8782136612213575	52	0.41182920852532756	5.360740955059345
731	0.8778508076300988	52	0.41157291256464446	5.3595161988185005
732	0.8767002167610022	52	0.41096712534244245	5.353254107328562
733	0.8767733333202509	52	0.41116661521104664	5.351801569645222
734	0.8760635073368366	52	0.4106134892656253	5.350000326450054
735	0.8762767131511981	52	0.41086244640442043	5.3495894853885355
736	0.8759179057983252	52	0.4105178891466214	5.349425691824693
737	0.8758998341285266	52	0.41057763879115766	5.348531145315904
738	0.8764987244055822	52	0.41093274320547396	5.351333251366248
739	0.8759142148953217	52	0.4107565845434482	5.346639559819148
740	0.8755587797898513	52	0.41050648345397067	5.345428861104525
741	0.8758199833906614	52	0.4105779671898255	5.347609501618606
742	0.8756593924302322	52	0.4105784428807405	5.345758153842046
743	0.8753213022763913	52	0.4104013643585719	5.343907402111934
744	0.8748448009674366	52	0.41017549255719554	5.341026755479666
745	0.8758177952124522	52	0.4104817950954804	5.348689776200515
746	0.8745336865003293	52	0.40989560748522097	5.340667788798992
747	0.8743439202125256	52	0.4096757546067238	5.341013550758362
748	0.8745068403390738	52	0.4099840074777603	5.339343052643996
749	0.8747346653388097	52	0.41013192729308057	5.340261486860422
750	0.875002309679985	52	0.4101919142099527	5.342648359445425
751	0.8756634134512681	52	0.4105248646094249	5.34642022389632
752	0.8742121182955228	52	0.4097933219029353	5.338147255090567
753	0.873473027577767	52	0.40940967488747376	5.334061695979192
754	0.8732987768374957	52	0.4094530917130984	5.331559722240154
755	0.8735839690153415	52	0.40939019333857757	5.335560771135183
756	0.8735938221216202	52	0.40951861211886775	5.334198025556711
757	0.8730402302283508	52	0.4091889147575085	5.331624443714436
758	0.8732703683468012	52	0.40921122007645094	5.334013315347525
759	0.8730201308543866	52	0.40922971757558674	5.3309245476355915
760	0.8736390907030839	52	0.4094008786173967	5.336071564601018
761	0.8727431423388995	52	0.4091469141153189	5.328692427048316
762	0.8734145508362696	52	0.4093503264280466	5.334071773749131
763	0.8722065927890631	52	0.4087324858858035	5.327288746833801
764	0.8717590765311167	52	0.40852380658571535	5.324543521954463
765	0.8728249164728018	52	0.40919399089538133	5.3290912829912624
766	0.8720113314115084	52	0.40865947764653426	5.325883526068467
767	0.872421906544612	52	0.40889480595405286	5.327897851283733
768	0.8729130774736404	52	0.4092553573159071	5.329399209756118
769	0.87227751658513	52	0.4087969477360065	5.327362968371465
770	0.8710358784748957	52	0.4081271474178021	5.3207901899631205
771	0.8711113230540202	52	0.40823825620687926	5.320380137516902
772	0.8711559245219598	52	0.4082848080075704	5.320357845379756
773	0.8707782396903405	52	0.4080449761106418	5.318773242143484
774	0.8714476525783539	52	0.40850544090454394	5.321175043399517
775	0.8704436696492709	52	0.4078896681849773	5.316712773763216
776	0.8713743044779851	52	0.40846472806655443	5.32079987342541
777	0.8706728987968885	52	0.4079540343238757	5.318607761309697
778	0.8700526047211427	52	0.4075916140125348	5.315643704854525
779	0.8694683187283002	52	0.40750020570479906	5.309978494277368
780	0.8704097832624729	52	0.4078646840957495	5.316610501362727
781	0.8708069977852014	52	0.4082612389555344	5.316618075737586
782	0.8693040964695123	52	0.4073625493508119	5.309673070907593
783	0.8693532221592389	52	0.407309543627959	5.310847007311308
784	0.8698475739130607	52	0.407592318378962	5.3132789593476515
785	0.8694098843978002	52	0.4075009645177768	5.309298075162447
786	0.8698697972756165	52	0.4076987000612112	5.312311566793001
787	0.8686698480294301	52	0.40702843035642916	5.306223355806791
788	0.8680758143846805	52	0.40676297362034136	5.30244661294497
789	0.868647983440986	52	0.40713249433499116	5.30477590744312
790	0.868502595103704	52	0.40698253134122264	5.304828533759484
791	0.8692937080676739	52	0.40749553934885907	5.308025149198679
792	0.8687573487942035	52	0.4070589616894722	5.306878199944129
793	0.868357770718061	52	0.4069054602430417	5.30404963860145
794	0.8683330863714218	52	0.40685512354740727	5.30434459906358
795	0.868210086455712	52	0.4068652672263292	5.3028141260147095
796	0.8679123658400315	52	0.4067174643278122	5.30109100158398
797	0.8681225421336981	52	0.40675280071221864	5.303100631787227
798	0.8667911004561645	52	0.4061166048049927	5.295109290343064
799	0.8675155662573301	52	0.4065504658680696	5.298449562146113
800	0.8674642283182877	52	0.40645018162635654	5.299012257502629
801	0.8676235228776932	52	0.4066327472145741	5.2987446784973145
802	0.8670582003318347	52	0.4062443060370592	5.296711582403916
803	0.8673726744376696	52	0.4063467337534978	5.299148963047908
804	0.8664810221928817	52	0.40579881175206256	5.295197991224436
805	0.8663174704863474	52	0.40589522684995943	5.292209900342501
806	0.8667025027366785	52	0.4060852716748531	5.294451090005728
807	0.8666331389775643	52	0.40601211385085034	5.294494711435759
808	0.8657882958650589	52	0.40563888962452227	5.289073843222398
809	0.8658312593515103	52	0.40570506338889784	5.28880709868211
810	0.8647084981203079	52	0.40499606957802403	5.284051014826848
811	0.8649548441171646	52	0.40519235512385	5.284626447237455
812	0.8660368002378024	52	0.40586539472524935	5.289326750315153
813	0.8659601211547852	52	0.4057395888062624	5.28989133468041
814	0.8659079246796094	52	0.40566458438451475	5.290153530927805
815	0.8649834188131186	52	0.4052204266190529	5.284632233472971
816	0.865322375526795	52	0.4054114996240689	5.286332102922293
817	0.8647931069135666	52	0.40525175573734135	5.282084648425762
818	0.8653120570457898	52	0.40541845388137376	5.286133472736065
819	0.864989853822268	52	0.4053934726577539	5.282717136236338
820	0.8658113754712619	52	0.40567329640571886	5.2889435933186455
821	0.864679237970939	52	0.40518232263051546	5.281573919149546
822	0.8638393844549472	52	0.40453558472486645	5.279354187158438
823	0.8648043721914291	52	0.40520355907770306	5.282768185322102
824	0.8645172772499231	52	0.4049870429130701	5.28195690191709
825	0.8643692044111398	52	0.40495130305106825	5.280665691082294
826	0.86336961044715	52	0.4044435608845491	5.275012291394747
827	0.8640900288636868	52	0.4048467507729164	5.278658509254456
828	0.8634506956889079	52	0.4045523966734226	5.274693213976347
829	0.8634842599813755	52	0.4044457817306885	5.276304501753587
830	0.8628316899904838	52	0.40409255085083157	5.2728638007090645
831	0.8637677465493863	52	0.4047091912764769	5.276535254258376
832	0.8632085598432101	52	0.4044098613353876	5.273548419658955
833	0.8639397735779102	52	0.40479781593267733	5.2774939353649435
834	0.8630815904874068	52	0.4042960967008884	5.273396657063411
835	0.8630207490462524	52	0.4042676572616284	5.27302427475269
836	0.8626588193269876	52	0.40412716510204166	5.270478918002202
837	0.8624015817275414	52	0.4040193185210228	5.268761809055622
838	0.8621622358377163	52	0.4037887178934537	5.268661278944749
839	0.8622683550302799	52	0.4037248291648351	5.270615375958956
840	0.8622433428580945	52	0.40384730582053846	5.26892012816209
841	0.8617779119656637	52	0.40367009146855426	5.265607292835529
842	0.8620320478310952	52	0.40381772873493343	5.266831370500418
843	0.8613963963893744	52	0.4033796770068315	5.264560185945951
844	0.8615328761247488	52	0.40352749136778027	5.264429881022527
845	0.8607046776092969	52	0.403131161744778	5.25946583197667
846	0.8614288694583453	52	0.4034550917836336	5.264066604467539
847	0.860915679198045	52	0.40319838317540974	5.261118503717276
848	0.8606506631924555	52	0.4030213917677219	5.2601067286271315
849	0.8609918367404205	52	0.4032578399548164	5.261310439843398
850	0.8610134445703946	52	0.4032355541220078	5.26181500691634
851	0.8601107402489736	52	0.4026882883447867	5.257729511994582
852	0.8604649385580649	52	0.40298779022235137	5.2583582034477825
853	0.8598387023577323	52	0.4026523266847317	5.2550159234267015
854	0.8603690610482142	52	0.4028694744293506	5.2586160989908075
855	0.8598191657891641	52	0.4026891640745677	5.254367920068594
856	0.8602004188757676	52	0.40285338977208507	5.25686253951146
857	0.8598594172642782	52	0.4026414740544099	5.25537882401393
858	0.8591713320750457	52	0.402427230316859	5.249932325803316
859	0.8588485763623164	52	0.4021839975164487	5.249018302330604
860	0.8593997898010107	52	0.4024614422367169	5.252165069946876
861	0.8599510009472187	52	0.4027187291246194	5.255543488722581
862	0.8590261523540204	52	0.4021929416518945	5.250956608698918
863	0.8594342183608276	52	0.4024877284581845	5.252258649239173
864	0.8594469336362985	52	0.402459384730229	5.252730617156396
865	0.8592105668324691	52	0.40242950503642744	5.25035717854133
866	0.8583644697299371	52	0.40202628591885936	5.245266639269316
867	0.8584973365068436	52	0.40202680745950115	5.246787869013273
868	0.8582603117594352	52	0.4019273187105472	5.245206933755141
869	0.858499784882252	52	0.4020484387874603	5.246567368507385
870	0.8577557721963296	52	0.40163925060859096	5.242718788293692
871	0.857505025771948	52	0.4014549410113922	5.241955271134009
872	0.8580528142360541	52	0.40182128835182923	5.2440406909355755
873	0.8579948166242013	52	0.4017713488294528	5.243948046977703
874	0.8583796929854614	52	0.4019826427102089	5.245943353726314
875	0.8580196488362092	52	0.40179519068736297	5.243959417709937
876	0.8569379196717188	52	0.40128575093471086	5.237381412432744
877	0.8581260740756989	52	0.40188807994127274	5.244115050022419
878	0.8564401578444701	52	0.4009584578183981	5.235421969340398
879	0.856885130588825	52	0.401126701098222	5.238602812473591
880	0.8574022639256257	52	0.40159501192661434	5.2391638939197245
881	0.8570916572442422	52	0.4013074550491113	5.238899029218233
882	0.8568133001144116	52	0.4011858713168364	5.2370970249176025
883	0.8571590104928384	52	0.40135743297063387	5.239098713948176
884	0.8561716652833499	52	0.40079228637310177	5.234245942189143
885	0.8559969319747045	52	0.40076643973588943	5.2325345644584065
886	0.8552080461612115	52	0.40032145839471084	5.228581676116357
887	0.8561584341984528	52	0.40085436231814897	5.233380271838262
888	0.8557061518614109	52	0.4006241840811876	5.230827395732586
889	0.8558993981434748	52	0.4007446301671175	5.231664180755615
890	0.8560524915273373	52	0.4007518280010957	5.233341162021343
891	0.8553116757136124	52	0.4004726931452751	5.2280344137778645
892	0.8559788522812036	52	0.4008626204270583	5.2312211623558635
893	0.8556025933760864	52	0.4005632996559143	5.23033684033614
894	0.855362703020756	52	0.40041435395295805	5.22929153075585
895	0.8557860197929236	52	0.4008173495531082	5.2295251076038065
896	0.8550893939458407	52	0.40028666991453904	5.227617685611431
897	0.8545204240542191	52	0.4000470976416881	5.223831442686228
898	0.855583871786411	52	0.4006303394070038	5.229351135400625
899	0.855382441328122	52	0.40054511106931245	5.228015422821045
900	0.8546320429215064	52	0.40016402991918415	5.223770389190087
901	0.8546005567679038	52	0.4000927313016011	5.224228024482727
902	0.8549021425155493	52	0.40022793584145033	5.226140526624826
903	0.8550681586448963	52	0.4004516997016393	5.225476714280935
904	0.8541017518593714	52	0.3998837052629544	5.220897216063279
905	0.8532469341388116	52	0.39939067283501994	5.216738801736098
906	0.8542288988828659	52	0.39982494941124547	5.223034070088313
907	0.8542113785560315	52	0.40001666660492236	5.22062901350168
908	0.85407021183234	52	0.3998124673962593	5.221353558393625
909	0.8541429822261517	52	0.3998747347639157	5.221474280724158
910	0.8539763219081439	52	0.3998636528849602	5.219686068021334
911	0.8532234877347946	52	0.39940598664375454	5.216293215751648
912	0.8529481612719022	52	0.39935965606799495	5.213661175507766
913	0.8537331246412717	52	0.39971645176410675	5.21858261181758
914	0.8532851808346235	52	0.39934884814115673	5.21765909745143
915	0.852825980920058	52	0.39913262999974763	5.214866234705998
916	0.8533623952132005	52	0.3994917284983855	5.216904355929448
917	0.8529175474093511	52	0.3993313811146296	5.213634243378272
918	0.8527548003655213	52	0.39918621572164387	5.2134321469527025
919	0.8522884948895528	52	0.39893760073643464	5.210929971474868
920	0.8522256051118557	52	0.3988906632249172	5.210746535888085
921	0.8521658686491159	52	0.3988316213855377	5.210738640565139
922	0.8518120703788904	52	0.39858057980354017	5.209557542434106
923	0.8522720176440018	52	0.3990247112054091	5.209739309090835
924	0.8519136080375085	52	0.398672725718755	5.20966546352093
925	0.8521403326438024	52	0.3988185330079152	5.210595516058115
926	0.8511151889195809	52	0.39842895418405533	5.203290224075317
927	0.8512321744973843	52	0.39842820454102296	5.2046434971002435
928	0.8510418786452367	52	0.3983614335839565	5.203223650272076
929	0.8516220427476443	52	0.3986789251749332	5.20624290062831
930	0.8507039432342236	52	0.3980471125015846	5.202952219889714
931	0.8512542328009238	52	0.39852732248031175	5.203757698719318
932	0.8505637554021982	52	0.3980714197342212	5.20106145968804
933	0.8512964443518565	52	0.39840153948618817	5.205688724151025
934	0.8522068296487515	52	0.39909242953245455	5.208211642045241
935	0.850856174643223	52	0.3982910049649385	5.201898583999047
936	0.8512342755611126	52	0.3984163042444449	5.204804365451519
937	0.8509016346472961	52	0.39832252779832256	5.202058874643766
938	0.8507742973474356	52	0.3982129618525505	5.201854549921476
939	0.8500539591679206	52	0.39771808741184383	5.199263031666096
940	0.8499702123495249	52	0.39780675963713574	5.197281168057368
941	0.8496122062206268	52	0.39757488152155507	5.19583142720736
942	0.8500843334656495	52	0.3978474925343807	5.19812471133012
943	0.849444812306991	52	0.39755060638372713	5.194186430711013
944	0.849127030143371	52	0.39734294494757283	5.192920684814453
945	0.8496976552101282	52	0.39775548244898135	5.1947377645052395
946	0.8491844913134208	52	0.39735407611498463	5.193453183540931
947	0.8492123794097167	52	0.39744576467917514	5.192719863011287
948	0.8492144483786362	52	0.3974685325072362	5.192481921269343
949	0.8498050375626638	52	0.39778531801242095	5.195629174892719
950	0.8491800106488742	52	0.3973582902779946	5.19335322196667
951	0.8484478535560461	52	0.39695238035458785	5.189603328704834
952	0.8479315478068131	52	0.3967881890443655	5.185555962415842
953	0.8481502853907071	52	0.3968101722689775	5.187817555207473
954	0.8484142227814748	52	0.39706773998645634	5.187890758881202
955	0.8481629169904269	52	0.396953159226821	5.186319204477163
956	0.8486357079102442	52	0.39710240066051483	5.190038167513334
957	0.8483920005651621	52	0.39693523141054005	5.189158375446613
958	0.8486255384408511	52	0.3972388213643661	5.188353199225205
959	0.8486280991480901	52	0.39702018063801986	5.190895759142363
960	0.8468923912598536	52	0.3963204421676122	5.178988007398752
961	0.8474796334138284	52	0.39653429274375623	5.183279862770667
962	0.8470657227131037	52	0.3963098291021127	5.181102330868061
963	0.8472606195853307	52	0.3963900930606402	5.182420015335083
964	0.8476207646039816	52	0.3966134677712734	5.18399206491617
965	0.8479773505375936	52	0.39673201052042156	5.186728257399339
966	0.8467029803074323	52	0.39621864144618696	5.177981055699862
967	0.8467961228810824	52	0.39616694759864074	5.179645868448111
968	0.8473126418315448	52	0.3964932348865729	5.1818323868971605
969	0.8470943306501095	52	0.39626367734028745	5.181961646446815
970	0.8472998658051858	52	0.39647422616298383	5.181904004170344
971	0.846190909926708	52	0.3958055073252091	5.176843863267165
972	0.8466939673973963	52	0.39616690002954924	5.178472142953139
973	0.8459138916088984	52	0.3958069418485348	5.173643240561852
974	0.8457101892966491	52	0.395579847578819	5.17391209418957
975	0.8458507038079776	52	0.3957720949099614	5.173317505763127
976	0.8454825178934977	52	0.3955727391518079	5.171376916078421
977	0.845210035259907	52	0.3953653167073543	5.170629134544959
978	0.8458469406916544	52	0.39566486558088887	5.174506746805632
979	0.8462703766731116	52	0.39601717316187346	5.175324357472933
980	0.8451997523124402	52	0.395340043764848	5.170801382798415
981	0.845296894128506	52	0.39545883295627743	5.17055253799145
982	0.8451802994196231	52	0.395355876821738	5.170395823625418
983	0.8456266361933488	52	0.3956647641383685	5.171975695169889
984	0.8460404230998113	52	0.3960457214942345	5.172353038421044
985	0.845914676785469	52	0.39584953452532107	5.173162707915673
986	0.8444521404229678	52	0.3950141421877421	5.165954140516428
987	0.8444220068363043	52	0.395015598489688	5.165591047360347
988	0.844707190990448	52	0.3952691864508849	5.1659541588563185
989	0.8450621091402494	52	0.39533471774596435	5.169280556532053
990	0.8448551503511575	52	0.3953187855390402	5.167084785608145
991	0.8447832339085065	52	0.3952606904965181	5.1669259529847364
992	0.8445549515577463	52	0.39509932009073406	5.166156832988445
993	0.8434730080457834	52	0.3944678438397554	5.1609790325164795
994	0.8436208676833373	52	0.39471051555413467	5.159889212021461
995	0.8435917038183945	52	0.39455265322556865	5.161368553455059
996	0.8443757811417947	52	0.3951962555830295	5.162983197432298
997	0.8434800242002194	52	0.39445551943320495	5.161201302821819
998	0.8435762490217502	52	0.394626252926313	5.160344976645249
999	0.8433643934818414	52	0.3944953427864955	5.159414502290579
1000	0.8431762869541461	52	0.39445063930291396	5.157766186274015
1001	0.8437634362624242	52	0.39469663340311784	5.161687548343952
1002	0.8429263876034663	52	0.3943833095523027	5.155667717640217
1003	0.843388421031145	52	0.3945409638377336	5.15916631771968
1004	0.843319452725924	52	0.3944349397833531	5.159592270851135
1005	0.842980926999679	52	0.39436368758861834	5.156520119080176
1006	0.842490166425705	52	0.39408573565574795	5.154074054497939
1007	0.8420564119632428	52	0.3937985599040985	5.1523892145890455
1008	0.8432479821718656	52	0.3944931924343109	5.15810121022738
1009	0.8426200151443481	52	0.39396631201872456	5.156939258942237
1010	0.8418963540058869	52	0.3938031592048131	5.150496684587919
1011	0.8418343766377523	52	0.39373444479245406	5.150574115606455
1012	0.8419304490089417	52	0.3936760098888324	5.152350095602182
1013	0.8426839858293533	52	0.39425592582959396	5.154345622429481
1014	0.8423997301321763	52	0.3940239456983713	5.153744761760418
1015	0.8421105501743463	52	0.39397582297141737	5.150974099452679
1016	0.8423602225688788	52	0.3939515145925375	5.1541232237449055
1017	0.8421328044854678	52	0.39387254416942596	5.1524169995234566
1018	0.8417535321070597	52	0.39371036795469433	5.149921554785508
1019	0.8417990734943976	52	0.39368724077939987	5.15071084866157
1020	0.8414067201889478	52	0.39341014566329807	5.149386048316956
1021	0.8415287778927729	52	0.39373388256017977	5.147067913642297
1022	0.8405669365937893	52	0.3930736699929604	5.143600940704346
1023	0.8416277685990701	52	0.39368228499705976	5.148798814186683
1024	0.8415056788004361	52	0.3935418180548228	5.149010025537931
1025	0.8411896354877032	52	0.39351998269557953	5.1456283422616815
1026	0.8409998726386291	52	0.39342403354553074	5.144550020878132
1027	0.8415385106435189	52	0.3936199305149225	5.148489557779753
1028	0.8410846934868739	52	0.3933523033673947	5.146349439254174
1029	0.841474881538978	52	0.3936195316222998	5.147762812100924
1030	0.8404137262931237	52	0.39302974824722	5.142344749890841
1031	0.8403017692841016	52	0.39293088993200886	5.142194170218247
1032	0.840527879504057	52	0.3931599729336225	5.142160039681655
1033	0.8394791277555319	52	0.39251624277004826	5.137504540956938
1034	0.8401289559327639	52	0.3930253896575708	5.139121596629803
1035	0.8400462361482474	52	0.3928012681695131	5.140746859403757
1036	0.8403063542567767	52	0.3930821636548409	5.140508083196787
1037	0.8396861369793231	52	0.39272152747099215	5.137524329699003
1038	0.8398911471550281	52	0.3928056141504875	5.1389143742047825
1039	0.8399451203071154	52	0.39275776136379975	5.1400847526697016
1040	0.8395266842383605	52	0.3924847279603665	5.138413465940035
1041	0.840179171699744	52	0.3929113315848204	5.141009789246779
1042	0.8394271765763943	52	0.3925718332712467	5.136268423153804
1043	0.8400143453708062	52	0.3927766445737619	5.140663348711454
1044	0.8391019644645544	52	0.3923135336775046	5.1354993765170756
1045	0.8392048867849203	52	0.39255554802142656	5.1339005415256205
1046	0.8394020027839221	52	0.3925492689013481	5.136238446602454
1047	0.8388580702818357	52	0.39225607881179225	5.133356387798603
1048	0.8378850771830633	52	0.39170104322525173	5.128552280939543
1049	0.8379695048699012	52	0.39177439361810684	5.128679568950947
1050	0.8392334270935792	52	0.39247991889715195	5.13509791630965
1051	0.8385862066195562	52	0.3922093820113402	5.130768308272729
1052	0.8372701509640768	52	0.39140141010284424	5.124928208497854
1053	0.837318459382424	52	0.3913843465539125	5.125679621329675
1054	0.8381232848534217	52	0.39197710844186634	5.1281171303529005
1055	0.8377637817309453	52	0.3916235646376243	5.1280486308611355
1056	0.8376768231391907	52	0.3914812184297122	5.128685217637282
1057	0.8376703331103692	52	0.3917041913821147	5.126047794635479
1058	0.8374848904517981	52	0.3915093546876541	5.1261557432321405
1059	0.837972227197427	52	0.39177560748962253	5.128696936827439
1060	0.8377408706224881	52	0.3917424197380359	5.1264191040625935
1061	0.8371546428937179	52	0.3913257093383716	5.124470683244558
1062	0.8378203155902716	52	0.39181605325295377	5.12648592545436
1063	0.8369669146262683	52	0.3913477636300601	5.122059354415307
1064	0.837559027167467	52	0.39156206124103987	5.126402038794297
1065	0.8373502229268734	52	0.39153269219856995	5.124339534686162
1066	0.8371089238386887	52	0.3913587916355867	5.123564912722661
1067	0.837056883252584	52	0.3912697531856023	5.123990113918598
1068	0.8368817086403186	52	0.3913822529407648	5.120683550834656
1069	0.8365991149957364	52	0.3909464283631398	5.122444822238042
1070	0.8367657615588262	52	0.39132124414810765	5.1200521267377415
1071	0.8370194526819082	52	0.39143608109309125	5.12164803651663
1072	0.836810813500331	52	0.3911884312446301	5.122096520203811
1073	0.8362812434251492	52	0.3910668228681271	5.117407321929932
1074	0.836313185783533	52	0.39094961377290577	5.119121624873235
1075	0.8364284852376351	52	0.39117541679969203	5.117851569102361
1076	0.8362954935202231	52	0.3910770525152867	5.117453547624441
1077	0.8365620718552516	52	0.39109372118344676	5.120325987155621
1078	0.8353241911301246	52	0.390447090451534	5.1135300397872925
1079	0.8360720529006078	52	0.3910786515245071	5.114866816080534
1080	0.8358368850671328	52	0.3907775208353996	5.115625033011804
1081	0.8353199408604548	52	0.3905215412378311	5.112625415508564
1082	0.8360343586940032	52	0.39082714399466145	5.117324388944185
1083	0.8355217518714758	52	0.3907201003569823	5.112662728016193
1084	0.835456887116799	52	0.3906378069749245	5.112863146341764
1085	0.8349277273966715	52	0.39027563081337857	5.110943794250488
1086	0.8355382795517261	52	0.39065484072153384	5.1136028950030985
1087	0.8354037197736593	52	0.39061739524969685	5.1124866100458
1088	0.8349520025344995	52	0.3903789222240448	5.110035529503455
1089	0.8349914768567452	52	0.3902741481478398	5.111693620681763
1090	0.8346454615776355	52	0.3900717095686839	5.110043278107276
1091	0.8351666721013876	52	0.3904875453848105	5.11125450867873
1092	0.8357205173143973	52	0.3907810736161012	5.114246625166673
1093	0.8347053619531485	52	0.39021824586849946	5.1090474128723145
1094	0.834568202495575	52	0.3901443974329875	5.10831973185906
1095	0.8347589385050994	52	0.39015007190979445	5.11044691159175
1096	0.834011612030176	52	0.38993435639601487	5.104336408468393
1097	0.8342888504266739	52	0.39004407593837154	5.10626193193289
1098	0.8342966769750302	52	0.38995329863750017	5.107395309668321
1099	0.8339406664554889	52	0.38994555404553044	5.103392160855806
1100	0.8336374324101669	52	0.38954676401156646	5.1044905827595635
1101	0.8332889584394602	52	0.38954744373376554	5.100477310327383
1102	0.8331293452244538	52	0.3893946942228537	5.100398412117591
1103	0.8341059959851779	52	0.3899589456044711	5.105138659477234
1104	0.834179373887869	52	0.3899755976521052	5.10579068844135
1105	0.8332707870465058	52	0.38955026865005493	5.100236049065223
1106	0.8330076004450138	52	0.38917428255081177	5.101532569298377
1107	0.8331230408870257	52	0.38956602261616635	5.098356668765728
1108	0.8324307764951999	52	0.3890553225691502	5.0962697726029615
1109	0.8336249521145453	52	0.38974349258037716	5.102085892970745
1110	0.8329888169582074	52	0.38934320039474046	5.099375027876634
1111	0.8332511519010251	52	0.3894371814452685	5.101310143103967
1112	0.8319339626110517	52	0.3887068182229996	5.094565052252549
1113	0.8324298984729327	52	0.3890576551739986	5.096232854402983
1114	0.8329232690426019	52	0.3892010020521971	5.100256112905649
1115	0.8330842497257086	52	0.389592370734765	5.097607933557951
1116	0.8319508238480642	52	0.38882591002262556	5.093389914585994
1117	0.8328675948656522	52	0.38942006058417833	5.097098249655503
1118	0.8322996428379645	52	0.38890164632063645	5.096528823559101
1119	0.8328992323233531	52	0.38934360100672794	5.098340749740601
1120	0.8315058671511136	52	0.38861116021871567	5.0907438810055075
1121	0.831908004788252	52	0.38885744030659014	5.09253531235915
1122	0.8315028685789841	52	0.3885924254472439	5.0909247765174275
1123	0.8314453397805874	52	0.3885392890526698	5.090874305138221
1124	0.8312990149626365	52	0.38849028715720546	5.089755617655241
1125	0.8325193272187159	52	0.38909447537018704	5.096837593958928
1126	0.8325336976693227	52	0.38923540539466417	5.095382809638977
1127	0.8316233112261846	52	0.388738479751807	5.090630412101746
1128	0.8307229142922622	52	0.3882035120175435	5.08643010029426
1129	0.8310233492117661	52	0.3883692908745546	5.087977831180279
1130	0.8307036493833249	52	0.3882682604285387	5.085464385839609
1131	0.8309189436527399	52	0.3882642984390259	5.087984598599947
1132	0.8312905900753461	52	0.38860214157746387	5.088373064994812
1133	0.8310725860870801	52	0.3883417174220085	5.08886075936831
1134	0.8302198476516284	52	0.3879313509051616	5.083775923802302
1135	0.8303591563151433	52	0.3879484740587381	5.085180429311899
1136	0.8302656148488705	52	0.38795458983916503	5.0840348830589885
1137	0.8305994581717712	52	0.38801260464466536	5.087205318304209
1138	0.8297379326361877	52	0.3876496089192537	5.081475111154409
1139	0.8308694419952539	52	0.3883078654225056	5.08691483277541
1140	0.8303054559689301	52	0.3880427135871007	5.08347996381613
1141	0.8305699699200116	52	0.3880607909881152	5.086312596614544
1142	0.8294448038706412	52	0.3876110091805458	5.0785494859402
1143	0.830570712685585	52	0.38814069216067976	5.085402672107403
1144	0.829796640918805	52	0.38771966099739075	5.081344769551204
1145	0.8299571298635923	52	0.38784439919086605	5.081755702312176
1146	0.829140760577642	52	0.38732271182995576	5.078368517068716
1147	0.8297347644200692	52	0.3875973385113936	5.082039521290706
1148	0.8291862366291193	52	0.3874334566868268	5.077618296329792
1149	0.8294067485974386	52	0.38758021421157396	5.078466021097624
1150	0.8298459236438458	52	0.3877615091892389	5.081430196762085
1151	0.8292247343521851	52	0.38748156508574116	5.077507917697613
1152	0.8295149275889764	52	0.38762307224365383	5.079216847052941
1153	0.8295269241699805	52	0.38761040511039585	5.079500335913438
1154	0.8288765366260822	52	0.3872141855267378	5.076578938044035
1155	0.8289709228735703	52	0.3873549814407642	5.076045430623568
1156	0.828872446830456	52	0.3872557465846722	5.076054096221924
1157	0.8288175142728366	52	0.3872739111001675	5.0752140283584595
1158	0.828803015442995	52	0.3872153850702139	5.075720053452712
1159	0.8284015093858426	52	0.3870470810395021	5.073039550047654
1160	0.8285941493052703	52	0.38710322976112366	5.074608472677378
1161	0.8284330230492812	52	0.3870757818222046	5.073071892444904
1162	0.8281501164803138	52	0.38692440207187945	5.0715601077446575
1163	0.828999522786874	52	0.3874405874655797	5.075390164668743
1164	0.828437878535344	52	0.38723219071443266	5.071329887096699
1165	0.8283002112920468	52	0.38699095237713593	5.072520311062153
1166	0.8281468519797692	52	0.3869711338327481	5.070985436439514
1167	0.8272983236954763	52	0.3864598526404454	5.067109025441683
1168	0.8272951302620081	52	0.3865021816813029	5.066585751680227
1169	0.8275927614707214	52	0.3865013661292883	5.070016127366286
1170	0.8282067890350635	52	0.3870014273203336	5.07132613658905
1171	0.8277058486755078	52	0.3867132537640058	5.068880585523752
1172	0.8279303851035925	52	0.3868419894805321	5.069981675881606
1173	0.8270777956797526	52	0.3864916098805574	5.0642091035842896
1174	0.827389460343581	52	0.38643232733011246	5.068472898923433
1175	0.8271306730233706	52	0.3863408857813248	5.066549411186805
1176	0.8270146995782852	52	0.38639175318754637	5.064631682175857
1177	0.8265934597987395	52	0.38596298774847615	5.064718264799851
1178	0.8272274755514585	52	0.3865584754026853	5.065161035611079
1179	0.8267323179886892	52	0.3861837289654292	5.063777079949012
1180	0.8272234258743433	52	0.3864522988979633	5.066334953674903
1181	0.8263108386443212	52	0.38608072296931195	5.060116428595323
1182	0.8265702712994355	52	0.3861427278472827	5.0623856874612665
1183	0.826543119091254	52	0.38614135865981764	5.062089369847224
1184	0.8260726275352331	52	0.3859042370548615	5.059406940753643
1185	0.8266642059271152	52	0.3862184068331352	5.062595514150766
1186	0.8256180515656104	52	0.385592109308793	5.057769536972046
1187	0.8256190040936837	52	0.38558208369291747	5.057895852969243
1188	0.8262633772996756	52	0.3859576405240939	5.060985620205219
1189	0.826319104203811	52	0.38604237597722274	5.060652173482454
1190	0.8258847834972235	52	0.3858375635284644	5.05801416360415
1191	0.8261430469843057	52	0.3858579345620595	5.060748586287866
1192	0.8267704706925613	52	0.38635962914962035	5.062193797184871
1193	0.8248682984938989	52	0.385250639456969	5.053076679889973
1194	0.8265672119764181	52	0.386124635545107	5.062558531761169
1195	0.8260344736851178	52	0.3858690078441913	5.059373360413772
1196	0.8257306309846731	52	0.3857639357447624	5.057088595170241
1197	0.8253394525784713	52	0.38558728477129567	5.054622769355774
1198	0.8255513585530795	52	0.38573484122753143	5.055362389637874
1199	0.8252047105477407	52	0.3855713176039549	5.053257557062002
1200	0.824893159361986	52	0.38533048045176727	5.052444696426392
1201	0.8253374202893331	52	0.3854857419545834	5.055766573319068
1202	0.824889077590062	52	0.3852832695612541	5.052940451181852
1203	0.8254335236090881	52	0.3856165265807739	5.055367964964646
1204	0.8244126152533752	52	0.3850977483850259	5.049596373851482
1205	0.8242246669072372	52	0.3849201729664436	5.049477127882151
1206	0.8249190610188705	52	0.3852673385005731	5.053468245726365
1207	0.8243476175344907	52	0.38494031073955387	5.050658767039959
1208	0.8247919999636136	52	0.3852252455858084	5.052491591526912
1209	0.8248346642805979	52	0.3853707422430699	5.05130960391118
1210	0.8240721775935247	52	0.38486238626333386	5.048388481140137
1211	0.823917704132887	52	0.38485732617286533	5.046671188794649
1212	0.8238111023719494	52	0.3847793134359213	5.046342547123249
1213	0.8235991757649642	52	0.38465220022660035	5.0453676627232475
1214	0.8233913538547663	52	0.38451725187209934	5.044530043235192
1215	0.8231263309717178	52	0.38430335888495815	5.043942313927871
1216	0.8238557359346976	52	0.3847551179619936	5.047133748347942
1217	0.8237079244393569	52	0.38453639814486873	5.047948754750765
1218	0.8238541701665292	52	0.38477608733452284	5.046874624032241
1219	0.8239277268831546	52	0.3847259569626588	5.04829635986915
1220	0.823820310143324	52	0.38480702386452603	5.046129896090581
1221	0.8232939289166377	52	0.3845084922818037	5.043510877169096
1222	0.8228919437298408	52	0.38426074844140273	5.041738051634568
1223	0.8235174990617312	52	0.3846665448867358	5.044264004780696
1224	0.8229219890557803	52	0.38432120990294677	5.041388401618371
1225	0.8229728421339622	52	0.3843459114432335	5.041688983257
1226	0.8232664855626913	52	0.3844518099839871	5.043846974006066
1227	0.8232113111477631	52	0.38440230660713637	5.04378184905419
1228	0.8227502738053982	52	0.38417853586948836	5.041054588097793
1229	0.8231285810470581	52	0.3844789295242383	5.041950115790734
1230	0.8229563511334933	52	0.3843085473546615	5.041928969896757
1231	0.8223042843433527	52	0.3840283201291011	5.037654931728657
1232	0.8219545357502424	52	0.3837725886931786	5.036574189479534
1233	0.8225786651556308	52	0.38412399131518143	5.039709072846633
1234	0.8227344716970737	52	0.38417835705555403	5.040875049737783
1235	0.8217435811574643	52	0.38372780841130477	5.034664209072407
1236	0.8222157771770771	52	0.3839868347232158	5.037114418469942
1237	0.8227896357958133	52	0.38434688460368377	5.0395719821636495
1238	0.8218290232695066	52	0.38369579154711503	5.036014245106624
1239	0.8232222119202981	52	0.384568703862337	5.041994461646447
1240	0.8214864088938787	52	0.383418691272919	5.035261218364422
1241	0.8216942308040766	52	0.3837199417444376	5.034187362744258
1242	0.8221931537756553	52	0.38394116438352144	5.037379301511324
1243	0.821897844855602	52	0.383661350951745	5.037201156983008
1244	0.8223749364797885	52	0.38411471476921666	5.037473935347337
1245	0.8221076944699655	52	0.3839011255365152	5.036857284032381
1246	0.8217081358799567	52	0.3836774957867769	5.034835035984333
1247	0.8211006281467584	52	0.3834776058793068	5.030149890826299
1248	0.8216884869795579	52	0.3838024546320622	5.033172928369963
1249	0.8212834092286917	52	0.38345787731500774	5.032477553074177
1250	0.8214465563113873	52	0.38359174820093006	5.032814080898579
1251	0.8212370975659444	52	0.38349202217964024	5.031552718235896
1252	0.8208880607898419	52	0.38333109193123305	5.029390582671533
1253	0.8209203504599057	52	0.38324951323179096	5.030699326441838
1254	0.821043136028143	52	0.383411236680471	5.030251860618591
1255	0.8211318495181891	52	0.3834393849739662	5.030947978679951
1256	0.8210982026962134	52	0.3833649932191922	5.03141634280865
1257	0.8208587949092572	52	0.38335574246369875	5.02877086859483
1258	0.8204223078030807	52	0.38306787552741856	5.027062571965731
1259	0.8205095850504361	52	0.383146960574847	5.027156820664039
1260	0.8208815375199685	52	0.38334312633826184	5.02917728974269
1261	0.8199377816457015	52	0.38274918439296574	5.025156378746033
1262	0.820225959787002	52	0.38293478179436463	5.026335542018597
1263	0.8203490628645971	52	0.3830150875907678	5.026827454566956
1264	0.8198711436528426	52	0.382812184210007	5.023666326816265
1265	0.8195050702645228	52	0.38251058699992985	5.02292523934291
1266	0.8197525888681412	52	0.3827415527059482	5.023115497369033
1267	0.8190494454824008	52	0.3823377427000266	5.0196748696840725
1268	0.8199035571171687	52	0.38264152579582655	5.026000536405123
1269	0.8196805566549301	52	0.3827190983753938	5.022545621945308
1270	0.8203244197827119	52	0.38304894589460814	5.026155004134545
1271	0.8202760231036407	52	0.38303103756446105	5.025804565503047
1272	0.8193912517565948	52	0.38263828307390213	5.020149221787086
1273	0.8194618144860635	52	0.3825372400192114	5.0221216311821575
1274	0.819374863918011	52	0.3825800000475003	5.020630753957308
1275	0.8192119839099737	52	0.38241896205223525	5.02060958972344
1276	0.8192854466346594	52	0.38246207798902804	5.020958414444556
1277	0.8195263273440875	52	0.38261573245892155	5.021961074609023
1278	0.818761659356264	52	0.3822426308806126	5.017460227012634
1279	0.8197226409728711	52	0.3828177314538222	5.021895665388841
1280	0.8199038688953106	52	0.38289025253974474	5.023145171312185
1281	0.8188514285362684	52	0.3822704232656039	5.01817264006688
1282	0.8181391106202052	52	0.3818784155524694	5.014490962028503
1283	0.8190691081377176	52	0.38240254670381546	5.019156015836275
1284	0.8186268531359159	52	0.38208530155512005	5.017719103739812
1285	0.8194143989911447	52	0.382591823545786	5.020949327028715
1286	0.8183254553721502	52	0.3819420417914024	5.015901428002578
1287	0.8182587566284033	52	0.38205162779642987	5.0138751818583565
1288	0.8182875250394528	52	0.3820002514582414	5.01479632120866
1289	0.8181707366154745	52	0.38192956837323994	5.014266435916607
1290	0.8177500183765705	52	0.38155793513243014	5.013702209179218
1291	0.8177221337190042	52	0.3816787193600948	5.011993435712961
1292	0.8180780296142285	52	0.381823579279276	5.014419124676631
1293	0.8179802229771247	52	0.38178357711205113	5.013754670436565
1294	0.8181161869030732	52	0.3818340232739082	5.014737670238201
1295	0.8177754970697256	52	0.38170463878374833	5.0123088634931126
1296	0.8177058444573329	52	0.38163427779307735	5.012316969724802
1297	0.8186206748852363	52	0.3823036471238503	5.015138378510108
1298	0.8172362148761749	52	0.38131379794615966	5.010602648441608
1299	0.8170546304721099	52	0.3814545262318391	5.006897917160621
1300	0.8164458859425324	52	0.3809823588683055	5.005327985836909
1301	0.8176643825494326	52	0.3816088976768347	5.012132195325998
1302	0.8177275990064328	52	0.3817416647305855	5.011332704470708
1303	0.8172752627959619	52	0.3813338933082727	5.0108205171731806
1304	0.816619220834512	52	0.380971253491365	5.007448031352117
1305	0.8162212761548849	52	0.3808243630024103	5.004562350419851
1306	0.8173419007888207	52	0.38152375702674574	5.0094040999045735
1307	0.8168825759337499	52	0.38129474566533017	5.006756819211519
1308	0.8168610036373138	52	0.3813085693579454	5.006349985416119
1309	0.8166833233374816	52	0.38122190133883405	5.005303841370803
1310	0.8172360280385385	52	0.38157134101941037	5.007640196726872
1311	0.8163696298232446	52	0.3810388079056373	5.003802675467271
1312	0.8165506594456159	52	0.38111632890426195	5.004992475876441
1313	0.8165368357530007	52	0.38116903889637727	5.004227684094356
1314	0.8169241650746419	52	0.38143843011214185	5.005583304625291
1315	0.8162248065838447	52	0.3809460252523422	5.003204529102032
1316	0.8160274246564279	52	0.3808904370436302	5.001574718035185
1317	0.8162373350216792	52	0.38093143930801976	5.003516233884371
1318	0.8166944327262732	52	0.381309521312897	5.00442438859206
1319	0.8162338676360937	52	0.38091240708644575	5.003695093668425
1320	0.8160332567416705	52	0.38089144688386184	5.001630196204553
1321	0.8160799821982017	52	0.3809533749635403	5.001455371196453
1322	0.8152964802888724	52	0.38043445119490993	4.998414250520559
1323	0.8153705012339812	52	0.3806409342930867	4.9968916452848
1324	0.8158137202262878	52	0.3806628498893518	5.0017343025941114
1325	0.8159044373493928	52	0.38085761494361436	5.0005383766614475
1326	0.8160634568104377	52	0.3808345617010043	5.002631150759184
1327	0.815352860551614	52	0.3804834817464535	4.998498687377343
1328	0.815411701798439	52	0.3804951086640358	4.999041456442613
1329	0.8149907829669806	52	0.3802416823231257	4.9971161897365866
1330	0.8150252550840378	52	0.38033710764004636	4.996415660931514
1331	0.8156567112757609	52	0.3807924057428653	4.998440449054424
1332	0.8154430939601018	52	0.38039915091716325	5.000505254818843
1333	0.8154244445837461	52	0.38050980178209454	4.999018962566669
1334	0.8153495559325585	52	0.3804611007754619	4.998717977450444
1335	0.8143539715271729	52	0.3799210614882983	4.993481911145723
1336	0.813955768942833	52	0.3797724579389279	4.990612937853887
1337	0.8145265212425818	52	0.38012233720375943	4.993151719753559
1338	0.8145957176501935	52	0.38018755270884586	4.993197496120747
1339	0.8143925254161541	52	0.3800632558189906	4.992290634375352
1340	0.814763666345523	52	0.3802341887584099	4.994591822991004
1341	0.8152110714178818	52	0.38054694349949175	4.996139553877024
1342	0.8145444920429816	52	0.3800501599907875	4.994187868558443
1343	0.8132471155661803	52	0.37932701924672496	4.987587479444651
1344	0.8141318192848792	52	0.37989306449890137	4.9912501481863165
1345	0.8148917326560388	52	0.3803220184949728	4.995054327524626
1346	0.8138980716466904	52	0.3797898728113908	4.989749541649451
1347	0.8146678541715329	52	0.38031245309572953	4.992591005105239
1348	0.8144140598865656	52	0.3801467361358496	4.991578533099248
1349	0.8139386165600556	52	0.37979656056715894	4.99013876914978
1350	0.8147049282605832	52	0.38031937640446883	4.992937537340017
1351	0.813754317852167	52	0.37970660856136906	4.98905425805312
1352	0.8130477655392426	52	0.3793660339254599	4.9848476098133965
1353	0.8137857902508515	52	0.37983229240545857	4.9879713241870585
1354	0.8135450379206584	52	0.37958435313059735	4.988054018754226
1355	0.813180087850644	52	0.3793450358968515	4.986609972440279
1356	0.8134224002177899	52	0.37946511059999466	4.988014954787034
1357	0.8139635358865445	52	0.3798793267745238	4.989473819732666
1358	0.8133098884270742	52	0.3794765684467096	4.986590000299307
1359	0.8132479328375596	52	0.37952404526563793	4.985332140555749
1360	0.8137951756899173	52	0.37970469376215565	4.98954596886268
1361	0.8140393266311059	52	0.3799517687696677	4.9895122693135185
1362	0.8124742530859433	52	0.3790018054155203	4.982442094729497
1363	0.813248607974786	52	0.3795279275912505	4.985295332395113
1364	0.8128112921347985	52	0.37914332976708043	4.984689336556655
1365	0.8132717380156884	52	0.3795439520707497	4.9853769815885105
1366	0.8131453715837919	52	0.3793677074404863	4.985950268231905
1367	0.8132022011738557	52	0.37954365462064743	4.9845811403714695
1368	0.8126867917867807	52	0.37915958349521345	4.983071510608379
1369	0.8122443338999381	52	0.37894416371217143	4.980461790011479
1370	0.8116260148011721	52	0.3785228459880902	4.9781975379356975
1371	0.8127032254750912	52	0.37932171386021835	4.98139685850877
1372	0.8124268719783196	52	0.37889604155833906	4.983113142160269
1373	0.8123402755994064	52	0.37908414063545376	4.979955764917227
1374	0.811971454666211	52	0.37878914463978547	4.97910710481497
1375	0.8123440455931884	52	0.3791191170995052	4.979596999975351
1376	0.811236940897428	52	0.378432239477451	4.974766795451824
1377	0.8126280021208984	52	0.37924460149728334	4.981418508749742
1378	0.8118917781573075	52	0.3788276922244292	4.977748274803162
1379	0.8114985009798636	52	0.3786878683246099	4.974835029015174
1380	0.8114114678823031	52	0.37849750083226424	4.976022793696477
1381	0.8116876838298944	52	0.37869742111517835	4.976899715570303
1382	0.8118105496351535	52	0.3787786393211438	4.977378331697905
1383	0.8110293000936508	52	0.37832854172358144	4.973572079951946
1384	0.8115138273972732	52	0.3787134834207021	4.974716745890104
1385	0.8114849695792565	52	0.3785608301942165	4.9761396921598
1386	0.8118581129954412	52	0.3787822975562169	4.977883118849534
1387	0.8113164867346103	52	0.37851921354348844	4.9746814874502325
1388	0.8122340257351215	52	0.37896309792995453	4.980125775704017
1389	0.8117863868291562	52	0.37879446607369643	4.97691875237685
1390	0.811334239748808	52	0.3785217020374078	4.974856917674725
1391	0.8109982965084223	52	0.37843023871	4.972046842941871
1392	0.8115438039486225	52	0.37858406683573353	4.976548772591811
1393	0.810799261698356	52	0.37827998170485866	4.97148610995366
1394	0.8104283121915964	52	0.3779705476302367	4.970779052147498
1395	0.8104550746771005	52	0.37804055443176854	4.9702818943904
1396	0.8112393067433283	52	0.378541506253756	4.973538031944861
1397	0.8105617177027923	52	0.3781520386154835	4.970226370371305
1398	0.8107926971637286	52	0.3781664881568689	4.972715166898874
1399	0.8100585238291667	52	0.3778729627911861	4.967650248454167
1400	0.81072515134628	52	0.3783623558970598	4.96968739766341
1401	0.810160294175148	52	0.37791848010741746	4.968296867150527
1402	0.8106333258060309	52	0.37813879205630374	4.971201694928682
1403	0.8094574682987653	52	0.3776420641403932	4.963395595550537
1404	0.8105985487882907	52	0.3781674194794435	4.970472922691932
1405	0.8103275115673358	52	0.37800485640764236	4.9692260668827934
1406	0.8098030124719326	52	0.3776941173351728	4.966769099235535
1407	0.8104291982375659	52	0.37800987637959993	4.970337134141189
1408	0.8104724528697821	52	0.3781161869947727	4.969612415020283
1409	0.8096354729854144	52	0.3775801154283377	4.9661537042030925
1410	0.809524098267922	52	0.377699341911536	4.9635030673100395
1411	0.8101908186307321	52	0.37780125037981915	4.96999519604903
1412	0.8096726204340274	52	0.3776686220214917	4.965563306441674
1413	0.8095681128593591	52	0.37761722046595353	4.964952991558955
1414	0.8092696964740753	52	0.3773454668430182	4.964646522815411
1415	0.8092405498027802	52	0.37743020401551175	4.963337430587182
1416	0.8100344504301364	52	0.37787555903196335	4.96734370635106
1417	0.8092837689014581	52	0.37750796859080976	4.962940371953524
1418	0.8097872871619004	52	0.3778300176446254	4.96502620440263
1419	0.8098325167710965	52	0.3776399837090419	4.9677304579661445
1420	0.8096616726655227	52	0.3778055665584711	4.963863400312571
1421	0.8092562476029763	52	0.37751127836795956	4.962585962735689
1422	0.8087983177258418	52	0.3771631557207841	4.96132388481727
1423	0.8090710479479569	52	0.3773224032842196	4.962628254523644
1424	0.808716588295423	52	0.37723180651664734	4.959595322608948
1425	0.8083793085355025	52	0.37699239414471847	4.958470427072966
1426	0.8085538756388885	52	0.3771790162875102	4.958331850858835
1427	0.8085594303332843	52	0.37711206193153674	4.959165334701538
1428	0.8089585430347003	52	0.3774395160950147	4.959988970022935
1429	0.8083965858587852	52	0.3768822567967268	4.959934995724605
1430	0.8083750857756689	52	0.37711627380206036	4.956997999778161
1431	0.8092966641371067	52	0.37749742143429244	4.963209766608018
1432	0.8083160714461253	52	0.37706173727145564	4.956946464685293
1433	0.8083036576326077	52	0.37682024332193226	4.959579596152673
1434	0.8094131201505661	52	0.3776386191065495	4.96292547079233
1435	0.808245218717135	52	0.37689836495197737	4.958010031626775
1436	0.8080294762666409	52	0.3768579765008046	4.955994376769433
1437	0.8080756056767243	52	0.3768669842527463	4.956421081836407
1438	0.8080318776460794	52	0.37689898850826115	4.95555055141449
1439	0.8079214577491467	52	0.37679945734831005	4.955425400000352
1440	0.8077859981701925	52	0.37670707129515135	4.954930415520301
1441	0.8083221694597831	52	0.37685375889906514	4.959407192010146
1442	0.8081760016771463	52	0.37693166503539455	4.956831601949839
1443	0.8074328074088464	52	0.3766120798312701	4.951962526027973
1444	0.8075825021817133	52	0.3765804395079613	4.954046827096206
1445	0.8076285719871521	52	0.37660650794322675	4.954276699286241
1446	0.8072631611273839	52	0.37647025745648605	4.951642687504108
1447	0.8073472930834844	52	0.376441084421598	4.952945067332341
1448	0.8070875429190122	52	0.37637767310325915	4.950688297931965
1449	0.8076124707093606	52	0.3766971774972402	4.9530494304803705
1450	0.8073332905769348	52	0.37647490948438644	4.952395356618441
1451	0.8077480815924131	52	0.3766856990181483	4.954740157494178
1452	0.8076098377888019	52	0.37667426008444566	4.9532826497004585
1453	0.8070053091415992	52	0.37635499296280056	4.950003798191364
1454	0.8069934019675622	52	0.37627848753562343	4.950746288666358
1455	0.8068600411598499	52	0.3762539361531918	4.949495590650118
1456	0.8064617755321356	52	0.3758705722597929	4.949324268561143
1457	0.8067696048663213	52	0.3762742710801271	4.948222352908208
1458	0.8067220885020036	52	0.3760366416894473	4.950407514205346
1459	0.8064447389199183	52	0.37613963335752487	4.946035825289213
1460	0.8066626580861899	52	0.37606961394731814	4.949345478644738
1461	0.8069652548203101	52	0.3763311677254163	4.949817244823162
1462	0.8070725351572037	52	0.3762873359597646	4.951554179191589
1463	0.8064955518795893	52	0.3761133775115013	4.946921706199646
1464	0.8066459275208987	52	0.3760923405106251	4.948891978997451
1465	0.8068394958972931	52	0.37638196635704774	4.94778782587785
1466	0.8064247610477301	52	0.3760591367116341	4.946731439003577
1467	0.8059598081387006	52	0.3758011958920039	4.944351939054636
1468	0.8058531169707959	52	0.3756900051465401	4.944403675886301
1469	0.80589459836483	52	0.3757018372416496	4.944744495245127
1470	0.8062729755273232	52	0.3759007087120643	4.946807797138508
1471	0.8058892064369642	52	0.3757479735291921	4.944152235984802
1472	0.8061597897456243	52	0.37582283638990843	4.946401917017424
1473	0.8056290390399786	52	0.3757518208943881	4.941117561780489
1474	0.8057483904636823	52	0.37562743803629506	4.94391916348384
1475	0.8057416482613637	52	0.3758096775183311	4.941746950149536
1476	0.8057630440363517	52	0.37574015385829485	4.942791938781738
1477	0.8059696199802252	52	0.3757987469434738	4.944492926964393
1478	0.8066239070433837	52	0.3761646506878046	4.947807651299697
1479	0.8055961705171145	52	0.3756049510378104	4.942427910291231
1480	0.8056877094965714	52	0.37574088745392287	4.941917657852173
1481	0.80600327367966	52	0.37585094284552795	4.94427987245413
1482	0.8061675165708249	52	0.37582167295309216	4.946504061038677
1483	0.8053704064625961	52	0.37554439730369127	4.9405289980081415
1484	0.804824282343571	52	0.3752152782220107	4.938034699513362
1485	0.8053806596077405	52	0.3754867149087099	4.941309846364534
1486	0.8047690872962658	52	0.375209007698756	4.937472315934988
1487	0.8049071259223498	52	0.3753127002945313	4.9378670545724725
1488	0.8045743130720578	52	0.3749516445856828	4.9381917256575365
1489	0.8049771739886358	52	0.3754803819152025	4.936744864170368
1490	0.8045422400419528	52	0.37507471728783387	4.936408455555256
1491	0.8046837093738409	52	0.37537042108865887	4.9346356483606195
1492	0.8044873980375437	52	0.37491841499622053	4.937574689204876
1493	0.8045139668079523	52	0.3751837697166663	4.934830042032095
1494	0.8047825820170916	52	0.37508850200818133	4.939012582485493
1495	0.8040332450316503	52	0.3748186987179976	4.933500675054697
1496	0.8042483891432102	52	0.37488427185095274	4.935219847238981
1497	0.8045138212350699	52	0.3750863986519667	4.93594751908229
1498	0.8040978816839365	52	0.37481107390843904	4.934331252024724
1499	0.8050156591030267	52	0.3753199468438442	4.939031325853788
1500	0.8037206794206913	52	0.37468159141448826	4.931483883124131
1501	0.8042476417926642	52	0.3748506811948923	4.935597401398879
1502	0.8033785693920575	52	0.3744407187287624	4.930320235399099
1503	0.8050395708817703	52	0.3754066452383995	4.938309623644902
1504	0.8046931120065542	52	0.3752933224806419	4.935629890515254
1505	0.8037536476667111	52	0.3746146966631596	4.932631795222942
1506	0.8037651559481254	52	0.37483457303964174	4.930236733876741
1507	0.8037793957270108	52	0.3746616616845131	4.932387874676631
1508	0.8032207053441268	52	0.37444242720420545	4.928486072100126
1509	0.8031772237557632	52	0.3742659751039285	4.930014426891621
1510	0.8040116337629465	52	0.37491161949359453	4.932184210190406
1511	0.8040005954412314	52	0.37489516402666384	4.932246483289278
1512	0.8035740703344345	52	0.37453604260316264	4.931471696266761
1513	0.8038117908514463	52	0.3748167145710725	4.930977986409114
1514	0.8032759061226478	52	0.37453230298482454	4.928087537105267
1515	0.8041506730593168	52	0.3749423806483929	4.933428755173316
1516	0.8033769829915121	52	0.3744740291283681	4.929919160329378
1517	0.8030144434708816	52	0.37429730192973065	4.92778336084806
1518	0.8029355441148465	52	0.3741635743242044	4.9284135561722975
1519	0.8027475361640637	52	0.37419620672097575	4.92587738770705
1520	0.8027569743303152	52	0.3743276676306358	4.92447489958543
1521	0.8031704024626658	52	0.3743370341566893	4.929119293506329
1522	0.8031897453161386	52	0.37458415157519853	4.92650122825916
1523	0.802662370296625	52	0.37409644344678294	4.926045234386738
1524	0.8024522879948983	52	0.3740089306464562	4.924636474022498
1525	0.8021492935143985	52	0.3738195477769925	4.923330582105196
1526	0.8028334505282916	52	0.37426399554197604	4.926085838904748
1527	0.8027963248582987	52	0.3741733936163095	4.926700537021343
1528	0.8036785882252914	52	0.3745655004794781	4.932334478084858
1529	0.8028180885773438	52	0.3742614904275307	4.9259380744053765
1530	0.8018689510913996	52	0.3736973146979625	4.921513263995831
1531	0.8029844600420731	52	0.374546464246053	4.92457482447991
1532	0.802813375225434	52	0.3741743919941095	4.9268850821715136
1533	0.802202514730967	52	0.3739094172532742	4.922909241456252
1534	0.8022683056501242	52	0.3739364823469749	4.923354433133052
1535	0.802125715292417	52	0.3738956078886986	4.92218528344081
1536	0.8018552832878553	52	0.37385054333851886	4.91959482889909
1537	0.802355788075007	52	0.3739854240646729	4.923797497382531
1538	0.8021713667190992	52	0.37392477691173553	4.922374743681687
1539	0.802663884483851	52	0.37426085884754473	4.9241727865659275
1540	0.802435210117927	52	0.37398682420070356	4.924694171318641
1541	0.8013631391983765	52	0.37348330651338285	4.918159118065467
1542	0.8015712350606918	52	0.3736136578596555	4.919052683390104
1543	0.8022957593202591	52	0.37401966062875897	4.922713939960186
1544	0.8013692566981683	52	0.3734497364896994	4.9186153045067424
1545	0.8013430214845217	52	0.3734539116804416	4.918265737020052
1546	0.8018475163441438	52	0.3738381673510258	4.919647858693049
1547	0.8020499635201234	52	0.37382278820643056	4.922151519702031
1548	0.8015022071508261	52	0.373596976009699	4.918451061615577
1549	0.8008916091460448	52	0.37331082557256406	4.914721809900724
1550	0.8021861738883532	52	0.3740590919668858	4.921001085868249
1551	0.8010583072900772	52	0.37340195878193927	4.915590377954336
1552	0.8013878533473382	52	0.373421100469736	4.919158256970919
1553	0.8011233967084151	52	0.3734314132195253	4.9159999168836155
1554	0.8012848427662482	52	0.37342322101959813	4.917949795722961
1555	0.8010647342755244	52	0.37331546441866803	4.916658318959749
1556	0.8007515783493335	52	0.3731866375758098	4.914539658106291
1557	0.800904230429576	52	0.37323631804723006	4.915723250462459
1558	0.8006314864525428	52	0.3731037653409518	4.914111935175383
1559	0.8010105204123718	52	0.373238953260275	4.916914728971628
1560	0.8002471786278945	52	0.37294933887628406	4.911469633762653
1561	0.8004601334150021	52	0.3730197829695848	4.913107670270479
1562	0.8005070525866288	52	0.3730717461842757	4.913049624516414
1563	0.8003409951925278	52	0.37299483727950317	4.9120249564831076
1564	0.8005234793974803	52	0.37299584253476215	4.914110999840957
1565	0.8002084585336539	52	0.37296321988105774	4.910865004246052
1566	0.800303408732781	52	0.37304632594952214	4.911001122914827
1567	0.8002600005039802	52	0.3729306230178246	4.911832112532395
1568	0.8004238376250634	52	0.37299633828493267	4.912959960790781
1569	0.7996731641200873	52	0.37270066829828113	4.907729928310101
1570	0.8004913914662141	52	0.3730479897214816	4.913142681121826
1571	0.7999091618336164	52	0.3727717353747441	4.909625704471882
1572	0.7999827082340534	52	0.3728701455088762	4.909339968974773
1573	0.7997143830244358	52	0.37263292418076444	4.90898242363563
1574	0.7997406583565932	52	0.37273501318234664	4.908110957879287
1575	0.7994073961789792	52	0.3723817072235621	4.908341334416316
1576	0.7999161722568365	52	0.3726701644750742	4.910873807393587
1577	0.7998899886241326	52	0.37283206100647265	4.908711946927584
1578	0.7995426310942724	52	0.3726489091148743	4.906824497076181
1579	0.7998094799426886	52	0.37277291543208635	4.908466375791109
1580	0.7998057007789612	52	0.3727675017256003	4.908485174179077
1581	0.7989855592067425	52	0.37223046387617403	4.9052311182022095
1582	0.7991671115159988	52	0.37246495427993626	4.9046227014981785
1583	0.798911031622153	52	0.3722056528696647	4.904659583018376
1584	0.7996348589658737	52	0.37267228617117953	4.907615881699782
1585	0.7991492370000253	52	0.3724687443329738	4.904373654952416
1586	0.7995624439074442	52	0.37261624462329423	4.907427751100981
1587	0.7993146421817633	52	0.37221382329097163	4.909204959869385
1588	0.7999205944629816	52	0.37285059747787624	4.9088506790307855
1589	0.799574722464268	52	0.3726280343074065	4.907433308087862
1590	0.799022342150028	52	0.37239699696119016	4.903739736630366
1591	0.7989873496385721	52	0.3722879886627197	4.904590459970327
1592	0.7989775767693152	52	0.3724225547451239	4.902931433457595
1593	0.7984945349968396	52	0.3721268492249342	4.90077819274022
1594	0.7990638533463845	52	0.3723539343247047	4.904711860876817
1595	0.7984087604742783	52	0.37199093114871246	4.901354542145362
1596	0.798143846484331	52	0.3718363694273509	4.900086081944979
1597	0.7987124048746549	52	0.37219203779330623	4.902533109371479
1598	0.7982406604748505	52	0.37193614817582643	4.900052015598003
1599	0.7984895614477304	52	0.37204553014956987	4.901655692320603
1600	0.7984829396009445	52	0.3720729757960026	4.90126410814432
1601	0.7982235436256115	52	0.37191705806897235	4.90007472038269
1602	0.7988138577112784	52	0.3722156561337985	4.903427738409776
1603	0.7989024966955185	52	0.3723338097333908	4.90308849628155
1604	0.7980523315759805	52	0.3718259403338799	4.899154057869544
1605	0.7981274173809931	52	0.37168033306415266	4.90169070317195
1606	0.7976069702551916	52	0.3716358387699494	4.89622007883512
1607	0.798875385752091	52	0.37221859051631045	4.904101151686448
1608	0.7971030232998041	52	0.371291163449104	4.894389280906091
1609	0.7983083828137472	52	0.3718954244485268	4.901298467929546
1610	0.7978987430150692	52	0.3717807800723956	4.897907715577346
1611	0.7971402257680893	52	0.37123819899100524	4.895425787338843
1612	0.7983798831701279	52	0.37204059901145786	4.900451715175922
1613	0.7983022779226303	52	0.3720154229264993	4.899849029687735
1614	0.7980527648558984	52	0.37174544024925965	4.900084376335144
1615	0.7976066378446726	52	0.3716278804036287	4.89630769766294
1616	0.7980361236975744	52	0.3718642827409964	4.898527072026179
1617	0.7978502672452193	52	0.37172295783574766	4.898015260696411
1618	0.7973385499073908	52	0.37150043650315356	4.894691137167124
1619	0.797321115548794	52	0.3714536325289653	4.895028618665842
1620	0.7980819734243246	52	0.3719144113934957	4.898477856929485
1621	0.797543215063902	52	0.37157922753920924	4.896137897784893
1622	0.7975501796373954	52	0.3716852137675652	4.894999770017771
1623	0.7969216234408892	52	0.37119852006435394	4.893369151995732
1624	0.797497992332165	52	0.3715007104552709	4.896520623793969
1625	0.7966048602874463	52	0.3711574295392403	4.890200477380019
1626	0.7973502221015784	52	0.3713869733306078	4.896129470605117
1627	0.7970817375641602	52	0.3713601243037444	4.893352022537818
1628	0.7972376862397561	52	0.37144687599860704	4.89414736857781
1629	0.7974552340232409	52	0.3715826181265024	4.895087673113896
1630	0.7971302190652261	52	0.37144735455513	4.8929066474621115
1631	0.7965396092488215	52	0.3710777650658901	4.890366095762986
1632	0.7966373585737668	52	0.37110150032318556	4.89121689246251
1633	0.7969308208960754	52	0.3712459819821211	4.892929324736962
1634	0.7966422301072341	52	0.371138605933923	4.890846454180204
1635	0.7967437184773959	52	0.37115016751564467	4.891880053740281
1636	0.7959773815595187	52	0.37068836906781566	4.888379601331858
1637	0.7962119865875977	52	0.37094495445489883	4.8881268959779005
1638	0.7969659715890884	52	0.3713439336189857	4.892207521658677
1639	0.7968389747234491	52	0.371265797660901	4.89164583499615
1640	0.7964791311667516	52	0.3712079588037271	4.888174643883338
1641	0.795548928471712	52	0.37055797702991045	4.884953608879676
1642	0.7963500790871106	52	0.3710407121823384	4.888613489957956
1643	0.7961568385362625	52	0.3708225070283963	4.888900500077468
1644	0.79613264134297	52	0.3708299415615889	4.8885368934044475
1645	0.7955018155849897	52	0.37055085542110294	4.884493910349333
1646	0.795996544452814	52	0.3708479799903356	4.886765314982488
1647	0.7964347165364486	52	0.3710831289107983	4.889098781805772
1648	0.7962403629834836	52	0.37091706979733247	4.8887736063737135
1649	0.796354761490455	52	0.37097011563869625	4.889478775171133
1650	0.7965841362109551	52	0.3711292084593039	4.890286601506746
1651	0.7958060319607074	52	0.3706260718978368	4.8871261064822855
1652	0.7955372230364726	52	0.3704565648849194	4.885984732554509
1653	0.7960752844810486	52	0.37081092366805446	4.8880962408505955
1654	0.7961908968595358	52	0.370909625521073	4.888290634522071
1655	0.7952534074966724	52	0.37046653089615017	4.88260791851924
1656	0.7957524829185926	52	0.37060755777817506	4.88672334414262
1657	0.7956232348313699	52	0.3706531902918449	4.884713337971614
1658	0.7959790012011161	52	0.3707976576227408	4.887142043847304
1659	0.795924771290559	52	0.3707716894837526	4.886817171023442
1660	0.7959084327404315	52	0.3706937472407634	4.887525173333975
1661	0.7952351902539914	52	0.3705058143689082	4.881947031387916
1662	0.7954053374437186	52	0.37050039263872	4.883965042921213
1663	0.7950288286575904	52	0.3702841103076935	4.882123341927161
1664	0.7954077307994549	52	0.37050102937680024	4.883985225970928
1665	0.7947100068514164	52	0.37016778783156323	4.879795798888574
1666	0.7946312221196982	52	0.3701094090938568	4.8795611674969015
1667	0.7949472023890569	52	0.3702455088496208	4.881628889303941
1668	0.7948347628116608	52	0.37033976442538774	4.879253048163194
1669	0.7951188821059006	52	0.37033555713983685	4.8825671306023235
1670	0.7943695451204593	52	0.36987377875126326	4.879261878820566
1671	0.7948851814636817	52	0.370368160880529	4.879506184504582
1672	0.7947209064777081	52	0.3701458149231397	4.880173563957214
1673	0.7951774413769062	52	0.3704045397730974	4.882447325266325
1674	0.794600744660084	52	0.3699927616577882	4.880551677483779
1675	0.795436394902376	52	0.37059536518958897	4.8832303285598755
1676	0.7936768715198224	52	0.36955788273077744	4.874931051180913
1677	0.7946798102213786	52	0.3701338154765276	4.879839181900024
1678	0.7948883932370406	52	0.3702237926996671	4.8812024134856005
1679	0.7940807858338723	52	0.3698533693185219	4.876177329283494
1680	0.7944405858333294	52	0.37002941507559556	4.878289442795974
1681	0.794724301649974	52	0.37016003177716184	4.880049182818486
1682	0.7940115217979138	52	0.36989965633704114	4.874849126889155
1683	0.7940516884510334	52	0.3698366003540846	4.876035653627836
1684	0.7941735077362794	52	0.36988475345648253	4.876882351361788
1685	0.7941531676512498	52	0.3698644322844652	4.876882149622991
1686	0.7938172347270526	52	0.3698136949768433	4.873604022539579
1687	0.7942070960998535	52	0.3699177744296881	4.876888852853042
1688	0.7936827815496005	52	0.3696044763693443	4.874463374798115
1689	0.7944065767985123	52	0.37003278503051173	4.877859812516433
1690	0.7932660212883582	52	0.3695215984032704	4.870625605949988
1691	0.7938714210803692	52	0.36969616607977795	4.8755777432368355
1692	0.7938963839640985	52	0.36977313917416793	4.874980000349192
1693	0.7936384242314559	52	0.3696972280740738	4.872887400480417
1694	0.7934966499988849	52	0.36958606713093245	4.8725355588472805
1695	0.7934938623354986	52	0.3694390688951199	4.874193200698266
1696	0.7931627642649871	52	0.3694452167703555	4.8703167255108175
1697	0.7933850288391113	52	0.369531233723347	4.871882860477154
1698	0.793254479765892	52	0.3695169033912512	4.870547028688284
1699	0.7929357622678463	52	0.3692411711582771	4.870052924522986
1700	0.793356967660097	52	0.3695239413243074	4.871644185139583
1701	0.7940607082385284	52	0.36990175625452626	4.875390355403606
1702	0.7936326288259946	52	0.3697217244368333	4.87253920848553
1703	0.7931777720267956	52	0.3693557032025777	4.871518226770254
1704	0.7932584984944417	52	0.3694666371895717	4.871170970109793
1705	0.7931613039511901	52	0.3694426617943324	4.870329352525564
1706	0.7929391276377898	52	0.3692844555928157	4.869594069627615
1707	0.7928215379898365	52	0.36927671329333234	4.868331432342529
1708	0.7931670729930584	52	0.36933360821925676	4.871649191929744
1709	0.792635162289326	52	0.3691759602381633	4.867347231278052
1710	0.7925144124489564	52	0.36901650004662	4.867792248725891
1711	0.7928790392783972	52	0.3692019914205258	4.869851304934575
1712	0.7919862637153039	52	0.3687323589737599	4.864987584260794
1713	0.79313924908638	52	0.36936263338877606	4.870995686604426
1714	0.7920573537166302	52	0.36882762095102894	4.864709643217234
1715	0.7926264118689758	52	0.36911145196511197	4.867988182948186
1716	0.7920641474998914	52	0.368741879096398	4.865773366047786
1717	0.7923069802614359	52	0.36894175238334215	4.866267130925105
1718	0.7923922894092706	52	0.3689428848715929	4.867234688538772
1719	0.7924526276496741	52	0.3690639573794145	4.866536617279053
1720	0.792178464623598	52	0.36886457067269546	4.865677072451665
1721	0.7919476421979758	52	0.3688538515797028	4.863147139549255
1722	0.7922290976230915	52	0.3688437892840459	4.86649791093973
1723	0.7917573990730139	52	0.3686823839178452	4.862931398245005
1724	0.7925248203369287	52	0.36905646553406346	4.867452520590562
1725	0.7918554613223443	52	0.3687705368949817	4.86304523394658
1726	0.7911997380164953	52	0.36821313431629765	4.861915212411147
1727	0.7914039733318182	52	0.36859882451020753	4.859829389131987
1728	0.7924559253912705	52	0.3689897106244014	4.8674278901173516
1729	0.7919030946034652	52	0.3688755923738846	4.8623851996201735
1730	0.7918594766121644	52	0.36865367281895417	4.864434691575857
1731	0.7919544715147752	52	0.36870714964774937	4.864911895531875
1732	0.7916727524537307	52	0.3686415014358667	4.862428307533264
1733	0.7917362073293099	52	0.3687005765162982	4.862478696382963
1734	0.7914110250197924	52	0.36850941811616605	4.860938136394207
1735	0.7910790535119864	52	0.36835568856734496	4.8588893963740425
1736	0.7908743127034261	52	0.3681615058046121	4.858768013807444
1737	0.7904575696358314	52	0.3679593073634001	4.856301967914288
1738	0.7920435254390423	52	0.3688574679769002	4.8642077170885525
1739	0.7910873351188806	52	0.3683553716311088	4.858988248384916
1740	0.7909275889396667	52	0.3682460446770375	4.858408680328956
1741	0.7919098092959478	52	0.36863534037883466	4.865223893752465
1742	0.7914023513977344	52	0.36860973559893095	4.859685384310209
1743	0.7911237615805405	52	0.36844605322067553	4.858364490362314
1744	0.790826922425857	52	0.3681877748324321	4.857921343583327
1745	0.7912338009247413	52	0.3685049844475893	4.858952082120455
1746	0.7907255360713372	52	0.3681565643503116	4.857114718510554
1747	0.7912271928328735	52	0.3683324960561899	4.860858807196984
1748	0.790937928053049	52	0.36821812849778396	4.858848388378437
1749	0.7900047944142268	52	0.36780407852851427	4.8528819267566385
1750	0.790955011661236	52	0.36825909236302745	4.858573986933782
1751	0.7901903218947924	52	0.3678285720256659	4.854732871055603
1752	0.790728530058494	52	0.36805889640863126	4.858271763874934
1753	0.7912799314810679	52	0.36851218743966174	4.8593995204338665
1754	0.789771570609166	52	0.3676221789075778	4.852291941642761
1755	0.7899837150023534	52	0.36769043367642623	4.853945952195388
1756	0.7899695520217602	52	0.3677784617130573	4.852771355555608
1757	0.7904725120617793	52	0.3681516366509291	4.854263058075538
1758	0.7906331557493943	52	0.3680352929693002	4.857446890610915
1759	0.7908196678528419	52	0.36818476537099254	4.857872577813955
1760	0.7901971168242968	52	0.36794738242259395	4.853445410728455
1761	0.7899091805403049	52	0.3676826867919702	4.853178262710571
1762	0.7900184266842328	52	0.36776804809386915	4.853452783364516
1763	0.7900629765712298	52	0.36784061789512634	4.853130716543931
1764	0.7900719596789434	52	0.3677250788762019	4.85456197995406
1765	0.789974644780159	52	0.3678014994813846	4.852565050125122
1766	0.7901320583545245	52	0.36778871084635073	4.8545213754360494
1767	0.7897934649999325	52	0.3676693450946074	4.852001492793743
1768	0.7893090442969248	52	0.36735526415017933	4.85004356274238
1769	0.7896144676666993	52	0.3677264847434484	4.849287216479961
1770	0.7902529331353995	52	0.3679203683367142	4.854397416114807
1771	0.7896720067812846	52	0.36766645083060634	4.850638701365544
1772	0.7900070823155917	52	0.3678199448264562	4.852725808437054
1773	0.7899726869968268	52	0.36781814579780286	4.852351179489722
1774	0.7896604858911954	52	0.367610065982892	4.851154437431922
1775	0.7894177860938586	52	0.3674782021687581	4.849880401904766
1776	0.7894854797766759	52	0.36750990610856277	4.850294039799617
1777	0.788977060180444	52	0.3673121596758182	4.846723125531123
1778	0.789096440260227	52	0.3672589957714081	4.848706392141489
1779	0.7893998634356719	52	0.36749128194955677	4.8495239936388455
1780	0.7900154567681826	52	0.36792760342359543	4.8515846362480755
1781	0.7895914178628188	52	0.3675886971446184	4.850606120549715
1782	0.7894349545240402	52	0.3674716181479968	4.850153409517729
1783	0.7887374861882284	52	0.3671733479087169	4.8455648972437935
1784	0.7887393006911645	52	0.36722815609895265	4.844955801963806
1785	0.7889510060732181	52	0.36721117106767803	4.847584421818073
1786	0.7891383113769385	52	0.3673900847251599	4.847680963002718
1787	0.7888020976231649	52	0.3672245488717006	4.845719062365019
1788	0.7885985615161749	52	0.3671280730229158	4.844488510718713
1789	0.7889849279935544	52	0.3673251425990692	4.8466643278415384
1790	0.7893643860633557	52	0.3675650661954513	4.848268197132991
1791	0.7892136218456122	52	0.3674572247725267	4.8477748449032125
1792	0.7885881788455523	52	0.3669791267468379	4.8460811743369465
1793	0.7886925030213136	52	0.3670953712784327	4.845944212033198
1794	0.7884124058943528	52	0.36696720352539647	4.844197841791006
1795	0.788385882973671	52	0.36692540462200457	4.844373418734624
1796	0.7886572904311694	52	0.3670997762909302	4.845488850887005
1797	0.7893304733129648	52	0.3675504464369554	4.848046486194317
1798	0.7877477957652166	52	0.36663476263101286	4.840379870854891
1799	0.7882649440031785	52	0.3669474789729485	4.842729614331172
1800	0.7882883709210616	52	0.36697041816436327	4.842735226337727
1801	0.7883228751329275	52	0.3669852104324561	4.8429617790075445
1802	0.7889043161502252	52	0.36726031395105213	4.84648295549246
1803	0.7878929021266791	52	0.36666686890216976	4.8416786927443285
1804	0.7881077161202064	52	0.366876557469368	4.841737627983093
1805	0.7878463394366778	52	0.3666915985254141	4.84085920223823
1806	0.7884633735968516	52	0.3671165527059482	4.84306707749
1807	0.7879977008471122	52	0.3668089205255875	4.841250529656043
1808	0.7879088612703177	52	0.3667374872244321	4.841050377258887
1809	0.7872834801673889	52	0.36639881191345364	4.837754891468928
1810	0.787412187227836	52	0.3664612036484938	4.838517216535715
1811	0.7880962158624942	52	0.36663071581950557	4.844431134370657
1812	0.7878658427641942	52	0.3667745561553882	4.840129879804758
1813	0.7877465222890561	52	0.36660713301255154	4.840682809169476
1814	0.7875518879065146	52	0.3667170193332892	4.8371825860096855
1815	0.7875182697406182	52	0.3665643087946452	4.838551447941707
1816	0.787959683399934	52	0.36673286671821886	4.841687688460717
1817	0.7876680894539907	52	0.36649487110284656	4.84107166987199
1818	0.7875592513726308	52	0.3667034644346971	4.837422966957092
1819	0.7875018498072257	52	0.3664099511045676	4.8401369498326225
1820	0.7877486772262133	52	0.3667201537352342	4.839408535223741
1821	0.7871259427987612	52	0.3663907234485333	4.8360371589660645
1822	0.7877679490126096	52	0.36670541018247604	4.839799486673796
1823	0.7884685832720536	52	0.367044655749431	4.843953334368193
1824	0.7866145945512332	52	0.36610645113083035	4.833427108251131
1825	0.7866406165636503	52	0.36617499647232205	4.832938285974356
1826	0.7879083466071349	52	0.36683754794872725	4.839894386438223
1827	0.7869198597394503	52	0.36624213938529676	4.835376180135286
1828	0.7876833150020013	52	0.3666200849872369	4.839807418676523
1829	0.7862776747116675	52	0.3657867845434409	4.83322876233321
1830	0.7865500748157501	52	0.3660787596152379	4.833003731874319
1831	0.7876079483674123	52	0.36665022201262987	4.838594739253704
1832	0.7871813831421045	52	0.3664619166117448	4.835856116735018
1833	0.7867709100246429	52	0.3660753214588532	4.835581614420964
1834	0.7864927477561511	52	0.36589696258306503	4.834434426747835
1835	0.7868675004977447	52	0.3661958775841273	4.835306158432593
1836	0.786975833085867	52	0.3663539095566823	4.834734916687012
1837	0.7870861349197534	52	0.36633148330908555	4.836260529664846
1838	0.7866416229651525	52	0.3661929838932477	4.832743067007798
1839	0.7866923797589082	52	0.366138110940273	4.833957222791819
1840	0.7869352159591821	52	0.3661654992745473	4.83643364906311
1841	0.7874839535126319	52	0.3666518640059691	4.837150527880742
1842	0.7866339912781348	52	0.36611927243379444	4.833502668600816
1843	0.7864163231391174	52	0.3658566027879715	4.8340199543879585
1844	0.7867672592401505	52	0.36617087057003606	4.8344413592265205
1845	0.786431141770803	52	0.3659862715464372	4.8326997848657465
1846	0.7862369544230975	52	0.36582859834799397	4.832280113146855
1847	0.786028565122531	52	0.36578426911280704	4.830394368905288
1848	0.7865553303406789	52	0.36605927634697694	4.833288174409133
1849	0.7865739602309006	52	0.3660197945741507	4.833956067378704
1850	0.786187931895256	52	0.36597066945754564	4.830083663646992
1851	0.785803136917261	52	0.3655807628081395	4.830142387977014
1852	0.7857676675686469	52	0.36562708822580486	4.8292021843103266
1853	0.7852352215693548	52	0.3654012714441006	4.825677688305195
1854	0.7857389358373789	52	0.365670933173253	4.828367921022268
1855	0.7861972336585705	52	0.36586566269397736	4.831397487567021
1856	0.7857710524247243	52	0.3656696734520105	4.828751564025879
1857	0.7852879831424127	52	0.36533874158675855	4.827002901297349
1858	0.7850500780802506	52	0.3651884003327443	4.825996417265672
1859	0.7858335146537194	52	0.36569056946497697	4.829229409878071
1860	0.7859248782579715	52	0.36579910608438343	4.829032045144301
1861	0.7860312530627618	52	0.36586276671061146	4.829522939828726
1862	0.7858395289916259	52	0.36567163467407227	4.829516144899221
1863	0.7849056984369571	52	0.365215149636452	4.824029454818139
1864	0.785504971559231	52	0.36556603014469147	4.826884489793044
1865	0.7852249856178577	52	0.36546383798122406	4.82484089411222
1866	0.785253026164495	52	0.3653416037559509	4.826568209207975
1867	0.7849541214796213	52	0.3652650937438011	4.824011885202848
1868	0.7848553657531738	52	0.3651570139022974	4.824119164393498
1869	0.7851554292898911	52	0.36528993856448394	4.826040267944336
1870	0.7852953053437747	52	0.3654193173234279	4.826160898575416
1871	0.7850759270099493	52	0.3652784205400027	4.825258869391221
1872	0.785688082759197	52	0.36571755890662855	4.827247509589562
1873	0.784419005879989	52	0.3649568357146703	4.821404466262231
1874	0.7852471241584191	52	0.36546572412435824	4.825073737364549
1875	0.7847399757458613	52	0.3650433146036588	4.8240996690896845
1876	0.7846443458245351	52	0.36516000903569734	4.821659189004165
1877	0.7846040702783145	52	0.36500286712096286	4.823002512638386
1878	0.7852640197827265	52	0.365465175647002	4.825274201539846
1879	0.7850883809419779	52	0.365269324527337	4.825506540445181
1880	0.7849208036294351	52	0.36524089597738707	4.823907045217661
1881	0.7850130784970063	52	0.365236120728346	4.825022669938894
1882	0.7846691402105185	52	0.3652098047045561	4.821371812086839
1883	0.7852890514410459	52	0.3654272321325082	4.8259980861957255
1884	0.784315784390156	52	0.3648539030781159	4.821401128402123
1885	0.7849368005990982	52	0.36525435057970196	4.823936315683218
1886	0.7848055603412482	52	0.3651517635354629	4.823607050455534
1887	0.7844360298835314	52	0.36498692058599913	4.821254317577068
1888	0.7837988275748032	52	0.36453347825087035	4.819142130705027
1889	0.7835094091983942	52	0.3645122664479109	4.816059231758118
1890	0.7845923659893183	52	0.3649972098378035	4.822932958602905
1891	0.7839804532436224	52	0.36466480447695804	4.819720213229839
1892	0.7854017603855866	52	0.36554058813131773	4.82599062186021
1893	0.7839161742192048	52	0.3647365002677991	4.818157296914321
1894	0.7841427475214005	52	0.3647629257578116	4.820457907823416
1895	0.7842824527850518	52	0.36491765253818953	4.820285201072693
1896	0.7833948479248927	52	0.3644021927164151	4.816007760854868
1897	0.784202475960438	52	0.3646966339303897	4.821906374051021
1898	0.784081525527514	52	0.3647726642397734	4.819642213674692
1899	0.7830324459534425	52	0.36413510831502766	4.814912099104661
1900	0.7838726800221664	52	0.3647459951730875	4.817548137444716
1901	0.7839690951200632	52	0.3648279481209241	4.8177144802533665
1902	0.7836867502102485	52	0.3645646870136261	4.817495089310866
1903	0.7837137637230066	52	0.3646851067359631	4.8164215454688435
1904	0.7836469526474292	52	0.36448534807333577	4.817949625161978
1905	0.7840436444832728	52	0.3648986890912056	4.817758239232576
1906	0.7836894335655066	52	0.3646010389694801	4.817108108447148
1907	0.7834105101915506	52	0.364367585342664	4.816585458241976
1908	0.7839446732631097	52	0.36487278227622694	4.816918446467473
1909	0.7840736703230784	52	0.36481004838760084	4.819122176903945
1910	0.783203545671243	52	0.3643099831847044	4.81486871609321
1911	0.7845613704277918	52	0.36498020875912446	4.822772099421575
1912	0.7829591333866119	52	0.36418182058976245	4.813532471656799
1913	0.7831300485592622	52	0.3643053231331018	4.814077386489282
1914	0.7833878856438857	52	0.3643905016092154	4.8160620377613945
1915	0.782350956247403	52	0.3638695398202309	4.810131375606243
1916	0.783638113966355	52	0.36461914216096586	4.816310148972732
1917	0.7825479736694922	52	0.3639731378509448	4.811205139526954
1918	0.7825785107337512	52	0.36399858043744016	4.811263643778288
1919	0.7831283372182113	52	0.3643393957844147	4.813666123610276
1920	0.7824377532188709	52	0.36409768003683823	4.808506718048682
1921	0.7828888354393152	52	0.3641558467195584	4.81302298949315
1922	0.7827917176943558	52	0.36422461844407594	4.811116209396949
1923	0.7830296353651927	52	0.364327609539032	4.812667067234333
1924	0.7835127241336383	52	0.364569621017346	4.815438105509831
1925	0.7827187684866098	52	0.3641184711685547	4.81149776165302
1926	0.7833392493999921	52	0.3644486637069629	4.814834374647874
1927	0.782854254429157	52	0.36426751716778827	4.811341945941631
1928	0.7832300307659003	52	0.36436428874731064	4.814548831719619
1929	0.782913436110203	52	0.3641671910881996	4.813175384814922
1930	0.7825987831904337	52	0.36407540337397504	4.810613751411438
1931	0.7826655896810385	52	0.36399847727555495	4.812265753746033
1932	0.782215205522684	52	0.363797494998345	4.809399164639986
1933	0.7831460283352778	52	0.36438664163534457	4.813326386305002
1934	0.7824034026035895	52	0.36396054980846554	4.809688109617967
1935	0.7821125021347632	52	0.36380311445547986	4.808154032780574
1936	0.7828349551329246	52	0.36422057965627086	4.811659638698284
1937	0.7825502225985894	52	0.3640367274100964	4.8105000257492065
1938	0.7831426274317962	52	0.3643765621460401	4.813403193767254
1939	0.7822839159231919	52	0.3638532883845843	4.809547626055204
1940	0.7824541376187251	52	0.36402026334634197	4.809584920222942
1941	0.7824888710792248	52	0.36410134457624876	4.809052137228159
1942	0.782144783781125	52	0.3636924446775363	4.809797094418452
1943	0.7825090266191043	52	0.3640353622344824	4.8100422620773315
1944	0.7823222141999465	52	0.36402073273291957	4.8080631861319905
1945	0.7817244919446799	52	0.363536750467924	4.8067557995135965
1946	0.781562844148049	52	0.36354524069107497	4.804800198628352
1947	0.7815670611766669	52	0.3635642413909619	4.804630279541016
1948	0.7820049168971869	52	0.36375635862350464	4.8074548336175775
1949	0.7817924664570735	52	0.3636969964091594	4.805695203634409
1950	0.7819379212764593	52	0.36367908807901234	4.807572970023522
1951	0.781266817679772	52	0.36345160752534866	4.802473783493042
1952	0.7824305181319897	52	0.3640331534238962	4.809165294353779
1953	0.7817871673749044	52	0.36371386566987407	4.805440361683186
1954	0.781951096195441	52	0.36381413902227694	4.806172040792612
1955	0.7817818912175986	52	0.36363201359143627	4.8063205388876105
1956	0.7821514514776376	52	0.36393281932060534	4.807110823117769
1957	0.7810981743610822	52	0.36315783858299255	4.803912061911363
1958	0.7819002477022318	52	0.3637932756772408	4.805827425076411
1959	0.7819764740191973	52	0.3636731407963313	4.808084377875695
1960	0.7816122690072427	52	0.36355724128393024	4.805230342424833
1961	0.7812235481463946	52	0.36323621525214267	4.804452180862427
1962	0.7807825792294282	52	0.36300589029605573	4.802031049361596
1963	0.7817305555710425	52	0.36363240675284314	4.8057259779710035
1964	0.7800306081771851	52	0.36266635014460635	4.797290508563702
1965	0.7815145563620788	52	0.3635674869784942	4.803989410400391
1966	0.7810919204583535	52	0.363366567171537	4.80144096337832
1967	0.7815155455699334	52	0.3635333558687797	4.804393126414372
1968	0.7804415466693732	52	0.3628909347149042	4.799432470248296
1969	0.781045417372997	52	0.36328657601888364	4.80182590851417
1970	0.7806397149196038	52	0.36302472937565583	4.80017233811892
1971	0.7804802965659362	52	0.36298553015177065	4.798790500714229
1972	0.7812662755067532	52	0.36345105503614134	4.802473976061894
1973	0.7807814284012868	52	0.36310505809692234	4.800877965413607
1974	0.7801777216104361	52	0.36279905988619876	4.7974560260772705
1975	0.7806645746414478	52	0.3630828931927681	4.79978963961968
1976	0.7807238308282999	52	0.3631627978040622	4.799552248074458
1977	0.7804216387180182	52	0.3629153875204233	4.798922584607051
1978	0.781254021021036	52	0.3634355389154874	4.802511508648212
1979	0.7802630915091588	52	0.36289726255031735	4.797308481656588
1980	0.7803316792616477	52	0.3628464719423881	4.798680617259099
1981	0.7803854919396914	52	0.3629114948786222	4.7985518253766575
1982	0.7805573206681472	52	0.36311498513588536	4.798187961945167
1983	0.780517367216257	52	0.3629898400260852	4.799167128709646
1984	0.7803124086214945	52	0.3629671541544107	4.797071997935955
1985	0.7799989523795935	52	0.36283807571117693	4.794952667676485
1986	0.7805735113529059	52	0.3630761567216653	4.798820238846999
1987	0.7803771163408573	52	0.36295233494960344	4.797986122278067
1988	0.7800125984045175	52	0.36278748970765334	4.795691040846018
1989	0.7806857285591272	52	0.3630636924734482	4.800253391265869
1990	0.7796604174834031	52	0.362642031449538	4.793314952116746
1991	0.7798810520997415	52	0.3626777988213759	4.7954397935133715
1992	0.7802196821341147	52	0.3628937074771294	4.796850433716407
1993	0.7794306358465781	52	0.3623567372560501	4.793953061103821
1994	0.7804785072803497	52	0.3630193265584799	4.798381539491507
1995	0.7800269722938538	52	0.36280762633452046	4.795624751311082
1996	0.7792673512147024	52	0.36224626062008053	4.793345983211811
1997	0.7792685077740595	52	0.36237699251908523	4.7918566557077265
1998	0.7802722924030744	52	0.36287127664456	4.797712940436143
1999	0.7792376486154703	52	0.3622746765613556	4.792677906843332
2000	0.7803607262097872	52	0.362983779838452	4.797436310694768
2001	0.7793514201274285	52	0.3625517596419041	4.790800819030175
2002	0.7795020834757731	52	0.3623819775306262	4.7944841018089885
2003	0.779245328444701	52	0.36225749208376956	4.792963761549729
2004	0.7795705187779206	52	0.3624573258253244	4.794404598382803
2005	0.780227107497362	52	0.36289327247784686	4.796940711828379
2006	0.7794271398049134	52	0.36243269649835735	4.793039762056791
2007	0.780700913988627	52	0.36323723311607653	4.798433267153227
2008	0.7790362536907196	52	0.3622351260139392	4.7908177100695095
2009	0.7788521177493609	52	0.3621569396211551	4.789599831287678
2010	0.7785572019907144	52	0.3621045866837868	4.786811773593609
2011	0.7790805743290827	52	0.36227723554922986	4.790843156667856
2012	0.7793830816562359	52	0.36248196546848005	4.791967025169959
2013	0.7790843672477282	52	0.3621377245737956	4.792490207231962
2014	0.7794487648285352	52	0.36252261698246	4.792254723035372
2015	0.7790944094841297	52	0.36229623223726565	4.79078379044166
2016	0.7792012771734824	52	0.3624118652481299	4.790683086101826
2017	0.7792090968443797	52	0.36230190327534306	4.7920368909835815
2018	0.7784566879272461	52	0.3620075531877004	4.786771820141719
2019	0.7785896911070898	52	0.3620342950408275	4.787993165162893
2020	0.7793048173189163	52	0.3623831421136856	4.792203334661631
2021	0.7788949654652522	52	0.3621345953299449	4.790349180881794
2022	0.7785870558940448	52	0.3620065903434387	4.788281358205355
2023	0.7791632219002798	52	0.36234005941794467	4.791070983960078
2024	0.7786252865424523	52	0.36206287947984844	4.788073741472685
2025	0.7797630268793839	52	0.3627549449984844	4.7931965589523315
2026	0.7788227785092133	52	0.36202484598526585	4.790780993608328
2027	0.7792355968401983	52	0.3623079009927236	4.79227247604957
2028	0.7788466249520962	52	0.3621671371735059	4.789419550162095
2029	0.7788724119846637	52	0.362161639218147	4.789779149568998
2030	0.7792313992977142	52	0.3624672511449227	4.790392701442425
2031	0.7781425061134192	52	0.3618002791817372	4.785542928255522
2032	0.778761734183018	52	0.36227086988779217	4.787251444963308
2033	0.778604737841166	52	0.361994522695358	4.788623305467459
2034	0.7778308552045089	52	0.36155637754843784	4.784764253176176
2035	0.7780379412265924	52	0.3616458418277594	4.786116251578698
2036	0.7785688856473336	52	0.3621094393042418	4.786890323345478
2037	0.7787237052734082	52	0.3620687981064503	4.7891369966360235
2038	0.7778401397741758	52	0.36157014163640827	4.78471275476309
2039	0.7783048577033557	52	0.36192353986776793	4.785992301427401
2040	0.7774826345535425	52	0.3613587010365266	4.783033893658565
2041	0.7780667360012348	52	0.36181647445146853	4.784485936164856
2042	0.7784731067143954	52	0.36202481102484924	4.786762145849375
2043	0.7774377877895648	52	0.3615313613644013	4.780533790588379
2044	0.7782070865997901	52	0.3618369303070582	4.785863958872282
2045	0.7777452388635049	52	0.3616302013397217	4.7829315937482395
2046	0.7775931862684397	52	0.3615485796561608	4.7821219976131735
2047	0.7780250700620505	52	0.36167292583447236	4.7856569932057305
2048	0.7778788059949875	52	0.3617356763436244	4.783254421674288
2049	0.7787572535184714	52	0.3622000515460968	4.788013953429002
2050	0.7776821771493325	52	0.36151865697824037	4.783488832987272
2051	0.778322003208674	52	0.3619174355497727	4.786259577824519
2052	0.7782872193134748	52	0.3619218525978235	4.7858089575400715
2053	0.7780690708985696	52	0.3617697816628676	4.7850494384765625
2054	0.7775713274112115	52	0.3615165599263631	4.782238804377043
2055	0.7779480551297848	52	0.36178879554455096	4.7834399204987745
2056	0.7773230924056127	52	0.3613431430779971	4.781378901921785
2057	0.7768892748997762	52	0.36113271633019817	4.778811142994807
2058	0.7774673436696713	52	0.3615647004200862	4.7804902241780205
2059	0.7774493430669491	52	0.36146236153749317	4.78145968914032
2060	0.7769792687434417	52	0.36123712016985965	4.778645497102004
2061	0.7776674525095866	52	0.3616149500012398	4.782212816751921
2062	0.7775699679668133	52	0.3616520017385483	4.780666443017813
2063	0.7772681541167773	52	0.3613733993126796	4.780399625117962
2064	0.7772415028168604	52	0.36134482003175294	4.780421752196092
2065	0.7775880178579917	52	0.361558256814113	4.781951454969553
2066	0.7773244564349835	52	0.36139048578647465	4.780850355441753
2067	0.7773677351383063	52	0.3612916635779234	4.782483733617342
2068	0.7770806126869642	52	0.3613377408339427	4.778653832582327
2069	0.7775764820667413	52	0.36148370229280913	4.782675788952754
2070	0.7771964841164075	52	0.36134341531074965	4.779920477133531
2071	0.777448730973097	52	0.361462370134317	4.781452518243056
2072	0.7760842419587649	52	0.36070147214027554	4.774514757669889
2073	0.7766020011443359	52	0.361014716900312	4.776865463990432
2074	0.7771820930334238	52	0.3612961872265889	4.780297902914194
2075	0.7764549335608115	52	0.36080122223267186	4.777629017829895
2076	0.7766628918739465	52	0.36101842327759814	4.777522784013015
2077	0.7770155908969733	52	0.36121473576013857	4.779320331720205
2078	0.7770033432887151	52	0.3613229984274277	4.777935119775625
2079	0.7766308406224618	52	0.361071150463361	4.7765483764501715
2080	0.7764334586950449	52	0.3608991658458343	4.776256341200608
2081	0.7768183843447611	52	0.361202614238629	4.777192922738882
2082	0.7765414783587823	52	0.3610019145103601	4.776316890349755
2083	0.7765485873589149	52	0.3610126141172189	4.776275735635024
2084	0.7765370435439624	52	0.361154552262563	4.7745115756988525
2085	0.7761044605420186	52	0.360620725613374	4.775675278443557
2086	0.7764848871872976	52	0.3610615713091997	4.774980746782743
2087	0.7758691035784208	52	0.360609739445723	4.7730962588236885
2088	0.7769882805072345	52	0.3613464207603381	4.777492743272048
2089	0.7761585150773709	52	0.3608248560474469	4.773950283343975
2090	0.7761759677758584	52	0.3608821974350856	4.7734917310568
2091	0.7766149158661182	52	0.3610675357855283	4.776406847513639
2092	0.7765506253792689	52	0.361041607765051	4.7759658098220825
2093	0.7764098116984735	52	0.3609146802471234	4.775806234433101
2094	0.7763261439708563	52	0.36087212425011855	4.775333670469431
2095	0.7761212850992496	52	0.36078513585604155	4.773978838553796
2096	0.7762468789632504	52	0.3607330018511185	4.776021709808936
2097	0.7764813407109334	52	0.3610505685210228	4.775066430752094
2098	0.7765199679594773	52	0.3610574007034302	4.775431908093966
2099	0.776224325482662	52	0.3609070434020116	4.773761932666485
2100	0.7754028978256079	52	0.3603311123756262	4.7709401204035835
2101	0.775633916258812	52	0.3606986959393208	4.769370510027959
2102	0.7749061114512957	52	0.3600460531619879	4.768506600306584
2103	0.7755974473861548	52	0.36064686568883747	4.769547095665565
2104	0.7754043088509486	52	0.36030876063383543	4.771213311415452
2105	0.7756973206996918	52	0.3606298858156571	4.770890171711262
2106	0.7754298070302377	52	0.36045824507108104	4.769788256058326
2107	0.7763476520776749	52	0.3610543253330084	4.773486595887404
2108	0.7755022278198829	52	0.360501977113577	4.770117952273442
2109	0.7763155698776245	52	0.3608951580065947	4.7749473590117235
2110	0.775728811438267	52	0.36051841710622495	4.772533297538757
2111	0.7751164734363556	52	0.36033654384888136	4.767585525145898
2112	0.7758076683833048	52	0.36058644262643963	4.7726579537758465
2113	0.7753498290593808	52	0.3603375364954655	4.770256317578829
2114	0.7756610466883733	52	0.3605703184237847	4.771157952455374
2115	0.7755669355392456	52	0.3605427627380078	4.770392922254709
2116	0.7758563917416793	52	0.36062977520319134	4.772719795887287
2117	0.7757594459331952	52	0.36072644075522053	4.7704943510202265
2118	0.7753093724067395	52	0.36032286229041904	4.769960027474624
2119	0.7758400245354726	52	0.36060263961553574	4.772843645169185
2120	0.7750936116163547	52	0.3602863916983971	4.767899192296541
2121	0.7755280572634476	52	0.3603804988356737	4.771811219362112
2122	0.7755074982459729	52	0.3605196991792092	4.769974846106309
2123	0.774671325316796	52	0.36006160940115267	4.7656290256060085
2124	0.7745692626788065	52	0.3600465334378756	4.764629208124601
2125	0.7744283985633117	52	0.3599981562449382	4.7635661730399494
2126	0.7749709945458633	52	0.3601600332902028	4.767942199340234
2127	0.774654066333404	52	0.36013005330012393	4.764643944226778
2128	0.7741113969912896	52	0.35976941940876156	4.762551582776583
2129	0.7742831099491853	52	0.35994455275627285	4.762512307900649
2130	0.7744979193577399	52	0.36007082061125684	4.763529988435598
2131	0.7743347000617248	52	0.35994273825333667	4.763126153212327
2132	0.7743991728012378	52	0.35990404280332416	4.764312028884888
2133	0.7749447501622714	52	0.3602644056081772	4.766440850037795
2134	0.7746266676829412	52	0.35993521488629854	4.766568605716412
2135	0.7740094741949668	52	0.3597566250425119	4.761527143991911
2136	0.7746441513299942	52	0.36003130215864915	4.765665127680852
2137	0.7747152023590528	52	0.3600141784319511	4.766678562531104
2138	0.774159156359159	52	0.3597500335711699	4.763323389566862
2139	0.7748707544345123	52	0.3602163058060866	4.766143239461458
2140	0.7742813768295141	52	0.35987750727396745	4.7632629963067865
2141	0.7750262010556	52	0.3602920197523557	4.767059747989361
2142	0.7745365672386609	52	0.3599900391239386	4.764902710914612
2143	0.7744056639763025	52	0.3599193485883566	4.764210710158715
2144	0.7745378556159827	52	0.35995685079923045	4.765299026782696
2145	0.7742215819083728	52	0.35984185853829753	4.762985412891094
2146	0.7747300634017358	52	0.3602582783653186	4.764043642924382
2147	0.7745488010920011	52	0.360033192886756	4.764547384702242
2148	0.7748891264200211	52	0.3601587277192336	4.767016190748948
2149	0.7740907095945798	52	0.3597824183794168	4.762164436853849
2150	0.7738989729147691	52	0.35960216419054913	4.762032453830425
2151	0.7732819616794586	52	0.35935883338634783	4.75773730644813
2152	0.7736644893884659	52	0.3595011308789253	4.760498523712158
2153	0.7730352133512497	52	0.3592093586921692	4.756619178331816
2154	0.7738533581678684	52	0.35961440606759143	4.761367421883803
2155	0.7734402739084684	52	0.359485666339214	4.758099106641916
2156	0.7736647369769903	52	0.3595948637678073	4.759423962006202
2157	0.7744908596460636	52	0.3599394319149164	4.7649591244184055
2158	0.7745004537013861	52	0.3599783606254138	4.7646219088481025
2159	0.7739024448853272	52	0.3597008946996469	4.7609374431463385
2160	0.7734933231885617	52	0.35939985742935765	4.75969516313993
2161	0.7730496823787689	52	0.3591887578368187	4.757022261619568
2162	0.7736919144025216	52	0.35955966665194583	4.760140932523287
2163	0.7735372953690015	52	0.35954745686971223	4.758503932219285
2164	0.7731448996525544	52	0.3592118936089369	4.757850784521836
2165	0.7734801654632275	52	0.3595001995563507	4.758390527505141
2166	0.7737094530692468	52	0.35959901775305086	4.759890217047471
2167	0.7739981882847272	52	0.3598011313722684	4.760885880543635
2168	0.773666819700828	52	0.35962439901553667	4.759108470036433
2169	0.7737490385770798	52	0.3595381872012065	4.761044428898738
2170	0.7730350758020694	52	0.3592392888206702	4.756273553921626
2171	0.7737707071579419	52	0.35962475263155425	4.760298463014456
2172	0.7731491476297379	52	0.35934683222037095	4.756348609924316
2173	0.7732001394033432	52	0.35938792389172775	4.756462408946111
2174	0.7730923489882395	52	0.3592015906022145	4.757365171725933
2175	0.7727978561933224	52	0.3590656645022906	4.755542617577773
2176	0.7728607138762107	52	0.3591565885222875	4.755219963880686
2177	0.7734968123527673	52	0.3594763210186592	4.758856470768269
2178	0.7733641908718989	52	0.359411562864597	4.758076356007503
2179	0.7730217839662845	52	0.3592468196382889	4.756034163328318
2180	0.7733037013273972	52	0.35930430774505323	4.7586138890339775
2181	0.7735720827029302	52	0.3595104830769392	4.75932883299314
2182	0.7733194759258857	52	0.3594204605771945	4.757460135679978
2183	0.7726959654918084	52	0.35899709222408444	4.755159543110774
2184	0.77330909210902	52	0.35949567074959093	4.756476182204026
2185	0.772707502429302	52	0.3590317735305199	4.754893550506005
2186	0.7730475755838248	52	0.35924865362735897	4.756309591806852
2187	0.7730455822669543	52	0.35915707911436373	4.757339248290429
2188	0.7725659631765806	52	0.3590413715976935	4.753156432738671
2189	0.7732177479909017	52	0.3592894518604645	4.757796626824599
2190	0.7725426119107467	52	0.35888441422810924	4.754692040956938
2191	0.7727585561000384	52	0.3590916217519687	4.754792534388029
2192	0.7724495346729572	52	0.3589013299116722	4.753427753081689
2193	0.7722416806679505	52	0.35885073187259525	4.751620237643902
2194	0.7724006680341867	52	0.3589858590410306	4.751894519879268
2195	0.7717050107625815	52	0.3584633996853462	4.749903678894043
2196	0.7727309236159692	52	0.3591531417690791	4.753767728805542
2197	0.7722642467572138	52	0.35878560749384075	4.752628216376672
2198	0.7720441566063807	52	0.3588216769007536	4.7496837836045485
2199	0.7725139661477163	52	0.3589826931173985	4.753233194351196
2200	0.7717760732540717	52	0.3585560086828012	4.749656026179974
2201	0.7719587087631226	52	0.3586882633658556	4.75023508988894
2202	0.7728927364716163	52	0.3591718731018213	4.755412386013911
2203	0.7725706111926299	52	0.35896323793209517	4.754107851248521
2204	0.7719242973969533	52	0.3587232959958223	4.7494369103358345
2205	0.7725312492022147	52	0.35910880737579787	4.75198219372676
2206	0.7721968155640823	52	0.3587926196364256	4.751772467906658
2207	0.7727075402553265	52	0.3590988379258376	4.754123192567092
2208	0.7722411602735519	52	0.3588423144358855	4.751711020102868
2209	0.772051792878371	52	0.35873718617054134	4.750742829762972
2210	0.7720312097897897	52	0.3587219881323668	4.7506808042526245
2211	0.77174567259275	52	0.358600129874853	4.74879945241488
2212	0.7715573161840439	52	0.35843388449687225	4.748545325719393
2213	0.7718448168956317	52	0.3587064857666309	4.748716611128587
2214	0.7719521144261727	52	0.3586731438453381	4.750333107434786
2215	0.7715019297141296	52	0.3584853456570552	4.747317158258879
2216	0.771575737458009	52	0.3584519177675247	4.748549754802998
2217	0.7712484964957604	52	0.3582859870332938	4.746695674382723
2218	0.7715054200245783	52	0.35850304938279665	4.747153804852412
2219	0.7716713501856878	52	0.35848576117020386	4.749259829521179
2220	0.7716236607386515	52	0.3584939338839971	4.7486177407778225
2221	0.7711064597735038	52	0.3582352680655626	4.745646036588228
2222	0.7720800088002131	52	0.3588471068785741	4.74980366230011
2223	0.7714466750621796	52	0.35832978842350155	4.748470086317796
2224	0.7709635209578735	52	0.35821947856591296	4.744184549038227
2225	0.7725780973067651	52	0.35904281242535663	4.753279337516198
2226	0.7709658249066427	52	0.35810958823332417	4.745474090942969
2227	0.7716734627118478	52	0.3585790710953566	4.74821152136876
2228	0.7721183643891261	52	0.3587342214125853	4.7515419996701755
2229	0.7722458896728662	52	0.3589397302040687	4.750645646682153
2230	0.771956456395296	52	0.35877758493790257	4.749182572731605
2231	0.7714823679282115	52	0.3585273182162872	4.746609898713919
2232	0.7707574734321008	52	0.35794258977358157	4.74499878516564
2233	0.7717977223488001	52	0.35874053320059407	4.747783935987032
2234	0.7708908296548403	52	0.35811580144442046	4.744540737225459
2235	0.7713218480348587	52	0.3583698742664777	4.7465745485745945
2236	0.7713375343726232	52	0.3583897787791032	4.74652610375331
2237	0.771245328279642	52	0.3583378757421787	4.746062856454116
2238	0.770658125097935	52	0.3580243381170126	4.7429172442509575
2239	0.7710628108336375	52	0.3582751722289966	4.744685613192045
2240	0.7703434171584936	52	0.3578689912190804	4.741085520157447
2241	0.7707268469608747	52	0.35813532769680023	4.742431328846858
2242	0.7711320038025196	52	0.3582433874790485	4.745846363214346
2243	0.7708959464843457	52	0.35824277022710216	4.74314008309291
2244	0.7711356018598263	52	0.3581945924804761	4.746448470995976
2245	0.77103614119383	52	0.3582400003304848	4.744783392319312
2246	0.7703159909981948	52	0.3578161425315417	4.7413777112960815
2247	0.7707864057559234	52	0.3581128544532336	4.743374292667095
2248	0.7705780600125973	52	0.35795310942026287	4.742815687106206
2249	0.7709418753018746	52	0.3581725462124898	4.7444752271358785
2250	0.7707238575586906	52	0.35795815403644854	4.744433485544645
2251	0.7707760769587296	52	0.35811953705090743	4.743178752752451
2252	0.7700045211957052	52	0.3576506760257941	4.7396994554079495
2253	0.7701208075651755	52	0.35771785848415816	4.740264003093426
2254	0.7705318549504647	52	0.35804130079654545	4.741270872262808
2255	0.7697368229811008	52	0.3576075847332294	4.737117813183711
2256	0.7700870197552901	52	0.3576756205696326	4.740361112814683
2257	0.7705858441499563	52	0.35803332924842834	4.741983065238366
2258	0.7701054834402524	52	0.35774348561580366	4.7397932180991535
2259	0.7703978717327118	52	0.3579945403795976	4.7402683679874125
2260	0.7700064170819062	52	0.3578579735297423	4.73733860712785
2261	0.770817634004813	52	0.3580538240762857	4.744411688584548
2262	0.7707251161336899	52	0.35805584834172177	4.7433250317206745
2263	0.7697006796415036	52	0.35759207606315613	4.736880623377287
2264	0.7699185346181576	52	0.3576145659272487	4.739126232954172
2265	0.7700394701499206	52	0.35764743158450496	4.740138539901147
2266	0.7702567176176951	52	0.35785775860914815	4.7402180800071125
2267	0.7698277361117877	52	0.35750342733584917	4.739360094070435
2268	0.769792364193843	52	0.35766274768572587	4.737122214757479
2269	0.7703047727163022	52	0.3578143200049034	4.741269698509803
2270	0.7695346921682358	52	0.3574922107733213	4.736120609136728
2271	0.7701995842731916	52	0.35778881036318266	4.740353850217966
2272	0.7704691050144342	52	0.35802183930690473	4.740773301858169
2273	0.7702392752353961	52	0.3577638933291802	4.741096487412086
2274	0.7699433874625426	52	0.3576330038217398	4.739199913465059
2275	0.7697246613410803	52	0.3575592998128671	4.737533019139216
2276	0.7696064836703814	52	0.35752856731414795	4.73652787391956
2277	0.7697052073020202	52	0.35745653911278796	4.738490581512451
2278	0.7698633521795273	52	0.3575967326760292	4.7386969603025
2279	0.7690903899761347	52	0.3572402819991112	4.733909469384414
2280	0.7691576618414658	52	0.35723235228886974	4.734773865112891
2281	0.769823466355984	52	0.3576462446497037	4.737669376226572
2282	0.768680500296446	52	0.35697021449987704	4.732302262232854
2283	0.7688732215991387	52	0.35707944746200854	4.733261897013738
2284	0.7696013313073379	52	0.3574722357667409	4.73711621761322
2285	0.7696268627276788	52	0.3574794542330962	4.737326640349168
2286	0.7700450076506689	52	0.35777805516353023	4.7387007383199835
2287	0.7697451412677765	52	0.35754583661372846	4.7379231086144085
2288	0.7696651231784087	52	0.35751831703461134	4.73731975372021
2289	0.7696166256299386	52	0.3575155757940732	4.736793848184439
2290	0.7687873611083398	52	0.35711265011475635	4.731893328519968
2291	0.7691856702932944	52	0.35725513100624084	4.734833873235262
2292	0.7692159013106272	52	0.3573500829247328	4.734090007268465
2293	0.769425494166521	52	0.3574319120783072	4.735558546506441
2294	0.7689354190459619	52	0.3571111135757886	4.733612858332121
2295	0.7697772807799853	52	0.3576957732439041	4.736569175353417
2296	0.76942206460696	52	0.35748984607366413	4.7348532401598415
2297	0.7687374983842556	52	0.35701527159947616	4.732439508804908
2298	0.769517264687098	52	0.35748089162202984	4.736050394865183
2299	0.7682116398444543	52	0.35684382972808987	4.728365843112652
2300	0.7690407897417362	52	0.35734299971507144	4.732158651718726
2301	0.7697588721146951	52	0.35773006138893276	4.735963527972881
2302	0.7687129412706082	52	0.35692716046021533	4.733170078350947
2303	0.768321339900677	52	0.35678773201428926	4.730271531985356
2304	0.7691968908676734	52	0.35731580968086535	4.734265419153067
2305	0.7697100455944355	52	0.35755698726727414	4.737391646091755
2306	0.7688523336098745	52	0.3569846021441313	4.734111941777742
2307	0.7685109950028933	52	0.3569242008603536	4.730882855562063
2308	0.7683666554781107	52	0.35688180189866286	4.729711147455069
2309	0.7688341908729993	52	0.3570919386469401	4.732669665263249
2310	0.7682134761260107	52	0.356812698336748	4.728744690234844
2311	0.7678779604343268	52	0.3566142956797893	4.727168752596929
2312	0.7690075314961947	52	0.3571394756436348	4.73411579315479
2313	0.768641471862793	52	0.3570365384221077	4.731091260910034
2314	0.7691642527396862	52	0.35727014335302204	4.734415201040415
2315	0.7680890158965037	52	0.35675648427926576	4.727960256429819
2316	0.7681857060927612	52	0.3567359269811557	4.729307935788081
2317	0.768992115671818	52	0.3573073246158086	4.732009209119356
2318	0.7689168201043055	52	0.357215920319924	4.73219435948592
2319	0.7683192193508148	52	0.3569190868964562	4.728737198389494
2320	0.768609630373808	52	0.3570120563873878	4.731006750693688
2321	0.7684313139090171	52	0.35694206334077394	4.7297616463441114
2322	0.7679142321531589	52	0.3567316514941362	4.7262366735018215
2323	0.7685881153895304	52	0.3570115967438771	4.730764737496009
2324	0.7680345681997446	52	0.35670711443974423	4.727901908067556
2325	0.7678404759902221	52	0.3566237229567308	4.726629504790673
2326	0.7679656125031985	52	0.3567233062707461	4.726923227310181
2327	0.767671735240863	52	0.35658923937724185	4.725086294687712
2328	0.7673842998651358	52	0.3563312739133835	4.72474755690648
2329	0.7673617830643287	52	0.3563452884554863	4.724327655938955
2330	0.7675320529020749	52	0.356409701017233	4.725544360967783
2331	0.7676496906922414	52	0.3565640036876385	4.725122946959275
2332	0.7673536791251256	52	0.3563483655452728	4.724199157494765
2333	0.7671523781923147	52	0.3561331784495941	4.724358751223638
2334	0.7677148569088715	52	0.35653569205449176	4.726197407795833
2335	0.768064925303826	52	0.35685225003040755	4.726582545500535
2336	0.7683834215769401	52	0.3568466059290446	4.730308340145991
2337	0.7677504993402041	52	0.35664266691758084	4.725377522982084
2338	0.7678713695361064	52	0.3566506252839015	4.726675418707041
2339	0.7673296538683084	52	0.35635004937648773	4.723903646835914
2340	0.7677154437853739	52	0.35631311054413134	4.728762599138113
2341	0.7678474600498493	52	0.35665978032809037	4.72629530613239
2342	0.7670009033038065	52	0.35608855061806166	4.723130583763123
2343	0.7678230794576498	52	0.3566211576645191	4.726458980486943
2344	0.7675154851033137	52	0.35650501170983684	4.724258477871235
2345	0.7679023788525507	52	0.35666400308792406	4.72687802864955
2346	0.7674503051317655	52	0.3564713958364267	4.7238956323036785
2347	0.7670287925463456	52	0.35616151415384734	4.722612527700571
2348	0.7677040845155716	52	0.3565143312399204	4.726319166330191
2349	0.7674950865598825	52	0.35652488240828883	4.723795569860018
2350	0.7666265666484833	52	0.35599154004683864	4.719942991550152
2351	0.76722686451215	52	0.3563075793477205	4.723210371457613
2352	0.7673796472641138	52	0.3563559244458492	4.724410763153663
2353	0.7674775226758077	52	0.3563890428497241	4.725155087617727
2354	0.7667487596090024	52	0.3559670133086351	4.721629417859591
2355	0.7675457780177777	52	0.3564388058506526	4.725367646950942
2356	0.7674412601269208	52	0.3563918030032745	4.724706567250765
2357	0.7670179089674583	52	0.35621351863329226	4.721889642568735
2358	0.767405378130766	52	0.35634318739175797	4.724852901238662
2359	0.7680738293207608	52	0.35687464017134446	4.726427619273846
2360	0.766714306978079	52	0.35613649510420287	4.719285323069646
2361	0.7666808905509802	52	0.356083027445353	4.719515818815965
2362	0.7675386380690795	52	0.35656555684713215	4.723828664192786
2363	0.7667266703568972	52	0.35597815020726276	4.721247507975652
2364	0.7664110591778388	52	0.35589733261328477	4.7185488022290745
2365	0.7668783412529872	52	0.3561021347458546	4.721565714249244
2366	0.7669116866130096	52	0.3562240216594476	4.720547997034513
2367	0.7671434099857624	52	0.3562164277984546	4.723298751390898
2368	0.7666073705141361	52	0.35606520966841626	4.718875527381897
2369	0.7671178923203394	52	0.35628596865213835	4.722206161572383
2370	0.766617361169595	52	0.3559161751316144	4.720703372588525
2371	0.7667000431280869	52	0.35611965163395953	4.719314969502962
2372	0.7672309084580495	52	0.35623513849881977	4.724089448268597
2373	0.7670236069422501	52	0.3561446907428595	4.72274621633383
2374	0.7663294478104665	52	0.3558241449869596	4.718451921756451
2375	0.7664839029312134	52	0.3558459207415581	4.719976911178002
2376	0.7670058745604295	52	0.3561285946231622	4.722727537155151
2377	0.7666196811657685	52	0.3559788133089359	4.720010161399841
2378	0.7658723822006812	52	0.35557505603020007	4.716061362853417
2379	0.7669117439251679	52	0.35617299435230404	4.721135130295386
2380	0.7658581286668777	52	0.35565684334589887	4.7149574389824505
2381	0.7668771674999824	52	0.3562101228879048	4.720310999796941
2382	0.7658951534674718	52	0.35562361089082867	4.715764971879812
2383	0.7663655957350364	52	0.3557420865847514	4.719810586709243
2384	0.7660823028821212	52	0.35571961334118474	4.716812720665565
2385	0.7661905311621152	52	0.35573379466166866	4.717893682993376
2386	0.7664202348544047	52	0.3558394106534811	4.719320022142851
2387	0.7655034741530051	52	0.3552820241222015	4.7151891726713915
2388	0.7659284747563876	52	0.35567418944377166	4.715566616791945
2389	0.7655758250218171	52	0.3553757415368007	4.714943601534917
2390	0.7661191534537536	52	0.3558187811420514	4.716096373704763
2391	0.7655183351956881	52	0.3554200501396106	4.71377355318803
2392	0.7660590375845249	52	0.35578348774176377	4.715811041685251
2393	0.765790099134812	52	0.3556354326697496	4.714421538206247
2394	0.7661028848244593	52	0.3556831427491628	4.717468463457548
2395	0.7661739713870562	52	0.35573692333239776	4.717667332062354
2396	0.7653464411313717	52	0.3552986291738657	4.713193352405842
2397	0.7655664567763989	52	0.3555252007566966	4.713118039644682
2398	0.7655385583639145	52	0.355398732309158	4.714250986392681
2399	0.7655853262314429	52	0.355511507162681	4.71349233847398
2400	0.7655458668103585	52	0.35551977959962994	4.712943627284123
2401	0.7661726704010596	52	0.35574788542894215	4.717526390002324
2402	0.765939474105835	52	0.35571966492212737	4.715170365113479
2403	0.7665555740778263	52	0.3559826503579433	4.7192292121740484
2404	0.765451661669291	52	0.35541213475740874	4.713098104183491
2405	0.7655771283003	52	0.35550400843987096	4.713484305601853
2406	0.765478334747828	52	0.3553504697405375	4.714113501402048
2407	0.7655202287894028	52	0.35536430317621964	4.714436100079463
2408	0.765524339217406	52	0.3554447694466664	4.713558380420391
2409	0.7650948923367721	52	0.3551557700221355	4.711944094071021
2410	0.7652131754618424	52	0.35534095534911525	4.711175111623911
2411	0.7655091090844228	52	0.35545491541807467	4.7132667027986965
2412	0.7651715989296253	52	0.3553490764819659	4.710603805688711
2413	0.7659729616000102	52	0.35573218304377335	4.715411461316622
2414	0.7654226456697171	52	0.3554235278413846	4.712633664791401
2415	0.7646153351435294	52	0.35495944722340655	4.7086885158832255
2416	0.765988371693171	52	0.3556664947133798	4.716343577091511
2417	0.7651837995419135	52	0.3551770947300471	4.7127208434618435
2418	0.7652060309281716	52	0.35525374573010665	4.712095361489516
2419	0.7645607040478632	52	0.35495430403030837	4.708119777532724
2420	0.7649129846921334	52	0.3550277638893861	4.711324545053335
2421	0.7642687089168109	52	0.3547816958564978	4.706747403511634
2422	0.7655391991138458	52	0.3554305537388875	4.713892569908729
2423	0.7646339764961829	52	0.3549521015240596	4.708987162663386
2424	0.764744160267023	52	0.3549497786622781	4.710280427565942
2425	0.7650648527420484	52	0.3552085132553027	4.7109925380119915
2426	0.7651413140388635	52	0.35534971895126194	4.710248360267053
2427	0.7646501362323761	52	0.3549581966721095	4.7091028323540325
2428	0.7644399805710866	52	0.35491705800478274	4.707160096902114
2429	0.7664315276421033	52	0.35598730410520846	4.717749861570505
2430	0.7648820235179021	52	0.3551492582146938	4.709572177666884
2431	0.7647853975112622	52	0.355013291996259	4.710024301822369
2432	0.7646408826112747	52	0.3550373734189914	4.7080864906311035
2433	0.7650939925358846	52	0.3552489487024454	4.710862719095671
2434	0.765168778025187	52	0.3553675258388886	4.710359417475187
2435	0.7641422645403788	52	0.35469648528557557	4.70627342737638
2436	0.7644934768860157	52	0.35487670222154033	4.708238904292767
2437	0.7643696356278199	52	0.35489791402449977	4.706571633999165
2438	0.7641225376954446	52	0.3547581503024468	4.7053378728719855
2439	0.765069672694573	52	0.3552427916572644	4.710653919440049
2440	0.7645607510438333	52	0.3550041615962982	4.707547169465285
2441	0.7648201825527045	52	0.35498939282619035	4.710698898021992
2442	0.7645757588056418	52	0.3549041719390796	4.708868998747605
2443	0.7642077551438258	52	0.3547332900074812	4.706603187781114
2444	0.7644738279856168	52	0.35482338300118077	4.708625885156485
2445	0.7638423247979238	52	0.3545941492685905	4.704002169462351
2446	0.7644056654893435	52	0.3548954983170216	4.707013552005474
2447	0.7641108758174456	52	0.354676026564378	4.70614782663492
2448	0.7640601293398783	52	0.35474742490511674	4.704743807132427
2449	0.7643158195110468	52	0.35488064930989194	4.706151503783006
2450	0.7647263957903936	52	0.35502858689198125	4.709170350661645
2451	0.7642568922959841	52	0.354814380980455	4.70623595897968
2452	0.76441890001297	52	0.3549604874390822	4.7064186701407795
2453	0.7644758728834299	52	0.3549706442998006	4.706956744194031
2454	0.7640423419383856	52	0.3547463279504042	4.704552026895376
2455	0.7643058896064758	52	0.35481415402430755	4.706801707927998
2456	0.7643198325083806	52	0.35491968519412553	4.705748961522029
2457	0.7640428749414591	52	0.35468845527905685	4.705223294404837
2458	0.76348999945017	52	0.3544539138674736	4.701564311981201
2459	0.7639058518868226	52	0.3547200199503165	4.703285538233244
2460	0.7642521330943475	52	0.35471796015134227	4.707289521510784
2461	0.7639663540399991	52	0.3546361934680205	4.70494451889625
2462	0.7635556092629066	52	0.3543338661010449	4.703698332493122
2463	0.7637815624475479	52	0.35444233681146914	4.705048634455754
2464	0.7636690770204251	52	0.3544936839204568	4.703165503648611
2465	0.7633146196603775	52	0.3543032826139377	4.701279841936552
2466	0.7636709774915988	52	0.3544320406822058	4.703895999835088
2467	0.763484272819299	52	0.3543817951129033	4.702327434833233
2468	0.7640343308448792	52	0.3548890627347506	4.702819283191975
2469	0.7636270637695606	52	0.35444473131344867	4.7032452546633206
2470	0.7635514323527997	52	0.3545340517392525	4.701349395972032
2471	0.7648477714795333	52	0.35514048716196644	4.709279262102568
2472	0.7635896297601553	52	0.3544456912921025	4.702803996893076
2473	0.7631007478787348	52	0.3541867962250343	4.700160485047561
2474	0.7637325456509223	52	0.35456940015921223	4.703024836686941
2475	0.7635289740103942	52	0.35441240267111707	4.702489458597624
2476	0.7634099469735072	52	0.35441689365185225	4.701069685129019
2477	0.7630031911226419	52	0.35410337493969846	4.69999804863563
2478	0.7627971676679758	52	0.35415163063085997	4.69707530278426
2479	0.7640100946793189	52	0.35474942739193255	4.704145770806533
2480	0.7636526845968686	52	0.35447198897600174	4.703226584654588
2481	0.7631106743445764	52	0.3541798901099425	4.700353980064392
2482	0.7630367175890849	52	0.3541628494858742	4.699699786993174
2483	0.763991749057403	52	0.354731396986888	4.704142130338228
2484	0.7637076469568106	52	0.3545055469641319	4.703472522588877
2485	0.7633176778371518	52	0.3542366996407509	4.702080350655776
2486	0.7628178424560107	52	0.35397875423614794	4.699299977375911
2487	0.7624541005262961	52	0.35386665967794567	4.6964075198540325
2488	0.7629234309379871	52	0.35402487161067814	4.699983578461867
2489	0.7631662006561573	52	0.3542303385642859	4.700412300916819
2490	0.7635295196221425	52	0.35446924486985576	4.70184233555427
2491	0.7624778025425397	52	0.3538381996063086	4.697007014201238
2492	0.7630487966995972	52	0.3541942158570656	4.699478021034827
2493	0.7627182694581839	52	0.3540122377184721	4.697770558870756
2494	0.7628776660332313	52	0.35417235585359425	4.6977622875800495
2495	0.7628275568668659	52	0.35406108028613603	4.698465347290039
2496	0.7624635352538183	52	0.3537527099251747	4.697825706922091
2497	0.7626994114655715	52	0.3540840567304538	4.696728339562049
2498	0.7626138684841303	52	0.35393481013866573	4.697460578038142
2499	0.762491802756603	52	0.3537566335155414	4.698105573654175
2500	0.7625450927477616	52	0.3539171889424324	4.69687255529257
2501	0.7627461013885645	52	0.3539799623764478	4.698461468403156
2502	0.762006476521492	52	0.3536512507842137	4.693738350501428
2503	0.7637527527717444	52	0.35455235896202236	4.7034529355856085
2504	0.7627536814946395	52	0.3540662240523558	4.697557119222788
2505	0.7624035832973627	52	0.35375283658504486	4.697135164187505
2506	0.7630856449787433	52	0.35419342609552235	4.699910695736225
2507	0.7627759575843811	52	0.35411070631100583	4.697301846284133
2508	0.7627088668254706	52	0.3540461521882277	4.697272768387427
2509	0.7625112888904718	52	0.35387540608644485	4.696964263916016
2510	0.7628728919304334	52	0.3541545518315755	4.697912060297453
2511	0.7626086668326304	52	0.3540328930203731	4.696273400233342
2512	0.762704108770077	52	0.35406552312465817	4.696995322520916
2513	0.7630937615266213	52	0.35429418316254246	4.698845881682176
2514	0.7623838083102152	52	0.3538462473795964	4.695834196530855
2515	0.7621454745531082	52	0.3535686129560837	4.696285889698909
2516	0.7619168964716104	52	0.3535720184445381	4.693619407140291
2517	0.7628689866799575	52	0.3541192446763699	4.698273062705994
2518	0.7625581083389429	52	0.35392339126421857	4.696950894135695
2519	0.7623158716238462	52	0.35392185701773715	4.694184239094074
2520	0.7628189336795074	52	0.35412159390174425	4.69767072567573
2521	0.7617465865153533	52	0.35362615894812804	4.691039470525888
2522	0.7615196395378846	52	0.35331547948030323	4.692001966329721
2523	0.7619138990457242	52	0.3534954837881602	4.694464683532715
2524	0.7616040912958292	52	0.3535085910787949	4.6907529555834255
2525	0.7625806984993128	52	0.3539599512632077	4.69679030088278
2526	0.7619443398255569	52	0.3536654613338984	4.6928608142412624
2527	0.7620209455490112	52	0.35375301654522234	4.692734965911279
2528	0.7618420043816934	52	0.3535682037472725	4.692802493388836
2529	0.7617518684038749	52	0.3536173196939322	4.691201833578257
2530	0.7614452815972842	52	0.35332096769259524	4.691084201519306
2531	0.7619974166154861	52	0.353634282373465	4.693829298019409
2532	0.7620289050615751	52	0.3536692731655561	4.693788996109595
2533	0.7619635382523904	52	0.35362108281025517	4.693591548846318
2534	0.7616256888096149	52	0.3534413266640443	4.691774349946242
2535	0.7618397050178968	52	0.3535760027857927	4.6926863835408135
2536	0.7614010939231286	52	0.35347669227765155	4.6887864241233235
2537	0.7614032947100126	52	0.3532632566415347	4.691264968651992
2538	0.761380176131542	52	0.35336757050110745	4.6898002074314995
2539	0.7611488229953326	52	0.3532303250752963	4.6887184014687175
2540	0.7605585776842557	52	0.35291298306905305	4.685581647432768
2541	0.7612535472099597	52	0.3533231088748345	4.688855813099788
2542	0.7618562464530652	52	0.353690352004308	4.691562111561115
2543	0.7613860804301041	52	0.35344501068958867	4.688977993451632
2544	0.7612151606724813	52	0.3532823748313464	4.688882699379554
2545	0.7609721766068385	52	0.3530556937822929	4.688695329886216
2546	0.761275426699565	52	0.353327581515679	4.689055800437927
2547	0.762091590807988	52	0.35368126974656033	4.694371608587412
2548	0.761408575452291	52	0.35336032796364564	4.690209828890287
2549	0.7614192710472987	52	0.3534443917182776	4.689366588225732
2550	0.7616537224787933	52	0.3534828292635771	4.69161960711846
2551	0.7614101412204596	52	0.35332415482172597	4.690643631494963
2552	0.7616576208518102	52	0.35343745752022815	4.692185942943279
2553	0.7613458965833371	52	0.35335301206662106	4.689573526382446
2554	0.7616677949061761	52	0.353502498796353	4.691555197422321
2555	0.7618333777556052	52	0.3536111443088605	4.692209711441627
2556	0.7605483646576221	52	0.35274095088243484	4.687441688317519
2557	0.7607656935086617	52	0.35291885699217135	4.687894756977375
2558	0.7607647696366677	52	0.35304998835692036	4.686376920113196
2559	0.7609961686226038	52	0.3531862325393237	4.687470702024607
2560	0.7611737583692257	52	0.35325122567323536	4.688764920601478
2561	0.7611166548270446	52	0.35320268170191693	4.688666490408091
2562	0.7614048753793423	52	0.3533010179033646	4.690849093290476
2563	0.7610201273973172	52	0.3531860434092008	4.687748221250681
2564	0.7607871374258628	52	0.35310844675852704	4.685962062615615
2565	0.7606465564324305	52	0.3529054763225409	4.686679271551279
2566	0.760740088728758	52	0.3530000373721123	4.686667414811941
2567	0.761485850581756	52	0.35351812782195896	4.68928431547605
2568	0.7609513310285715	52	0.3530926051048132	4.688031462522654
2569	0.7607231048437265	52	0.35306252653782183	4.6857538773463325
2570	0.7607664259580466	52	0.3529698562163573	4.687317022910485
2571	0.7607781336857722	52	0.3531078501389577	4.68586542056157
2572	0.7599486674253757	52	0.35253155403412306	4.682955485123855
2573	0.7604274382958045	52	0.35292548342392993	4.683930699641888
2574	0.7607749964182193	52	0.3530578590356387	4.686403943942143
2575	0.7612360773178247	52	0.3532861482638579	4.689079789014963
2576	0.7609917865349696	52	0.3531809483583157	4.687481018213125
2577	0.7603574853677016	52	0.35287101509479374	4.683752683492807
2578	0.7605028393176886	52	0.3528153283091692	4.686063491381132
2579	0.7600414076676736	52	0.3526693708621539	4.682437364871685
2580	0.7602963023460828	52	0.3527374995442537	4.684584122437697
2581	0.7600141075941232	52	0.3527806962911899	4.680843958487878
2582	0.7603086634324148	52	0.35283568329535997	4.683597601377047
2583	0.760336887377959	52	0.3528234419914392	4.684062737684983
2584	0.7603706820653036	52	0.35272591331830394	4.685572165709275
2585	0.7605032061155026	52	0.35287662079701054	4.685363155144912
2586	0.7597224632134805	52	0.35234238035403764	4.682529752071087
2587	0.7608003398546805	52	0.3530655852877177	4.686606535544763
2588	0.7595972223923757	52	0.3524959568793957	4.679324993720422
2589	0.7601733184777774	52	0.352739433829601	4.683148209865276
2590	0.7600657034378785	52	0.35266682219046813	4.6827458418332615
2591	0.7609338897925156	52	0.3531735258606764	4.686900854110718
2592	0.760184469131323	52	0.3527221347276981	4.6834752192864055
2593	0.7592012721758622	52	0.35228608319392574	4.677186204836919
2594	0.7596921462279099	52	0.35234910880143827	4.682103991508484
2595	0.759259948363671	52	0.3521657574635286	4.679243674645057
2596	0.7605624015514667	52	0.3530624652138123	4.683907472170317
2597	0.7591729611158371	52	0.3522366566153673	4.67742894246028
2598	0.7606344956618089	52	0.3530066248316031	4.685378019626324
2599	0.7592542572663381	52	0.3521938862708899	4.678854979001558
2600	0.7593401532906753	52	0.35242106650884336	4.67723104586968
2601	0.7599295950852908	52	0.3526254823574653	4.6816566082147455
2602	0.7594234989239619	52	0.352306074821032	4.679510694283706
2603	0.7600859655783727	52	0.3527660215130219	4.6818385215906
2604	0.7597944266521014	52	0.35254238087397355	4.681058067541856
2605	0.7599777728319168	52	0.3526740280481485	4.681652335020212
2606	0.7597900525881693	52	0.3524081323009271	4.682550934644846
2607	0.7603706946739783	52	0.3529089929965826	4.683468002539414
2608	0.7595867629234607	52	0.3524771143610661	4.67942135150616
2609	0.7600900989312392	52	0.3527497643461594	4.682073006263146
2610	0.7598383415203828	52	0.35264948640878385	4.680331817040076
2611	0.7597196331390967	52	0.35248394998220295	4.680870065322289
2612	0.759703088265199	52	0.3524219852227431	4.681392119481013
2613	0.7594434573100164	52	0.3523228013744721	4.679547832562373
2614	0.7592082367493556	52	0.3520574082548802	4.679894694915185
2615	0.7591753900051117	52	0.35226792039779514	4.677097476445711
2616	0.7594552899782474	52	0.3523101290831199	4.679829588303199
2617	0.7600379162109815	52	0.35269082280305714	4.6821505931707526
2618	0.759591566828581	52	0.3524958388163493	4.679261390979473
2619	0.7594796293056928	52	0.3523649046054253	4.679479745718149
2620	0.7596009981173736	52	0.35247159004211426	4.679648527732263
2621	0.7596860871865199	52	0.3526032246076144	4.679113461421086
2622	0.7591209044823279	52	0.35231854537358653	4.675889308636005
2623	0.7589867963240697	52	0.35218668614442533	4.675863467730009
2624	0.7591855743756661	52	0.3522937527069679	4.676917626307561
2625	0.7592259393288538	52	0.3523906354720776	4.676267963189345
2626	0.7592541678593709	52	0.3522412966077144	4.678308982115525
2627	0.7597432744044524	52	0.35254272990501845	4.6804661659094
2628	0.7592044598781146	52	0.3521941969027886	4.678279033074012
2629	0.7589577929331706	52	0.3521184330949417	4.676314656551067
2630	0.758292616559909	52	0.3518328317082845	4.6719517432726345
2631	0.7590632862769641	52	0.3522017580958513	4.676569360953111
2632	0.7579503850294993	52	0.35162047239450306	4.67045888533959
2633	0.7588553291100723	52	0.35197756038262296	4.676756106890165
2634	0.7589718263882858	52	0.3521266281604767	4.676381808060866
2635	0.7591194670933944	52	0.3521808208181308	4.677455837909992
2636	0.7586436122655869	52	0.3519731525045175	4.674373314930842
2637	0.7591442568944051	52	0.3523500573176604	4.675795555114746
2638	0.7589081009993186	52	0.3521494853955049	4.675386548042297
2639	0.7588040140958933	52	0.35206355441075105	4.675177904275747
2640	0.758683443069458	52	0.3519825115799904	4.674723505973816
2641	0.7592267371140994	52	0.3523477115310155	4.676770531214201
2642	0.7589737153970278	52	0.3522543500249202	4.674935350051293
2643	0.7591789559676096	52	0.35217985338889635	4.678150763878455
2644	0.7588862719444128	52	0.35199598051034486	4.676899992502653
2645	0.7580992694084461	52	0.35160521819041324	4.672345519065857
2646	0.7589760101758517	52	0.3521199644758151	4.676506317578829
2647	0.7589279275674087	52	0.35214304007016695	4.675688532682566
2648	0.7592674149916723	52	0.35241703115976775	4.676441394365751
2649	0.7583158027667266	52	0.35176700296310276	4.672974870755122
2650	0.7577491861123306	52	0.3514203727245331	4.6704463591942424
2651	0.7581861523481516	52	0.35164809914735645	4.67285130574153
2652	0.758780802671726	52	0.3520635486795352	4.674911132225623
2653	0.7582522825552866	52	0.35171989981944746	4.672786171619709
2654	0.7588654447060365	52	0.3520293218585161	4.676277371553274
2655	0.7587803074946771	52	0.35201433300971985	4.675471122448261
2656	0.7585533742721264	52	0.3518561033102182	4.674681370074932
2657	0.758310100206962	52	0.35176336192167723	4.672951138936556
2658	0.7585987311143142	52	0.3521083461550566	4.6723034015068645
2659	0.7583834884258417	52	0.35177239030599594	4.673690878427946
2660	0.7581731218558091	52	0.3516782270028041	4.672355193358201
2661	0.7583765823107499	52	0.35179814123190367	4.673315570904658
2662	0.7577662089696298	52	0.3515632599592209	4.6689995435568
2663	0.7583914055274084	52	0.351848056110052	4.672912249198327
2664	0.7575640196983631	52	0.35151242407468647	4.667259867374714
2665	0.7586056028421109	52	0.35193772728626543	4.674343576798072
2666	0.7572990518349868	52	0.35120744430101836	4.667719749303965
2667	0.7583635873519458	52	0.35168360746823824	4.674482712378869
2668	0.7587416813923762	52	0.35205502120348126	4.674559446481558
2669	0.758178146985861	52	0.35166246042801785	4.672594152964079
2670	0.7581981443441831	52	0.35176774630179775	4.671613876636211
2671	0.7578350202395365	52	0.3514937236905098	4.6705897221198445
2672	0.7581982371898798	52	0.3517413466022565	4.671918373841506
2673	0.7578183240615405	52	0.35147751008088773	4.6705841926427984
2674	0.757833155301901	52	0.3515150071336673	4.670323683665349
2675	0.7571736058363547	52	0.351258006806557	4.665696666790889
2676	0.75746611563059	52	0.3515029096832642	4.666243855769817
2677	0.7574818638654855	52	0.351342536509037	4.668268258755024
2678	0.7573221578047826	52	0.3513605617559873	4.66622533248021
2679	0.7579356145400268	52	0.3516165442191638	4.670334293292119
2680	0.7574261312301342	52	0.351449242578103	4.666401184522188
2681	0.7578644420091922	52	0.3515173936119446	4.6706559382952175
2682	0.7577608055793322	52	0.35157790780067444	4.668769066150372
2683	0.7584744141652033	52	0.35184580087661743	4.673892268767724
2684	0.7574154104177768	52	0.3513327097663513	4.667617357694185
2685	0.7576151157800968	52	0.35134103149175644	4.669817190903884
2686	0.7573632941796229	52	0.35129065353136796	4.667501743023212
2687	0.757761884194154	52	0.35161954623002273	4.66830287529872
2688	0.7570847078011587	52	0.3511225443619948	4.666231907331026
2689	0.7580411778046534	52	0.35169223982554215	4.670677616046025
2690	0.7575001613451884	52	0.3514137789607048	4.667659640312195
2691	0.7570078178093984	52	0.35115230541962844	4.665006069036631
2692	0.7570088872542748	52	0.3511180826104604	4.665411646549519
2693	0.7574008130110227	52	0.3514133124397351	4.666523089775672
2694	0.7569566323206975	52	0.3510640744979565	4.66543185710907
2695	0.7576084423523682	52	0.35153457751640904	4.667515818889324
2696	0.7571402146266057	52	0.35112899255294067	4.666795767270601
2697	0.7576618251892236	52	0.35144176276830524	4.669196238884559
2698	0.7579517226952773	52	0.3517137479323607	4.669402131667504
2699	0.7568948566913605	52	0.35110431336439574	4.6642592411774855
2700	0.7565831713951551	52	0.35094277560710907	4.662533384103042
2701	0.757970046538573	52	0.35166354878590655	4.67018971993373
2702	0.7571544429430594	52	0.3513021669708766	4.664968912418072
2703	0.7569662458621539	52	0.35107947943302303	4.665365347495446
2704	0.7570137633727148	52	0.3510982726628964	4.665695438018212
2705	0.7565636405578027	52	0.3509415009847054	4.662323557413542
2706	0.756879061460495	52	0.3510121720341536	4.665136841627268
2707	0.7578233491915923	52	0.35165629650537783	4.668586987715501
2708	0.7582127153873444	52	0.3516939580440521	4.672629457253676
2709	0.7568853829915707	52	0.35097846961938417	4.665596851935754
2710	0.7567224892286154	52	0.3510807878696002	4.662548496172978
2711	0.756051283616286	52	0.35055408397546184	4.6608874797821045
2712	0.7565628015078031	52	0.3509252191736148	4.662501050875737
2713	0.7567411248500531	52	0.3510285346553876	4.663363245817331
2714	0.7567769587039948	52	0.3511148834457764	4.66278259570782
2715	0.7566153177848229	52	0.350844827408974	4.6640288187907295
2716	0.7568628169023074	52	0.3512058521692569	4.662723953907307
2717	0.7569241156944861	52	0.351106264270269	4.664573128406818
2718	0.7564238367172388	52	0.3508966158215816	4.661232498975901
2719	0.7571334265745603	52	0.35120953676792294	4.665792025052584
2720	0.7565228159611042	52	0.3508996367454529	4.6623355608720045
2721	0.7565308178846653	52	0.3508207133183113	4.6633346906075115
2722	0.7556962657433289	52	0.3503684619298348	4.658940397776091
2723	0.7558817943701377	52	0.35058174568873185	4.658621375377361
2724	0.7569895111597501	52	0.35121864997423613	4.664033055305481
2725	0.7565914736344264	52	0.35096336156129837	4.662392249474158
2726	0.7561625460019479	52	0.35079333186149597	4.659416363789485
2727	0.7559828804089472	52	0.3506880494264456	4.658561413104717
2728	0.7564407988236501	52	0.35079639576948607	4.662579490588262
2729	0.755948373904595	52	0.3505581170320511	4.659658303627601
2730	0.7566468509343954	52	0.35101851706321424	4.662394752869239
2731	0.7567775226556338	52	0.3510570858533566	4.663453441399795
2732	0.7562998281075404	52	0.35076627479149747	4.661305400041433
2733	0.7565813821095687	52	0.35083969739767223	4.663697637044466
2734	0.7572870288903897	52	0.35127748262423736	4.666776528725257
2735	0.7565254798302283	52	0.3509144101005334	4.662196333591755
2736	0.7560086124218427	52	0.3505515100864264	4.660426625838647
2737	0.7562138610161268	52	0.3507725321329557	4.660245299339294
2738	0.7556934746412131	52	0.35042767742505443	4.658227672943702
2739	0.7556825578212738	52	0.3502827974466177	4.6597674534871025
2740	0.7563600047276571	52	0.3508901596069336	4.660573069865887
2741	0.7555085409146088	52	0.3504367356116955	4.655997918202327
2742	0.7557137046868985	52	0.3505075608308499	4.657541990280151
2743	0.7556074857711792	52	0.3504623042849394	4.656841305586008
2744	0.7556944489479065	52	0.35050096076268417	4.657396619136517
2745	0.7561364758473176	52	0.35064326513272065	4.660841593375573
2746	0.7554459915711329	52	0.35028006308353865	4.657079779184782
2747	0.75570786687044	52	0.350407124711917	4.658629389909597
2748	0.7556841568304942	52	0.3504714621947362	4.657617275531475
2749	0.7563511396829898	52	0.350888722218	4.660487651824951
2750	0.7560411978226441	52	0.3507637599339852	4.6583615358059225
2751	0.7556232191049136	52	0.3503173068165779	4.6586886919461765
2752	0.7556452029026471	52	0.35041865477195155	4.657776502462534
2753	0.7555932563084823	52	0.35040861712052274	4.657294869422913
2754	0.7556157719630462	52	0.35038024072463697	4.657879792726957
2755	0.7553430050611496	52	0.3502418198264562	4.656335638119624
2756	0.7558623139674847	52	0.35066328140405506	4.657460267727192
2757	0.7564056722017435	52	0.3508578630594107	4.661469230285058
2758	0.7558195350261835	52	0.3505426421761513	4.6583552452234125
2759	0.7552458643913269	52	0.3501286873450646	4.656519394654494
2760	0.7552315523991218	52	0.3501807267849262	4.65575674863962
2761	0.7556632803036616	52	0.350366656596844	4.658581981292138
2762	0.7558227983804849	52	0.3505704574860059	4.658073012645428
2763	0.7551408604933665	52	0.35017885668919635	4.654735849453853
2764	0.7560355812311172	52	0.35069596194303954	4.659076259686397
2765	0.755426647571417	52	0.35025931092408985	4.657095927458543
2766	0.7552603414425483	52	0.35025479988409924	4.655236216691824
2767	0.755502367248902	52	0.3503330670870267	4.657118558883667
2768	0.7558206606369752	52	0.3505411927516644	4.658384864146893
2769	0.7553508969453665	52	0.35025185919724977	4.65631089760707
2770	0.7555504017151319	52	0.3504188966292601	4.656684031853309
2771	0.7550128652499273	52	0.35017261424889934	4.653336341564472
2772	0.7553375122638849	52	0.3502372165138905	4.656325340270996
2773	0.7554934265521857	52	0.3504197563116367	4.656019311684829
2774	0.7553519835838904	52	0.3503177475470763	4.655566022946284
2775	0.7547609003690573	52	0.3500050042684262	4.6523668215825005
2776	0.7558303120044562	52	0.3505643732272662	4.658229332703811
2777	0.7549397658843261	52	0.35001248809007496	4.654336654222929
2778	0.7552463515446737	52	0.35019888900793517	4.655718133999751
2779	0.7550093852556669	52	0.35018565448430866	4.653146450336163
2780	0.7554339193380796	52	0.3502005837284602	4.657854566207299
2781	0.7554621513073261	52	0.35038238018751144	4.656089461766756
2782	0.7551806488862405	52	0.35020365164830136	4.65490815272698
2783	0.7552637744408387	52	0.35037775108447444	4.653862503858713
2784	0.7544044302060053	52	0.34979546815156937	4.650677864368145
2785	0.754133899624531	52	0.34967914395607436	4.64890533227187
2786	0.7551774428440974	52	0.3501513892641434	4.655471930137048
2787	0.7548858993328534	52	0.3500459222839429	4.653333177933326
2788	0.754969141804255	52	0.3501053022650572	4.6536075426982
2789	0.7543157637119293	52	0.3497864523759255	4.649762272834778
2790	0.7554155278664368	52	0.35034543848954713	4.655978138630207
2791	0.7543001427100255	52	0.34972452830809814	4.650294615672185
2792	0.7548379703209951	52	0.3499939458874556	4.6533797062360325
2793	0.7543143022518891	52	0.349866730089371	4.648822857783391
2794	0.7545889638937436	52	0.3499242818126312	4.65131832086123
2795	0.754352289896745	52	0.34991650168712324	4.648687335161062
2796	0.7546796500682831	52	0.3499336110857817	4.652253481057974
2797	0.7542232676194265	52	0.3495822669221805	4.651046120203459
2798	0.7541301708955032	52	0.3496489616540762	4.649209389319787
2799	0.7546132974899732	52	0.3500222867498031	4.650471577277551
2800	0.7539849911744778	52	0.34953113530690855	4.648895089442913
2801	0.7549700473363583	52	0.3500761246451965	4.653953277147734
2802	0.7543787990625088	52	0.3497651001581779	4.650732333843525
2803	0.7543642291655908	52	0.34974659291597515	4.650777569183936
2804	0.7544331344274374	52	0.34985825419425964	4.650286151812627
2805	0.7543715192721441	52	0.3498553903057025	4.649610822017376
2806	0.7545322810228055	52	0.34980579293691194	4.652028725697444
2807	0.7554702632702314	52	0.3503960262124355	4.6560258498558635
2808	0.7542017090779084	52	0.34962968814831513	4.650253250048711
2809	0.7539547544259292	52	0.3495553072828513	4.648269634980422
2810	0.7549089755003269	52	0.3500598124586619	4.653438724004305
2811	0.7540464171996484	52	0.34965708966438586	4.648153332563547
2812	0.7539813598761191	52	0.34953681035683704	4.648788085350623
2813	0.7548283785581589	52	0.3502037777350499	4.650857595297007
2814	0.7545454376018964	52	0.3499064158934813	4.651023406248826
2815	0.753520266367839	52	0.34940601828006596	4.64499150789701
2816	0.753881016602883	52	0.3494492849478355	4.648640724328848
2817	0.7546407408439196	52	0.349975932102937	4.651319760542649
2818	0.7547082373729119	52	0.34998132345768124	4.652033649958097
2819	0.7538822476680462	52	0.3495773059817461	4.647183381594145
2820	0.7537886190872926	52	0.34932681115774006	4.648986458778381
2821	0.753660398033949	52	0.34944822983099866	4.646117063669058
2822	0.7535065446908658	52	0.3492529013982186	4.646593680748572
2823	0.7537829933258203	52	0.34952185245660633	4.646679850725027
2824	0.7543122619390488	52	0.34972520287220293	4.6504261035185595
2825	0.7538090141919943	52	0.34949514327140957	4.647285984112666
2826	0.7538076891348913	52	0.3494920747784468	4.647306057123037
2827	0.7538618239072653	52	0.34949873559750044	4.647851678041311
2828	0.754105765085954	52	0.34967639870368517	4.64861352627094
2829	0.7541259297957787	52	0.34964993882637757	4.649149454556978
2830	0.7539811145800811	52	0.3495832675924668	4.648251285919776
2831	0.753670341693438	52	0.3495423707824487	4.645149185107305
2832	0.7539300196445905	52	0.34951525697341335	4.648445716271033
2833	0.7537373705552175	52	0.349478111244165	4.646658319693345
2834	0.7539358929945872	52	0.34957403804247195	4.647837547155527
2835	0.7538604988501623	52	0.34952178024328673	4.647571646250212
2836	0.7539799018548086	52	0.34963593975855756	4.64763187445127
2837	0.753791984457236	52	0.3495592916241059	4.646352951343243
2838	0.7540670037269592	52	0.34964276678287065	4.648554581862229
2839	0.7537409113003657	52	0.34949774925525373	4.646473233516399
2840	0.7534657235328968	52	0.34928349462839275	4.645772860600398
2841	0.7530377530134641	52	0.3490673475540601	4.643338130070613
2842	0.7536912961648061	52	0.3494007558776782	4.647017873250521
2843	0.7533178891126926	52	0.34937821557888615	4.642984876265893
2844	0.7538435608148575	52	0.34961001632305294	4.64636269899515
2845	0.7537964456356488	52	0.3495057878585962	4.647019184552706
2846	0.7536173967214731	52	0.3495480859508881	4.644474937365605
2847	0.7533659992309717	52	0.3491613664306127	4.646030416855445
2848	0.753769806944407	52	0.34958590452487653	4.645792154165415
2849	0.7538430358354862	52	0.34953171014785767	4.647256722817054
2850	0.7530099279605426	52	0.34907445368858486	4.642936614843515
2851	0.7536556686346347	52	0.3495042421496831	4.645418854860159
2852	0.7532549030505694	52	0.34922278959017533	4.644047370323768
2853	0.7528395194273728	52	0.349023098555895	4.6415682297486525
2854	0.7529115012058845	52	0.3490955669146318	4.641562645251934
2855	0.7525500322763736	52	0.3488969149497839	4.639691096085769
2856	0.7535951836751058	52	0.3494233666704251	4.645653156133799
2857	0.7529901311947749	52	0.34911845051325285	4.642203340163598
2858	0.7533448521907513	52	0.3492307353478212	4.644990013195918
2859	0.7530232839859449	52	0.3491643936588214	4.642056391789363
2860	0.7529857823481927	52	0.3491844695348006	4.641394569323613
2861	0.7529258212217917	52	0.34900227418312657	4.64279946914086
2862	0.7532257793041376	52	0.34919299471836823	4.644055100587698
2863	0.7528743973145118	52	0.349091353897865	4.641184522555425
2864	0.7529516953688401	52	0.34897731703061324	4.643383787228511
2865	0.7529341658720603	52	0.3491679544632251	4.640991110068101
2866	0.7524688805525119	52	0.348685856621999	4.641184311646682
2867	0.7523959668783041	52	0.3487472746234674	4.639640322098365
2868	0.7527245707236804	52	0.3488196392471974	4.642585543485788
2869	0.7524691464809271	52	0.3489390772122603	4.638276769564702
2870	0.7525041183600059	52	0.34876444993110806	4.640685980136578
2871	0.7527685108093115	52	0.34898756272517717	4.64116043310899
2872	0.7529931137195001	52	0.3490391643001483	4.643148999947768
2873	0.7529575515251893	52	0.349161164691815	4.641337862381568
2874	0.7523774676598035	52	0.34885154836452925	4.638229113358718
2875	0.7521367382544738	52	0.34864606192478764	4.637824031022879
2876	0.7520918593956873	52	0.3486080994972816	4.637744472577022
2877	0.752746663414515	52	0.3488868589584644	4.64206679050739
2878	0.7525700353659116	52	0.3489290705093971	4.639551492837759
2879	0.7522978106370339	52	0.34868502387633693	4.639227582858159
2880	0.7529047108613528	52	0.3490271041026482	4.642271500367385
2881	0.7527096649775138	52	0.3489853573533205	4.640509467858535
2882	0.7524752754431504	52	0.348803766644918	4.639902518345759
2883	0.7519509803790313	52	0.3484920555582413	4.637459012178274
2884	0.7521966649935796	52	0.3487390967515799	4.637443450781015
2885	0.7525715094346267	52	0.348993681371212	4.638825728343083
2886	0.7524134333317096	52	0.3487518968490454	4.639787848179157
2887	0.7521969515543717	52	0.3487574899425873	4.637235210492061
2888	0.7520317675975653	52	0.3485034257173538	4.638256980822637
2889	0.752558341393104	52	0.34891849813553005	4.63953855404487
2890	0.7525411041883322	52	0.3489642647596506	4.638814366780794
2891	0.7524815465395267	52	0.3487822230045612	4.640222283510061
2892	0.7528231694148138	52	0.3488764504973705	4.643065901903006
2893	0.7522516617408166	52	0.34880373856196034	4.637332595311678
2894	0.7516668897408706	52	0.34831441595004153	4.636235484710107
2895	0.751699284865306	52	0.34838473624908006	4.635799508828383
2896	0.7522462870065982	52	0.3487012151342172	4.638449329596299
2897	0.7527046604798391	52	0.3490772476563087	4.63939565878648
2898	0.7521449407705894	52	0.34873970999167514	4.6368418748562155
2899	0.751548802623382	52	0.348375382904823	4.634177327156067
2900	0.751513374539522	52	0.34829020098998	4.6347492933273315
2901	0.7526831661279385	52	0.3489168028418834	4.640992870697608
2902	0.7518872572825506	52	0.34855953661295086	4.635950941305894
2903	0.7520031768542069	52	0.3485745621415285	4.637110655124371
2904	0.7518042807395642	52	0.3484376548574521	4.6363981778805075
2905	0.7521581030808963	52	0.3487474803741162	4.636903817837055
2906	0.7520554799299973	52	0.3486593405787761	4.636737383328951
2907	0.7519739132661086	52	0.34864777957017606	4.635932720624483
2908	0.7519498284046466	52	0.34856123935717803	4.636650598966158
2909	0.7524587317154958	52	0.348959078009312	4.637927156228286
2910	0.7515399203850672	52	0.3482519955589221	4.635493535261888
2911	0.7522514416621282	52	0.3487238156107756	4.63824869119204
2912	0.7522876251202363	52	0.3488075011051618	4.63770264845628
2913	0.7525903238699987	52	0.3489404091468224	4.639654416304368
2914	0.7517338051245763	52	0.3485082554129454	4.6347765280650215
2915	0.7517743741090481	52	0.3484677317050787	4.635708634669964
2916	0.7517901418300775	52	0.3484590999208964	4.635989134128277
2917	0.751160768362192	52	0.3481927336408542	4.631816643934983
2918	0.7520472029080758	52	0.3485175732236642	4.638271762774541
2919	0.7513680148583192	52	0.3482325632984822	4.633740892777076
2920	0.751815351156088	52	0.3485350087285042	4.635406393271226
2921	0.7516696476019346	52	0.34850371055878127	4.6340913864282465
2922	0.751560050707597	52	0.34847328582635295	4.633181287692143
2923	0.7516060460072297	52	0.34826265562039155	4.63613105737246
2924	0.7515519914718775	52	0.3485272228717804	4.632468709578881
2925	0.7508979600209457	52	0.34804809666596925	4.63045831827017
2926	0.7517701765665641	52	0.3483798366326552	4.636670782015874
2927	0.7511304318904877	52	0.3480214081131495	4.6334372116969185
2928	0.7513744223576325	52	0.3481832542098485	4.634381349270161
2929	0.7515332698822021	52	0.34828731933465373	4.635011086097131
2930	0.751652785218679	52	0.3484283106831404	4.634764203658471
2931	0.7513057933403895	52	0.3483168752147601	4.632056621404795
2932	0.7519274755166128	52	0.3486264686171825	4.635643885685847
2933	0.7516609716873902	52	0.3483063177420543	4.636260491151076
2934	0.751809217608892	52	0.3485922652941484	4.634677804433382
2935	0.7506158409210352	52	0.3478864889878493	4.629073087985699
2936	0.7507395457762939	52	0.347935588313983	4.6299306612748365
2937	0.7508573658191241	52	0.34788932078159773	4.631816680614765
2938	0.7508278649586898	52	0.3480359682670006	4.629791993361253
2939	0.7510003665318856	52	0.34801672055171085	4.631996026405921
2940	0.7515305762107556	52	0.34844780827944094	4.633135447135339
2941	0.7505314854475168	52	0.34777881090457624	4.6293412538675165
2942	0.7515173714894515	52	0.3484613259251301	4.6328282081163845
2943	0.7511893510818481	52	0.34815594439323133	4.632568056766804
2944	0.7510401996282431	52	0.3481543826369139	4.6308716260469875
2945	0.751175656914711	52	0.34809105556744796	4.6331564004604635
2946	0.7509541637622393	52	0.348171004309104	4.629691628309397
2947	0.7515580619756992	52	0.3482599745576198	4.6356102870060845
2948	0.7514468270998734	52	0.34835675817269546	4.63321931545551
2949	0.7517666931335742	52	0.3485548874506584	4.634618557416475
2950	0.7505856832632651	52	0.34786176681518555	4.62901064982781
2951	0.7508015391918329	52	0.3479750786836331	4.6301893179233256
2952	0.7504330758865063	52	0.347671182682881	4.629447175906255
2953	0.7512179441176928	52	0.34837358731489915	4.630395100666926
2954	0.7504371565121871	52	0.34760035287875396	4.63030822460468
2955	0.7512594759464264	52	0.34815631348353165	4.633369812598596
2956	0.7504065598432834	52	0.34770369071226853	4.628768792519202
2957	0.7507647012288754	52	0.34786334920388	4.631050164882954
2958	0.7511466042353556	52	0.34813436006124204	4.632324768946721
2959	0.7506138246793014	52	0.34788909497169346	4.6290199756622314
2960	0.750305352302698	52	0.3477092809402026	4.627541138575627
2961	0.7505615995480464	52	0.34789024121486223	4.628406506318313
2962	0.7504952217523868	52	0.3478573211110555	4.6280219829999485
2963	0.7505885305312964	52	0.34791007523353285	4.6284881096619825
2964	0.7510649963067129	52	0.34817476914479184	4.630922299164992
2965	0.7506707849410864	52	0.3479953339466682	4.6284535481379585
2966	0.7506491610637078	52	0.3478660440215698	4.629691142302293
2967	0.7514473016445453	52	0.3485030990380507	4.631542627628033
2968	0.7504726992203639	52	0.3478813675733713	4.627486632420466
2969	0.749879301740573	52	0.3473889993933531	4.6263254422407885
2970	0.7505166519146699	52	0.34781879587815356	4.628711122732896
2971	0.75016200198577	52	0.34756052322112596	4.627603347484882
2972	0.7500931070401118	52	0.34756636447631395	4.626744325344379
2973	0.750435002721273	52	0.34770338466534245	4.6290991214605475
2974	0.7508745491504669	52	0.34811765872515166	4.629389671178965
2975	0.7502960482468972	52	0.34769259507839495	4.627626033929678
2976	0.7505160363820883	52	0.3477533173102599	4.629456730989309
2977	0.7501092839699525	52	0.34761467977212024	4.62637485907628
2978	0.7504851772234991	52	0.3478778302669525	4.627670792432932
2979	0.7501489990032636	52	0.3476409763097763	4.626529106727014
2980	0.7504619543369	52	0.34775497248539555	4.628816091097319
2981	0.7497236808905234	52	0.34728848934173584	4.625692083285405
2982	0.7505643895039191	52	0.3479147089215425	4.628157377243042
2983	0.7502706005023076	52	0.3476097950568566	4.628285252130949
2984	0.7502808295763456	52	0.34773746132850647	4.62693543617542
2985	0.750212053839977	52	0.34766637361966646	4.626961964827317
2986	0.7497855390493686	52	0.34743615755668056	4.624705617244427
2987	0.750673308968544	52	0.3479933114005969	4.628505844336289
2988	0.7512641113538009	52	0.3482809238708936	4.631990772027236
2989	0.7496752452391845	52	0.34730227062335384	4.624976873397827
2990	0.7500833559494752	52	0.3476647390769078	4.62550151348114
2991	0.7498491429365598	52	0.347314019042712	4.626840646450336
2992	0.7494224447470444	52	0.3472850632209044	4.622268850986774
2993	0.7498447482402508	52	0.3475482309093842	4.6240980716852045
2994	0.749584972858429	52	0.34740154387859196	4.62279815857227
2995	0.750242048731217	52	0.3478163257241249	4.62558311682481
2996	0.7493590196737876	52	0.3472610270747772	4.621816176634568
2997	0.749118175644141	52	0.3470453665806697	4.6215266814598674
2998	0.7501277614098328	52	0.34777456980485183	4.624749532112708
2999	0.7493208967722379	52	0.3472020752154864	4.6220555030382595
3000	0.7497971046429414	52	0.3475052066720449	4.624044941021846
3001	0.749573392363695	52	0.3471988571377901	4.624994864830604
3002	0.7493893091495221	52	0.34717885232888734	4.623108845490676
3003	0.7490124828540362	52	0.34707715190373933	4.619946452287527
3004	0.7504195192685494	52	0.34776377047483736	4.628227087167593
3005	0.7494169565347525	52	0.34714683202596813	4.6237946565334616
3006	0.7499688359407278	52	0.34767659180439436	4.6240488932682915
3007	0.749940037727356	52	0.34757102395479494	4.624931344619164
3008	0.75065355690626	52	0.34786345293888676	4.629771360984216
3009	0.7498510984274057	52	0.3475339166246928	4.624335545759934
3010	0.7496867982240824	52	0.34729247425611204	4.625222251965449
3011	0.7499761420946854	52	0.3476543197265038	4.624388951521653
3012	0.7496262261500726	52	0.34732359876999486	4.6241682309370775
3013	0.7497782432115995	52	0.34755166390767467	4.623294225105872
3014	0.7498017091017503	52	0.34743612660811496	4.624891868004432
3015	0.7496948746534494	52	0.3473577189903993	4.624565152021555
3016	0.7496291834574479	52	0.3473753917675752	4.623606956922091
3017	0.7490560721892577	52	0.3470457775088457	4.6208081520520725
3018	0.7491553826973989	52	0.3471488201847443	4.620765172518217
3019	0.7494476850216205	52	0.3473750731119743	4.621524398143475
3020	0.7496276119580636	52	0.34739523552931273	4.623360771399278
3021	0.749470136486567	52	0.3474138287397531	4.62133696446052
3022	0.7494683873194915	52	0.34719341878707594	4.623850345611572
3023	0.7491809932085184	52	0.34714178282480973	4.621140461701613
3024	0.7485321920651656	52	0.3467063273374851	4.618688244086045
3025	0.7490697835500424	52	0.34700457407877994	4.6214393102205715
3026	0.7487463297752234	52	0.34691301675943226	4.618773854695833
3027	0.7484704244595307	52	0.34671894862101627	4.617833201701824
3028	0.7490016646110095	52	0.34716413055474943	4.618822299517118
3029	0.7496960506989405	52	0.347470685839653	4.623280167579651
3030	0.7489166787037482	52	0.34700591231767947	4.619664118840144
3031	0.7492078393697739	52	0.3471277797451386	4.621610045433044
3032	0.7481482246747384	52	0.34671758631101024	4.614145388970008
3033	0.7487201942847326	52	0.34687532026034135	4.618906754713792
3034	0.7492255579966766	52	0.34707618905947757	4.622406702775222
3035	0.7488681066494721	52	0.3470536195314847	4.618557453155518
3036	0.7492257425418267	52	0.34724583476781845	4.620458868833689
3037	0.7486250148369715	52	0.3469140294652719	4.617367808635418
3038	0.7489493237091944	52	0.3468676765377705	4.621628247774565
3039	0.7488715144304129	52	0.3470421020801251	4.618729013663072
3040	0.7487878455565526	52	0.3469119014648291	4.6192638874053955
3041	0.7486961781978607	52	0.3468936217518953	4.6184203533025885
3042	0.7485072406438681	52	0.34668925117987853	4.618597773405222
3043	0.7486036408406037	52	0.34686273680283475	4.6177116724161005
3044	0.7499618495886142	52	0.3475755573465274	4.625129883105938
3045	0.7486353677052718	52	0.34693309034292513	4.617267718681922
3046	0.7489858968899801	52	0.34701436242231953	4.620362621087295
3047	0.7490123957395554	52	0.3471091859615766	4.619577270287734
3048	0.7486158105043265	52	0.34681927068875384	4.618351138555086
3049	0.7485259301387347	52	0.3468910908469787	4.616492519011865
3050	0.74935410458308	52	0.3473197869383372	4.621084268276508
3051	0.7479094370053365	52	0.3465406012076598	4.613435020813575
3052	0.7482210684281129	52	0.34657823752898437	4.616584411034217
3053	0.7495307475328445	52	0.3473379405645224	4.622905960449805
3054	0.7488953264860007	52	0.34695728581685287	4.619977593421936
3055	0.7492376543008364	52	0.3472660711178413	4.620363152944124
3056	0.7494778140233114	52	0.3473028683891663	4.622700672883254
3057	0.7486056788609579	52	0.34679403786475843	4.618524679770837
3058	0.7481296073931915	52	0.34657005220651627	4.615627206288851
3059	0.7487493421022708	52	0.3470300052028436	4.617463836303124
3060	0.7484227969096258	52	0.3467292223985379	4.617167674578154
3061	0.7487486291390199	52	0.347079241505036	4.616889651005085
3062	0.7484670464809124	52	0.3467387344974738	4.617566970678476
3063	0.7483406777565296	52	0.34673090737599593	4.616204417668856
3064	0.7486521131717242	52	0.3468726667074057	4.618154709155743
3065	0.7484617714698498	52	0.34671288900650465	4.617803436059218
3066	0.747714469066033	52	0.34635421748344714	4.6133362880119915
3067	0.7485203548119619	52	0.3467721182566423	4.6177958983641405
3068	0.7484374229724591	52	0.34690907253668857	4.615268523876484
3069	0.7482390128649198	52	0.3466538116335869	4.615921974182129
3070	0.7476226882292674	52	0.3463441804051399	4.612396817940932
3071	0.7477044417307928	52	0.34639884474185795	4.612708155925457
3072	0.7482502540716758	52	0.34673801408364224	4.615083446869483
3073	0.748129842373041	52	0.3466748440494904	4.614425420761108
3074	0.7475204043663465	52	0.34628447317160094	4.6119074179576
3075	0.7479241914474047	52	0.3464941823711762	4.614138135543237
3076	0.7483900498885375	52	0.34676282623639476	4.616405037733225
3077	0.74796273960517	52	0.3465883353581795	4.613499054541955
3078	0.7487272287790592	52	0.3469841698041329	4.6177364220986
3079	0.74783377464001	52	0.34653953176278335	4.612577685943017
3080	0.7483792133056201	52	0.3466932584459965	4.617080064920279
3081	0.7481940675240296	52	0.34675475324575716	4.614245139635527
3082	0.748181918492684	52	0.34659493084137255	4.615942514859713
3083	0.7474556244336642	52	0.3462977088414706	4.611010661491981
3084	0.7487827654068286	52	0.34687686424988967	4.619608209683345
3085	0.7478755827133472	52	0.34651493166501707	4.6133409555141744
3086	0.7478253772625556	52	0.34643972034637743	4.613628396621118
3087	0.747039563380755	52	0.346070429453483	4.608840795663687
3088	0.7485079983106027	52	0.3467329345070399	4.6181043569858256
3089	0.747551366686821	52	0.3463617993088869	4.61137448824369
3090	0.7480985189859684	52	0.34659221309881943	4.615015149116516
3091	0.7479242258346998	52	0.34652560777389085	4.613777362383329
3092	0.7480062028536429	52	0.34662933819569075	4.613527316313523
3093	0.7475187285588338	52	0.3464398223620195	4.610102534294128
3094	0.747935665341524	52	0.34655161717763316	4.613609882501455
3095	0.7477531948914895	52	0.34642547139754665	4.6129624751897955
3096	0.747189618073977	52	0.34604213959895647	4.610890691096966
3097	0.7475230544805527	52	0.3464466333389282	4.610074061613816
3098	0.7481544120953634	52	0.3465461845581348	4.616186582125151
3099	0.7466736848537738	52	0.3458573342515872	4.607084604410025
3100	0.7474786306803043	52	0.3463308037473605	4.610894680023193
3101	0.7477153986692429	52	0.3464267311187891	4.612513505495512
3102	0.7479318265731518	52	0.34656452444883495	4.613417377838721
3103	0.747835819537823	52	0.34643979657154816	4.613747486701379
3104	0.7481573969125748	52	0.346654885663436	4.614971564366267
3105	0.7480058819055557	52	0.3465642516429608	4.6142717233070965
3106	0.7476158027465527	52	0.34640180376859814	4.6116552903102
3107	0.747410739843662	52	0.346195288002491	4.611671952100901
3108	0.7476682674426299	52	0.3463514315394255	4.612837314605713
3109	0.7468377271523843	52	0.34594340507800764	4.607980856528649
3110	0.7476235811526959	52	0.3463417108242328	4.612435478430528
3111	0.7473978274143659	52	0.34626311235702956	4.610743999481201
3112	0.7475547515428983	52	0.34641287934321624	4.61082621721121
3113	0.7477501103511224	52	0.3464301423384593	4.612873380000774
3114	0.7472240856060615	52	0.3462434416780105	4.608973053785471
3115	0.7469558314635203	52	0.3459874649460499	4.608831919156588
3116	0.7482072080557163	52	0.34675942533291304	4.6143424694354715
3117	0.7470596799483666	52	0.3461215329857973	4.608484552456782
3118	0.7483777059958532	52	0.3468210141246135	4.615594387054443
3119	0.7464779076667932	52	0.3457813555231461	4.605707590396587
3120	0.7465144269741498	52	0.345887653529644	4.604905596146216
3121	0.7467404730044879	52	0.34582988860515446	4.608167712505047
3122	0.747381506057886	52	0.3463372462070905	4.609704256057739
3123	0.7468959333804938	52	0.34599897494682896	4.6080111631980305
3124	0.7467943831132009	52	0.3458995320476018	4.607986982052143
3125	0.7470504458133991	52	0.3462007979934032	4.6074673304191
3126	0.7466382258213483	52	0.34594244624559695	4.605698796418997
3127	0.7468465050825706	52	0.3459334814777741	4.608195781707764
3128	0.7468724216406162	52	0.34602555002157503	4.6074354740289545
3129	0.7465534599927756	52	0.345753350510047	4.60689795934237
3130	0.7470113795537215	52	0.34610277242385423	4.608145044400142
3131	0.7467798854296024	52	0.3459604044373219	4.607120568935688
3132	0.7470594059962493	52	0.3460492291129552	4.60931252516233
3133	0.7472408287800275	52	0.3462241744765869	4.609386985118572
3134	0.747388691856311	52	0.34630483102339965	4.61015940629519
3135	0.748195367363783	52	0.3468082220508502	4.613645480229304
3136	0.747481053838363	52	0.3462407680658194	4.611957458349375
3137	0.7467732291955215	52	0.3459220677614212	4.607484734975374
3138	0.7471654438055478	52	0.34608889944278276	4.6100753637460565
3139	0.7468310743570328	52	0.34589682060938615	4.608439839803255
3140	0.7468178203472724	52	0.3458739203902391	4.608550796141992
3141	0.7471515811406649	52	0.34618737949774814	4.608784042871916
3142	0.7467415584967687	52	0.34590225036327654	4.607348497097309
3143	0.7462378522524467	52	0.34570946315160167	4.6037747126359205
3144	0.7466874386255558	52	0.3458276562965833	4.607583825404827
3145	0.7458995225337836	52	0.34543745334331805	4.603012405909025
3146	0.7467793157467475	52	0.3459415854169772	4.607330377285297
3147	0.7472753834265929	52	0.3461742108831039	4.610358494978684
3148	0.7470246862906676	52	0.34606094371813995	4.608778770153339
3149	0.7470626005759606	52	0.3462000752870853	4.607615397526668
3150	0.746541692660405	52	0.3459404374544437	4.604612295444195
3151	0.7464241958581485	52	0.3457239321791209	4.6057503040020285
3152	0.7465479328082159	52	0.34574607702401966	4.606918059862577
3153	0.7463715500556506	52	0.345611198590352	4.606440938436068
3154	0.7466373798938898	52	0.34587060144314397	4.606514839025644
3155	0.7464931549934241	52	0.3458577193892919	4.605005181752718
3156	0.7459677790219967	52	0.3455133248980229	4.602924869610713
3157	0.7466088774112555	52	0.34592016155903155	4.605617550703196
3158	0.7466754901867646	52	0.345825327703586	4.607473245033851
3159	0.746703021801435	52	0.3459572677428906	4.606273137606108
3160	0.7474902134675246	52	0.34633021228588545	4.611034640899072
3161	0.746481730387761	52	0.34579622458953124	4.6055806416731615
3162	0.7468228787183762	52	0.3460635198996617	4.606429576873779
3163	0.7466913564847066	52	0.34585862033642256	4.607272973427405
3164	0.745704731115928	52	0.34540559122195613	4.601139664649963
3165	0.7463088620167512	52	0.34572485433175015	4.604414022885836
3166	0.7462699390374697	52	0.3456817034345407	4.604462614426246
3167	0.7461485301072781	52	0.34560421051887363	4.6039577814248895
3168	0.746157032939104	52	0.3456011317097224	4.604090947371263
3169	0.7463404811345614	52	0.34572666539595676	4.60475662121406
3170	0.745998312647526	52	0.3455265645797436	4.603123729045574
3171	0.7459491926890153	52	0.34562792629003525	4.601394029764029
3172	0.7455078202944535	52	0.3451489617045109	4.601826044229361
3173	0.7463611696775143	52	0.3457214729144023	4.605054094241216
3174	0.7453191406451739	52	0.3452176188047116	4.598868241676917
3175	0.7458079273884113	52	0.3453511446714401	4.602951700870808
3176	0.7464337967909299	52	0.3457773390870828	4.60524673645313
3177	0.7460546447680547	52	0.3455173224210739	4.60387737934406
3178	0.7461715088440821	52	0.34561373923833555	4.604112432553218
3179	0.7463092666405898	52	0.34574840045892274	4.604148030281067
3180	0.7451656449299592	52	0.345044894860341	4.5990892465297994
3181	0.7460553760711963	52	0.34560449249469316	4.602883834105271
3182	0.746211704153281	52	0.3456513457573377	4.604142179855933
3183	0.7459923361356442	52	0.3457140956933682	4.6008994579315186
3184	0.7460020448152835	52	0.3454997092485428	4.603475258900569
3185	0.746194261770982	52	0.34563601188934767	4.604117962030264
3186	0.7460911342730889	52	0.34565397638541	4.602726074365469
3187	0.7461104060594852	52	0.34554373644865477	4.604214732463543
3188	0.7459982966001217	52	0.3455447835417894	4.6029140490752
3189	0.7458418217989115	52	0.3456026069246806	4.6004508550350485
3190	0.7453309675821891	52	0.34516536043240476	4.599604817537161
3191	0.7461981899463214	52	0.3457448866504889	4.602911646549519
3192	0.7453394727065012	52	0.34512133781726545	4.600208630928626
3193	0.7447470758969967	52	0.344940069776315	4.595482982121981
3194	0.7453640561837417	52	0.3452483948606711	4.5990307331085205
3195	0.7451694183624707	52	0.34512038643543536	4.598264840932993
3196	0.745798661158635	52	0.34543372232180375	4.601896001742436
3197	0.7455069927068857	52	0.34524525701999664	4.600709759272062
3198	0.7457076494510357	52	0.3453854780930739	4.601404391802275
3199	0.7456507155528436	52	0.3453618328158672	4.6010217391527615
3200	0.7461295678065374	52	0.34555817452760845	4.604268972690289
3201	0.745906840150173	52	0.345542810857296	4.601885557174683
3202	0.746111273765564	52	0.34550705036291707	4.60464636179117
3203	0.7455844157017194	52	0.34539256875331587	4.599906462889451
3204	0.7452918669352164	52	0.3450655914269961	4.600302146031306
3205	0.7455848237642875	52	0.3454029525701816	4.599791774382958
3206	0.7459187771265323	52	0.3454975588963582	4.602542858857375
3207	0.7452757988984768	52	0.34521957486867905	4.598347581349886
3208	0.7447322343404477	52	0.3447683241504889	4.597286481123704
3209	0.7455449081384219	52	0.34537569548075014	4.5996463023699246
3210	0.7455325012023633	52	0.3453037417851962	4.600330692071181
3211	0.7454415823404605	52	0.3453021582502585	4.5993038691007175
3212	0.7454366798584278	52	0.3452708887366148	4.599606917454646
3213	0.7452607407019689	52	0.3452071702251068	4.59831702709198
3214	0.7448750023658459	52	0.34492953293598616	4.597074508666992
3215	0.7450936425190705	52	0.34507995500014377	4.597858575674204
3216	0.7449283588391084	52	0.3450790001795842	4.595969805350671
3217	0.7448881600911801	52	0.34494555856172854	4.597041515203623
3218	0.7449254645751073	52	0.3449083732870909	4.5978977130009575
3219	0.7445005086752084	52	0.34481805104475755	4.594051406933711
3220	0.7447456797728171	52	0.34494986499731356	4.595354336958665
3221	0.7451076897291037	52	0.34514612074081713	4.597259493974539
3222	0.7450182323272412	52	0.34489602137070435	4.599106036699736
3223	0.7449183727686222	52	0.3449722482607915	4.597081973002507
3224	0.7448897258593485	52	0.3450186006151713	4.596220016479492
3225	0.7451354803947302	52	0.34507452639249653	4.598401922446031
3226	0.744545423067533	52	0.3446847074306928	4.596100330352783
3227	0.7445669105419745	52	0.3447994733085999	4.5950281620025635
3228	0.744566960976674	52	0.3448478705607928	4.594472408294678
3229	0.7452839842209449	52	0.34519529801148635	4.5987206147267266
3230	0.7452956483914301	52	0.34531961152186763	4.597425836783189
3231	0.7452263109959089	52	0.34510591740791613	4.599085101714501
3232	0.7449657378288416	52	0.3451273263647006	4.595843892831069
3233	0.7445352180646017	52	0.34467061780966246	4.596145015496474
3234	0.7453010380268097	52	0.3451162823117696	4.5998249145654535
3235	0.7447044390898484	52	0.34483700876052564	4.596177467933068
3236	0.7441285905929712	52	0.344547837972641	4.592882330601032
3237	0.7444578890617077	52	0.34482622146606445	4.593467556513273
3238	0.7448234523718174	52	0.34495708919488466	4.596165198546189
3239	0.744809077336238	52	0.34487124188588214	4.596986761459937
3240	0.7445086435629771	52	0.34472773854549116	4.595182987359854
3241	0.7450629793680631	52	0.34509097383572507	4.5973795010493355
3242	0.7450894060043188	52	0.34510460037451524	4.597526669502258
3243	0.7443453084964019	52	0.3447091275682816	4.5935194950837355
3244	0.7449902112667377	52	0.34503640922216267	4.597170252066392
3245	0.7450055262217155	52	0.3451018115648857	4.596594608747042
3246	0.7444213812167828	52	0.34469304921535343	4.594578642111558
3247	0.7446734114335134	52	0.3449778648523184	4.594201830717234
3248	0.7444525280824075	52	0.34477186604188037	4.594030701197111
3249	0.7444516477676538	52	0.34477705279221904	4.593961046292232
3250	0.7447079144991361	52	0.34498459788469166	4.594520972325252
3251	0.7440141164339505	52	0.34455267225320524	4.591511020293603
3252	0.7441986294893118	52	0.3445736083846826	4.593391152528616
3253	0.7447243596498783	52	0.3449369359474916	4.595257896643418
3254	0.7446722892614511	52	0.34488089898457897	4.59530352629148
3255	0.7444565032537167	52	0.34471208544877857	4.594763517379761
3256	0.7445914160746795	52	0.3447854902881842	4.5954706485454855
3257	0.7447796509816096	52	0.3448536734168346	4.596850441052363
3258	0.7441522857317557	52	0.3446954356936308	4.591458164728605
3259	0.7447912555474502	52	0.344953906077605	4.595831715143644
3260	0.7440219659071702	52	0.3445628560506381	4.591484106504
3261	0.7445092315857227	52	0.344953702046321	4.592592486968408
3262	0.7439669496737994	52	0.3444061021392162	4.592653549634493
3263	0.7443412015071282	52	0.34464358595701367	4.59422558087569
3264	0.7435589868288773	52	0.34432185097382617	4.588932688419636
3265	0.7438838883088186	52	0.3444702946222745	4.590960951951834
3266	0.7440481426624151	52	0.34451971031152284	4.59228097475492
3267	0.7451563626527786	52	0.3450435147835658	4.598998390711271
3268	0.7441529196042281	52	0.3446268542454793	4.592253749187176
3269	0.743544034086741	52	0.34431104304698795	4.58888513308305
3270	0.7444052295042918	52	0.34479266577042067	4.593248009681702
3271	0.7445978350364245	52	0.3448405059484335	4.594911923775306
3272	0.7445433265887774	52	0.3448747190145346	4.59389222585238
3273	0.7441651970148087	52	0.3445135223177763	4.593697529572707
3274	0.7441354382496613	52	0.3446030943439557	4.592325934996972
3275	0.743509019796665	52	0.34423673496796536	4.589336697871868
3276	0.7433914427573864	52	0.34427660359786105	4.587527055006761
3277	0.7441875567803016	52	0.34462709151781523	4.592649148060725
3278	0.7442952566421949	52	0.3446976135556514	4.593076449174148
3279	0.7443059293123392	52	0.3446772482532721	4.593433297597445
3280	0.7436974724897971	52	0.3445394136584722	4.588023827626155
3281	0.7437347162228364	52	0.3442645835188719	4.591610862658574
3282	0.743484670153031	52	0.34423596927752864	4.58906561594743
3283	0.7431741093213742	52	0.34408717487867063	4.587206336168142
3284	0.7432404618996841	52	0.34414214010422045	4.587337172948397
3285	0.7436790638245069	52	0.3442997898046787	4.59056647007282
3286	0.7438161487762744	52	0.3444613373050323	4.590285310378442
3287	0.7435048268391535	52	0.34425192498243773	4.589113996579097
3288	0.7436793377766242	52	0.34431615701088536	4.590381512275109
3289	0.7434283494949341	52	0.3442364994149942	4.588412119792058
3290	0.7438460221657386	52	0.3445016873570589	4.590164890656104
3291	0.7433004150023828	52	0.34422750083299786	4.58704518354856
3292	0.7434876228754337	52	0.34423896211844224	4.589065194129944
3293	0.7442614149588805	52	0.34470901580957264	4.592556458253127
3294	0.743464551292933	52	0.3443110069403282	4.587971843205965
3295	0.7435337350918696	52	0.3442868246481969	4.5890450569299555
3296	0.7431242167949677	52	0.34405505427947414	4.587001974766071
3297	0.7439757516750922	52	0.3444975700515967	4.591703350727375
3298	0.7436473805170792	52	0.3443341696491608	4.5898070977284355
3299	0.7431726719324405	52	0.3440140010072635	4.5880307876146755
3300	0.7434425927125491	52	0.34421777667907566	4.588791159483103
3301	0.7432356362159436	52	0.34400100948718876	4.588903913131127
3302	0.7428705566204511	52	0.34403596359949845	4.584305790754465
3303	0.7428583961266738	52	0.34386903448746753	4.5860846776228685
3304	0.7438080987105002	52	0.344512403011322	4.589605835767893
3305	0.7435541336353009	52	0.3443199940598928	4.588898291954627
3306	0.7429898690718871	52	0.3438875445952782	4.587383196904109
3307	0.7439885288476944	52	0.34466006377568614	4.589982482103201
3308	0.7434843388887552	52	0.34426092872252834	4.588774928679833
3309	0.7434754039232547	52	0.34421023439902526	4.589254984488854
3310	0.7433886688489181	52	0.34427362050001437	4.5875293750029345
3311	0.7431482328818395	52	0.34412043255109054	4.58652663230896
3312	0.7433909773826599	52	0.3442799678215614	4.5874829934193535
3313	0.7430179153497403	52	0.343965222629217	4.586812624564538
3314	0.7437856678779309	52	0.34444328110951644	4.5901425159894504
3315	0.7442344851218737	52	0.3447671372156877	4.591578822869521
3316	0.7431564663465207	52	0.3441362054302142	4.586439884625948
3317	0.743375728909786	52	0.34418221563100815	4.588431349167457
3318	0.7429565088107035	52	0.3440852394470802	4.584727397331824
3319	0.7433794209590325	52	0.3441887887624594	4.588398199815017
3320	0.7426563833768551	52	0.34376709507061887	4.58493447303772
3321	0.7430605865441836	52	0.34401135777051634	4.586772872851445
3322	0.7432457953691483	52	0.344146039050359	4.5873536330003
3323	0.7427397760061117	52	0.3437792526987883	4.585753284967863
3324	0.7433099861328418	52	0.34424616453739315	4.5869406553415155
3325	0.7430598987982824	52	0.34390628051299316	4.587972714350774
3326	0.7429921684356836	52	0.34412073687865186	4.584729212981004
3327	0.7428576613848026	52	0.3438964835726298	4.585760795153105
3328	0.7431653554622943	52	0.3442521502192204	4.585209387999314
3329	0.7434482677624776	52	0.34426199186306733	4.5883480952336235
3330	0.7423551116998379	52	0.34370296047284055	4.5822088076518135
3331	0.7437122017145157	52	0.3444534402627211	4.589181303977966
3332	0.74259947011104	52	0.34373604506254196	4.584637210919307
3333	0.7436444117472722	52	0.3443623655117475	4.589448956342844
3334	0.7422015036527927	52	0.34362561313005596	4.581332170046293
3335	0.7425439392144864	52	0.34373749047517776	4.5839822842524605
3336	0.7424204796552658	52	0.3437115464072961	4.58286150602194
3337	0.7425619283547769	52	0.34388795093848157	4.5824595873172465
3338	0.7425923805970412	52	0.34382112553486455	4.5835778163029595
3339	0.7427052775254617	52	0.34395279678014606	4.58336197412931
3340	0.7426022520432105	52	0.3437558223421757	4.584441817723787
3341	0.7430130449625162	52	0.34413136828404206	4.584847065118643
3342	0.7426334608059663	52	0.3438278826383444	4.583972215652466
3343	0.7429832002291312	52	0.34403954217067134	4.5855594873428345
3344	0.7429681557875413	52	0.3440888524055481	4.584819720341609
3345	0.7433513368551548	52	0.3442672955302092	4.587173095116248
3346	0.7430518957284781	52	0.3440221668435977	4.586548750217144
3347	0.7431719062420038	52	0.3441131046185127	4.586882848006028
3348	0.7428025225034127	52	0.34368798308647597	4.587523542917692
3349	0.7426159702814542	52	0.3438922373148111	4.583031507638784
3350	0.7424998592871886	52	0.3437600703193591	4.583216162828299
3351	0.7421171584954629	52	0.3435503255862456	4.581228045316843
3352	0.7425561547279358	52	0.34383799135684967	4.582967501420241
3353	0.74287488254217	52	0.3440687753833257	4.583978368685796
3354	0.7427586030501586	52	0.34378842608286786	4.585864241306599
3355	0.7423164191154333	52	0.34372970232596767	4.581456642884475
3356	0.7422796441958501	52	0.34370158498103803	4.581357075617864
3357	0.7420433599215287	52	0.3435043371640719	4.58090838102194
3358	0.7426860194939834	52	0.34388452252516377	4.583925412251399
3359	0.7423403240167178	52	0.34363181717120683	4.582856490061833
3360	0.742053515636004	52	0.3435714714802228	4.580253527714656
3361	0.7425612589487662	52	0.3438977920092069	4.582338883326604
3362	0.7429893475312453	52	0.3440375064428036	4.5856534609427815
3363	0.7433796307215323	52	0.34430912882089615	4.587017389444204
3364	0.7430777389269608	52	0.34406125717438185	4.586396428254934
3365	0.742177644601235	52	0.343664383658996	4.580612384355986
3366	0.742921484204439	52	0.34404688213880247	4.584765700193552
3367	0.7417271114312686	52	0.3434385393674557	4.578029705927922
3368	0.742283399288471	52	0.3436471223831177	4.582026270719675
3369	0.7418976082251623	52	0.34342758242900556	4.580115419167739
3370	0.7424353361129761	52	0.3437122301413463	4.583024309231685
3371	0.742478724855643	52	0.343925773524321	4.581068589137151
3372	0.7420754489990381	52	0.34346837321153056	4.581690650719863
3373	0.7418110748896232	52	0.3434029513826737	4.5794039231080275
3374	0.742904992057727	52	0.3439569782752257	4.585609463544992
3375	0.7417961874833474	52	0.34346422724998915	4.5785284134057855
3376	0.7420039795912229	52	0.3433997459136523	4.5816579690346355
3377	0.7417903416431867	52	0.34342918946192813	4.5788640058957615
3378	0.7417466594622686	52	0.34339919686317444	4.578706640463609
3379	0.7426893264055252	52	0.3438156218482898	4.584755347325252
3380	0.7427084308404189	52	0.3438614005079636	4.584448741032527
3381	0.7423559278249741	52	0.34370302065060687	4.582217546609732
3382	0.7419075289597878	52	0.3434794063751514	4.579633740278391
3383	0.7421583109177076	52	0.3436105394592652	4.581008966152485
3384	0.742277653171466	52	0.34366783385093397	4.581722204501812
3385	0.7418857686794721	52	0.3434786217717024	4.57939259822552
3386	0.7422101474725283	52	0.34364702896429944	4.581185350051293
3387	0.7424089942987149	52	0.34383543408834016	4.581305485505324
3388	0.7416913635455645	52	0.34325839292544585	4.5796895027160645
3389	0.7418739474736727	52	0.34347957659226197	4.579245787400466
3390	0.7414706704708246	52	0.3431431966332289	4.578476887482863
3391	0.7412721870037225	52	0.34317087210141695	4.5758773271854105
3392	0.7418778699177963	52	0.34352165861771655	4.578807198084318
3393	0.7412322071882395	52	0.34310795538700545	4.576141036473787
3394	0.7414656659731498	52	0.34317894681141925	4.578008394974929
3395	0.7413888057837119	52	0.34323108482819337	4.57652564232166
3396	0.7415017107358346	52	0.34331621401585066	4.576844884799077
3397	0.7417003134122262	52	0.3433890405755777	4.578290581703186
3398	0.7418815058011275	52	0.3434574930713727	4.579586515059838
3399	0.7419383686322433	52	0.3436078727245331	4.578511568216177
3400	0.7414516829527341	52	0.3431154862046242	4.578577004946196
3401	0.74197985461125	52	0.34348399994465023	4.580412241128775
3402	0.741697432903143	52	0.34340574076542485	4.578065615433913
3403	0.7413091716858057	52	0.3431102748100574	4.576998939880958
3404	0.7414894321790109	52	0.343250997364521	4.577453374862671
3405	0.74144247174263	52	0.34322143346071243	4.577253460884094
3406	0.7413635781178107	52	0.3432037354661868	4.576550080226018
3407	0.7407956811097952	52	0.3428410664200783	4.57419110261477
3408	0.7408479520907769	52	0.3428724333643913	4.574431355182941
3409	0.7408903011908898	52	0.34297527086276275	4.573736053246718
3410	0.7411346756494962	52	0.34317147445220214	4.574289835416353
3411	0.7414070218801498	52	0.343238716515211	4.5766472816467285
3412	0.7417663289950445	52	0.3434404478623317	4.578458538422217
3413	0.7414776866252606	52	0.34330719250899094	4.57667246231666
3414	0.7410448915683306	52	0.34296073707250446	4.5756800541510945
3415	0.7413665984685605	52	0.3432899530117328	4.575593783305242
3416	0.7416463494300842	52	0.3433118978371987	4.578556950275715
3417	0.741923077748372	52	0.3435180319043306	4.579368444589468
3418	0.7413573861122131	52	0.3432321175932884	4.576152700644273
3419	0.7413328931881831	52	0.34310730604025036	4.57730572957259
3420	0.7416980323883203	52	0.3434335308579298	4.577753021166875
3421	0.7410573053818482	52	0.34303182650070924	4.575005650520325
3422	0.7413849842089874	52	0.3432712463232187	4.576020149084238
3423	0.7410995639287509	52	0.3429942446259352	4.575923323631287
3424	0.7406417612846081	52	0.3428419604897499	4.572411638039809
3425	0.7412707943182725	52	0.34313728087223494	4.576247361990122
3426	0.7412832975387573	52	0.3431553164353737	4.576183832608736
3427	0.7418411775277212	52	0.34349264662999374	4.578718854830815
3428	0.7406268692933596	52	0.34290025325921863	4.571570433103121
3429	0.7411735653877258	52	0.3430065455345007	4.576632582224333
3430	0.7408123841652503	52	0.3429114216795334	4.573574387110197
3431	0.7414767638995097	52	0.343152584364781	4.578438997268677
3432	0.7411227123095439	52	0.34317563760739106	4.574104428291321
3433	0.7408169015095785	52	0.3428942784667015	4.573823378636287
3434	0.7407359836193231	52	0.34286543268423814	4.573224801283616
3435	0.7412468057412368	52	0.3430425404356076	4.577060616933382
3436	0.7409138610729804	52	0.34305892139673233	4.57304545549246
3437	0.7411261521852933	52	0.34304427814025146	4.575653828107393
3438	0.7407213827738395	52	0.3428712710738182	4.572989848943857
3439	0.7410027522307175	52	0.34303773882297367	4.57431056866279
3440	0.740393686753053	52	0.34271088070594347	4.571066828874441
3441	0.7409779715996522	52	0.34306063044529694	4.573762701107905
3442	0.7409126036442243	52	0.3430027806988129	4.573676256033091
3443	0.7409976755197232	52	0.342967159472979	4.575063485365647
3444	0.7414809121535375	52	0.3433491289615631	4.5762275365682745
3445	0.7407797574996948	52	0.3427622369848765	4.574914171145513
3446	0.7403485339421493	52	0.3426371423097757	4.571395498055678
3447	0.7408519994754058	52	0.3428027503765546	4.575278814022358
3448	0.7403822770485511	52	0.34279825022587407	4.569931461260869
3449	0.7405322572359672	52	0.34268349409103394	4.5729744250957785
3450	0.7406669488319984	52	0.34289957067141164	4.57203901731051
3451	0.7409157088169684	52	0.3428949988805331	4.574950814247131
3452	0.7406111841018383	52	0.34281951590226245	4.572318223806528
3453	0.7399344352575449	52	0.34251203674536485	4.568073712862455
3454	0.7401785609813837	52	0.34251907811715054	4.570798837221586
3455	0.7395079422455567	52	0.3422037110878871	4.5667154513872585
3456	0.73953538445326	52	0.3421258960778897	4.567925269787128
3457	0.7401806597526257	52	0.3426145916947952	4.56972508247082
3458	0.7405710976857406	52	0.3427053730075176	4.573169378133921
3459	0.7405299785045477	52	0.3427513029712897	4.572168882076557
3460	0.7409309389499518	52	0.3428554735504664	4.575580156766451
3461	0.7407838301016734	52	0.3430088792855923	4.572126058431772
3462	0.740406368787472	52	0.34267838585835236	4.571586159559397
3463	0.7405708982394292	52	0.3428012803196907	4.572064748177161
3464	0.7411221013619349	52	0.34311096427532345	4.574840829922603
3465	0.7411324817400712	52	0.34306582235372984	4.575479003099295
3466	0.7407257384978808	52	0.3429372494037335	4.5722816448945265
3467	0.7402774290396616	52	0.3425931300108249	4.571084022521973
3468	0.7401692936053643	52	0.34245056028549486	4.571479843213008
3469	0.7401222357383141	52	0.3425999421339769	4.569221845039954
3470	0.7398019914443676	52	0.3423024473282007	4.568960400728079
3471	0.7399503623063748	52	0.3425021584217365	4.568370232215295
3472	0.7398389314229672	52	0.34242641696563136	4.567960106409513
3473	0.7402110649989202	52	0.34268787102057385	4.569232243757981
3474	0.740102354150552	52	0.34256134124902576	4.569437054487375
3475	0.7402714892075613	52	0.3426919092352574	4.569880347985488
3476	0.7406237136859161	52	0.3427511957975534	4.573247441878686
3477	0.7396836269360322	52	0.3422397014040213	4.568321072138273
3478	0.7400502768846658	52	0.34246671142486423	4.56992613352262
3479	0.7402943498813189	52	0.3427154840185092	4.569872113374563
3480	0.7404726434212464	52	0.34275681296220195	4.5714464371020975
3481	0.7399329187778326	52	0.34231579590302247	4.570311839763935
3482	0.7402419700072362	52	0.34263425778884155	4.570203826977656
3483	0.7405752872045224	52	0.3428256643506197	4.571834894327017
3484	0.7404817996116785	52	0.3427715983528357	4.571381724797762
3485	0.7402458844276575	52	0.34259428485081744	4.570708146462073
3486	0.7399219492307076	52	0.34243865540394414	4.568773691470806
3487	0.7404423482142962	52	0.3428723313487493	4.569770455360413
3488	0.7399076303610435	52	0.3424334153532982	4.568669245793269
3489	0.7395622145671111	52	0.3422690618496675	4.5665880258266744
3490	0.739381519647745	52	0.34220543102576184	4.565242583935078
3491	0.7402270654073129	52	0.34267537697003436	4.569559812545776
3492	0.7403340729383322	52	0.3426269986308538	4.571345851971553
3493	0.7399320866052921	52	0.3425468418460626	4.567646650167612
3494	0.739479986520914	52	0.34211860310572845	4.567372422951919
3495	0.7397926839498373	52	0.34240155667066574	4.567714241834787
3496	0.7404642678224124	52	0.3427886406962688	4.5709843543859625
3497	0.7392495962289664	52	0.34213939767617446	4.5644851464491625
3498	0.7393900534281364	52	0.3422657245626816	4.564647555351257
3499	0.7399862752510951	52	0.3424684674693988	4.56917036496676
3500	0.7397141204430506	52	0.342331075324462	4.567621322778555
3501	0.7395946498100574	52	0.3423780443576666	4.565708215420063
3502	0.7397473500325129	52	0.34239144164782304	4.567309489616981
3503	0.7391667125316767	52	0.3420356053572435	4.564725454037006
3504	0.7395968173558896	52	0.34230785415722775	4.566539956973149
3505	0.7394749121024058	52	0.34225183438796264	4.565782592846797
3506	0.739705122434176	52	0.34227994141670376	4.568105651782109
3507	0.7396945781432666	52	0.3423103036788794	4.567635527023902
3508	0.7402362514000672	52	0.34269208862231326	4.569473220751836
3509	0.7403775338943188	52	0.34265806468633503	4.571488270392785
3510	0.7391035018058923	52	0.34201665279956966	4.564216787998493
3511	0.7395606545301584	52	0.34232331755069584	4.565946505619929
3512	0.7393576491337556	52	0.3420774151499455	4.566439628601074
3513	0.7396501635129635	52	0.3423467834408467	4.566705657885625
3514	0.739993419784766	52	0.3425944327161862	4.567804565796485
3515	0.7392511883607278	52	0.3420157071489554	4.565925222176772
3516	0.7393564467246716	52	0.3421213162633089	4.565921123211201
3517	0.7389088101111926	52	0.34179371767319167	4.564541376554049
3518	0.7393786402849051	52	0.3421380284887094	4.565984157415537
3519	0.7399861892828574	52	0.34253902504077327	4.568358347966121
3520	0.739948088159928	52	0.3425121152630219	4.568229693632859
3521	0.7390240293282729	52	0.3418206016604717	4.565556755432715
3522	0.7391855258208054	52	0.3420983948386632	4.564219969969529
3523	0.7397108066540498	52	0.34239433018060833	4.566856182538546
3524	0.7397884692137058	52	0.34243771261893785	4.567250242600074
3525	0.738590630201193	52	0.34175534890248227	4.561325219961313
3526	0.7394381268666341	52	0.3422595245333818	4.565271460092985
3527	0.7395067593226066	52	0.3422424586919638	4.566256504792434
3528	0.739525570319249	52	0.34230009294473207	4.565810212722192
3529	0.7397251232312276	52	0.34224584240179795	4.568727520795969
3530	0.7391164176739179	52	0.34210703751215565	4.563326367965112
3531	0.7402835809267484	52	0.3426118567585945	4.570939540863037
3532	0.7390677917462128	52	0.34204210856786144	4.563513737458449
3533	0.7389975190162659	52	0.34204297971266967	4.562695998411912
3534	0.7393301943173776	52	0.3420881898357318	4.5660001406302815
3535	0.7395290915782635	52	0.3422101277571458	4.566884737748366
3536	0.7388261808798864	52	0.34190737971892726	4.562285267389738
3537	0.7388658787195499	52	0.342050195313417	4.561099923574007
3538	0.7390078925169431	52	0.341905965254857	4.564390164155227
3539	0.7388872928344287	52	0.34205055924562305	4.561341826732342
3540	0.7392180401545304	52	0.34199129045009613	4.565824921314533
3541	0.7392547932954935	52	0.34215814219071317	4.564329504966736
3542	0.739209736769016	52	0.34204497704139125	4.565112242331872
3543	0.7393253434162873	52	0.34219349233003765	4.564734046275799
3544	0.7392481932273278	52	0.3421352608845784	4.564516617701604
3545	0.7396214409516408	52	0.3423319046313946	4.566546540993911
3546	0.7386024880867738	52	0.34175676623216045	4.561445162846492
3547	0.7393706200214533	52	0.3420970428448457	4.566363105407128
3548	0.739244296000554	52	0.3421594168131168	4.564194147403423
3549	0.7397946818516805	52	0.34238247057566273	4.56795662183028
3550	0.7384637766159498	52	0.34165135484475356	4.5610624093275804
3551	0.7386996356340555	52	0.34188924443263274	4.561039117666391
3552	0.7385638356208801	52	0.34176084857720596	4.560954002233652
3553	0.7390125875289624	52	0.3418313666031911	4.565301537513733
3554	0.7384908119073281	52	0.3418514419060487	4.559073356481699
3555	0.7391814360251794	52	0.34209416577449214	4.564221666409419
3556	0.7383688000532297	52	0.34164330477897936	4.560063215402456
3557	0.7386995072548206	52	0.34187556344729203	4.5611949150378885
3558	0.7389787997190769	52	0.3420023906689424	4.562947383293738
3559	0.739465288244761	52	0.3422638475894928	4.565533913098848
3560	0.7385504429156964	52	0.34184194470827395	4.559867913906391
3561	0.7390124912445362	52	0.34200952775203264	4.563252568244934
3562	0.738345532463147	52	0.34163193290050214	4.559926574046795
3563	0.7383793580990571	52	0.34160993649409366	4.560568195122939
3564	0.7389091528379	52	0.3419500073561302	4.562748954846309
3565	0.7392887702355018	52	0.3421365974041132	4.564967641463647
3566	0.738507804962305	52	0.341755615404019	4.560370206832886
3567	0.738775182228822	52	0.3419295228444613	4.561444557630098
3568	0.7391752829918494	52	0.34206581173034817	4.564476865988511
3569	0.7386106585080807	52	0.3418472088300265	4.560499530572158
3570	0.7385126936894196	52	0.3416520213851562	4.56161709015186
3571	0.7389281208698566	52	0.3420010381020032	4.562380433082581
3572	0.7384716753776257	52	0.34179920015426785	4.559453872533945
3573	0.7385467829612585	52	0.34175876012215245	4.560781928209158
3574	0.7388894569415313	52	0.34199343908291596	4.562023355410649
3575	0.7389171501764884	52	0.34201780821268374	4.5620615390630865
3576	0.7386216922448232	52	0.3418002248956607	4.561166405677795
3577	0.7387547252269892	52	0.3418280402055153	4.562375820600069
3578	0.7388628939023385	52	0.34182075353769154	4.563702922600966
3579	0.7380636540743021	52	0.3415640678543311	4.557466635337243
3580	0.7380097347956437	52	0.34150580259469837	4.5575166298792915
3581	0.7388919408504779	52	0.34197215220102894	4.56229660144219
3582	0.7384230838372157	52	0.3416670681192325	4.560414048341604
3583	0.7384930195716711	52	0.34180164623718995	4.559671108539288
3584	0.7387298139242026	52	0.34180646447034985	4.562337517738342
3585	0.7381882701928799	52	0.34171128330322414	4.557206804935749
3586	0.7386243790388107	52	0.3417779797544846	4.561453003149766
3587	0.7382298696499604	52	0.3416378853412775	4.558528744257414
3588	0.7381375558101214	52	0.34166798282128114	4.557121671163118
3589	0.7389820756820532	52	0.3420088090575658	4.562911290388841
3590	0.7378883166955068	52	0.3413912115188745	4.557438135147095
3591	0.7385537658746426	52	0.3417621197608801	4.560823642290556
3592	0.7383029094109168	52	0.34157085762574124	4.560138638202961
3593	0.7382259666919708	52	0.34164599157296693	4.558390644880442
3594	0.7381789558208905	52	0.34149685960549575	4.559564443734976
3595	0.7382577210664749	52	0.3416471011363543	4.558742917501009
3596	0.7386742073755997	52	0.3417438159768398	4.562418424166166
3597	0.7382392665514579	52	0.3417260314409549	4.557623523932237
3598	0.7383822076595746	52	0.3416496796103624	4.560144112660335
3599	0.737722811790613	52	0.3414310010579916	4.5550783689205465
3600	0.7381880019719784	52	0.34157621688567674	4.55875628728133
3601	0.7380026739377242	52	0.3414967105938838	4.55753990320059
3602	0.7381200480919617	52	0.3414829379090896	4.559047414706304
3603	0.7378076521249918	52	0.3413880690932274	4.556546999857976
3604	0.7380295670949496	52	0.34159299444693786	4.556742338033823
3605	0.7379805950018076	52	0.34140344938406575	4.558358082404504
3606	0.7377270987400641	52	0.34144597214001876	4.554955592522254
3607	0.7382941738917277	52	0.34169289756279725	4.558635564950796
3608	0.7380308474485691	52	0.3414712834816713	4.558156077678387
3609	0.7379573698227222	52	0.3414671982710178	4.55735837496244
3610	0.7378760908658688	52	0.34142567962408066	4.556901418245756
3611	0.7383270355371329	52	0.3416169102375324	4.559886638934795
3612	0.7390760871080252	52	0.3420284682741532	4.563765800916231
3613	0.7375679199512188	52	0.34130636488015836	4.554730653762817
3614	0.738149881362915	52	0.34152541424219424	4.558902071072505
3615	0.7371135250880168	52	0.34104417780270946	4.552521347999573
3616	0.7377644020777482	52	0.34139601714335954	4.5559586103145895
3617	0.737169936299324	52	0.3409842373086856	4.553858766188989
3618	0.7379558934615209	52	0.3414464621589734	4.557579737443191
3619	0.737308185834151	52	0.34118040249897885	4.553193046496465
3620	0.7376671811709037	52	0.34125197048370653	4.556496803577129
3621	0.7378113029094843	52	0.34144162902465236	4.555973401436439
3622	0.7373557491944387	52	0.34104792831035763	4.555262483083284
3623	0.7381857943076354	52	0.3415761750478011	4.558731381709759
3624	0.7375035778834269	52	0.3411106536021599	4.556240659493667
3625	0.7380062353152496	52	0.34152136685756534	4.5572975140351515
3626	0.7375375353373014	52	0.34124530336031544	4.555083201481746
3627	0.737589839559335	52	0.34129299968481064	4.5551361579161425
3628	0.7373272272256705	52	0.3411981835961342	4.553207544180063
3629	0.737904090147752	52	0.341539659179174	4.555913136555598
3630	0.7376820341898844	52	0.34132805180091125	4.555793046951294
3631	0.7375051493828113	52	0.34121383038850933	4.555072766083938
3632	0.7379478239096128	52	0.34153491717118484	4.556470265755286
3633	0.738389246738874	52	0.3416913581582216	4.559746017822852
3634	0.7371795578644826	52	0.3410410193296579	4.553316657359783
3635	0.7374408703583938	52	0.34104729615725005	4.55624810548929
3636	0.7376371048963987	52	0.3414008984198937	4.554439324599046
3637	0.7382456568571237	52	0.3416601774784235	4.55845387165363
3638	0.7376181265482535	52	0.3413997900027495	4.554233881143423
3639	0.7375025061460642	52	0.34114101242560607	4.555879354476929
3640	0.7376013272083722	52	0.34137165489105076	4.554364167726957
3641	0.737053136412914	52	0.340989782833136	4.552452500049885
3642	0.7372705879119726	52	0.34103305293963504	4.554454528368437
3643	0.7378445623012689	52	0.34151043800207287	4.555564733651968
3644	0.7372010808724624	52	0.34101824634350264	4.553825818575346
3645	0.7376930679266269	52	0.3413187764011897	4.556026486250071
3646	0.7387710591921439	52	0.34192382658903414	4.561462576572712
3647	0.7375932198304397	52	0.34133570755903536	4.554684272179236
3648	0.7378668051499587	52	0.3413646054955629	4.5574966210585375
3649	0.7372068705467077	52	0.3411543191625522	4.552328293140118
3650	0.7368968541805561	52	0.340840960924442	4.552366770230806
3651	0.7371717748733667	52	0.3410553542467264	4.553062438964844
3652	0.7369410258073074	52	0.3409429576534491	4.551702086742107
3653	0.7373193903611257	52	0.341194433088486	4.5531605298702535
3654	0.7370582635586078	52	0.3410766353973976	4.551513121678279
3655	0.737337229343561	52	0.3411696025958428	4.553651048586919
3656	0.7368936171898475	52	0.3409099085972859	4.55153698187608
3657	0.737553283572197	52	0.34127844812778324	4.554883259993333
3658	0.7373506380961492	52	0.3412489862396167	4.552892703276414
3659	0.7378152024287444	52	0.3414242628675241	4.556217853839581
3660	0.7380023208948282	52	0.3416016766658196	4.556329378714929
3661	0.7372110554805169	52	0.3410301890510779	4.553803196320167
3662	0.7364672216085287	52	0.3406626381553136	4.549478145746084
3663	0.736911571942843	52	0.34087972514904463	4.552090351398174
3664	0.7378280414984777	52	0.34143614253172505	4.556228894453782
3665	0.7369513179247196	52	0.3410118491603778	4.551028581765982
3666	0.7370241078046652	52	0.3409271589838542	4.552838655618521
3667	0.7366837033858666	52	0.3408549175812648	4.549756270188552
3668	0.7373425800066727	52	0.3412376819894864	4.552929951594426
3669	0.7368055364260306	52	0.34082687531526273	4.551479009481577
3670	0.7367091832252649	52	0.340719515314469	4.551605463027954
3671	0.7372181759430811	52	0.3411038351746706	4.553038551257207
3672	0.7375740328660378	52	0.341402384524162	4.5536972009218655
3673	0.7371007410379556	52	0.34099501142135036	4.552939515847426
3674	0.7370138879005725	52	0.34105840497292006	4.55121255837954
3675	0.7366923437668726	52	0.34075543399040514	4.550999100391682
3676	0.7364338991733698	52	0.3408575803041458	4.5468543492830715
3677	0.7367365245635693	52	0.3407936801130955	4.5510672605954685
3678	0.7365927879626935	52	0.34071304763738924	4.550342009617732
3679	0.7374716297938273	52	0.341190727857443	4.554953024937556
3680	0.7372369835009942	52	0.341150605907807	4.552717163012578
3681	0.7363818883895874	52	0.34045580889169985	4.550874609213609
3682	0.7369066797769986	52	0.3409635636668939	4.551070460906396
3683	0.7360663964198186	52	0.3404678639311057	4.547109668071453
3684	0.7363269283221319	52	0.34069646722995317	4.547476750153762
3685	0.7367192208766937	52	0.34095165591973525	4.549052641941951
3686	0.7363564131351618	52	0.3404118653673392	4.551086930128244
3687	0.7371627080899018	52	0.34104051612890685	4.553128765179561
3688	0.7369080151502903	52	0.34096128378923124	4.551112037438613
3689	0.7361961156129837	52	0.3405914426996158	4.547180212461031
3690	0.7367627127812459	52	0.34078364819288254	4.551483667813814
3691	0.736295624421193	52	0.3406508954671713	4.547640626247112
3692	0.7363908210626016	52	0.34064179773514086	4.548839449882507
3693	0.7361011470739658	52	0.3405062665159886	4.547067715571477
3694	0.7361393227027013	52	0.3405584538212189	4.5469067096710205
3695	0.7363536575665841	52	0.3406854088489826	4.5479110571054315
3696	0.7369161110657912	52	0.3410033847276981	4.550721131838285
3697	0.7366331070661545	52	0.3408306682339081	4.549453469423147
3698	0.7369906638677304	52	0.3409733296586917	4.551923531752366
3699	0.7365009910785235	52	0.34060239562621486	4.550558777955862
3700	0.7366483945112962	52	0.3409229568563975	4.548568459657522
3701	0.736657875088545	52	0.34071129904343533	4.55111024929927
3702	0.7361777894772016	52	0.3405076706638703	4.547932496437659
3703	0.7360336883709981	52	0.34039294203886616	4.547594886559707
3704	0.7359739106435043	52	0.3404608305830222	4.546127466055063
3705	0.7360155536578252	52	0.3404141813516617	4.547142358926626
3706	0.7365662742119569	52	0.3407801458468804	4.5492659990604105
3707	0.7363139390945435	52	0.34067186827843005	4.547610145348769
3708	0.7366973711894109	52	0.3408543782738539	4.549919522725618
3709	0.7359888473382363	52	0.3403764802675981	4.5472687024336595
3710	0.7361004180633105	52	0.34057064526356184	4.546319383841294
3711	0.7359549506352498	52	0.34047143161296844	4.545787692070007
3712	0.7363594357783978	52	0.3407830154666534	4.546855532206022
3713	0.7364457318416009	52	0.3406485892259158	4.549392553476187
3714	0.7361362771346018	52	0.340546469275768	4.547009330529433
3715	0.7357798172877386	52	0.34041676784937197	4.544402984472422
3716	0.7362646059348033	52	0.3405403529222195	4.548554732249333
3717	0.73642298579216	52	0.3408358177313438	4.546979106389559
3718	0.7361185424602948	52	0.34058109384316665	4.546407562035781
3719	0.7366892649577215	52	0.3408233185227101	4.5501834245828485
3720	0.7361900210380554	52	0.340410726574751	4.54918741262876
3721	0.7360811359607257	52	0.34059415528407466	4.545827507972717
3722	0.7364228104169552	52	0.34072551073936314	4.548244907305791
3723	0.7356568150795423	52	0.3404265344142914	4.542876958847046
3724	0.7360912698965806	52	0.3405245760312447	4.546743741402259
3725	0.7354463980748103	52	0.3400752762189278	4.544495765979473
3726	0.7362310737371445	52	0.3404965228759326	4.548673125413748
3727	0.736097242969733	52	0.34064435729613673	4.545435566168565
3728	0.7355651133335553	52	0.34029408716238463	4.543345267956074
3729	0.7360468082703077	52	0.3405532114780866	4.545903572669396
3730	0.7361568212509155	52	0.34059586032078815	4.546677827835083
3731	0.7362153713519757	52	0.34069785876916003	4.5461785059708815
3732	0.7356534737807053	52	0.3402632073714183	4.544715807988093
3733	0.7361987084150314	52	0.3405250603189835	4.547973128465506
3734	0.7364568767639307	52	0.3407095911411139	4.548819413551917
3735	0.7361212556178753	52	0.3405309674831537	4.547014924196096
3736	0.7359873698307917	52	0.3405533885726562	4.545218302653386
3737	0.7359271336060303	52	0.3403764166511022	4.546560113246624
3738	0.7355082000677402	52	0.34030440277778184	4.542572535001314
3739	0.7350197193714288	52	0.33997066204364484	4.5407938957214355
3740	0.7352289030185113	52	0.34001792680758697	4.542654945300176
3741	0.7358494504139974	52	0.3403845544044788	4.545573638035701
3742	0.735863195015834	52	0.3403851819726137	4.545724419447092
3743	0.7352685309373416	52	0.34013017209676594	4.54182034272414
3744	0.7355969972335376	52	0.34031508691035783	4.543470336840703
3745	0.7359906240151479	52	0.34035012412529725	4.547592108066265
3746	0.7349258386171781	52	0.3400407788845209	4.538908839225769
3747	0.7352535002506696	52	0.33991924214821595	4.544072041144738
3748	0.735762731387065	52	0.34039036528422284	4.5445099885647116
3749	0.7356660790168322	52	0.340344070815123	4.543931273313669
3750	0.7357991865048041	52	0.3403521781930557	4.545368047860952
3751	0.735989313859206	52	0.3404127508401871	4.546857210306021
3752	0.7365334182977676	52	0.3408238085416647	4.548386454582214
3753	0.7356632168476398	52	0.34026038818634474	4.544860243797302
3754	0.7352944818826822	52	0.34008091860092604	4.542684720112727
3755	0.7356163068459585	52	0.34012675801148784	4.545857053536635
3756	0.7354363959569198	52	0.3402539835526393	4.542326679596534
3757	0.7352034128629245	52	0.33999355080036014	4.542642208246084
3758	0.7350675910711288	52	0.3399329036474228	4.541778170145475
3759	0.7353980632928702	52	0.3401227197968043	4.543394877360417
3760	0.7352765741256567	52	0.34010388071720415	4.542215008002061
3761	0.7357413401970496	52	0.34037594898388934	4.54442990743197
3762	0.7352369611079876	52	0.3400769732319392	4.542068976622361
3763	0.7356777145312383	52	0.34031212215240186	4.544432236598088
3764	0.7351636898059112	52	0.3400012432382657	4.542097210884094
3765	0.7356997487636713	52	0.34025474179249543	4.545344976278452
3766	0.7356990392391498	52	0.3404396978708414	4.543210955766531
3767	0.735853102344733	52	0.3403316827920767	4.546223291983972
3768	0.7361998890454953	52	0.34057838641680205	4.547373689137972
3769	0.7352258689128436	52	0.3401174545288086	4.541476157995371
3770	0.7351386787799689	52	0.33993751269120437	4.5425422833516045
3771	0.7347966295022231	52	0.3397851253931339	4.540362284733699
3772	0.734159380197525	52	0.33956939383194995	4.53551721572876
3773	0.7350954963610723	52	0.3400278498346989	4.541007509598365
3774	0.7353862753281226	52	0.340184014577132	4.54255487368657
3775	0.7351514639762732	52	0.34007279059061635	4.541134320772612
3776	0.7354345012169617	52	0.3401977803844672	4.542950932796185
3777	0.735368937253952	52	0.34011432986993057	4.543156522970933
3778	0.7357125121813554	52	0.34041011333465576	4.543705848547129
3779	0.7361766936687323	52	0.34058505354019314	4.547030448913574
3780	0.736345994931001	52	0.34080194108761275	4.546483489183279
3781	0.7353898218044868	52	0.340061187171019	4.544007475559528
3782	0.7349057209033233	52	0.3398781418800354	4.54054700411283
3783	0.7356217686946576	52	0.3402780323074414	4.544181035115169
3784	0.7350937001980268	52	0.33997226105286527	4.5416258573532104
3785	0.7350210513059909	52	0.3399450211570813	4.541104023273174
3786	0.7347753930550355	52	0.33983481560762113	4.539546984892625
3787	0.7352834275135627	52	0.3401083785753984	4.542242050170898
3788	0.7346863609093887	52	0.3398202548806484	4.538690970494197
3789	0.7352238251612737	52	0.34009830825603926	4.541672779963567
3790	0.7344592419954447	52	0.33962401633079237	4.538336066099314
3791	0.7346843859324088	52	0.33977775218395084	4.539156877077543
3792	0.7356869670060965	52	0.340373328098884	4.543835071417002
3793	0.7347526584680264	52	0.3397584786781898	4.54016310435075
3794	0.7349422528193548	52	0.3399905298764889	4.539675098199111
3795	0.7348755494906352	52	0.33990689596304524	4.539869711949275
3796	0.7351167224920713	52	0.33996796951844144	4.541939836281997
3797	0.7349917980340811	52	0.3399963201238559	4.540178042191726
3798	0.7351726763523542	52	0.3400426243360226	4.541724883593046
3799	0.7350742232341033	52	0.3399983306343739	4.541102409362793
3800	0.7344874476010983	52	0.3396278814627574	4.538615795282217
3801	0.7344245681395898	52	0.3396102012350009	4.538096281198355
3802	0.734973193361209	52	0.34005183382676196	4.539326062569251
3803	0.7341189625171515	52	0.3395047875551077	4.535795248471773
3804	0.7348461300134659	52	0.33990905491205364	4.539506728832539
3805	0.7348556105907147	52	0.33988596957463485	4.539881046001728
3806	0.734548589357963	52	0.33974242267700344	4.5380021241995
3807	0.7342141385261829	52	0.33951489340800506	4.536773067254287
3808	0.7338999807834625	52	0.3394128347818668	4.534335154753465
3809	0.7356068595097616	52	0.34012626168819576	4.545754148409917
3810	0.7350362951938922	52	0.3400231273128436	4.540381404069754
3811	0.7354149520397186	52	0.34019091668037266	4.542805176514846
3812	0.7348336921288416	52	0.33992262184619904	4.539207834463853
3813	0.7349979247038181	52	0.3398174855571527	4.5423040481714105
3814	0.7346788071669065	52	0.3397988866154964	4.538849858137278
3815	0.7347176648103274	52	0.3396362014687978	4.5411663972414456
3816	0.7344019367144659	52	0.33965677194870436	4.537300815949073
3817	0.7347799172768226	52	0.339938135101245	4.5384114522200365
3818	0.7348458778399688	52	0.3399278361063737	4.539287979786213
3819	0.7343711050657126	52	0.3395211650775029	4.538505169061514
3820	0.7343119050447757	52	0.3396496784228545	4.5363475909599895
3821	0.7348113656044006	52	0.3398122959412061	4.540219251926128
3822	0.7345414138757266	52	0.33970886927384597	4.53830519089332
3823	0.7345425555339227	52	0.3397287600315534	4.538089706347539
3824	0.7346257521555974	52	0.33972014544101864	4.539145057017986
3825	0.734043300151825	52	0.3395898789167404	4.533947513653682
3826	0.7340441747353628	52	0.33942588304097837	4.535842537879944
3827	0.7339501896729836	52	0.33943039866594166	4.534710370577299
3828	0.7339102006875552	52	0.3394274006669338	4.534285206061143
3829	0.7341075104016525	52	0.33947688341140747	4.535984332744892
3830	0.7340891980207883	52	0.3395521589196645	4.534908624795767
3831	0.7346805070455258	52	0.33967812130084407	4.540257417238676
3832	0.7344703009495368	52	0.3397182369461426	4.5373801084665155
3833	0.7343518160856687	52	0.33960346762950605	4.537337477390583
3834	0.7342465508442658	52	0.33960332721471786	4.53612912618197
3835	0.7333936186937186	52	0.3391061614339168	4.532039871582618
3836	0.7348366402662717	52	0.33992156844872695	4.539253821739783
3837	0.7348928875648059	52	0.3398430828864758	4.540802487960229
3838	0.7343909155863982	52	0.33966483347691023	4.537081498366136
3839	0.734283535526349	52	0.339519790158822	4.537514438995948
3840	0.7338968102748578	52	0.33928663168962186	4.535749279535734
3841	0.7338712834394895	52	0.33937303263407487	4.534462763712956
3842	0.733593517771134	52	0.3392424090550496	4.532771514012263
3843	0.7339940392054044	52	0.33936098791085756	4.536012191038865
3844	0.7339914716207064	52	0.33951972138423187	4.5341581748082085
3845	0.7339658175523465	52	0.33933429419994354	4.535994658103356
3846	0.7340919650517977	52	0.3394657287460107	4.535933898045466
3847	0.734438962661303	52	0.3396762552169653	4.5375025639167195
3848	0.7342174855562357	52	0.3395932666384257	4.535910652234004
3849	0.7338573393913416	52	0.33921904919239193	4.536072510939378
3850	0.7343555963956393	52	0.3396354592763461	4.537013218953059
