item_index	word	rank	target_phonemes	length	zipf_approx	is_word	gate	effective_ventral_weight	effective_dorsal_weight	lexical_confidence	lexical_margin	lexical_density	canonical_full_exact	canonical_full_predicted	canonical_wm_exact	canonical_wm_predicted	canonical_ltm_exact	canonical_ltm_predicted	canonical_fixed05_exact	canonical_fixed05_predicted	freear_full_exact	freear_full_predicted	freear_wm_exact	freear_wm_predicted	freear_ltm_exact	freear_ltm_predicted	freear_fixed05_exact	freear_fixed05_predicted	competence_category	competence_category_freear
0	the	1	DH AH	2	1.0	1	0.5643876194953918	0.5643876194953918	0.43561238050460815	0.8294942378997803	0.097065269947052	13.859317779541016	1	DH AH	1	DH AH	1	DH AH	1	DH AH	1	DH AH	1	DH AH	1	DH AH	1	DH AH	BOTH_CORRECT	BOTH_CORRECT
1	of	2	AH V	2	0.5	1	0.5626665949821472	0.5626665949821472	0.4373334050178528	0.825995683670044	0.16590100526809692	5.479585647583008	1	AH V	1	AH V	1	AH V	1	AH V	1	AH V	1	AH V	1	AH V	1	AH V	BOTH_CORRECT	BOTH_CORRECT
2	and	3	AH N D	3	0.333333	1	0.5466535687446594	0.5466535687446594	0.4533464312553406	0.7935793399810791	0.0928836464881897	15.60940933227539	1	AH N D	1	AH N D	1	AH N D	1	AH N D	1	AH N D	1	AH N D	1	AH N D	1	AH N D	BOTH_CORRECT	BOTH_CORRECT
3	to	4	T UW	2	0.25	1	0.5627900958061218	0.5627900958061218	0.4372099041938782	0.8262466788291931	0.02250617742538452	37.51708984375	1	T UW	1	T UW	1	T UW	1	T UW	1	T UW	1	T UW	1	T UW	1	T UW	BOTH_CORRECT	BOTH_CORRECT
4	in	5	IH N	2	0.2	1	0.5216357707977295	0.5216357707977295	0.4783642292022705	0.7432985901832581	0.05174672603607178	60.53520584106445	1	IH N	1	IH N	1	IH N	1	IH N	1	IH N	1	IH N	1	IH N	1	IH N	BOTH_CORRECT	BOTH_CORRECT
5	for	6	F AO R	3	0.166667	1	0.537489116191864	0.537489116191864	0.462510883808136	0.7751191854476929	0.06017082929611206	48.852752685546875	1	F AO R	1	F AO R	1	F AO R	1	F AO R	1	F AO R	1	F AO R	1	F AO R	1	F AO R	BOTH_CORRECT	BOTH_CORRECT
6	is	7	IH Z	2	0.142857	1	0.5434259176254272	0.5434259176254272	0.45657408237457275	0.787071168422699	0.10056352615356445	16.786718368530273	1	IH Z	1	IH Z	1	IH Z	1	IH Z	1	IH Z	1	IH Z	1	IH Z	1	IH Z	BOTH_CORRECT	BOTH_CORRECT
7	on	8	AA N	2	0.125	1	0.5337812304496765	0.5337812304496765	0.4662187695503235	0.7676655054092407	0.10664290189743042	24.40960693359375	1	AA N	1	AA N	1	AA N	1	AA N	1	AA N	1	AA N	1	AA N	1	AA N	BOTH_CORRECT	BOTH_CORRECT
8	that	9	DH AE T	3	0.111111	1	0.5821660757064819	0.5821660757064819	0.41783392429351807	0.8658358454704285	0.034565091133117676	28.873851776123047	1	DH AE T	1	DH AE T	1	DH AE T	1	DH AE T	1	DH AE T	1	DH AE T	1	DH AE T	1	DH AE T	BOTH_CORRECT	BOTH_CORRECT
9	by	10	B AY	2	0.1	1	0.4662700295448303	0.4662700295448303	0.5337299704551697	0.6324374675750732	0.013273119926452637	165.59701538085938	1	B AY	1	B AY	1	B AY	1	B AY	1	B AY	1	B AY	1	B AY	1	B AY	BOTH_CORRECT	BOTH_CORRECT
10	this	11	DH IH S	3	0.090909	1	0.5753315687179565	0.5753315687179565	0.42466843128204346	0.8518189191818237	0.08706378936767578	23.126171112060547	1	DH IH S	1	DH IH S	1	DH IH S	1	DH IH S	1	DH IH S	1	DH IH S	1	DH IH S	1	DH IH S	BOTH_CORRECT	BOTH_CORRECT
11	with	12	W IH DH	3	0.083333	1	0.5630027651786804	0.5630027651786804	0.4369972348213196	0.8266787528991699	0.19722050428390503	3.6569976806640625	1	W IH DH	1	W IH DH	1	W IH DH	1	W IH DH	1	W IH DH	1	W IH DH	1	W IH DH	1	W IH DH	BOTH_CORRECT	BOTH_CORRECT
12	you	13	Y UW	2	0.076923	1	0.586128830909729	0.586128830909729	0.413871169090271	0.8739924430847168	0.06675523519515991	13.835211753845215	1	Y UW	1	Y UW	1	Y UW	1	Y UW	1	Y UW	1	Y UW	1	Y UW	1	Y UW	BOTH_CORRECT	BOTH_CORRECT
13	it	14	IH T	2	0.071429	1	0.5853886604309082	0.5853886604309082	0.4146113395690918	0.8724672198295593	0.07897323369979858	21.150697708129883	1	IH T	1	IH T	1	IH T	1	IH T	1	IH T	1	IH T	1	IH T	1	IH T	BOTH_CORRECT	BOTH_CORRECT
14	not	15	N AA T	3	0.066667	1	0.5933412909507751	0.5933412909507751	0.40665870904922485	0.888897716999054	0.06596899032592773	14.859475135803223	1	N AA T	1	N AA T	1	N AA T	1	N AA T	1	N AA T	1	N AA T	1	N AA T	1	N AA T	BOTH_CORRECT	BOTH_CORRECT
15	or	16	AO R	2	0.0625	1	0.5207456350326538	0.5207456350326538	0.4792543649673462	0.741515040397644	0.003526151180267334	46.858489990234375	1	AO R	1	AO R	1	AO R	1	AO R	1	AO R	1	AO R	1	AO R	1	AO R	BOTH_CORRECT	BOTH_CORRECT
16	be	17	B IY	2	0.058824	1	0.535882830619812	0.535882830619812	0.464117169380188	0.7718892693519592	0.017862319946289062	54.22001266479492	1	B IY	1	B IY	1	B IY	1	B IY	1	B IY	1	B IY	1	B IY	1	B IY	BOTH_CORRECT	BOTH_CORRECT
17	are	18	AA R	2	0.055556	1	0.4932359457015991	0.4932359457015991	0.5067640542984009	0.6864710450172424	0.027325153350830078	68.12439727783203	1	AA R	1	AA R	1	AA R	1	AA R	1	AA R	1	AA R	1	AA R	1	AA R	BOTH_CORRECT	BOTH_CORRECT
18	from	19	F R AH M	4	0.052632	1	0.5297453999519348	0.5297453999519348	0.4702546000480652	0.7595610618591309	0.16027700901031494	8.601943969726562	1	F R AH M	1	F R AH M	1	F R AH M	1	F R AH M	1	F R AH M	1	F R AH M	1	F R AH M	1	F R AH M	BOTH_CORRECT	BOTH_CORRECT
19	at	20	AE T	2	0.05	1	0.4937841296195984	0.4937841296195984	0.5062158703804016	0.6875675916671753	0.09310847520828247	34.126747131347656	1	AE T	1	AE T	0	OW P AH	1	AE T	1	AE T	1	AE T	0	OW P AH N	1	AE T	WM_ONLY_CORRECT	WM_ONLY_CORRECT
20	as	21	AE Z	2	0.047619	1	0.5487139821052551	0.5487139821052551	0.4512860178947449	0.7977379560470581	0.04969257116317749	32.224632263183594	1	AE Z	1	AE Z	1	AE Z	1	AE Z	1	AE Z	1	AE Z	1	AE Z	1	AE Z	BOTH_CORRECT	BOTH_CORRECT
21	your	22	Y AO R	3	0.045455	1	0.5733141899108887	0.5733141899108887	0.42668581008911133	0.8476929068565369	0.10355591773986816	4.183865070343018	1	Y AO R	1	Y AO R	1	Y AO R	1	Y AO R	1	Y AO R	1	Y AO R	1	Y AO R	1	Y AO R	BOTH_CORRECT	BOTH_CORRECT
22	all	23	AO L	2	0.043478	1	0.5616603493690491	0.5616603493690491	0.4383396506309509	0.8239516019821167	0.06687277555465698	29.36038589477539	1	AO L	1	AO L	1	AO L	1	AO L	1	AO L	1	AO L	1	AO L	1	AO L	BOTH_CORRECT	BOTH_CORRECT
23	have	24	HH AE V	3	0.041667	1	0.5878699421882629	0.5878699421882629	0.41213005781173706	0.877583384513855	0.10223054885864258	8.543883323669434	1	HH AE V	1	HH AE V	1	HH AE V	1	HH AE V	1	HH AE V	1	HH AE V	1	HH AE V	1	HH AE V	BOTH_CORRECT	BOTH_CORRECT
24	new	25	N UW	2	0.04	1	0.5300260782241821	0.5300260782241821	0.46997392177581787	0.7601245045661926	0.15924817323684692	9.425024032592773	1	N UW	1	N UW	1	N UW	1	N UW	1	N UW	1	N UW	1	N UW	1	N UW	BOTH_CORRECT	BOTH_CORRECT
25	more	26	M AO R	3	0.038462	1	0.5687379837036133	0.5687379837036133	0.4312620162963867	0.8383520841598511	0.05363708734512329	21.786657333374023	1	M AO R	1	M AO R	1	M AO R	1	M AO R	1	M AO R	1	M AO R	1	M AO R	1	M AO R	BOTH_CORRECT	BOTH_CORRECT
26	an	27	AE N	2	0.037037	1	0.5156533122062683	0.5156533122062683	0.4843466877937317	0.731316864490509	0.08445608615875244	19.3050537109375	1	AE N	1	AE N	1	AE N	1	AE N	1	AE N	1	AE N	1	AE N	1	AE N	BOTH_CORRECT	BOTH_CORRECT
27	was	28	W AA Z	3	0.035714	1	0.5435473322868347	0.5435473322868347	0.4564526677131653	0.7873157858848572	0.08899956941604614	10.599992752075195	1	W AA Z	1	W AA Z	1	W AA Z	1	W AA Z	1	W AA Z	1	W AA Z	1	W AA Z	1	W AA Z	BOTH_CORRECT	BOTH_CORRECT
28	we	29	W IY	2	0.034483	1	0.5861721038818359	0.5861721038818359	0.41382789611816406	0.874081552028656	0.04542827606201172	24.221118927001953	1	W IY	1	W IY	1	W IY	1	W IY	1	W IY	1	W IY	1	W IY	1	W IY	BOTH_CORRECT	BOTH_CORRECT
29	will	30	W IH L	3	0.033333	1	0.5713567733764648	0.5713567733764648	0.42864322662353516	0.8436945080757141	0.04184073209762573	13.637943267822266	1	W IH L	1	W IH L	1	W IH L	1	W IH L	1	W IH L	1	W IH L	1	W IH L	1	W IH L	BOTH_CORRECT	BOTH_CORRECT
30	home	31	HH OW M	3	0.032258	1	0.5614855885505676	0.5614855885505676	0.4385144114494324	0.8235966563224792	0.21498072147369385	3.287959575653076	1	HH OW M	1	HH OW M	1	HH OW M	1	HH OW M	1	HH OW M	1	HH OW M	1	HH OW M	1	HH OW M	BOTH_CORRECT	BOTH_CORRECT
31	can	32	K AE N	3	0.03125	1	0.5662021636962891	0.5662021636962891	0.43379783630371094	0.8331862688064575	0.08314782381057739	20.413280487060547	1	K AE N	1	K AE N	1	K AE N	1	K AE N	1	K AE N	1	K AE N	1	K AE N	1	K AE N	BOTH_CORRECT	BOTH_CORRECT
32	us	33	AH S	2	0.030303	1	0.5351213216781616	0.5351213216781616	0.4648786783218384	0.7703585028648376	0.22771292924880981	4.984002113342285	1	AH S	1	AH S	1	AH S	1	AH S	1	AH S	1	AH S	1	AH S	1	AH S	BOTH_CORRECT	BOTH_CORRECT
33	about	34	AH B AW T	4	0.029412	1	0.5647597908973694	0.5647597908973694	0.4352402091026306	0.8302512764930725	0.21661293506622314	3.051811933517456	1	AH B AW T	1	AH B AW T	1	AH B AW T	1	AH B AW T	1	AH B AW T	1	AH B AW T	1	AH B AW T	1	AH B AW T	BOTH_CORRECT	BOTH_CORRECT
34	if	35	IH F	2	0.028571	1	0.5819395780563354	0.5819395780563354	0.41806042194366455	0.8653703331947327	0.0702170729637146	28.241090774536133	1	IH F	1	IH F	1	IH F	1	IH F	1	IH F	1	IH F	1	IH F	1	IH F	BOTH_CORRECT	BOTH_CORRECT
35	page	36	P EY JH	3	0.027778	1	0.5759972333908081	0.5759972333908081	0.4240027666091919	0.8531814217567444	0.18235266208648682	1.3393828868865967	1	P EY JH	1	P EY JH	1	P EY JH	1	P EY JH	1	P EY JH	1	P EY JH	1	P EY JH	1	P EY JH	BOTH_CORRECT	BOTH_CORRECT
36	my	37	M AY	2	0.027027	1	0.5473676919937134	0.5473676919937134	0.4526323080062866	0.7950202822685242	0.05061417818069458	11.884235382080078	1	M AY	1	M AY	1	M AY	1	M AY	1	M AY	1	M AY	1	M AY	1	M AY	BOTH_CORRECT	BOTH_CORRECT
37	has	38	HH AE Z	3	0.026316	1	0.5655422806739807	0.5655422806739807	0.4344577193260193	0.8318432569503784	0.13157397508621216	7.521341323852539	1	HH AE Z	1	HH AE Z	1	HH AE Z	1	HH AE Z	1	HH AE Z	1	HH AE Z	1	HH AE Z	1	HH AE Z	BOTH_CORRECT	BOTH_CORRECT
38	search	39	S ER CH	3	0.025641	1	0.573594868183136	0.573594868183136	0.426405131816864	0.8482667207717896	0.11993610858917236	1.6278060674667358	1	S ER CH	1	S ER CH	1	S ER CH	1	S ER CH	1	S ER CH	1	S ER CH	1	S ER CH	1	S ER CH	BOTH_CORRECT	BOTH_CORRECT
39	free	40	F R IY	3	0.025	1	0.5328308343887329	0.5328308343887329	0.4671691656112671	0.7657561898231506	0.26357096433639526	3.1385865211486816	1	F R IY	1	F R IY	1	F R IY	1	F R IY	1	F R IY	1	F R IY	1	F R IY	1	F R IY	BOTH_CORRECT	BOTH_CORRECT
40	but	41	B AH T	3	0.02439	1	0.5967260003089905	0.5967260003089905	0.4032739996910095	0.8959208726882935	0.07891052961349487	14.666365623474121	1	B AH T	1	B AH T	1	B AH T	1	B AH T	1	B AH T	1	B AH T	1	B AH T	1	B AH T	BOTH_CORRECT	BOTH_CORRECT
41	our	42	AW ER	2	0.02381	1	0.5465520024299622	0.5465520024299622	0.45344799757003784	0.7933744192123413	0.10495370626449585	19.439666748046875	1	AW ER	1	AW ER	1	AW ER	1	AW ER	1	AW ER	1	AW ER	1	AW ER	1	AW ER	BOTH_CORRECT	BOTH_CORRECT
42	one	43	W AH N	3	0.023256	1	0.5821440815925598	0.5821440815925598	0.4178559184074402	0.8657906651496887	0.10343360900878906	10.536510467529297	1	W AH N	1	W AH N	1	W AH N	1	W AH N	1	W AH N	1	W AH N	1	W AH N	1	W AH N	BOTH_CORRECT	BOTH_CORRECT
43	other	44	AH DH ER	3	0.022727	1	0.5922105312347412	0.5922105312347412	0.4077894687652588	0.8865556120872498	0.0904969573020935	6.849398136138916	1	AH DH ER	1	AH DH ER	1	AH DH ER	1	AH DH ER	1	AH DH ER	1	AH DH ER	1	AH DH ER	1	AH DH ER	BOTH_CORRECT	BOTH_CORRECT
44	do	45	D UW	2	0.022222	1	0.5651570558547974	0.5651570558547974	0.43484294414520264	0.8310593962669373	0.07020759582519531	25.14734649658203	1	D UW	1	D UW	1	D UW	1	D UW	1	D UW	1	D UW	1	D UW	1	D UW	BOTH_CORRECT	BOTH_CORRECT
45	no	46	N OW	2	0.021739	1	0.5571301579475403	0.5571301579475403	0.4428698420524597	0.8147614598274231	0.015258193016052246	44.73587417602539	1	N OW	1	N OW	1	N OW	1	N OW	1	N OW	1	N OW	1	N OW	1	N OW	BOTH_CORRECT	BOTH_CORRECT
46	information	47	IH N F ER M EY SH AH N	9	0.021277	1	0.5964551568031311	0.5964551568031311	0.4035448431968689	0.8953582048416138	0.2860177755355835	1.1737228631973267	1	IH N F ER M EY SH AH N	1	IH N F ER M EY SH AH N	1	IH N F ER M EY SH AH N	1	IH N F ER M EY SH AH N	1	IH N F ER M EY SH AH N	1	IH N F ER M EY SH AH N	1	IH N F ER M EY SH AH N	1	IH N F ER M EY SH AH N	BOTH_CORRECT	BOTH_CORRECT
47	time	48	T AY M	3	0.020833	1	0.5796650052070618	0.5796650052070618	0.42033499479293823	0.8606991171836853	0.16247278451919556	7.828204154968262	1	T AY M	1	T AY M	1	T AY M	1	T AY M	1	T AY M	1	T AY M	1	T AY M	1	T AY M	BOTH_CORRECT	BOTH_CORRECT
48	they	49	DH EY	2	0.020408	1	0.5908715128898621	0.5908715128898621	0.40912848711013794	0.8837847113609314	0.0729328989982605	23.162200927734375	1	DH EY	1	DH EY	1	DH EY	1	DH EY	1	DH EY	1	DH EY	1	DH EY	1	DH EY	BOTH_CORRECT	BOTH_CORRECT
49	site	50	S AY T	3	0.02	1	0.5780958533287048	0.5780958533287048	0.42190414667129517	0.8574807643890381	0.09363031387329102	1.7577857971191406	1	S AY T	1	S AY T	1	S AY T	1	S AY T	1	S AY T	1	S AY T	1	S AY T	1	S AY T	BOTH_CORRECT	BOTH_CORRECT
50	he	51	HH IY	2	0.019608	1	0.5516201853752136	0.5516201853752136	0.4483798146247864	0.8036095499992371	0.0691177248954773	36.92998123168945	1	HH IY	1	HH IY	1	HH IY	1	HH IY	1	HH IY	1	HH IY	1	HH IY	1	HH IY	BOTH_CORRECT	BOTH_CORRECT
51	up	52	AH P	2	0.019231	1	0.5511704683303833	0.5511704683303833	0.4488295316696167	0.8027004599571228	0.0784788727760315	24.283342361450195	1	AH P	1	AH P	1	AH P	1	AH P	1	AH P	1	AH P	1	AH P	1	AH P	BOTH_CORRECT	BOTH_CORRECT
52	may	53	M EY	2	0.018868	1	0.5293218493461609	0.5293218493461609	0.4706781506538391	0.758711040019989	0.025968313217163086	52.39167785644531	1	M EY	1	M EY	1	M EY	1	M EY	1	M EY	1	M EY	1	M EY	1	M EY	BOTH_CORRECT	BOTH_CORRECT
53	what	54	W AH T	3	0.018519	1	0.6006981730461121	0.6006981730461121	0.39930182695388794	0.9041875600814819	0.08385252952575684	15.557299613952637	1	W AH T	1	W AH T	1	W AH T	1	W AH T	1	W AH T	1	W AH T	1	W AH T	1	W AH T	BOTH_CORRECT	BOTH_CORRECT
54	which	55	W IH CH	3	0.018182	1	0.5691246390342712	0.5691246390342712	0.43087536096572876	0.8391402363777161	0.14115411043167114	10.19892692565918	1	W IH CH	1	W IH CH	1	W IH CH	1	W IH CH	1	W IH CH	1	W IH CH	1	W IH CH	1	W IH CH	BOTH_CORRECT	BOTH_CORRECT
55	their	56	DH EH R	3	0.017857	1	0.5396419763565063	0.5396419763565063	0.46035802364349365	0.7794506549835205	0.013946771621704102	53.919612884521484	1	DH EH R	1	DH EH R	1	DH EH R	1	DH EH R	1	DH EH R	1	DH EH R	1	DH EH R	1	DH EH R	BOTH_CORRECT	BOTH_CORRECT
56	news	57	N UW Z	3	0.017544	1	0.562232255935669	0.562232255935669	0.43776774406433105	0.8251133561134338	0.17169326543807983	2.508791923522949	1	N UW Z	1	N UW Z	1	N UW Z	1	N UW Z	1	N UW Z	1	N UW Z	1	N UW Z	1	N UW Z	BOTH_CORRECT	BOTH_CORRECT
57	out	58	AW T	2	0.017241	1	0.5565251111984253	0.5565251111984253	0.4434748888015747	0.8135355710983276	0.1035568118095398	20.573083877563477	1	AW T	1	AW T	1	AW T	1	AW T	1	AW T	1	AW T	1	AW T	1	AW T	BOTH_CORRECT	BOTH_CORRECT
58	use	59	Y UW S	3	0.016949	1	0.582119882106781	0.582119882106781	0.417880117893219	0.865740954875946	0.09344649314880371	3.9030227661132812	1	Y UW S	1	Y UW S	1	Y UW S	1	Y UW S	1	Y UW S	1	Y UW S	1	Y UW S	1	Y UW S	BOTH_CORRECT	BOTH_CORRECT
59	any	60	EH N IY	3	0.016667	1	0.5823145508766174	0.5823145508766174	0.41768544912338257	0.8661410808563232	0.07754683494567871	9.006999969482422	1	EH N IY	1	EH N IY	1	EH N IY	1	EH N IY	1	EH N IY	1	EH N IY	1	EH N IY	1	EH N IY	BOTH_CORRECT	BOTH_CORRECT
60	there	61	DH EH R	3	0.016393	1	0.5396419763565063	0.5396419763565063	0.46035802364349365	0.7794506549835205	0.013946771621704102	53.919612884521484	1	DH EH R	1	DH EH R	1	DH EH R	1	DH EH R	1	DH EH R	1	DH EH R	1	DH EH R	1	DH EH R	BOTH_CORRECT	BOTH_CORRECT
61	see	62	S IY	2	0.016129	1	0.5055184960365295	0.5055184960365295	0.49448150396347046	0.7110374569892883	0.08715718984603882	29.3251895904541	1	S IY	1	S IY	1	S IY	1	S IY	1	S IY	1	S IY	1	S IY	1	S IY	BOTH_CORRECT	BOTH_CORRECT
62	only	63	OW N L IY	4	0.015873	1	0.6049028635025024	0.6049028635025024	0.39509713649749756	0.912968099117279	0.15419578552246094	4.9220380783081055	1	OW N L IY	1	OW N L IY	1	OW N L IY	1	OW N L IY	1	OW N L IY	1	OW N L IY	1	OW N L IY	1	OW N L IY	BOTH_CORRECT	BOTH_CORRECT
63	so	64	S OW	2	0.015625	1	0.5824072360992432	0.5824072360992432	0.41759276390075684	0.8663315176963806	0.04289090633392334	37.30488204956055	1	S OW	1	S OW	1	S OW	1	S OW	1	S OW	1	S OW	1	S OW	1	S OW	BOTH_CORRECT	BOTH_CORRECT
64	his	65	HH IH Z	3	0.015385	1	0.5501420497894287	0.5501420497894287	0.4498579502105713	0.8006223440170288	0.1644653081893921	4.769704341888428	1	HH IH Z	1	HH IH Z	1	HH IH Z	1	HH IH Z	1	HH IH Z	1	HH IH Z	1	HH IH Z	1	HH IH Z	BOTH_CORRECT	BOTH_CORRECT
65	when	66	W EH N	3	0.015152	1	0.5644199848175049	0.5644199848175049	0.4355800151824951	0.8295600414276123	0.09006685018539429	25.898971557617188	1	W EH N	1	W EH N	1	W EH N	1	W EH N	1	W EH N	1	W EH N	1	W EH N	1	W EH N	BOTH_CORRECT	BOTH_CORRECT
66	contact	67	K AA N T AE K T	7	0.014925	1	0.5732347965240479	0.5732347965240479	0.42676520347595215	0.8475306630134583	0.16966527700424194	1.206557035446167	1	K AA N T AE K T	1	K AA N T AE K T	1	K AA N T AE K T	1	K AA N T AE K T	1	K AA N T AE K T	1	K AA N T AE K T	1	K AA N T AE K T	1	K AA N T AE K T	BOTH_CORRECT	BOTH_CORRECT
67	here	68	HH IY R	3	0.014706	1	0.5440887212753296	0.5440887212753296	0.4559112787246704	0.788407027721405	0.10645544528961182	16.97626495361328	1	HH IY R	1	HH IY R	1	HH IY R	1	HH IY R	1	HH IY R	1	HH IY R	1	HH IY R	1	HH IY R	BOTH_CORRECT	BOTH_CORRECT
68	business	69	B IH Z N AH S	6	0.014493	1	0.5670158863067627	0.5670158863067627	0.4329841136932373	0.834843099117279	0.16479408740997314	1.863300085067749	1	B IH Z N AH S	1	B IH Z N AH S	1	B IH Z N AH S	1	B IH Z N AH S	1	B IH Z N AH S	1	B IH Z N AH S	1	B IH Z N AH S	1	B IH Z N AH S	BOTH_CORRECT	BOTH_CORRECT
69	who	70	HH UW	2	0.014286	1	0.5497984886169434	0.5497984886169434	0.45020151138305664	0.7999282479286194	0.11509257555007935	9.968362808227539	1	HH UW	1	HH UW	1	HH UW	1	HH UW	1	HH UW	1	HH UW	1	HH UW	1	HH UW	BOTH_CORRECT	BOTH_CORRECT
70	web	71	W EH B	3	0.014085	1	0.5833320021629333	0.5833320021629333	0.41666799783706665	0.8682333827018738	0.11404925584793091	2.6611571311950684	1	W EH B	1	W EH B	1	W EH B	1	W EH B	1	W EH B	1	W EH B	1	W EH B	1	W EH B	BOTH_CORRECT	BOTH_CORRECT
71	also	72	AO L S OW	4	0.013889	1	0.5606446266174316	0.5606446266174316	0.43935537338256836	0.821889340877533	0.11237794160842896	8.434575080871582	1	AO L S OW	1	AO L S OW	1	AO L S OW	1	AO L S OW	1	AO L S OW	1	AO L S OW	1	AO L S OW	1	AO L S OW	BOTH_CORRECT	BOTH_CORRECT
72	now	73	N AW	2	0.013699	1	0.5663037896156311	0.5663037896156311	0.4336962103843689	0.8333932161331177	0.10020726919174194	18.94580841064453	1	N AW	1	N AW	1	N AW	1	N AW	1	N AW	1	N AW	1	N AW	1	N AW	BOTH_CORRECT	BOTH_CORRECT
73	help	74	HH EH L P	4	0.013514	1	0.5865851640701294	0.5865851640701294	0.4134148359298706	0.8749331831932068	0.12501424551010132	3.8837668895721436	1	HH EH L P	1	HH EH L P	1	HH EH L P	1	HH EH L P	1	HH EH L P	1	HH EH L P	1	HH EH L P	1	HH EH L P	BOTH_CORRECT	BOTH_CORRECT
74	get	75	G EH T	3	0.013333	1	0.5921679735183716	0.5921679735183716	0.4078320264816284	0.886467456817627	0.0761556625366211	10.485326766967773	1	G EH T	1	G EH T	1	G EH T	1	G EH T	1	G EH T	1	G EH T	1	G EH T	1	G EH T	BOTH_CORRECT	BOTH_CORRECT
75	pm	76	P IY EH M	4	0.013158	1	0.5620989203453064	0.5620989203453064	0.4379010796546936	0.8248423933982849	0.36336183547973633	0.9744859337806702	1	P IY EH M	1	P IY EH M	1	P IY EH M	1	P IY EH M	1	P IY EH M	1	P IY EH M	1	P IY EH M	1	P IY EH M	BOTH_CORRECT	BOTH_CORRECT
76	view	77	V Y UW	3	0.012987	1	0.5603600740432739	0.5603600740432739	0.4396399259567261	0.8213117122650146	0.09112668037414551	2.4187352657318115	1	V Y UW	1	V Y UW	1	V Y UW	1	V Y UW	1	V Y UW	1	V Y UW	1	V Y UW	1	V Y UW	BOTH_CORRECT	BOTH_CORRECT
77	online	78	AO N L AY N	5	0.012821	1	0.5783959031105042	0.5783959031105042	0.42160409688949585	0.8580960035324097	0.15654754638671875	1.8462344408035278	1	AO N L AY N	1	AO N L AY N	1	AO N L AY N	1	AO N L AY N	1	AO N L AY N	1	AO N L AY N	1	AO N L AY N	1	AO N L AY N	BOTH_CORRECT	BOTH_CORRECT
78	c	79	S IY	2	0.012658	1	0.5055184960365295	0.5055184960365295	0.49448150396347046	0.7110374569892883	0.08715718984603882	29.3251895904541	1	S IY	1	S IY	1	S IY	1	S IY	1	S IY	1	S IY	1	S IY	1	S IY	BOTH_CORRECT	BOTH_CORRECT
79	first	80	F ER S T	4	0.0125	1	0.5682286024093628	0.5682286024093628	0.4317713975906372	0.8373138308525085	0.05337291955947876	10.491175651550293	1	F ER S T	1	F ER S T	1	F ER S T	1	F ER S T	1	F ER S T	1	F ER S T	1	F ER S T	1	F ER S T	BOTH_CORRECT	BOTH_CORRECT
80	am	81	AE M	2	0.012346	1	0.49546563625335693	0.49546563625335693	0.5045343637466431	0.690930962562561	0.12472975254058838	14.379467010498047	1	AE M	1	AE M	1	AE M	1	AE M	1	AE M	1	AE M	1	AE M	1	AE M	BOTH_CORRECT	BOTH_CORRECT
81	been	82	B IH N	3	0.012195	1	0.5260363817214966	0.5260363817214966	0.4739636182785034	0.7521198987960815	0.022128820419311523	63.661102294921875	1	B IH N	1	B IH N	1	B IH N	1	B IH N	1	B IH N	1	B IH N	1	B IH N	1	B IH N	BOTH_CORRECT	BOTH_CORRECT
82	would	83	W UH D	3	0.012048	1	0.5519812107086182	0.5519812107086182	0.44801878929138184	0.8043394088745117	0.016670405864715576	55.196327209472656	1	W UH D	1	W UH D	1	W UH D	1	W UH D	1	W UH D	1	W UH D	1	W UH D	1	W UH D	BOTH_CORRECT	BOTH_CORRECT
83	how	84	HH AW	2	0.011905	1	0.569235622882843	0.569235622882843	0.430764377117157	0.8393665552139282	0.021108806133270264	35.78529357910156	1	HH AW	1	HH AW	1	HH AW	1	HH AW	1	HH AW	1	HH AW	1	HH AW	1	HH AW	BOTH_CORRECT	BOTH_CORRECT
84	were	85	W ER	2	0.011765	1	0.5175758600234985	0.5175758600234985	0.48242413997650146	0.7351662516593933	0.03712141513824463	47.9686393737793	1	W ER	1	W ER	1	W ER	1	W ER	1	W ER	1	W ER	1	W ER	1	W ER	BOTH_CORRECT	BOTH_CORRECT
85	me	86	M IY	2	0.011628	1	0.5735629200935364	0.5735629200935364	0.4264370799064636	0.8482013940811157	0.08204120397567749	7.413027286529541	1	M IY	1	M IY	1	M IY	1	M IY	1	M IY	1	M IY	1	M IY	1	M IY	BOTH_CORRECT	BOTH_CORRECT
86	s	87	EH S	2	0.011494	1	0.5140008330345154	0.5140008330345154	0.4859991669654846	0.7280089855194092	0.19122189283370972	2.2793102264404297	1	EH S	1	EH S	1	EH S	1	EH S	1	EH S	1	EH S	1	EH S	1	EH S	BOTH_CORRECT	BOTH_CORRECT
87	services	88	S ER V AH S AH Z	7	0.011364	1	0.5887571573257446	0.5887571573257446	0.41124284267425537	0.879414975643158	0.15467321872711182	1.3863264322280884	1	S ER V AH S AH Z	1	S ER V AH S AH Z	1	S ER V AH S AH Z	1	S ER V AH S AH Z	1	S ER V AH S AH Z	1	S ER V AH S AH Z	1	S ER V AH S AH Z	1	S ER V AH S AH Z	BOTH_CORRECT	BOTH_CORRECT
88	some	89	S AH M	3	0.011236	1	0.5759053826332092	0.5759053826332092	0.42409461736679077	0.8529933094978333	0.06334191560745239	15.814787864685059	1	S AH M	1	S AH M	1	S AH M	1	S AH M	1	S AH M	1	S AH M	1	S AH M	1	S AH M	BOTH_CORRECT	BOTH_CORRECT
89	these	90	DH IY Z	3	0.011111	1	0.6028521060943604	0.6028521060943604	0.39714789390563965	0.9086815714836121	0.11063987016677856	3.9374380111694336	1	DH IY Z	1	DH IY Z	1	DH IY Z	1	DH IY Z	1	DH IY Z	1	DH IY Z	1	DH IY Z	1	DH IY Z	BOTH_CORRECT	BOTH_CORRECT
90	click	91	K L IH K	4	0.010989	1	0.5759541988372803	0.5759541988372803	0.4240458011627197	0.8530932664871216	0.19675058126449585	1.258079171180725	1	K L IH K	1	K L IH K	1	K L IH K	1	K L IH K	1	K L IH K	1	K L IH K	1	K L IH K	1	K L IH K	BOTH_CORRECT	BOTH_CORRECT
91	its	92	IH T S	3	0.01087	1	0.549340009689331	0.549340009689331	0.45065999031066895	0.7990022301673889	0.14498138427734375	6.611876010894775	1	IH T S	1	IH T S	1	IH T S	1	IH T S	1	IH T S	1	IH T S	1	IH T S	1	IH T S	BOTH_CORRECT	BOTH_CORRECT
92	like	93	L AY K	3	0.010753	1	0.567794144153595	0.567794144153595	0.43220585584640503	0.8364284038543701	0.10644328594207764	14.868514060974121	1	L AY K	1	L AY K	1	L AY K	1	L AY K	1	L AY K	1	L AY K	1	L AY K	1	L AY K	BOTH_CORRECT	BOTH_CORRECT
93	service	94	S ER V AH S	5	0.010638	1	0.5807609558105469	0.5807609558105469	0.4192390441894531	0.8629489541053772	0.13069593906402588	1.4066404104232788	1	S ER V AH S	1	S ER V AH S	1	S ER V AH S	1	S ER V AH S	1	S ER V AH S	1	S ER V AH S	1	S ER V AH S	1	S ER V AH S	BOTH_CORRECT	BOTH_CORRECT
94	x	95	EH K S	3	0.010526	1	0.5224945545196533	0.5224945545196533	0.4775054454803467	0.7450194358825684	0.16194266080856323	2.0973589420318604	1	EH K S	1	EH K S	1	EH K S	1	EH K S	1	EH K S	1	EH K S	1	EH K S	1	EH K S	BOTH_CORRECT	BOTH_CORRECT
95	than	96	DH AE N	3	0.010417	1	0.5568476319313049	0.5568476319313049	0.44315236806869507	0.8141890168190002	0.03142249584197998	23.105194091796875	1	DH AE N	1	DH AE N	1	DH AE N	1	DH AE N	1	DH AE N	1	DH AE N	1	DH AE N	1	DH AE N	BOTH_CORRECT	BOTH_CORRECT
96	find	97	F AY N D	4	0.010309	1	0.5839119553565979	0.5839119553565979	0.4160880446434021	0.8694266676902771	0.16624200344085693	3.2723097801208496	1	F AY N D	1	F AY N D	1	F AY N D	1	F AY N D	1	F AY N D	1	F AY N D	1	F AY N D	1	F AY N D	BOTH_CORRECT	BOTH_CORRECT
97	price	98	P R AY S	4	0.010204	1	0.5750980377197266	0.5750980377197266	0.42490196228027344	0.8513410687446594	0.08318138122558594	2.393906354904175	1	P R AY S	1	P R AY S	1	P R AY S	1	P R AY S	1	P R AY S	1	P R AY S	1	P R AY S	1	P R AY S	BOTH_CORRECT	BOTH_CORRECT
98	date	99	D EY T	3	0.010101	1	0.5631965398788452	0.5631965398788452	0.4368034601211548	0.8270726203918457	0.07034367322921753	2.150541305541992	1	D EY T	1	D EY T	1	D EY T	1	D EY T	1	D EY T	1	D EY T	1	D EY T	1	D EY T	BOTH_CORRECT	BOTH_CORRECT
99	back	100	B AE K	3	0.01	1	0.5535107254981995	0.5535107254981995	0.44648927450180054	0.8074328303337097	0.10007405281066895	14.391490936279297	1	B AE K	1	B AE K	1	B AE K	1	B AE K	1	B AE K	1	B AE K	1	B AE K	1	B AE K	BOTH_CORRECT	BOTH_CORRECT
100	top	101	T AA P	3	0.009901	1	0.5623388886451721	0.5623388886451721	0.4376611113548279	0.8253298401832581	0.28811579942703247	1.2859846353530884	1	T AA P	1	T AA P	1	T AA P	1	T AA P	1	T AA P	1	T AA P	1	T AA P	1	T AA P	BOTH_CORRECT	BOTH_CORRECT
101	people	102	P IY P AH L	5	0.009804	1	0.5604840517044067	0.5604840517044067	0.43951594829559326	0.8215633630752563	0.19575244188308716	5.778377056121826	1	P IY P AH L	1	P IY P AH L	1	P IY P AH L	1	P IY P AH L	1	P IY P AH L	1	P IY P AH L	1	P IY P AH L	1	P IY P AH L	BOTH_CORRECT	BOTH_CORRECT
102	had	103	HH AE D	3	0.009709	1	0.5614259839057922	0.5614259839057922	0.43857401609420776	0.8234756588935852	0.12385755777359009	7.426532745361328	1	HH AE D	1	HH AE D	1	HH AE D	1	HH AE D	1	HH AE D	1	HH AE D	1	HH AE D	1	HH AE D	BOTH_CORRECT	BOTH_CORRECT
103	list	104	L IH S T	4	0.009615	1	0.5812224745750427	0.5812224745750427	0.4187775254249573	0.863896906375885	0.14793747663497925	1.3975147008895874	1	L IH S T	1	L IH S T	1	L IH S T	1	L IH S T	1	L IH S T	1	L IH S T	1	L IH S T	1	L IH S T	BOTH_CORRECT	BOTH_CORRECT
104	name	105	N EY M	3	0.009524	1	0.5841694474220276	0.5841694474220276	0.4158305525779724	0.8699566125869751	0.15584057569503784	1.57012939453125	1	N EY M	1	N EY M	1	N EY M	1	N EY M	1	N EY M	1	N EY M	1	N EY M	1	N EY M	BOTH_CORRECT	BOTH_CORRECT
105	just	106	JH AH S T	4	0.009434	1	0.5803164839744568	0.5803164839744568	0.4196835160255432	0.8620362877845764	0.12337815761566162	8.40876579284668	1	JH AH S T	1	JH AH S T	1	JH AH S T	1	JH AH S T	1	JH AH S T	1	JH AH S T	1	JH AH S T	1	JH AH S T	BOTH_CORRECT	BOTH_CORRECT
106	over	107	OW V ER	3	0.009346	1	0.5322597026824951	0.5322597026824951	0.4677402973175049	0.764609158039093	0.1017460823059082	15.37906265258789	1	OW V ER	1	OW V ER	1	OW V ER	1	OW V ER	1	OW V ER	1	OW V ER	1	OW V ER	1	OW V ER	BOTH_CORRECT	BOTH_CORRECT
107	state	108	S T EY T	4	0.009259	1	0.5335982441902161	0.5335982441902161	0.46640175580978394	0.7672978043556213	0.24961572885513306	2.7940967082977295	1	S T EY T	1	S T EY T	1	S T EY T	1	S T EY T	1	S T EY T	1	S T EY T	1	S T EY T	1	S T EY T	BOTH_CORRECT	BOTH_CORRECT
108	year	109	Y IH R	3	0.009174	1	0.5884481072425842	0.5884481072425842	0.41155189275741577	0.8787768483161926	0.12835168838500977	4.465335369110107	1	Y IH R	1	Y IH R	1	Y IH R	1	Y IH R	1	Y IH R	1	Y IH R	1	Y IH R	1	Y IH R	BOTH_CORRECT	BOTH_CORRECT
109	day	110	D EY	2	0.009091	1	0.5523126125335693	0.5523126125335693	0.44768738746643066	0.8050094842910767	0.10150796175003052	9.438150405883789	1	D EY	1	D EY	1	D EY	1	D EY	1	D EY	1	D EY	1	D EY	1	D EY	BOTH_CORRECT	BOTH_CORRECT
110	into	111	IH N T UW	4	0.009009	1	0.5462477803230286	0.5462477803230286	0.45375221967697144	0.7927606701850891	0.19538283348083496	4.2354207038879395	1	IH N T UW	1	IH N T UW	1	IH N T UW	1	IH N T UW	1	IH N T UW	1	IH N T UW	1	IH N T UW	1	IH N T UW	BOTH_CORRECT	BOTH_CORRECT
111	email	112	IY M EY L	4	0.008929	1	0.5623283982276917	0.5623283982276917	0.43767160177230835	0.8253085017204285	0.1720603108406067	1.7053619623184204	1	IY M EY L	1	IY M EY L	1	IY M EY L	1	IY M EY L	1	IY M EY L	1	IY M EY L	1	IY M EY L	1	IY M EY L	BOTH_CORRECT	BOTH_CORRECT
112	two	113	T UW	2	0.00885	1	0.5627900958061218	0.5627900958061218	0.4372099041938782	0.8262466788291931	0.02250617742538452	37.51708984375	1	T UW	1	T UW	1	T UW	1	T UW	1	T UW	1	T UW	1	T UW	1	T UW	BOTH_CORRECT	BOTH_CORRECT
113	health	114	HH EH L TH	4	0.008772	1	0.5753013491630554	0.5753013491630554	0.4246986508369446	0.8517569899559021	0.12389206886291504	2.0315046310424805	1	HH EH L TH	1	HH EH L TH	1	HH EH L TH	1	HH EH L TH	1	HH EH L TH	1	HH EH L TH	1	HH EH L TH	1	HH EH L TH	BOTH_CORRECT	BOTH_CORRECT
114	n	115	EH N	2	0.008696	1	0.5255880951881409	0.5255880951881409	0.47441190481185913	0.7512208819389343	0.15594816207885742	2.4344069957733154	1	EH N	1	EH N	1	EH N	1	EH N	1	EH N	1	EH N	1	EH N	1	EH N	BOTH_CORRECT	BOTH_CORRECT
115	world	116	W ER L D	4	0.008621	1	0.5847830176353455	0.5847830176353455	0.41521698236465454	0.8712197542190552	0.24150729179382324	1.2550820112228394	1	W ER L D	1	W ER L D	1	W ER L D	1	W ER L D	1	W ER L D	1	W ER L D	1	W ER L D	1	W ER L D	BOTH_CORRECT	BOTH_CORRECT
116	re	117	R EY	2	0.008547	1	0.5346263647079468	0.5346263647079468	0.4653736352920532	0.7693637013435364	0.27972960472106934	1.7598389387130737	1	R EY	1	R EY	1	R EY	1	R EY	1	R EY	1	R EY	1	R EY	1	R EY	BOTH_CORRECT	BOTH_CORRECT
117	next	118	N EH K S T	5	0.008475	1	0.577228844165802	0.577228844165802	0.422771155834198	0.8557038307189941	0.201859712600708	3.1320958137512207	1	N EH K S T	1	N EH K S T	1	N EH K S T	1	N EH K S T	1	N EH K S T	1	N EH K S T	1	N EH K S T	1	N EH K S T	BOTH_CORRECT	BOTH_CORRECT
118	used	119	Y UW Z D	4	0.008403	1	0.579252302646637	0.579252302646637	0.42074769735336304	0.8598523736000061	0.0683603286743164	3.3625316619873047	1	Y UW Z D	1	Y UW Z D	1	Y UW Z D	1	Y UW Z D	1	Y UW Z D	1	Y UW Z D	1	Y UW Z D	1	Y UW Z D	BOTH_CORRECT	BOTH_CORRECT
119	go	120	G OW	2	0.008333	1	0.5666604042053223	0.5666604042053223	0.43333959579467773	0.8341192603111267	0.03855794668197632	18.824594497680664	1	G OW	1	G OW	1	G OW	1	G OW	1	G OW	1	G OW	1	G OW	1	G OW	BOTH_CORRECT	BOTH_CORRECT
120	b	121	B IY	2	0.008264	1	0.535882830619812	0.535882830619812	0.464117169380188	0.7718892693519592	0.017862319946289062	54.22001266479492	1	B IY	1	B IY	1	B IY	1	B IY	1	B IY	1	B IY	1	B IY	1	B IY	BOTH_CORRECT	BOTH_CORRECT
121	work	122	W ER K	3	0.008197	1	0.5838782787322998	0.5838782787322998	0.4161217212677002	0.8693572878837585	0.11709016561508179	2.687077045440674	1	W ER K	1	W ER K	1	W ER K	1	W ER K	1	W ER K	1	W ER K	1	W ER K	1	W ER K	BOTH_CORRECT	BOTH_CORRECT
122	last	123	L AE S T	4	0.00813	1	0.5696539282798767	0.5696539282798767	0.4303460717201233	0.8402196168899536	0.11362433433532715	9.565864562988281	1	L AE S T	1	L AE S T	1	L AE S T	1	L AE S T	1	L AE S T	1	L AE S T	1	L AE S T	1	L AE S T	BOTH_CORRECT	BOTH_CORRECT
123	most	124	M OW S T	4	0.008065	1	0.5796810388565063	0.5796810388565063	0.42031896114349365	0.8607320189476013	0.14936470985412598	5.657121658325195	1	M OW S T	1	M OW S T	1	M OW S T	1	M OW S T	1	M OW S T	1	M OW S T	1	M OW S T	1	M OW S T	BOTH_CORRECT	BOTH_CORRECT
124	products	125	P R AA D AH K T S	8	0.008	1	0.5883362889289856	0.5883362889289856	0.4116637110710144	0.8785459399223328	0.11706113815307617	1.7243202924728394	1	P R AA D AH K T S	1	P R AA D AH K T S	1	P R AA D AH K T S	1	P R AA D AH K T S	1	P R AA D AH K T S	1	P R AA D AH K T S	1	P R AA D AH K T S	1	P R AA D AH K T S	BOTH_CORRECT	BOTH_CORRECT
125	music	126	M Y UW Z IH K	6	0.007937	1	0.591698408126831	0.591698408126831	0.40830159187316895	0.8854955434799194	0.19686168432235718	1.6794800758361816	1	M Y UW Z IH K	1	M Y UW Z IH K	1	M Y UW Z IH K	1	M Y UW Z IH K	1	M Y UW Z IH K	1	M Y UW Z IH K	1	M Y UW Z IH K	1	M Y UW Z IH K	BOTH_CORRECT	BOTH_CORRECT
126	buy	127	B AY	2	0.007874	1	0.4662700295448303	0.4662700295448303	0.5337299704551697	0.6324374675750732	0.013273119926452637	165.59701538085938	1	B AY	1	B AY	1	B AY	1	B AY	1	B AY	1	B AY	1	B AY	1	B AY	BOTH_CORRECT	BOTH_CORRECT
127	data	128	D EY T AH	4	0.007812	1	0.556736409664154	0.556736409664154	0.44326359033584595	0.8139635920524597	0.19524389505386353	1.9814951419830322	1	D EY T AH	1	D EY T AH	1	D EY T AH	1	D EY T AH	1	D EY T AH	1	D EY T AH	1	D EY T AH	1	D EY T AH	BOTH_CORRECT	BOTH_CORRECT
128	make	129	M EY K	3	0.007752	1	0.5828009247779846	0.5828009247779846	0.4171990752220154	0.8671410083770752	0.15378624200820923	9.618500709533691	1	M EY K	1	M EY K	1	M EY K	1	M EY K	1	M EY K	1	M EY K	1	M EY K	1	M EY K	BOTH_CORRECT	BOTH_CORRECT
129	them	130	DH EH M	3	0.007692	1	0.5857094526290894	0.5857094526290894	0.41429054737091064	0.8731281757354736	0.07678401470184326	10.61031723022461	1	DH EH M	1	DH EH M	1	DH EH M	1	DH EH M	1	DH EH M	1	DH EH M	1	DH EH M	1	DH EH M	BOTH_CORRECT	BOTH_CORRECT
130	should	131	SH UH D	3	0.007634	1	0.5954698920249939	0.5954698920249939	0.4045301079750061	0.8933123350143433	0.09784185886383057	9.25012493133545	1	SH UH D	1	SH UH D	1	SH UH D	1	SH UH D	1	SH UH D	1	SH UH D	1	SH UH D	1	SH UH D	BOTH_CORRECT	BOTH_CORRECT
131	product	132	P R AA D AH K T	7	0.007576	1	0.5798727869987488	0.5798727869987488	0.4201272130012512	0.861125648021698	0.12155210971832275	1.695693016052246	1	P R AA D AH K T	1	P R AA D AH K T	1	P R AA D AH K T	1	P R AA D AH K T	1	P R AA D AH K T	1	P R AA D AH K T	1	P R AA D AH K T	1	P R AA D AH K T	BOTH_CORRECT	BOTH_CORRECT
132	system	133	S IH S T AH M	6	0.007519	1	0.5814542770385742	0.5814542770385742	0.4185457229614258	0.8643730282783508	0.06262266635894775	1.8752250671386719	1	S IH S T AH M	1	S IH S T AH M	1	S IH S T AH M	1	S IH S T AH M	1	S IH S T AH M	1	S IH S T AH M	1	S IH S T AH M	1	S IH S T AH M	BOTH_CORRECT	BOTH_CORRECT
133	post	134	P OW S T	4	0.007463	1	0.5384659171104431	0.5384659171104431	0.4615340828895569	0.7770841717720032	0.26893001794815063	1.7880282402038574	1	P OW S T	1	P OW S T	1	P OW S T	1	P OW S T	1	P OW S T	1	P OW S T	1	P OW S T	1	P OW S T	BOTH_CORRECT	BOTH_CORRECT
134	her	135	HH ER	2	0.007407	1	0.5567372441291809	0.5567372441291809	0.4432627558708191	0.8139652609825134	0.08267802000045776	7.450610637664795	1	HH ER	1	HH ER	1	HH ER	1	HH ER	1	HH ER	1	HH ER	1	HH ER	1	HH ER	BOTH_CORRECT	BOTH_CORRECT
135	city	136	S IH T IY	4	0.007353	1	0.5788589119911194	0.5788589119911194	0.4211410880088806	0.8590453863143921	0.194074809551239	1.261220097541809	1	S IH T IY	1	S IH T IY	1	S IH T IY	1	S IH T IY	1	S IH T IY	1	S IH T IY	1	S IH T IY	1	S IH T IY	BOTH_CORRECT	BOTH_CORRECT
136	t	137	T IY	2	0.007299	1	0.535885214805603	0.535885214805603	0.464114785194397	0.7718940377235413	0.2368842363357544	1.6703290939331055	1	T IY	1	T IY	1	T IY	1	T IY	1	T IY	1	T IY	1	T IY	1	T IY	BOTH_CORRECT	BOTH_CORRECT
137	add	138	AE D	2	0.007246	1	0.5358315110206604	0.5358315110206604	0.4641684889793396	0.7717860341072083	0.22227907180786133	3.371187210083008	1	AE D	1	AE D	1	AE D	1	AE D	1	AE D	1	AE D	1	AE D	1	AE D	BOTH_CORRECT	BOTH_CORRECT
138	policy	139	P AA L AH S IY	6	0.007194	1	0.5826104879379272	0.5826104879379272	0.41738951206207275	0.8667495846748352	0.10211271047592163	1.8984135389328003	1	P AA L AH S IY	1	P AA L AH S IY	1	P AA L AH S IY	1	P AA L AH S IY	1	P AA L AH S IY	1	P AA L AH S IY	1	P AA L AH S IY	1	P AA L AH S IY	BOTH_CORRECT	BOTH_CORRECT
139	number	140	N AH M B ER	5	0.007143	1	0.5698730945587158	0.5698730945587158	0.4301269054412842	0.8406667113304138	0.17385077476501465	3.8792765140533447	1	N AH M B ER	1	N AH M B ER	1	N AH M B ER	1	N AH M B ER	1	N AH M B ER	1	N AH M B ER	1	N AH M B ER	1	N AH M B ER	BOTH_CORRECT	BOTH_CORRECT
140	such	141	S AH CH	3	0.007092	1	0.5623440146446228	0.5623440146446228	0.4376559853553772	0.8253403306007385	0.10466307401657104	17.553783416748047	1	S AH CH	1	S AH CH	1	S AH CH	1	S AH CH	1	S AH CH	1	S AH CH	1	S AH CH	1	S AH CH	BOTH_CORRECT	BOTH_CORRECT
141	please	142	P L IY Z	4	0.007042	1	0.5512057542800903	0.5512057542800903	0.44879424571990967	0.802771806716919	0.1596202254295349	2.3128912448883057	1	P L IY Z	1	P L IY Z	1	P L IY Z	1	P L IY Z	1	P L IY Z	1	P L IY Z	1	P L IY Z	1	P L IY Z	BOTH_CORRECT	BOTH_CORRECT
142	available	143	AH V EY L AH B AH L	8	0.006993	1	0.5808270573616028	0.5808270573616028	0.4191729426383972	0.8630846738815308	0.2931972146034241	1.4651317596435547	1	AH V EY L AH B AH L	1	AH V EY L AH B AH L	1	AH V EY L AH B AH L	1	AH V EY L AH B AH L	1	AH V EY L AH B AH L	1	AH V EY L AH B AH L	1	AH V EY L AH B AH L	1	AH V EY L AH B AH L	BOTH_CORRECT	BOTH_CORRECT
143	copyright	144	K AA P IY R AY T	7	0.006944	1	0.5578428506851196	0.5578428506851196	0.44215714931488037	0.8162060379981995	0.17725372314453125	1.2951610088348389	1	K AA P IY R AY T	1	K AA P IY R AY T	1	K AA P IY R AY T	1	K AA P IY R AY T	1	K AA P IY R AY T	1	K AA P IY R AY T	1	K AA P IY R AY T	1	K AA P IY R AY T	BOTH_CORRECT	BOTH_CORRECT
144	support	145	S AH P AO R T	6	0.006897	1	0.5932812690734863	0.5932812690734863	0.40671873092651367	0.8887733221054077	0.19826263189315796	1.4497156143188477	1	S AH P AO R T	1	S AH P AO R T	1	S AH P AO R T	1	S AH P AO R T	1	S AH P AO R T	1	S AH P AO R T	1	S AH P AO R T	1	S AH P AO R T	BOTH_CORRECT	BOTH_CORRECT
145	message	146	M EH S AH JH	5	0.006849	1	0.5899675488471985	0.5899675488471985	0.4100324511528015	0.8819156289100647	0.13117825984954834	1.518193006515503	1	M EH S AH JH	1	M EH S AH JH	1	M EH S AH JH	1	M EH S AH JH	1	M EH S AH JH	1	M EH S AH JH	1	M EH S AH JH	1	M EH S AH JH	BOTH_CORRECT	BOTH_CORRECT
146	after	147	AE F T ER	4	0.006803	1	0.5614508390426636	0.5614508390426636	0.4385491609573364	0.8235262036323547	0.08577919006347656	11.752713203430176	1	AE F T ER	1	AE F T ER	1	AE F T ER	1	AE F T ER	1	AE F T ER	1	AE F T ER	1	AE F T ER	1	AE F T ER	BOTH_CORRECT	BOTH_CORRECT
147	best	148	B EH S T	4	0.006757	1	0.5615472793579102	0.5615472793579102	0.43845272064208984	0.8237219452857971	0.17814898490905762	3.0295209884643555	1	B EH S T	1	B EH S T	1	B EH S T	1	B EH S T	1	B EH S T	1	B EH S T	1	B EH S T	1	B EH S T	BOTH_CORRECT	BOTH_CORRECT
148	software	149	S AO F T W EH R	7	0.006711	1	0.5976586937904358	0.5976586937904358	0.4023413062095642	0.8978594541549683	0.22431474924087524	1.4565924406051636	1	S AO F T W EH R	1	S AO F T W EH R	1	S AO F T W EH R	1	S AO F T W EH R	1	S AO F T W EH R	1	S AO F T W EH R	1	S AO F T W EH R	1	S AO F T W EH R	BOTH_CORRECT	BOTH_CORRECT
149	then	150	DH EH N	3	0.006667	1	0.5634945631027222	0.5634945631027222	0.43650543689727783	0.8276784420013428	0.08492296934127808	12.484357833862305	1	DH EH N	1	DH EH N	1	DH EH N	1	DH EH N	1	DH EH N	1	DH EH N	1	DH EH N	1	DH EH N	BOTH_CORRECT	BOTH_CORRECT
150	jan	151	JH AE N	3	0.006623	1	0.5136392116546631	0.5136392116546631	0.4863607883453369	0.7272852063179016	0.3211952745914459	1.7235805988311768	1	JH AE N	1	JH AE N	1	JH AE N	1	JH AE N	1	JH AE N	1	JH AE N	1	JH AE N	1	JH AE N	BOTH_CORRECT	BOTH_CORRECT
151	good	152	G UH D	3	0.006579	1	0.5865495204925537	0.5865495204925537	0.4134504795074463	0.8748596906661987	0.12135523557662964	6.336239814758301	1	G UH D	1	G UH D	1	G UH D	1	G UH D	1	G UH D	1	G UH D	1	G UH D	1	G UH D	BOTH_CORRECT	BOTH_CORRECT
152	video	153	V IH D IY OW	5	0.006536	1	0.593542754650116	0.593542754650116	0.40645724534988403	0.8893152475357056	0.13003230094909668	1.7542691230773926	1	V IH D IY OW	1	V IH D IY OW	1	V IH D IY OW	1	V IH D IY OW	1	V IH D IY OW	1	V IH D IY OW	1	V IH D IY OW	1	V IH D IY OW	BOTH_CORRECT	BOTH_CORRECT
153	well	154	W EH L	3	0.006494	1	0.5647251605987549	0.5647251605987549	0.4352748394012451	0.8301807641983032	0.07636815309524536	32.44350051879883	1	W EH L	1	W EH L	1	W EH L	1	W EH L	1	W EH L	1	W EH L	1	W EH L	1	W EH L	BOTH_CORRECT	BOTH_CORRECT
154	d	155	D IY	2	0.006452	1	0.5021899342536926	0.5021899342536926	0.4978100657463074	0.7043798565864563	0.14477401971817017	3.700108766555786	1	D IY	1	D IY	1	D IY	1	D IY	1	D IY	1	D IY	1	D IY	1	D IY	BOTH_CORRECT	BOTH_CORRECT
155	where	156	W EH R	3	0.00641	1	0.5638560652732849	0.5638560652732849	0.4361439347267151	0.8284133672714233	0.1803584098815918	6.2646918296813965	1	W EH R	1	W EH R	1	W EH R	1	W EH R	1	W EH R	1	W EH R	1	W EH R	1	W EH R	BOTH_CORRECT	BOTH_CORRECT
156	info	157	IH N F OW	4	0.006369	1	0.5372399091720581	0.5372399091720581	0.4627600908279419	0.7746180295944214	0.35289639234542847	1.1252862215042114	1	IH N F OW	1	IH N F OW	1	IH N F OW	1	IH N F OW	1	IH N F OW	1	IH N F OW	1	IH N F OW	1	IH N F OW	BOTH_CORRECT	BOTH_CORRECT
157	rights	158	R AY T S	4	0.006329	1	0.5632572174072266	0.5632572174072266	0.43674278259277344	0.8271960020065308	0.2797880172729492	1.5130237340927124	1	R AY T S	1	R AY T S	1	R AY T S	1	R AY T S	1	R AY T S	1	R AY T S	1	R AY T S	1	R AY T S	BOTH_CORRECT	BOTH_CORRECT
158	public	159	P AH B L IH K	6	0.006289	1	0.5474857687950134	0.5474857687950134	0.4525142312049866	0.7952587008476257	0.23297834396362305	2.7862048149108887	1	P AH B L IH K	1	P AH B L IH K	1	P AH B L IH K	1	P AH B L IH K	1	P AH B L IH K	1	P AH B L IH K	1	P AH B L IH K	1	P AH B L IH K	BOTH_CORRECT	BOTH_CORRECT
159	books	160	B UH K S	4	0.00625	1	0.5879944562911987	0.5879944562911987	0.41200554370880127	0.8778403997421265	0.10487830638885498	1.8002357482910156	1	B UH K S	1	B UH K S	1	B UH K S	1	B UH K S	1	B UH K S	1	B UH K S	1	B UH K S	1	B UH K S	BOTH_CORRECT	BOTH_CORRECT
160	high	161	HH AY	2	0.006211	1	0.5517593026161194	0.5517593026161194	0.4482406973838806	0.8038907647132874	0.19754159450531006	1.7538776397705078	1	HH AY	1	HH AY	1	HH AY	1	HH AY	1	HH AY	1	HH AY	1	HH AY	1	HH AY	BOTH_CORRECT	BOTH_CORRECT
161	school	162	S K UW L	4	0.006173	1	0.5806891322135925	0.5806891322135925	0.41931086778640747	0.8628014922142029	0.14313912391662598	2.684436321258545	1	S K UW L	1	S K UW L	1	S K UW L	1	S K UW L	1	S K UW L	1	S K UW L	1	S K UW L	1	S K UW L	BOTH_CORRECT	BOTH_CORRECT
162	through	163	TH R UW	3	0.006135	1	0.5664082765579224	0.5664082765579224	0.43359172344207764	0.8336058855056763	0.19870996475219727	1.742802381515503	1	TH R UW	1	TH R UW	1	TH R UW	1	TH R UW	1	TH R UW	1	TH R UW	1	TH R UW	1	TH R UW	BOTH_CORRECT	BOTH_CORRECT
163	m	164	EH M	2	0.006098	1	0.49770283699035645	0.49770283699035645	0.5022971630096436	0.6954055428504944	0.19201093912124634	2.764031171798706	1	EH M	1	EH M	1	EH M	1	EH M	1	EH M	1	EH M	1	EH M	1	EH M	BOTH_CORRECT	BOTH_CORRECT
164	each	165	IY CH	2	0.006061	1	0.5572003126144409	0.5572003126144409	0.4427996873855591	0.8149036765098572	0.21359151601791382	2.8709523677825928	1	IY CH	1	IY CH	1	IY CH	1	IY CH	1	IY CH	1	IY CH	1	IY CH	1	IY CH	BOTH_CORRECT	BOTH_CORRECT
165	links	166	L IH NG K S	5	0.006024	1	0.5733665823936462	0.5733665823936462	0.42663341760635376	0.8478000164031982	0.125244140625	1.793973684310913	1	L IH NG K S	1	L IH NG K S	1	L IH NG K S	1	L IH NG K S	1	L IH NG K S	1	L IH NG K S	1	L IH NG K S	1	L IH NG K S	BOTH_CORRECT	BOTH_CORRECT
166	she	167	SH IY	2	0.005988	1	0.5458901524543762	0.5458901524543762	0.4541098475456238	0.7920393347740173	0.046075284481048584	9.152730941772461	1	SH IY	1	SH IY	1	SH IY	1	SH IY	1	SH IY	1	SH IY	1	SH IY	1	SH IY	BOTH_CORRECT	BOTH_CORRECT
167	review	168	R IY V Y UW	5	0.005952	1	0.5835890173912048	0.5835890173912048	0.41641098260879517	0.868762195110321	0.15225106477737427	1.5288124084472656	1	R IY V Y UW	1	R IY V Y UW	1	R IY V Y UW	1	R IY V Y UW	1	R IY V Y UW	1	R IY V Y UW	1	R IY V Y UW	1	R IY V Y UW	BOTH_CORRECT	BOTH_CORRECT
168	years	169	Y IH R Z	4	0.005917	1	0.5780645608901978	0.5780645608901978	0.42193543910980225	0.857416570186615	0.09422916173934937	5.229317665100098	1	Y IH R Z	1	Y IH R Z	1	Y IH R Z	1	Y IH R Z	1	Y IH R Z	1	Y IH R Z	1	Y IH R Z	1	Y IH R Z	BOTH_CORRECT	BOTH_CORRECT
169	order	170	AO R D ER	4	0.005882	1	0.5610751509666443	0.5610751509666443	0.4389248490333557	0.8227633833885193	0.1574205756187439	2.7413594722747803	1	AO R D ER	1	AO R D ER	1	AO R D ER	1	AO R D ER	1	AO R D ER	1	AO R D ER	1	AO R D ER	1	AO R D ER	BOTH_CORRECT	BOTH_CORRECT
170	very	171	V EH R IY	4	0.005848	1	0.5485937595367432	0.5485937595367432	0.45140624046325684	0.7974952459335327	0.04503750801086426	13.392766952514648	1	V EH R IY	1	V EH R IY	1	V EH R IY	1	V EH R IY	1	V EH R IY	1	V EH R IY	1	V EH R IY	1	V EH R IY	BOTH_CORRECT	BOTH_CORRECT
171	privacy	172	P R AY V AH S IY	7	0.005814	1	0.5775279998779297	0.5775279998779297	0.4224720001220703	0.856316864490509	0.36207330226898193	1.0564017295837402	1	P R AY V AH S IY	1	P R AY V AH S IY	1	P R AY V AH S IY	1	P R AY V AH S IY	1	P R AY V AH S IY	1	P R AY V AH S IY	1	P R AY V AH S IY	1	P R AY V AH S IY	BOTH_CORRECT	BOTH_CORRECT
172	book	173	B UH K	3	0.00578	1	0.5788931250572205	0.5788931250572205	0.42110687494277954	0.8591155409812927	0.06590592861175537	2.3026249408721924	1	B UH K	1	B UH K	1	B UH K	1	B UH K	1	B UH K	1	B UH K	1	B UH K	1	B UH K	BOTH_CORRECT	BOTH_CORRECT
173	items	174	AY T AH M Z	5	0.005747	1	0.5794694423675537	0.5794694423675537	0.4205305576324463	0.8602978587150574	0.20103174448013306	1.3707252740859985	1	AY T AH M Z	1	AY T AH M Z	1	AY T AH M Z	1	AY T AH M Z	1	AY T AH M Z	1	AY T AH M Z	1	AY T AH M Z	1	AY T AH M Z	BOTH_CORRECT	BOTH_CORRECT
174	company	175	K AH M P AH N IY	7	0.005714	1	0.585588812828064	0.585588812828064	0.41441118717193604	0.8728795647621155	0.14625459909439087	1.7392867803573608	1	K AH M P AH N IY	1	K AH M P AH N IY	1	K AH M P AH N IY	1	K AH M P AH N IY	1	K AH M P AH N IY	1	K AH M P AH N IY	1	K AH M P AH N IY	1	K AH M P AH N IY	BOTH_CORRECT	BOTH_CORRECT
175	r	176	AA R	2	0.005682	1	0.4932359457015991	0.4932359457015991	0.5067640542984009	0.6864710450172424	0.027325153350830078	68.12439727783203	1	AA R	1	AA R	1	AA R	1	AA R	1	AA R	1	AA R	1	AA R	1	AA R	BOTH_CORRECT	BOTH_CORRECT
176	read	177	R EH D	3	0.00565	1	0.5536266565322876	0.5536266565322876	0.4463733434677124	0.8076674938201904	0.19304239749908447	3.199793577194214	1	R EH D	1	R EH D	1	R EH D	1	R EH D	1	R EH D	1	R EH D	1	R EH D	1	R EH D	BOTH_CORRECT	BOTH_CORRECT
177	group	178	G R UW P	4	0.005618	1	0.5458799004554749	0.5458799004554749	0.45412009954452515	0.7920186519622803	0.12571746110916138	1.9795490503311157	1	G R UW P	1	G R UW P	1	G R UW P	1	G R UW P	1	G R UW P	1	G R UW P	1	G R UW P	1	G R UW P	BOTH_CORRECT	BOTH_CORRECT
178	sex	179	S EH K S	4	0.005587	1	0.5631316304206848	0.5631316304206848	0.4368683695793152	0.8269407153129578	0.15206855535507202	1.5642545223236084	1	S EH K S	1	S EH K S	1	S EH K S	1	S EH K S	1	S EH K S	1	S EH K S	1	S EH K S	1	S EH K S	BOTH_CORRECT	BOTH_CORRECT
179	need	180	N IY D	3	0.005556	1	0.5799782872200012	0.5799782872200012	0.4200217127799988	0.861342191696167	0.07217603921890259	13.055914878845215	1	N IY D	1	N IY D	1	N IY D	1	N IY D	1	N IY D	1	N IY D	1	N IY D	1	N IY D	BOTH_CORRECT	BOTH_CORRECT
180	many	181	M EH N IY	4	0.005525	1	0.5727124810218811	0.5727124810218811	0.4272875189781189	0.8464633226394653	0.11093902587890625	6.1759419441223145	1	M EH N IY	1	M EH N IY	1	M EH N IY	1	M EH N IY	1	M EH N IY	1	M EH N IY	1	M EH N IY	1	M EH N IY	BOTH_CORRECT	BOTH_CORRECT
181	user	182	Y UW Z ER	4	0.005495	1	0.5724344849586487	0.5724344849586487	0.4275655150413513	0.8458954095840454	0.07733219861984253	2.6284537315368652	1	Y UW Z ER	1	Y UW Z ER	1	Y UW Z ER	1	Y UW Z ER	1	Y UW Z ER	1	Y UW Z ER	1	Y UW Z ER	1	Y UW Z ER	BOTH_CORRECT	BOTH_CORRECT
182	said	183	S EH D	3	0.005464	1	0.5437451601028442	0.5437451601028442	0.45625483989715576	0.7877145409584045	0.08314788341522217	8.320459365844727	1	S EH D	1	S EH D	1	S EH D	1	S EH D	1	S EH D	1	S EH D	1	S EH D	1	S EH D	BOTH_CORRECT	BOTH_CORRECT
183	de	184	D IY	2	0.005435	1	0.5021899342536926	0.5021899342536926	0.4978100657463074	0.7043798565864563	0.14477401971817017	3.700108766555786	1	D IY	1	D IY	1	D IY	1	D IY	1	D IY	1	D IY	1	D IY	1	D IY	BOTH_CORRECT	BOTH_CORRECT
184	does	185	D AH Z	3	0.005405	1	0.5790650844573975	0.5790650844573975	0.42093491554260254	0.8594683408737183	0.1358230710029602	8.01047134399414	1	D AH Z	1	D AH Z	1	D AH Z	1	D AH Z	1	D AH Z	1	D AH Z	1	D AH Z	1	D AH Z	BOTH_CORRECT	BOTH_CORRECT
185	set	186	S EH T	3	0.005376	1	0.5472367405891418	0.5472367405891418	0.45276325941085815	0.7947560548782349	0.1486549973487854	4.2690229415893555	1	S EH T	1	S EH T	1	S EH T	1	S EH T	1	S EH T	1	S EH T	1	S EH T	1	S EH T	BOTH_CORRECT	BOTH_CORRECT
186	under	187	AH N D ER	4	0.005348	1	0.5444625020027161	0.5444625020027161	0.45553749799728394	0.7891604900360107	0.23640483617782593	3.168647527694702	1	AH N D ER	1	AH N D ER	1	AH N D ER	1	AH N D ER	1	AH N D ER	1	AH N D ER	1	AH N D ER	1	AH N D ER	BOTH_CORRECT	BOTH_CORRECT
187	general	188	JH EH N ER AH L	6	0.005319	1	0.5521252751350403	0.5521252751350403	0.4478747248649597	0.804630696773529	0.2677695155143738	1.3799827098846436	1	JH EH N ER AH L	1	JH EH N ER AH L	1	JH EH N ER AH L	1	JH EH N ER AH L	1	JH EH N ER AH L	1	JH EH N ER AH L	1	JH EH N ER AH L	1	JH EH N ER AH L	BOTH_CORRECT	BOTH_CORRECT
188	research	189	R IY S ER CH	5	0.005291	1	0.5761526823043823	0.5761526823043823	0.4238473176956177	0.853499710559845	0.16722464561462402	2.4089009761810303	1	R IY S ER CH	1	R IY S ER CH	1	R IY S ER CH	1	R IY S ER CH	1	R IY S ER CH	1	R IY S ER CH	1	R IY S ER CH	1	R IY S ER CH	BOTH_CORRECT	BOTH_CORRECT
189	january	190	JH AE N Y UW EH R IY	8	0.005263	1	0.573244035243988	0.573244035243988	0.42675596475601196	0.847549557685852	0.02613300085067749	8.967885971069336	1	JH AE N Y UW EH R IY	1	JH AE N Y UW EH R IY	1	JH AE N Y UW EH R IY	1	JH AE N Y UW EH R IY	1	JH AE N Y UW EH R IY	1	JH AE N Y UW EH R IY	1	JH AE N Y UW EH R IY	1	JH AE N Y UW EH R IY	BOTH_CORRECT	BOTH_CORRECT
190	mail	191	M EY L	3	0.005236	1	0.5497806668281555	0.5497806668281555	0.4502193331718445	0.7998921871185303	0.12270146608352661	2.2324976921081543	1	M EY L	1	M EY L	1	M EY L	1	M EY L	1	M EY L	1	M EY L	1	M EY L	1	M EY L	BOTH_CORRECT	BOTH_CORRECT
191	full	192	F UH L	3	0.005208	1	0.5438117384910583	0.5438117384910583	0.45618826150894165	0.7878487706184387	0.2051863670349121	6.046062469482422	1	F UH L	1	F UH L	1	F UH L	1	F UH L	1	F UH L	1	F UH L	1	F UH L	1	F UH L	BOTH_CORRECT	BOTH_CORRECT
192	map	193	M AE P	3	0.005181	1	0.5395963191986084	0.5395963191986084	0.4604036808013916	0.7793588638305664	0.1869899034500122	1.4371119737625122	1	M AE P	1	M AE P	1	M AE P	1	M AE P	1	M AE P	1	M AE P	1	M AE P	1	M AE P	BOTH_CORRECT	BOTH_CORRECT
193	reviews	194	R IY V Y UW Z	6	0.005155	1	0.5709250569343567	0.5709250569343567	0.4290749430656433	0.84281325340271	0.15374881029129028	1.373539924621582	1	R IY V Y UW Z	1	R IY V Y UW Z	1	R IY V Y UW Z	1	R IY V Y UW Z	1	R IY V Y UW Z	1	R IY V Y UW Z	1	R IY V Y UW Z	1	R IY V Y UW Z	BOTH_CORRECT	BOTH_CORRECT
194	program	195	P R OW G R AE M	7	0.005128	1	0.5907196998596191	0.5907196998596191	0.40928030014038086	0.8834707140922546	0.06755906343460083	1.8899741172790527	1	P R OW G R AE M	1	P R OW G R AE M	1	P R OW G R AE M	1	P R OW G R AE M	1	P R OW G R AE M	1	P R OW G R AE M	1	P R OW G R AE M	1	P R OW G R AE M	BOTH_CORRECT	BOTH_CORRECT
195	life	196	L AY F	3	0.005102	1	0.5660435557365417	0.5660435557365417	0.43395644426345825	0.8328633904457092	0.21877002716064453	2.826115608215332	1	L AY F	1	L AY F	1	L AY F	1	L AY F	1	L AY F	1	L AY F	1	L AY F	1	L AY F	BOTH_CORRECT	BOTH_CORRECT
196	know	197	N OW	2	0.005076	1	0.5571301579475403	0.5571301579475403	0.4428698420524597	0.8147614598274231	0.015258193016052246	44.73587417602539	1	N OW	1	N OW	1	N OW	1	N OW	1	N OW	1	N OW	1	N OW	1	N OW	BOTH_CORRECT	BOTH_CORRECT
197	games	198	G EY M Z	4	0.005051	1	0.57216876745224	0.57216876745224	0.42783123254776	0.8453525900840759	0.08372235298156738	2.5051400661468506	1	G EY M Z	1	G EY M Z	1	G EY M Z	1	G EY M Z	1	G EY M Z	1	G EY M Z	1	G EY M Z	1	G EY M Z	BOTH_CORRECT	BOTH_CORRECT
198	way	199	W EY	2	0.005025	1	0.5680712461471558	0.5680712461471558	0.43192875385284424	0.8369930386543274	0.07757705450057983	23.260847091674805	1	W EY	1	W EY	1	W EY	1	W EY	1	W EY	1	W EY	1	W EY	1	W EY	BOTH_CORRECT	BOTH_CORRECT
199	days	200	D EY Z	3	0.005	1	0.5785197615623474	0.5785197615623474	0.4214802384376526	0.8583498597145081	0.10628020763397217	4.965475559234619	1	D EY Z	1	D EY Z	1	D EY Z	1	D EY Z	1	D EY Z	1	D EY Z	1	D EY Z	1	D EY Z	BOTH_CORRECT	BOTH_CORRECT
200	management	201	M AE N AH JH M AH N T	9	0.004975	1	0.5751526951789856	0.5751526951789856	0.4248473048210144	0.8514528870582581	0.2422696352005005	1.337470531463623	1	M AE N AH JH M AH N T	1	M AE N AH JH M AH N T	1	M AE N AH JH M AH N T	1	M AE N AH JH M AH N T	1	M AE N AH JH M AH N T	1	M AE N AH JH M AH N T	1	M AE N AH JH M AH N T	1	M AE N AH JH M AH N T	BOTH_CORRECT	BOTH_CORRECT
201	p	202	P IY	2	0.00495	1	0.5269810557365417	0.5269810557365417	0.47301894426345825	0.7540146112442017	0.17107558250427246	2.0080695152282715	1	P IY	1	P IY	1	P IY	1	P IY	1	P IY	1	P IY	1	P IY	1	P IY	BOTH_CORRECT	BOTH_CORRECT
202	part	203	P AA R T	4	0.004926	1	0.564260721206665	0.564260721206665	0.43573927879333496	0.8292361497879028	0.22462749481201172	3.1945242881774902	1	P AA R T	1	P AA R T	1	P AA R T	1	P AA R T	1	P AA R T	1	P AA R T	1	P AA R T	1	P AA R T	BOTH_CORRECT	BOTH_CORRECT
203	could	204	K UH D	3	0.004902	1	0.5809820294380188	0.5809820294380188	0.4190179705619812	0.8634029626846313	0.06417655944824219	19.577228546142578	1	K UH D	1	K UH D	1	K UH D	1	K UH D	1	K UH D	1	K UH D	1	K UH D	1	K UH D	BOTH_CORRECT	BOTH_CORRECT
204	great	205	G R EY T	4	0.004878	1	0.5492861270904541	0.5492861270904541	0.4507138729095459	0.798893392086029	0.20153868198394775	4.12864351272583	1	G R EY T	1	G R EY T	1	G R EY T	1	G R EY T	1	G R EY T	1	G R EY T	1	G R EY T	1	G R EY T	BOTH_CORRECT	BOTH_CORRECT
205	united	206	Y UW N AY T IH D	7	0.004854	1	0.5570327639579773	0.5570327639579773	0.4429672360420227	0.8145641088485718	0.07098090648651123	2.5223820209503174	1	Y UW N AY T IH D	1	Y UW N AY T IH D	1	Y UW N AY T IH D	1	Y UW N AY T IH D	1	Y UW N AY T IH D	1	Y UW N AY T IH D	1	Y UW N AY T IH D	1	Y UW N AY T IH D	BOTH_CORRECT	BOTH_CORRECT
206	hotel	207	HH OW T EH L	5	0.004831	1	0.5870904326438904	0.5870904326438904	0.4129095673561096	0.8759751915931702	0.1561548113822937	1.4606696367263794	1	HH OW T EH L	1	HH OW T EH L	1	HH OW T EH L	1	HH OW T EH L	1	HH OW T EH L	1	HH OW T EH L	1	HH OW T EH L	1	HH OW T EH L	BOTH_CORRECT	BOTH_CORRECT
207	real	208	R IY L	3	0.004808	1	0.5461524724960327	0.5461524724960327	0.4538475275039673	0.7925683856010437	0.32788270711898804	2.028012275695801	1	R IY L	1	R IY L	1	R IY L	1	R IY L	1	R IY L	1	R IY L	1	R IY L	1	R IY L	BOTH_CORRECT	BOTH_CORRECT
208	f	209	EH F	2	0.004785	1	0.5450387001037598	0.5450387001037598	0.45496129989624023	0.7903221845626831	0.18603265285491943	1.6540203094482422	1	EH F	1	EH F	1	EH F	1	EH F	1	EH F	1	EH F	1	EH F	1	EH F	BOTH_CORRECT	BOTH_CORRECT
209	item	210	AY T AH M	4	0.004762	1	0.5773508548736572	0.5773508548736572	0.4226491451263428	0.8559538722038269	0.139853835105896	1.3077505826950073	1	AY T AH M	1	AY T AH M	1	AY T AH M	1	AY T AH M	1	AY T AH M	1	AY T AH M	1	AY T AH M	1	AY T AH M	BOTH_CORRECT	BOTH_CORRECT
210	center	211	S EH N T ER	5	0.004739	1	0.5761396884918213	0.5761396884918213	0.4238603115081787	0.8534731268882751	0.15081185102462769	1.384340763092041	1	S EH N T ER	1	S EH N T ER	1	S EH N T ER	1	S EH N T ER	1	S EH N T ER	1	S EH N T ER	1	S EH N T ER	1	S EH N T ER	BOTH_CORRECT	BOTH_CORRECT
211	ebay	212	IY B EY	3	0.004717	1	0.5459686517715454	0.5459686517715454	0.4540313482284546	0.7921976447105408	0.2129439115524292	1.3014529943466187	1	IY B EY	1	IY B EY	1	IY B EY	1	IY B EY	1	IY B EY	1	IY B EY	1	IY B EY	1	IY B EY	BOTH_CORRECT	BOTH_CORRECT
212	must	213	M AH S T	4	0.004695	1	0.5875230431556702	0.5875230431556702	0.41247695684432983	0.8768675923347473	0.0893668532371521	6.823162078857422	1	M AH S T	1	M AH S T	1	M AH S T	1	M AH S T	1	M AH S T	1	M AH S T	1	M AH S T	1	M AH S T	BOTH_CORRECT	BOTH_CORRECT
213	store	214	S T AO R	4	0.004673	1	0.5813946723937988	0.5813946723937988	0.41860532760620117	0.8642507195472717	0.07365554571151733	2.557298421859741	1	S T AO R	1	S T AO R	1	S T AO R	1	S T AO R	1	S T AO R	1	S T AO R	1	S T AO R	1	S T AO R	BOTH_CORRECT	BOTH_CORRECT
214	travel	215	T R AE V AH L	6	0.004651	1	0.5731025338172913	0.5731025338172913	0.42689746618270874	0.8472602963447571	0.21576613187789917	1.4876091480255127	1	T R AE V AH L	1	T R AE V AH L	1	T R AE V AH L	1	T R AE V AH L	1	T R AE V AH L	1	T R AE V AH L	1	T R AE V AH L	1	T R AE V AH L	BOTH_CORRECT	BOTH_CORRECT
215	comments	216	K AA M EH N T S	7	0.00463	1	0.5783928036689758	0.5783928036689758	0.42160719633102417	0.8580895066261292	0.06383568048477173	2.411726951599121	1	K AA M EH N T S	1	K AA M EH N T S	1	K AA M EH N T S	1	K AA M EH N T S	1	K AA M EH N T S	1	K AA M EH N T S	1	K AA M EH N T S	1	K AA M EH N T S	BOTH_CORRECT	BOTH_CORRECT
216	made	217	M EY D	3	0.004608	1	0.5511907935142517	0.5511907935142517	0.4488092064857483	0.802741527557373	0.11201739311218262	8.884472846984863	1	M EY D	1	M EY D	1	M EY D	1	M EY D	1	M EY D	1	M EY D	1	M EY D	1	M EY D	BOTH_CORRECT	BOTH_CORRECT
217	report	218	R IY P AO R T	6	0.004587	1	0.569649875164032	0.569649875164032	0.430350124835968	0.8402114510536194	0.09804224967956543	2.396732807159424	1	R IY P AO R T	1	R IY P AO R T	1	R IY P AO R T	1	R IY P AO R T	1	R IY P AO R T	1	R IY P AO R T	1	R IY P AO R T	1	R IY P AO R T	BOTH_CORRECT	BOTH_CORRECT
218	off	219	AO F	2	0.004566	1	0.5602641701698303	0.5602641701698303	0.4397358298301697	0.821117103099823	0.18531298637390137	3.703002691268921	1	AO F	1	AO F	1	AO F	1	AO F	1	AO F	1	AO F	1	AO F	1	AO F	BOTH_CORRECT	BOTH_CORRECT
219	member	220	M EH M B ER	5	0.004545	1	0.5654984712600708	0.5654984712600708	0.4345015287399292	0.8317540287971497	0.12040072679519653	1.5989079475402832	1	M EH M B ER	1	M EH M B ER	1	M EH M B ER	1	M EH M B ER	1	M EH M B ER	1	M EH M B ER	1	M EH M B ER	1	M EH M B ER	BOTH_CORRECT	BOTH_CORRECT
220	details	221	D IH T EY L Z	6	0.004525	1	0.5880442261695862	0.5880442261695862	0.4119557738304138	0.8779430985450745	0.08851206302642822	1.9355783462524414	1	D IH T EY L Z	1	D IH T EY L Z	1	D IH T EY L Z	1	D IH T EY L Z	1	D IH T EY L Z	1	D IH T EY L Z	1	D IH T EY L Z	1	D IH T EY L Z	BOTH_CORRECT	BOTH_CORRECT
221	line	222	L AY N	3	0.004505	1	0.5476230978965759	0.5476230978965759	0.4523769021034241	0.7955357432365417	0.15683436393737793	1.7484943866729736	1	L AY N	1	L AY N	1	L AY N	1	L AY N	1	L AY N	1	L AY N	1	L AY N	1	L AY N	BOTH_CORRECT	BOTH_CORRECT
222	terms	223	T ER M Z	4	0.004484	1	0.5621833801269531	0.5621833801269531	0.4378166198730469	0.8250139951705933	0.18371504545211792	2.1524648666381836	1	T ER M Z	1	T ER M Z	1	T ER M Z	1	T ER M Z	1	T ER M Z	1	T ER M Z	1	T ER M Z	1	T ER M Z	BOTH_CORRECT	BOTH_CORRECT
223	before	224	B IH F AO R	5	0.004464	1	0.5931970477104187	0.5931970477104187	0.4068029522895813	0.8885989189147949	0.15510213375091553	4.100127696990967	1	B IH F AO R	1	B IH F AO R	1	B IH F AO R	1	B IH F AO R	1	B IH F AO R	1	B IH F AO R	1	B IH F AO R	1	B IH F AO R	BOTH_CORRECT	BOTH_CORRECT
224	hotels	225	HH OW T EH L Z	6	0.004444	1	0.5759448409080505	0.5759448409080505	0.42405515909194946	0.8530741333961487	0.12029987573623657	1.8584561347961426	1	HH OW T EH L Z	1	HH OW T EH L Z	1	HH OW T EH L Z	1	HH OW T EH L Z	1	HH OW T EH L Z	1	HH OW T EH L Z	1	HH OW T EH L Z	1	HH OW T EH L Z	BOTH_CORRECT	BOTH_CORRECT
225	did	226	D IH D	3	0.004425	1	0.5730356574058533	0.5730356574058533	0.42696434259414673	0.8471237421035767	0.09348726272583008	13.740997314453125	1	D IH D	1	D IH D	1	D IH D	1	D IH D	1	D IH D	1	D IH D	1	D IH D	1	D IH D	BOTH_CORRECT	BOTH_CORRECT
226	send	227	S EH N D	4	0.004405	1	0.5652814507484436	0.5652814507484436	0.4347185492515564	0.8313124775886536	0.19232112169265747	1.9110496044158936	1	S EH N D	1	S EH N D	1	S EH N D	1	S EH N D	1	S EH N D	1	S EH N D	1	S EH N D	1	S EH N D	BOTH_CORRECT	BOTH_CORRECT
227	right	228	R AY T	3	0.004386	1	0.5589197278022766	0.5589197278022766	0.4410802721977234	0.8183895349502563	0.18602174520492554	6.137109756469727	1	R AY T	1	R AY T	1	R AY T	1	R AY T	1	R AY T	1	R AY T	1	R AY T	1	R AY T	BOTH_CORRECT	BOTH_CORRECT
228	type	229	T AY P	3	0.004367	1	0.5446861982345581	0.5446861982345581	0.4553138017654419	0.7896114587783813	0.08663517236709595	3.2106285095214844	1	T AY P	1	T AY P	1	T AY P	1	T AY P	1	T AY P	1	T AY P	1	T AY P	1	T AY P	BOTH_CORRECT	BOTH_CORRECT
229	because	230	B IH K AO Z	5	0.004348	1	0.5961658358573914	0.5961658358573914	0.40383416414260864	0.8947572708129883	0.10464411973953247	8.79015827178955	1	B IH K AO Z	1	B IH K AO Z	1	B IH K AO Z	1	B IH K AO Z	1	B IH K AO Z	1	B IH K AO Z	1	B IH K AO Z	1	B IH K AO Z	BOTH_CORRECT	BOTH_CORRECT
230	local	231	L OW K AH L	5	0.004329	1	0.5344837307929993	0.5344837307929993	0.46551626920700073	0.7690771818161011	0.17627519369125366	3.5788650512695312	1	L OW K AH L	1	L OW K AH L	1	L OW K AH L	1	L OW K AH L	1	L OW K AH L	1	L OW K AH L	1	L OW K AH L	1	L OW K AH L	BOTH_CORRECT	BOTH_CORRECT
231	those	232	DH OW Z	3	0.00431	1	0.5780819058418274	0.5780819058418274	0.4219180941581726	0.8574522137641907	0.046700239181518555	11.627677917480469	1	DH OW Z	1	DH OW Z	1	DH OW Z	1	DH OW Z	1	DH OW Z	1	DH OW Z	1	DH OW Z	1	DH OW Z	BOTH_CORRECT	BOTH_CORRECT
232	using	233	Y UW Z IH NG	5	0.004292	1	0.5805153250694275	0.5805153250694275	0.4194846749305725	0.8624446392059326	0.0956609845161438	3.3188579082489014	1	Y UW Z IH NG	1	Y UW Z IH NG	1	Y UW Z IH NG	1	Y UW Z IH NG	1	Y UW Z IH NG	1	Y UW Z IH NG	1	Y UW Z IH NG	1	Y UW Z IH NG	BOTH_CORRECT	BOTH_CORRECT
233	results	234	R IH Z AH L T S	7	0.004274	1	0.5758722424507141	0.5758722424507141	0.4241277575492859	0.8529254794120789	0.18646472692489624	1.3596951961517334	1	R IH Z AH L T S	1	R IH Z AH L T S	1	R IH Z AH L T S	1	R IH Z AH L T S	1	R IH Z AH L T S	1	R IH Z AH L T S	1	R IH Z AH L T S	1	R IH Z AH L T S	BOTH_CORRECT	BOTH_CORRECT
234	office	235	AO F AH S	4	0.004255	1	0.5735597014427185	0.5735597014427185	0.4264402985572815	0.8481948375701904	0.17964714765548706	1.4251022338867188	1	AO F AH S	1	AO F AH S	1	AO F AH S	1	AO F AH S	1	AO F AH S	1	AO F AH S	1	AO F AH S	1	AO F AH S	BOTH_CORRECT	BOTH_CORRECT
235	education	236	EH JH AH K EY SH AH N	8	0.004237	1	0.5889024138450623	0.5889024138450623	0.41109758615493774	0.8797149062156677	0.27728307247161865	1.3986912965774536	1	EH JH AH K EY SH AH N	1	EH JH AH K EY SH AH N	1	EH JH AH K EY SH AH N	1	EH JH AH K EY SH AH N	1	EH JH AH K EY SH AH N	1	EH JH AH K EY SH AH N	1	EH JH AH K EY SH AH N	1	EH JH AH K EY SH AH N	BOTH_CORRECT	BOTH_CORRECT
236	national	237	N AE SH AH N AH L	7	0.004219	1	0.5495596528053284	0.5495596528053284	0.45044034719467163	0.7994458675384521	0.28629177808761597	1.4546122550964355	1	N AE SH AH N AH L	1	N AE SH AH N AH L	1	N AE SH AH N AH L	1	N AE SH AH N AH L	1	N AE SH AH N AH L	1	N AE SH AH N AH L	1	N AE SH AH N AH L	1	N AE SH AH N AH L	BOTH_CORRECT	BOTH_CORRECT
237	car	238	K AA R	3	0.004202	1	0.560584545135498	0.560584545135498	0.43941545486450195	0.821767270565033	0.11447757482528687	2.7505149841308594	1	K AA R	1	K AA R	1	K AA R	1	K AA R	1	K AA R	1	K AA R	1	K AA R	1	K AA R	BOTH_CORRECT	BOTH_CORRECT
238	design	239	D IH Z AY N	5	0.004184	1	0.5895019769668579	0.5895019769668579	0.4104980230331421	0.8809534907341003	0.10678112506866455	1.720609188079834	1	D IH Z AY N	1	D IH Z AY N	1	D IH Z AY N	1	D IH Z AY N	1	D IH Z AY N	1	D IH Z AY N	1	D IH Z AY N	1	D IH Z AY N	BOTH_CORRECT	BOTH_CORRECT
239	take	240	T EY K	3	0.004167	1	0.5912696123123169	0.5912696123123169	0.4087303876876831	0.8846082091331482	0.1760340929031372	5.141251564025879	1	T EY K	1	T EY K	1	T EY K	1	T EY K	1	T EY K	1	T EY K	1	T EY K	1	T EY K	BOTH_CORRECT	BOTH_CORRECT
240	posted	241	P OW S T IH D	6	0.004149	1	0.5839043259620667	0.5839043259620667	0.41609567403793335	0.8694109916687012	0.10435748100280762	1.4181615114212036	1	P OW S T IH D	1	P OW S T IH D	1	P OW S T IH D	1	P OW S T IH D	1	P OW S T IH D	1	P OW S T IH D	1	P OW S T IH D	1	P OW S T IH D	BOTH_CORRECT	BOTH_CORRECT
241	internet	242	IH N T ER N EH T	7	0.004132	1	0.5801456570625305	0.5801456570625305	0.4198543429374695	0.8616856932640076	0.13155704736709595	2.7696075439453125	1	IH N T ER N EH T	1	IH N T ER N EH T	1	IH N T ER N EH T	1	IH N T ER N EH T	1	IH N T ER N EH T	1	IH N T ER N EH T	1	IH N T ER N EH T	1	IH N T ER N EH T	BOTH_CORRECT	BOTH_CORRECT
242	address	243	AE D R EH S	5	0.004115	1	0.5712206959724426	0.5712206959724426	0.4287793040275574	0.8434166312217712	0.15648478269577026	1.7403219938278198	1	AE D R EH S	1	AE D R EH S	1	AE D R EH S	1	AE D R EH S	1	AE D R EH S	1	AE D R EH S	1	AE D R EH S	1	AE D R EH S	BOTH_CORRECT	BOTH_CORRECT
243	community	244	K AH M Y UW N AH T IY	9	0.004098	1	0.5816900730133057	0.5816900730133057	0.41830992698669434	0.86485755443573	0.37052321434020996	1.0689486265182495	1	K AH M Y UW N AH T IY	1	K AH M Y UW N AH T IY	1	K AH M Y UW N AH T IY	1	K AH M Y UW N AH T IY	1	K AH M Y UW N AH T IY	1	K AH M Y UW N AH T IY	1	K AH M Y UW N AH T IY	1	K AH M Y UW N AH T IY	BOTH_CORRECT	BOTH_CORRECT
244	within	245	W IH DH IH N	5	0.004082	1	0.5693210959434509	0.5693210959434509	0.4306789040565491	0.839540958404541	0.3021411895751953	1.9341188669204712	1	W IH DH IH N	1	W IH DH IH N	1	W IH DH IH N	1	W IH DH IH N	1	W IH DH IH N	1	W IH DH IH N	1	W IH DH IH N	1	W IH DH IH N	BOTH_CORRECT	BOTH_CORRECT
245	states	246	S T EY T S	5	0.004065	1	0.5327346324920654	0.5327346324920654	0.46726536750793457	0.7655630707740784	0.11864727735519409	6.478797912597656	1	S T EY T S	1	S T EY T S	1	S T EY T S	1	S T EY T S	1	S T EY T S	1	S T EY T S	1	S T EY T S	1	S T EY T S	BOTH_CORRECT	BOTH_CORRECT
246	area	247	EH R IY AH	4	0.004049	1	0.5840827226638794	0.5840827226638794	0.4159172773361206	0.869778037071228	0.11946845054626465	1.9466320276260376	1	EH R IY AH	1	EH R IY AH	1	EH R IY AH	1	EH R IY AH	1	EH R IY AH	1	EH R IY AH	1	EH R IY AH	1	EH R IY AH	BOTH_CORRECT	BOTH_CORRECT
247	want	248	W AA N T	4	0.004032	1	0.5966800451278687	0.5966800451278687	0.40331995487213135	0.8958255052566528	0.11640316247940063	9.524827003479004	1	W AA N T	1	W AA N T	1	W AA N T	1	W AA N T	1	W AA N T	1	W AA N T	1	W AA N T	1	W AA N T	BOTH_CORRECT	BOTH_CORRECT
248	phone	249	F OW N	3	0.004016	1	0.5860112309455872	0.5860112309455872	0.41398876905441284	0.8737500905990601	0.11887764930725098	2.2921857833862305	1	F OW N	1	F OW N	1	F OW N	1	F OW N	1	F OW N	1	F OW N	1	F OW N	1	F OW N	BOTH_CORRECT	BOTH_CORRECT
249	dvd	250	D IY V IY D IY	6	0.004	1	0.5787460803985596	0.5787460803985596	0.42125391960144043	0.858814001083374	0.1645330786705017	2.0125317573547363	1	D IY V IY D IY	1	D IY V IY D IY	1	D IY V IY D IY	1	D IY V IY D IY	1	D IY V IY D IY	1	D IY V IY D IY	1	D IY V IY D IY	1	D IY V IY D IY	BOTH_CORRECT	BOTH_CORRECT
250	shipping	251	SH IH P IH NG	5	0.003984	1	0.5811904072761536	0.5811904072761536	0.41880959272384644	0.8638310432434082	0.23581963777542114	1.1244852542877197	1	SH IH P IH NG	1	SH IH P IH NG	1	SH IH P IH NG	1	SH IH P IH NG	1	SH IH P IH NG	1	SH IH P IH NG	1	SH IH P IH NG	1	SH IH P IH NG	BOTH_CORRECT	BOTH_CORRECT
251	reserved	252	R IH Z ER V D	6	0.003968	1	0.5650969743728638	0.5650969743728638	0.43490302562713623	0.8309371471405029	0.37751227617263794	0.9563292264938354	1	R IH Z ER V D	1	R IH Z ER V D	1	R IH Z ER V D	1	R IH Z ER V D	1	R IH Z ER V D	1	R IH Z ER V D	1	R IH Z ER V D	1	R IH Z ER V D	BOTH_CORRECT	BOTH_CORRECT
252	subject	253	S AH B JH EH K T	7	0.003953	1	0.5764687061309814	0.5764687061309814	0.42353129386901855	0.8541468977928162	0.22699618339538574	2.1913564205169678	1	S AH B JH EH K T	1	S AH B JH EH K T	1	S AH B JH EH K T	1	S AH B JH EH K T	1	S AH B JH EH K T	1	S AH B JH EH K T	1	S AH B JH EH K T	1	S AH B JH EH K T	BOTH_CORRECT	BOTH_CORRECT
253	between	254	B IH T W IY N	6	0.003937	1	0.5686890482902527	0.5686890482902527	0.4313109517097473	0.8382522463798523	0.3265915513038635	1.2270104885101318	1	B IH T W IY N	1	B IH T W IY N	1	B IH T W IY N	1	B IH T W IY N	1	B IH T W IY N	1	B IH T W IY N	1	B IH T W IY N	1	B IH T W IY N	BOTH_CORRECT	BOTH_CORRECT
254	forum	255	F AO R AH M	5	0.003922	1	0.5607041120529175	0.5607041120529175	0.4392958879470825	0.8220100998878479	0.19318753480911255	1.9510754346847534	1	F AO R AH M	1	F AO R AH M	1	F AO R AH M	1	F AO R AH M	1	F AO R AH M	1	F AO R AH M	1	F AO R AH M	1	F AO R AH M	BOTH_CORRECT	BOTH_CORRECT
255	family	256	F AE M AH L IY	6	0.003906	1	0.5572734475135803	0.5572734475135803	0.4427265524864197	0.8150519132614136	0.19282066822052002	1.5538840293884277	1	F AE M AH L IY	1	F AE M AH L IY	1	F AE M AH L IY	1	F AE M AH L IY	1	F AE M AH L IY	1	F AE M AH L IY	1	F AE M AH L IY	1	F AE M AH L IY	BOTH_CORRECT	BOTH_CORRECT
256	l	257	EH L	2	0.003891	1	0.49614080786705017	0.49614080786705017	0.5038591921329498	0.6922815442085266	0.06610333919525146	4.553955078125	1	EH L	1	EH L	1	EH L	1	EH L	1	EH L	1	EH L	1	EH L	1	EH L	BOTH_CORRECT	BOTH_CORRECT
257	long	258	L AO NG	3	0.003876	1	0.5455732345581055	0.5455732345581055	0.45442676544189453	0.791400134563446	0.15358376502990723	6.315151691436768	1	L AO NG	1	L AO NG	1	L AO NG	1	L AO NG	1	L AO NG	1	L AO NG	1	L AO NG	1	L AO NG	BOTH_CORRECT	BOTH_CORRECT
258	based	259	B EY S T	4	0.003861	1	0.5462082028388977	0.5462082028388977	0.4537917971611023	0.7926808595657349	0.29264408349990845	1.9444670677185059	1	B EY S T	1	B EY S T	1	B EY S T	1	B EY S T	1	B EY S T	1	B EY S T	1	B EY S T	1	B EY S T	BOTH_CORRECT	BOTH_CORRECT
259	w	260	D AH B AH L Y UW	7	0.003846	1	0.5372932553291321	0.5372932553291321	0.4627067446708679	0.7747252583503723	0.2407798171043396	1.0925086736679077	1	D AH B AH L Y UW	1	D AH B AH L Y UW	1	D AH B AH L Y UW	1	D AH B AH L Y UW	1	D AH B AH L Y UW	1	D AH B AH L Y UW	1	D AH B AH L Y UW	1	D AH B AH L Y UW	BOTH_CORRECT	BOTH_CORRECT
260	code	261	K OW D	3	0.003831	1	0.5432226657867432	0.5432226657867432	0.45677733421325684	0.7866615653038025	0.08545827865600586	2.0277650356292725	1	K OW D	1	K OW D	1	K OW D	1	K OW D	1	K OW D	1	K OW D	1	K OW D	1	K OW D	BOTH_CORRECT	BOTH_CORRECT
261	show	262	SH OW	2	0.003817	1	0.568555474281311	0.568555474281311	0.43144452571868896	0.8379799723625183	0.03689354658126831	3.0767269134521484	1	SH OW	1	SH OW	1	SH OW	1	SH OW	1	SH OW	1	SH OW	1	SH OW	1	SH OW	BOTH_CORRECT	BOTH_CORRECT
262	even	263	IY V IH N	4	0.003802	1	0.5840164422988892	0.5840164422988892	0.41598355770111084	0.8696417212486267	0.046489834785461426	23.91218376159668	1	IY V IH N	1	IY V IH N	1	IY V IH N	1	IY V IH N	1	IY V IH N	1	IY V IH N	1	IY V IH N	1	IY V IH N	BOTH_CORRECT	BOTH_CORRECT
263	black	264	B L AE K	4	0.003788	1	0.5544236898422241	0.5544236898422241	0.4455763101577759	0.809280276298523	0.16939157247543335	2.266955852508545	1	B L AE K	1	B L AE K	1	B L AE K	1	B L AE K	1	B L AE K	1	B L AE K	1	B L AE K	1	B L AE K	BOTH_CORRECT	BOTH_CORRECT
264	check	265	CH EH K	3	0.003774	1	0.549022912979126	0.549022912979126	0.450977087020874	0.7983618378639221	0.12144607305526733	2.516690731048584	1	CH EH K	1	CH EH K	1	CH EH K	1	CH EH K	1	CH EH K	1	CH EH K	1	CH EH K	1	CH EH K	BOTH_CORRECT	BOTH_CORRECT
265	special	266	S P EH SH AH L	6	0.003759	1	0.5620958805084229	0.5620958805084229	0.43790411949157715	0.824836254119873	0.29339462518692017	1.3616187572479248	1	S P EH SH AH L	1	S P EH SH AH L	1	S P EH SH AH L	1	S P EH SH AH L	1	S P EH SH AH L	1	S P EH SH AH L	1	S P EH SH AH L	1	S P EH SH AH L	BOTH_CORRECT	BOTH_CORRECT
266	prices	267	P R AY S AH Z	6	0.003745	1	0.5679193139076233	0.5679193139076233	0.4320806860923767	0.8366835117340088	0.1109311580657959	2.9242446422576904	1	P R AY S AH Z	1	P R AY S AH Z	1	P R AY S AH Z	1	P R AY S AH Z	1	P R AY S AH Z	1	P R AY S AH Z	1	P R AY S AH Z	1	P R AY S AH Z	BOTH_CORRECT	BOTH_CORRECT
267	website	268	W EH B S AY T	6	0.003731	1	0.5705564022064209	0.5705564022064209	0.4294435977935791	0.8420607447624207	0.14176034927368164	1.915665864944458	1	W EH B S AY T	1	W EH B S AY T	1	W EH B S AY T	1	W EH B S AY T	1	W EH B S AY T	1	W EH B S AY T	1	W EH B S AY T	1	W EH B S AY T	BOTH_CORRECT	BOTH_CORRECT
268	index	269	IH N D EH K S	6	0.003717	1	0.5359163284301758	0.5359163284301758	0.4640836715698242	0.7719565629959106	0.14961838722229004	2.650587797164917	1	IH N D EH K S	1	IH N D EH K S	1	IH N D EH K S	1	IH N D EH K S	1	IH N D EH K S	1	IH N D EH K S	1	IH N D EH K S	1	IH N D EH K S	BOTH_CORRECT	BOTH_CORRECT
269	being	270	B IY IH NG	4	0.003704	1	0.527340829372406	0.527340829372406	0.472659170627594	0.7547363042831421	0.04753190279006958	43.574920654296875	1	B IY IH NG	1	B IY IH NG	1	B IY IH NG	1	B IY IH NG	1	B IY IH NG	1	B IY IH NG	1	B IY IH NG	1	B IY IH NG	BOTH_CORRECT	BOTH_CORRECT
270	women	271	W IH M AH N	5	0.00369	1	0.5724858641624451	0.5724858641624451	0.42751413583755493	0.8460003137588501	0.13821899890899658	1.6856164932250977	1	W IH M AH N	1	W IH M AH N	1	W IH M AH N	1	W IH M AH N	1	W IH M AH N	1	W IH M AH N	1	W IH M AH N	1	W IH M AH N	BOTH_CORRECT	BOTH_CORRECT
271	much	272	M AH CH	3	0.003676	1	0.5758017897605896	0.5758017897605896	0.4241982102394104	0.8527812957763672	0.0918460488319397	14.697551727294922	1	M AH CH	1	M AH CH	1	M AH CH	1	M AH CH	1	M AH CH	1	M AH CH	1	M AH CH	1	M AH CH	BOTH_CORRECT	BOTH_CORRECT
272	sign	273	S AY N	3	0.003663	1	0.5652374625205994	0.5652374625205994	0.43476253747940063	0.8312230110168457	0.16148799657821655	1.7520521879196167	1	S AY N	1	S AY N	1	S AY N	1	S AY N	1	S AY N	1	S AY N	1	S AY N	1	S AY N	BOTH_CORRECT	BOTH_CORRECT
273	file	274	F AY L	3	0.00365	1	0.5566235780715942	0.5566235780715942	0.44337642192840576	0.8137350678443909	0.09288561344146729	1.96432363986969	1	F AY L	1	F AY L	1	F AY L	1	F AY L	1	F AY L	1	F AY L	1	F AY L	1	F AY L	BOTH_CORRECT	BOTH_CORRECT
274	link	275	L IH NG K	4	0.003636	1	0.5733609199523926	0.5733609199523926	0.4266390800476074	0.8477885127067566	0.08209878206253052	2.5603652000427246	1	L IH NG K	1	L IH NG K	1	L IH NG K	1	L IH NG K	1	L IH NG K	1	L IH NG K	1	L IH NG K	1	L IH NG K	BOTH_CORRECT	BOTH_CORRECT
275	open	276	OW P AH N	4	0.003623	1	0.5426281094551086	0.5426281094551086	0.45737189054489136	0.7854636907577515	0.1748231053352356	2.145102024078369	1	OW P AH N	1	OW P AH N	1	OW P AH N	1	OW P AH N	1	OW P AH N	1	OW P AH N	1	OW P AH N	1	OW P AH N	BOTH_CORRECT	BOTH_CORRECT
276	today	277	T AH D EY	4	0.00361	1	0.5604246854782104	0.5604246854782104	0.43957531452178955	0.8214429020881653	0.1766037940979004	2.9764456748962402	1	T AH D EY	1	T AH D EY	1	T AH D EY	1	T AH D EY	1	T AH D EY	1	T AH D EY	1	T AH D EY	1	T AH D EY	BOTH_CORRECT	BOTH_CORRECT
277	technology	278	T EH K N AA L AH JH IY	9	0.003597	1	0.5832605957984924	0.5832605957984924	0.41673940420150757	0.8680864572525024	0.20930063724517822	1.4857122898101807	1	T EH K N AA L AH JH IY	1	T EH K N AA L AH JH IY	1	T EH K N AA L AH JH IY	1	T EH K N AA L AH JH IY	1	T EH K N AA L AH JH IY	1	T EH K N AA L AH JH IY	1	T EH K N AA L AH JH IY	1	T EH K N AA L AH JH IY	BOTH_CORRECT	BOTH_CORRECT
278	south	279	S AW TH	3	0.003584	1	0.5568061470985413	0.5568061470985413	0.44319385290145874	0.8141050338745117	0.10955262184143066	2.4336609840393066	1	S AW TH	1	S AW TH	1	S AW TH	1	S AW TH	1	S AW TH	1	S AW TH	1	S AW TH	1	S AW TH	BOTH_CORRECT	BOTH_CORRECT
279	case	280	K EY S	3	0.003571	1	0.5521268844604492	0.5521268844604492	0.4478731155395508	0.8046339154243469	0.19322562217712402	2.578019618988037	1	K EY S	1	K EY S	1	K EY S	1	K EY S	1	K EY S	1	K EY S	1	K EY S	1	K EY S	BOTH_CORRECT	BOTH_CORRECT
280	project	281	P R AA JH EH K T	7	0.003559	1	0.5746951699256897	0.5746951699256897	0.4253048300743103	0.8505167365074158	0.07294774055480957	1.794167399406433	1	P R AA JH EH K T	1	P R AA JH EH K T	1	P R AA JH EH K T	1	P R AA JH EH K T	1	P R AA JH EH K T	1	P R AA JH EH K T	1	P R AA JH EH K T	1	P R AA JH EH K T	BOTH_CORRECT	BOTH_CORRECT
281	same	282	S EY M	3	0.003546	1	0.5756385326385498	0.5756385326385498	0.4243614673614502	0.8524472117424011	0.12125229835510254	14.899537086486816	1	S EY M	1	S EY M	1	S EY M	1	S EY M	1	S EY M	1	S EY M	1	S EY M	1	S EY M	BOTH_CORRECT	BOTH_CORRECT
282	pages	283	P EY JH AH Z	5	0.003534	1	0.5600789189338684	0.5600789189338684	0.4399210810661316	0.8207412362098694	0.1388905644416809	1.960971713066101	1	P EY JH AH Z	1	P EY JH AH Z	1	P EY JH AH Z	1	P EY JH AH Z	1	P EY JH AH Z	1	P EY JH AH Z	1	P EY JH AH Z	1	P EY JH AH Z	BOTH_CORRECT	BOTH_CORRECT
283	uk	284	Y UW K EY	4	0.003521	1	0.5598452687263489	0.5598452687263489	0.4401547312736511	0.8202670812606812	0.28169912099838257	1.142256736755371	1	Y UW K EY	1	Y UW K EY	1	Y UW K EY	1	Y UW K EY	1	Y UW K EY	1	Y UW K EY	1	Y UW K EY	1	Y UW K EY	BOTH_CORRECT	BOTH_CORRECT
284	version	285	V ER ZH AH N	5	0.003509	1	0.5893920063972473	0.5893920063972473	0.4106079936027527	0.8807263374328613	0.06440424919128418	1.701882243156433	1	V ER ZH AH N	1	V ER ZH AH N	1	V ER ZH AH N	1	V ER ZH AH N	1	V ER ZH AH N	1	V ER ZH AH N	1	V ER ZH AH N	1	V ER ZH AH N	BOTH_CORRECT	BOTH_CORRECT
285	section	286	S EH K SH AH N	6	0.003497	1	0.56407231092453	0.56407231092453	0.43592768907546997	0.8288530707359314	0.12023824453353882	1.4266071319580078	1	S EH K SH AH N	1	S EH K SH AH N	1	S EH K SH AH N	1	S EH K SH AH N	1	S EH K SH AH N	1	S EH K SH AH N	1	S EH K SH AH N	1	S EH K SH AH N	BOTH_CORRECT	BOTH_CORRECT
286	own	287	OW N	2	0.003484	1	0.5172001719474792	0.5172001719474792	0.48279982805252075	0.7344138622283936	0.08769702911376953	45.71992111206055	1	OW N	1	OW N	1	OW N	1	OW N	1	OW N	1	OW N	1	OW N	1	OW N	BOTH_CORRECT	BOTH_CORRECT
287	found	288	F AW N D	4	0.003472	1	0.5677993297576904	0.5677993297576904	0.43220067024230957	0.8364390134811401	0.24627667665481567	2.6345930099487305	1	F AW N D	1	F AW N D	1	F AW N D	1	F AW N D	1	F AW N D	1	F AW N D	1	F AW N D	1	F AW N D	BOTH_CORRECT	BOTH_CORRECT
288	sports	289	S P AO R T S	6	0.00346	1	0.5751517415046692	0.5751517415046692	0.4248482584953308	0.8514509201049805	0.1440301537513733	1.412079095840454	1	S P AO R T S	1	S P AO R T S	1	S P AO R T S	1	S P AO R T S	1	S P AO R T S	1	S P AO R T S	1	S P AO R T S	1	S P AO R T S	BOTH_CORRECT	BOTH_CORRECT
289	house	290	HH AW S	3	0.003448	1	0.5649732947349548	0.5649732947349548	0.43502670526504517	0.8306854367256165	0.2524396777153015	1.436861276626587	1	HH AW S	1	HH AW S	1	HH AW S	1	HH AW S	1	HH AW S	1	HH AW S	1	HH AW S	1	HH AW S	BOTH_CORRECT	BOTH_CORRECT
290	related	291	R IH L EY T IH D	7	0.003436	1	0.5630983114242554	0.5630983114242554	0.43690168857574463	0.8268729448318481	0.07607465982437134	2.4365363121032715	1	R IH L EY T IH D	1	R IH L EY T IH D	1	R IH L EY T IH D	1	R IH L EY T IH D	1	R IH L EY T IH D	1	R IH L EY T IH D	1	R IH L EY T IH D	1	R IH L EY T IH D	BOTH_CORRECT	BOTH_CORRECT
291	security	292	S IH K Y UH R AH T IY	9	0.003425	1	0.5689232349395752	0.5689232349395752	0.4310767650604248	0.8387296795845032	0.3184574842453003	1.3870021104812622	1	S IH K Y UH R AH T IY	1	S IH K Y UH R AH T IY	1	S IH K Y UH R AH T IY	1	S IH K Y UH R AH T IY	1	S IH K Y UH R AH T IY	1	S IH K Y UH R AH T IY	1	S IH K Y UH R AH T IY	1	S IH K Y UH R AH T IY	BOTH_CORRECT	BOTH_CORRECT
292	both	293	B OW TH	3	0.003413	1	0.5618540644645691	0.5618540644645691	0.4381459355354309	0.824345052242279	0.12415403127670288	14.647994995117188	1	B OW TH	1	B OW TH	1	B OW TH	1	B OW TH	1	B OW TH	1	B OW TH	1	B OW TH	1	B OW TH	BOTH_CORRECT	BOTH_CORRECT
293	g	294	JH IY	2	0.003401	1	0.5359242558479309	0.5359242558479309	0.4640757441520691	0.7719725370407104	0.13109064102172852	2.641380786895752	1	JH IY	1	JH IY	1	JH IY	1	JH IY	1	JH IY	1	JH IY	1	JH IY	1	JH IY	BOTH_CORRECT	BOTH_CORRECT
294	county	295	K AW N T IY	5	0.00339	1	0.5629733204841614	0.5629733204841614	0.4370266795158386	0.8266190886497498	0.09669333696365356	1.6353648900985718	1	K AW N T IY	1	K AW N T IY	1	K AW N T IY	1	K AW N T IY	1	K AW N T IY	1	K AW N T IY	1	K AW N T IY	1	K AW N T IY	BOTH_CORRECT	BOTH_CORRECT
295	american	296	AH M EH R AH K AH N	8	0.003378	1	0.5690708160400391	0.5690708160400391	0.43092918395996094	0.8390305638313293	0.1934053897857666	1.3881843090057373	1	AH M EH R AH K AH N	1	AH M EH R AH K AH N	1	AH M EH R AH K AH N	1	AH M EH R AH K AH N	1	AH M EH R AH K AH N	1	AH M EH R AH K AH N	1	AH M EH R AH K AH N	1	AH M EH R AH K AH N	BOTH_CORRECT	BOTH_CORRECT
296	photo	297	F OW T OW	4	0.003367	1	0.5689283013343811	0.5689283013343811	0.4310716986656189	0.8387400507926941	0.10503703355789185	2.3770127296447754	1	F OW T OW	1	F OW T OW	1	F OW T OW	1	F OW T OW	1	F OW T OW	1	F OW T OW	1	F OW T OW	1	F OW T OW	BOTH_CORRECT	BOTH_CORRECT
297	game	298	G EY M	3	0.003356	1	0.5792826414108276	0.5792826414108276	0.42071735858917236	0.8599146008491516	0.09435498714447021	2.160250663757324	1	G EY M	1	G EY M	1	G EY M	1	G EY M	1	G EY M	1	G EY M	1	G EY M	1	G EY M	BOTH_CORRECT	BOTH_CORRECT
298	members	299	M EH M B ER Z	6	0.003344	1	0.586668848991394	0.586668848991394	0.41333115100860596	0.8751057982444763	0.16389739513397217	1.4796717166900635	1	M EH M B ER Z	1	M EH M B ER Z	1	M EH M B ER Z	1	M EH M B ER Z	1	M EH M B ER Z	1	M EH M B ER Z	1	M EH M B ER Z	1	M EH M B ER Z	BOTH_CORRECT	BOTH_CORRECT
299	power	300	P AW ER	3	0.003333	1	0.5515873432159424	0.5515873432159424	0.4484126567840576	0.8035430908203125	0.2566676139831543	1.7091445922851562	1	P AW ER	1	P AW ER	1	P AW ER	1	P AW ER	1	P AW ER	1	P AW ER	1	P AW ER	1	P AW ER	BOTH_CORRECT	BOTH_CORRECT
300	while	301	W AY L	3	0.003322	1	0.5432407855987549	0.5432407855987549	0.4567592144012451	0.7866981029510498	0.09663534164428711	17.753673553466797	1	W AY L	1	W AY L	1	W AY L	1	W AY L	1	W AY L	1	W AY L	1	W AY L	1	W AY L	BOTH_CORRECT	BOTH_CORRECT
301	care	302	K EH R	3	0.003311	1	0.5596950650215149	0.5596950650215149	0.4403049349784851	0.8199622631072998	0.17349845170974731	2.7228827476501465	1	K EH R	1	K EH R	1	K EH R	1	K EH R	1	K EH R	1	K EH R	1	K EH R	1	K EH R	BOTH_CORRECT	BOTH_CORRECT
302	network	303	N EH T W ER K	6	0.0033	1	0.5860916376113892	0.5860916376113892	0.41390836238861084	0.8739157319068909	0.05560845136642456	2.109947681427002	1	N EH T W ER K	1	N EH T W ER K	1	N EH T W ER K	1	N EH T W ER K	1	N EH T W ER K	1	N EH T W ER K	1	N EH T W ER K	1	N EH T W ER K	BOTH_CORRECT	BOTH_CORRECT
303	down	304	D AW N	3	0.003289	1	0.5434383153915405	0.5434383153915405	0.4565616846084595	0.7870961427688599	0.12471061944961548	7.974159240722656	1	D AW N	1	D AW N	1	D AW N	1	D AW N	1	D AW N	1	D AW N	1	D AW N	1	D AW N	BOTH_CORRECT	BOTH_CORRECT
304	computer	305	K AH M P Y UW T ER	8	0.003279	1	0.5925984382629395	0.5925984382629395	0.40740156173706055	0.8873589038848877	0.0804755687713623	2.1165192127227783	1	K AH M P Y UW T ER	1	K AH M P Y UW T ER	1	K AH M P Y UW T ER	1	K AH M P Y UW T ER	1	K AH M P Y UW T ER	1	K AH M P Y UW T ER	1	K AH M P Y UW T ER	1	K AH M P Y UW T ER	BOTH_CORRECT	BOTH_CORRECT
305	systems	306	S IH S T AH M Z	7	0.003268	1	0.5870417356491089	0.5870417356491089	0.4129582643508911	0.8758746981620789	0.11549949645996094	1.6365966796875	1	S IH S T AH M Z	1	S IH S T AH M Z	1	S IH S T AH M Z	1	S IH S T AH M Z	1	S IH S T AH M Z	1	S IH S T AH M Z	1	S IH S T AH M Z	1	S IH S T AH M Z	BOTH_CORRECT	BOTH_CORRECT
306	three	307	TH R IY	3	0.003257	1	0.5688461661338806	0.5688461661338806	0.4311538338661194	0.8385724425315857	0.006141781806945801	9.955581665039062	1	TH R IY	1	TH R IY	1	TH R IY	1	TH R IY	1	TH R IY	1	TH R IY	1	TH R IY	1	TH R IY	BOTH_CORRECT	BOTH_CORRECT
307	total	308	T OW T AH L	5	0.003247	1	0.5560495853424072	0.5560495853424072	0.4439504146575928	0.8125723004341125	0.2405955195426941	1.7808935642242432	1	T OW T AH L	1	T OW T AH L	1	T OW T AH L	1	T OW T AH L	1	T OW T AH L	1	T OW T AH L	1	T OW T AH L	1	T OW T AH L	BOTH_CORRECT	BOTH_CORRECT
308	place	309	P L EY S	4	0.003236	1	0.5713414549827576	0.5713414549827576	0.42865854501724243	0.8436630964279175	0.26050353050231934	2.4633548259735107	1	P L EY S	1	P L EY S	1	P L EY S	1	P L EY S	1	P L EY S	1	P L EY S	1	P L EY S	1	P L EY S	BOTH_CORRECT	BOTH_CORRECT
309	end	310	EH N D	3	0.003226	1	0.5506046414375305	0.5506046414375305	0.4493953585624695	0.8015570044517517	0.08879238367080688	9.776910781860352	1	EH N D	1	EH N D	1	EH N D	1	EH N D	1	EH N D	1	EH N D	1	EH N D	1	EH N D	BOTH_CORRECT	BOTH_CORRECT
310	following	311	F AA L OW IH NG	6	0.003215	1	0.5718096494674683	0.5718096494674683	0.42819035053253174	0.8446191549301147	0.13788527250289917	2.8476648330688477	1	F AA L OW IH NG	1	F AA L OW IH NG	1	F AA L OW IH NG	1	F AA L OW IH NG	1	F AA L OW IH NG	1	F AA L OW IH NG	1	F AA L OW IH NG	1	F AA L OW IH NG	BOTH_CORRECT	BOTH_CORRECT
311	download	312	D AW N L OW D	6	0.003205	1	0.5865091681480408	0.5865091681480408	0.41349083185195923	0.8747764229774475	0.14680558443069458	2.0408477783203125	1	D AW N L OW D	1	D AW N L OW D	1	D AW N L OW D	1	D AW N L OW D	1	D AW N L OW D	1	D AW N L OW D	1	D AW N L OW D	1	D AW N L OW D	BOTH_CORRECT	BOTH_CORRECT
312	h	313	EY CH	2	0.003195	1	0.5618042349815369	0.5618042349815369	0.43819576501846313	0.8242438435554504	0.23170679807662964	1.2037675380706787	1	EY CH	1	EY CH	1	EY CH	1	EY CH	1	EY CH	1	EY CH	1	EY CH	1	EY CH	BOTH_CORRECT	BOTH_CORRECT
313	him	314	HH IH M	3	0.003185	1	0.5605875253677368	0.5605875253677368	0.4394124746322632	0.8217734098434448	0.1688748598098755	7.495114326477051	1	HH IH M	1	HH IH M	1	HH IH M	1	HH IH M	1	HH IH M	1	HH IH M	1	HH IH M	1	HH IH M	BOTH_CORRECT	BOTH_CORRECT
314	without	315	W IH TH AW T	5	0.003175	1	0.5767859220504761	0.5767859220504761	0.4232140779495239	0.8547964096069336	0.17366164922714233	5.17586612701416	1	W IH TH AW T	1	W IH TH AW T	1	W IH TH AW T	1	W IH TH AW T	1	W IH TH AW T	1	W IH TH AW T	1	W IH TH AW T	1	W IH TH AW T	BOTH_CORRECT	BOTH_CORRECT
315	per	316	P ER	2	0.003165	1	0.5232651829719543	0.5232651829719543	0.47673481702804565	0.7465640306472778	0.16766023635864258	3.314016103744507	1	P ER	1	P ER	1	P ER	1	P ER	1	P ER	1	P ER	1	P ER	1	P ER	BOTH_CORRECT	BOTH_CORRECT
316	access	317	AE K S EH S	5	0.003155	1	0.554229199886322	0.554229199886322	0.445770800113678	0.8088866472244263	0.22838592529296875	2.6570563316345215	1	AE K S EH S	1	AE K S EH S	1	AE K S EH S	1	AE K S EH S	1	AE K S EH S	1	AE K S EH S	1	AE K S EH S	1	AE K S EH S	BOTH_CORRECT	BOTH_CORRECT
317	think	318	TH IH NG K	4	0.003145	1	0.5977684259414673	0.5977684259414673	0.4022315740585327	0.8980876803398132	0.034942805767059326	20.19918441772461	1	TH IH NG K	1	TH IH NG K	1	TH IH NG K	1	TH IH NG K	1	TH IH NG K	1	TH IH NG K	1	TH IH NG K	1	TH IH NG K	BOTH_CORRECT	BOTH_CORRECT
318	north	319	N AO R TH	4	0.003135	1	0.5555016994476318	0.5555016994476318	0.44449830055236816	0.8114627003669739	0.11253565549850464	3.17643141746521	1	N AO R TH	1	N AO R TH	1	N AO R TH	1	N AO R TH	1	N AO R TH	1	N AO R TH	1	N AO R TH	1	N AO R TH	BOTH_CORRECT	BOTH_CORRECT
319	resources	320	R IY S AO R S IH Z	8	0.003125	1	0.5776506662368774	0.5776506662368774	0.42234933376312256	0.8565682172775269	0.13114356994628906	1.4394044876098633	1	R IY S AO R S IH Z	1	R IY S AO R S IH Z	1	R IY S AO R S IH Z	1	R IY S AO R S IH Z	1	R IY S AO R S IH Z	1	R IY S AO R S IH Z	1	R IY S AO R S IH Z	1	R IY S AO R S IH Z	BOTH_CORRECT	BOTH_CORRECT
320	current	321	K ER AH N T	5	0.003115	1	0.5663168430328369	0.5663168430328369	0.4336831569671631	0.8334197998046875	0.3014160990715027	1.7731999158859253	1	K ER AH N T	1	K ER AH N T	1	K ER AH N T	1	K ER AH N T	1	K ER AH N T	1	K ER AH N T	1	K ER AH N T	1	K ER AH N T	BOTH_CORRECT	BOTH_CORRECT
321	posts	322	P OW S T S	5	0.003106	1	0.5526233911514282	0.5526233911514282	0.4473766088485718	0.8056380152702332	0.2821899652481079	1.0553065538406372	1	P OW S T S	1	P OW S T S	1	P OW S T S	1	P OW S T S	1	P OW S T S	1	P OW S T S	1	P OW S T S	1	P OW S T S	BOTH_CORRECT	BOTH_CORRECT
322	big	323	B IH G	3	0.003096	1	0.5579766631126404	0.5579766631126404	0.4420233368873596	0.8164771795272827	0.2189697027206421	3.677673816680908	1	B IH G	1	B IH G	1	B IH G	1	B IH G	1	B IH G	1	B IH G	1	B IH G	1	B IH G	BOTH_CORRECT	BOTH_CORRECT
323	media	324	M IY D IY AH	5	0.003086	1	0.5397437810897827	0.5397437810897827	0.4602562189102173	0.7796555757522583	0.16961997747421265	2.448178768157959	1	M IY D IY AH	1	M IY D IY AH	1	M IY D IY AH	1	M IY D IY AH	1	M IY D IY AH	1	M IY D IY AH	1	M IY D IY AH	1	M IY D IY AH	BOTH_CORRECT	BOTH_CORRECT
324	law	325	L AO	2	0.003077	1	0.5219706296920776	0.5219706296920776	0.47802937030792236	0.7439695596694946	0.053196489810943604	9.129109382629395	1	L AO	1	L AO	1	L AO	1	L AO	1	L AO	1	L AO	1	L AO	1	L AO	BOTH_CORRECT	BOTH_CORRECT
325	control	326	K AH N T R OW L	7	0.003067	1	0.5805268287658691	0.5805268287658691	0.41947317123413086	0.8624681830406189	0.1037704348564148	1.9669013023376465	1	K AH N T R OW L	1	K AH N T R OW L	1	K AH N T R OW L	1	K AH N T R OW L	1	K AH N T R OW L	1	K AH N T R OW L	1	K AH N T R OW L	1	K AH N T R OW L	BOTH_CORRECT	BOTH_CORRECT
326	water	327	W AO T ER	4	0.003058	1	0.5714523196220398	0.5714523196220398	0.4285476803779602	0.8438894748687744	0.2842775583267212	1.3824270963668823	1	W AO T ER	1	W AO T ER	1	W AO T ER	1	W AO T ER	1	W AO T ER	1	W AO T ER	1	W AO T ER	1	W AO T ER	BOTH_CORRECT	BOTH_CORRECT
327	history	328	HH IH S T ER IY	6	0.003049	1	0.5676518678665161	0.5676518678665161	0.4323481321334839	0.8361386060714722	0.31658118963241577	1.3967397212982178	1	HH IH S T ER IY	1	HH IH S T ER IY	1	HH IH S T ER IY	1	HH IH S T ER IY	1	HH IH S T ER IY	1	HH IH S T ER IY	1	HH IH S T ER IY	1	HH IH S T ER IY	BOTH_CORRECT	BOTH_CORRECT
328	pictures	329	P IH K CH ER Z	6	0.00304	1	0.565132200717926	0.565132200717926	0.434867799282074	0.8310088515281677	0.09173852205276489	2.829680919647217	1	P IH K CH ER Z	1	P IH K CH ER Z	1	P IH K CH ER Z	1	P IH K CH ER Z	1	P IH K CH ER Z	1	P IH K CH ER Z	1	P IH K CH ER Z	1	P IH K CH ER Z	BOTH_CORRECT	BOTH_CORRECT
329	size	330	S AY Z	3	0.00303	1	0.5485210418701172	0.5485210418701172	0.4514789581298828	0.7973483800888062	0.16650021076202393	2.278071165084839	1	S AY Z	1	S AY Z	1	S AY Z	1	S AY Z	1	S AY Z	1	S AY Z	1	S AY Z	1	S AY Z	BOTH_CORRECT	BOTH_CORRECT
330	art	331	AA R T	3	0.003021	1	0.5416553616523743	0.5416553616523743	0.45834463834762573	0.78350430727005	0.1105378270149231	3.8503241539001465	1	AA R T	1	AA R T	1	AA R T	1	AA R T	1	AA R T	1	AA R T	1	AA R T	1	AA R T	BOTH_CORRECT	BOTH_CORRECT
331	personal	332	P ER S IH N AH L	7	0.003012	1	0.5754724740982056	0.5754724740982056	0.42452752590179443	0.8521073460578918	0.3040258288383484	1.233373761177063	1	P ER S IH N AH L	1	P ER S IH N AH L	1	P ER S IH N AH L	1	P ER S IH N AH L	1	P ER S IH N AH L	1	P ER S IH N AH L	1	P ER S IH N AH L	1	P ER S IH N AH L	BOTH_CORRECT	BOTH_CORRECT
332	since	333	S IH N S	4	0.003003	1	0.5221924185752869	0.5221924185752869	0.47780758142471313	0.7444140911102295	0.06264925003051758	17.97865104675293	1	S IH N S	1	S IH N S	1	S IH N S	1	S IH N S	1	S IH N S	1	S IH N S	1	S IH N S	1	S IH N S	BOTH_CORRECT	BOTH_CORRECT
333	including	334	IH N K L UW D IH NG	8	0.002994	1	0.5653809309005737	0.5653809309005737	0.43461906909942627	0.831514835357666	0.055928587913513184	4.482885360717773	1	IH N K L UW D IH NG	1	IH N K L UW D IH NG	1	IH N K L UW D IH NG	1	IH N K L UW D IH NG	1	IH N K L UW D IH NG	1	IH N K L UW D IH NG	1	IH N K L UW D IH NG	1	IH N K L UW D IH NG	BOTH_CORRECT	BOTH_CORRECT
334	guide	335	G AY D	3	0.002985	1	0.5765820741653442	0.5765820741653442	0.42341792583465576	0.8543789982795715	0.11318725347518921	1.4083151817321777	1	G AY D	1	G AY D	1	G AY D	1	G AY D	1	G AY D	1	G AY D	1	G AY D	1	G AY D	BOTH_CORRECT	BOTH_CORRECT
335	shop	336	SH AA P	3	0.002976	1	0.5825828313827515	0.5825828313827515	0.41741716861724854	0.8666926026344299	0.12174791097640991	2.174595594406128	1	SH AA P	1	SH AA P	1	SH AA P	1	SH AA P	1	SH AA P	1	SH AA P	1	SH AA P	1	SH AA P	BOTH_CORRECT	BOTH_CORRECT
336	directory	337	D ER EH K T ER IY	7	0.002967	1	0.5576552748680115	0.5576552748680115	0.4423447251319885	0.8158257007598877	0.21667426824569702	1.0915594100952148	1	D ER EH K T ER IY	1	D ER EH K T ER IY	1	D ER EH K T ER IY	1	D ER EH K T ER IY	1	D ER EH K T ER IY	1	D ER EH K T ER IY	1	D ER EH K T ER IY	1	D ER EH K T ER IY	BOTH_CORRECT	BOTH_CORRECT
337	board	338	B AO R D	4	0.002959	1	0.5474129319190979	0.5474129319190979	0.4525870680809021	0.7951115369796753	0.180283784866333	1.728857398033142	1	B AO R D	1	B AO R D	1	B AO R D	1	B AO R D	1	B AO R D	1	B AO R D	1	B AO R D	1	B AO R D	BOTH_CORRECT	BOTH_CORRECT
338	location	339	L OW K EY SH AH N	7	0.00295	1	0.5800408124923706	0.5800408124923706	0.4199591875076294	0.8614705204963684	0.18264108896255493	1.3247979879379272	1	L OW K EY SH AH N	1	L OW K EY SH AH N	1	L OW K EY SH AH N	1	L OW K EY SH AH N	1	L OW K EY SH AH N	1	L OW K EY SH AH N	1	L OW K EY SH AH N	1	L OW K EY SH AH N	BOTH_CORRECT	BOTH_CORRECT
339	change	340	CH EY N JH	4	0.002941	1	0.5713050365447998	0.5713050365447998	0.4286949634552002	0.8435887694358826	0.056065917015075684	4.509631156921387	1	CH EY N JH	1	CH EY N JH	1	CH EY N JH	1	CH EY N JH	1	CH EY N JH	1	CH EY N JH	1	CH EY N JH	1	CH EY N JH	BOTH_CORRECT	BOTH_CORRECT
340	white	341	W AY T	3	0.002933	1	0.5436128377914429	0.5436128377914429	0.45638716220855713	0.7874479293823242	0.13283491134643555	2.0492844581604004	1	W AY T	1	W AY T	1	W AY T	1	W AY T	1	W AY T	1	W AY T	1	W AY T	1	W AY T	BOTH_CORRECT	BOTH_CORRECT
341	text	342	T EH K S T	5	0.002924	1	0.5597715973854065	0.5597715973854065	0.4402284026145935	0.8201175332069397	0.20262151956558228	1.7058231830596924	1	T EH K S T	1	T EH K S T	1	T EH K S T	1	T EH K S T	1	T EH K S T	1	T EH K S T	1	T EH K S T	1	T EH K S T	BOTH_CORRECT	BOTH_CORRECT
342	small	343	S M AO L	4	0.002915	1	0.5522017478942871	0.5522017478942871	0.4477982521057129	0.8047853708267212	0.07138311862945557	3.786637544631958	1	S M AO L	1	S M AO L	1	S M AO L	1	S M AO L	1	S M AO L	1	S M AO L	1	S M AO L	1	S M AO L	BOTH_CORRECT	BOTH_CORRECT
343	rating	344	R EY T IH NG	5	0.002907	1	0.5659446716308594	0.5659446716308594	0.4340553283691406	0.8326621651649475	0.08235496282577515	1.7697396278381348	1	R EY T IH NG	1	R EY T IH NG	1	R EY T IH NG	1	R EY T IH NG	1	R EY T IH NG	1	R EY T IH NG	1	R EY T IH NG	1	R EY T IH NG	BOTH_CORRECT	BOTH_CORRECT
344	rate	345	R EY T	3	0.002899	1	0.5398664474487305	0.5398664474487305	0.46013355255126953	0.7799025177955627	0.028214693069458008	5.153122901916504	1	R EY T	1	R EY T	1	R EY T	1	R EY T	1	R EY T	1	R EY T	1	R EY T	1	R EY T	BOTH_CORRECT	BOTH_CORRECT
345	government	346	G AH V ER M AH N T	8	0.00289	1	0.5751105546951294	0.5751105546951294	0.4248894453048706	0.8513666391372681	0.14975154399871826	2.0465340614318848	1	G AH V ER M AH N T	1	G AH V ER M AH N T	1	G AH V ER M AH N T	1	G AH V ER M AH N T	1	G AH V ER M AH N T	1	G AH V ER M AH N T	1	G AH V ER M AH N T	1	G AH V ER M AH N T	BOTH_CORRECT	BOTH_CORRECT
346	children	347	CH IH L D R AH N	7	0.002882	1	0.5728488564491272	0.5728488564491272	0.4271511435508728	0.8467419743537903	0.13240087032318115	2.296576976776123	1	CH IH L D R AH N	1	CH IH L D R AH N	1	CH IH L D R AH N	1	CH IH L D R AH N	1	CH IH L D R AH N	1	CH IH L D R AH N	1	CH IH L D R AH N	1	CH IH L D R AH N	BOTH_CORRECT	BOTH_CORRECT
347	during	348	D UH R IH NG	5	0.002874	1	0.5810458064079285	0.5810458064079285	0.41895419359207153	0.8635339736938477	0.24429023265838623	1.597024917602539	1	D UH R IH NG	1	D UH R IH NG	1	D UH R IH NG	1	D UH R IH NG	1	D UH R IH NG	1	D UH R IH NG	1	D UH R IH NG	1	D UH R IH NG	BOTH_CORRECT	BOTH_CORRECT
348	usa	349	Y UW EH S EY	5	0.002865	1	0.573590099811554	0.573590099811554	0.42640990018844604	0.8482568860054016	0.40670281648635864	0.9615462422370911	1	Y UW EH S EY	1	Y UW EH S EY	1	Y UW EH S EY	1	Y UW EH S EY	1	Y UW EH S EY	1	Y UW EH S EY	1	Y UW EH S EY	1	Y UW EH S EY	BOTH_CORRECT	BOTH_CORRECT
349	return	350	R IH T ER N	5	0.002857	1	0.5880698561668396	0.5880698561668396	0.4119301438331604	0.8779959678649902	0.17237263917922974	1.7647327184677124	1	R IH T ER N	1	R IH T ER N	1	R IH T ER N	1	R IH T ER N	1	R IH T ER N	1	R IH T ER N	1	R IH T ER N	1	R IH T ER N	BOTH_CORRECT	BOTH_CORRECT
350	students	351	S T UW D AH N T S	8	0.002849	1	0.5856881141662598	0.5856881141662598	0.41431188583374023	0.8730841875076294	0.11751610040664673	2.4995903968811035	1	S T UW D AH N T S	1	S T UW D AH N T S	1	S T UW D AH N T S	1	S T UW D AH N T S	1	S T UW D AH N T S	1	S T UW D AH N T S	1	S T UW D AH N T S	1	S T UW D AH N T S	BOTH_CORRECT	BOTH_CORRECT
351	v	352	V IY	2	0.002841	1	0.5417748689651489	0.5417748689651489	0.4582251310348511	0.7837449312210083	0.2748751640319824	1.1584053039550781	1	V IY	1	V IY	1	V IY	1	V IY	1	V IY	1	V IY	1	V IY	1	V IY	BOTH_CORRECT	BOTH_CORRECT
352	shopping	353	SH AA P IH NG	5	0.002833	1	0.5561297535896301	0.5561297535896301	0.4438702464103699	0.8127346038818359	0.1325833797454834	2.1811962127685547	1	SH AA P IH NG	1	SH AA P IH NG	1	SH AA P IH NG	1	SH AA P IH NG	1	SH AA P IH NG	1	SH AA P IH NG	1	SH AA P IH NG	1	SH AA P IH NG	BOTH_CORRECT	BOTH_CORRECT
353	account	354	AH K AW N T	5	0.002825	1	0.5475930571556091	0.5475930571556091	0.45240694284439087	0.7954751253128052	0.043291568756103516	2.6571109294891357	1	AH K AW N T	1	AH K AW N T	1	AH K AW N T	1	AH K AW N T	1	AH K AW N T	1	AH K AW N T	1	AH K AW N T	1	AH K AW N T	BOTH_CORRECT	BOTH_CORRECT
354	times	355	T AY M Z	4	0.002817	1	0.5580177903175354	0.5580177903175354	0.4419822096824646	0.8165605664253235	0.15694665908813477	2.813319683074951	1	T AY M Z	1	T AY M Z	1	T AY M Z	1	T AY M Z	1	T AY M Z	1	T AY M Z	1	T AY M Z	1	T AY M Z	BOTH_CORRECT	BOTH_CORRECT
355	sites	356	S AY T S	4	0.002809	1	0.5742028951644897	0.5742028951644897	0.42579710483551025	0.8495098948478699	0.15010946989059448	1.4145784378051758	1	S AY T S	1	S AY T S	1	S AY T S	1	S AY T S	1	S AY T S	1	S AY T S	1	S AY T S	1	S AY T S	BOTH_CORRECT	BOTH_CORRECT
356	level	357	L EH V AH L	5	0.002801	1	0.5856541395187378	0.5856541395187378	0.4143458604812622	0.8730142116546631	0.08974647521972656	1.6880251169204712	1	L EH V AH L	1	L EH V AH L	1	L EH V AH L	1	L EH V AH L	1	L EH V AH L	1	L EH V AH L	1	L EH V AH L	1	L EH V AH L	BOTH_CORRECT	BOTH_CORRECT
357	digital	358	D IH JH AH T AH L	7	0.002793	1	0.5589022636413574	0.5589022636413574	0.4410977363586426	0.818354070186615	0.2823936343193054	1.4601088762283325	1	D IH JH AH T AH L	1	D IH JH AH T AH L	1	D IH JH AH T AH L	1	D IH JH AH T AH L	1	D IH JH AH T AH L	1	D IH JH AH T AH L	1	D IH JH AH T AH L	1	D IH JH AH T AH L	BOTH_CORRECT	BOTH_CORRECT
358	profile	359	P R OW F AY L	6	0.002786	1	0.5677725076675415	0.5677725076675415	0.4322274923324585	0.8363842964172363	0.2923430800437927	0.9979239106178284	1	P R OW F AY L	1	P R OW F AY L	1	P R OW F AY L	1	P R OW F AY L	1	P R OW F AY L	1	P R OW F AY L	1	P R OW F AY L	1	P R OW F AY L	BOTH_CORRECT	BOTH_CORRECT
359	previous	360	P R IY V IY AH S	7	0.002778	1	0.5513938069343567	0.5513938069343567	0.4486061930656433	0.8031519651412964	0.1795712113380432	3.010246753692627	1	P R IY V IY AH S	1	P R IY V IY AH S	1	P R IY V IY AH S	1	P R IY V IY AH S	1	P R IY V IY AH S	1	P R IY V IY AH S	1	P R IY V IY AH S	1	P R IY V IY AH S	BOTH_CORRECT	BOTH_CORRECT
360	form	361	F AO R M	4	0.00277	1	0.5536078214645386	0.5536078214645386	0.4463921785354614	0.8076293468475342	0.08371710777282715	2.8840672969818115	1	F AO R M	1	F AO R M	1	F AO R M	1	F AO R M	1	F AO R M	1	F AO R M	1	F AO R M	1	F AO R M	BOTH_CORRECT	BOTH_CORRECT
361	events	362	IH V EH N T S	6	0.002762	1	0.5703572630882263	0.5703572630882263	0.4296427369117737	0.8416544198989868	0.12222015857696533	1.6631860733032227	1	IH V EH N T S	1	IH V EH N T S	1	IH V EH N T S	1	IH V EH N T S	1	IH V EH N T S	1	IH V EH N T S	1	IH V EH N T S	1	IH V EH N T S	BOTH_CORRECT	BOTH_CORRECT
362	love	363	L AH V	3	0.002755	1	0.5520817637443542	0.5520817637443542	0.44791823625564575	0.8045427203178406	0.14574557542800903	3.869565963745117	1	L AH V	1	L AH V	1	L AH V	1	L AH V	1	L AH V	1	L AH V	1	L AH V	1	L AH V	BOTH_CORRECT	BOTH_CORRECT
363	old	364	OW L D	3	0.002747	1	0.5353842973709106	0.5353842973709106	0.46461570262908936	0.7708871364593506	0.24225562810897827	2.2353951930999756	1	OW L D	1	OW L D	0	L AO D	1	OW L D	1	OW L D	1	OW L D	0	L AO D	1	OW L D	WM_ONLY_CORRECT	WM_ONLY_CORRECT
364	john	365	JH AA N	3	0.00274	1	0.5274417996406555	0.5274417996406555	0.4725582003593445	0.7549387216567993	0.12192094326019287	10.066323280334473	1	JH AA N	1	JH AA N	1	JH AA N	1	JH AA N	1	JH AA N	1	JH AA N	1	JH AA N	1	JH AA N	BOTH_CORRECT	BOTH_CORRECT
365	main	366	M EY N	3	0.002732	1	0.5311728119850159	0.5311728119850159	0.46882718801498413	0.7624266147613525	0.2782887816429138	1.8234866857528687	1	M EY N	1	M EY N	1	M EY N	1	M EY N	1	M EY N	1	M EY N	1	M EY N	1	M EY N	BOTH_CORRECT	BOTH_CORRECT
366	call	367	K AO L	3	0.002725	1	0.5381267070770264	0.5381267070770264	0.46187329292297363	0.7764018177986145	0.07796376943588257	5.1080217361450195	1	K AO L	1	K AO L	1	K AO L	1	K AO L	1	K AO L	1	K AO L	1	K AO L	1	K AO L	BOTH_CORRECT	BOTH_CORRECT
367	hours	368	AW ER Z	3	0.002717	1	0.5645682215690613	0.5645682215690613	0.4354317784309387	0.8298616409301758	0.1391785740852356	2.8509955406188965	1	AW ER Z	1	AW ER Z	1	AW ER Z	1	AW ER Z	1	AW ER Z	1	AW ER Z	1	AW ER Z	1	AW ER Z	BOTH_CORRECT	BOTH_CORRECT
368	image	369	IH M AH JH	4	0.00271	1	0.5628490447998047	0.5628490447998047	0.4371509552001953	0.8263664245605469	0.1759110689163208	1.5464754104614258	1	IH M AH JH	1	IH M AH JH	1	IH M AH JH	1	IH M AH JH	1	IH M AH JH	1	IH M AH JH	1	IH M AH JH	1	IH M AH JH	BOTH_CORRECT	BOTH_CORRECT
369	title	370	T AY T AH L	5	0.002703	1	0.5706369876861572	0.5706369876861572	0.4293630123138428	0.8422252535820007	0.12735587358474731	1.8108572959899902	1	T AY T AH L	1	T AY T AH L	1	T AY T AH L	1	T AY T AH L	1	T AY T AH L	1	T AY T AH L	1	T AY T AH L	1	T AY T AH L	BOTH_CORRECT	BOTH_CORRECT
370	non	371	N AA N	3	0.002695	1	0.5303094387054443	0.5303094387054443	0.46969056129455566	0.7606933116912842	0.28971415758132935	2.4259045124053955	1	N AA N	1	N AA N	1	N AA N	1	N AA N	1	N AA N	1	N AA N	1	N AA N	1	N AA N	BOTH_CORRECT	BOTH_CORRECT
371	k	372	K EY	2	0.002688	1	0.5176340341567993	0.5176340341567993	0.4823659658432007	0.7352826595306396	0.1314314603805542	2.511697769165039	1	K EY	1	K EY	1	K EY	1	K EY	1	K EY	1	K EY	1	K EY	1	K EY	BOTH_CORRECT	BOTH_CORRECT
372	y	373	W AY	2	0.002681	1	0.5115083456039429	0.5115083456039429	0.48849165439605713	0.7230207324028015	0.2248235046863556	2.1738297939300537	1	W AY	1	W AY	1	W AY	1	W AY	1	W AY	1	W AY	1	W AY	1	W AY	BOTH_CORRECT	BOTH_CORRECT
373	insurance	374	IH N SH UH R AH N S	8	0.002674	1	0.56683748960495	0.56683748960495	0.43316251039505005	0.834479808807373	0.24845147132873535	1.401067852973938	1	IH N SH UH R AH N S	1	IH N SH UH R AH N S	1	IH N SH UH R AH N S	1	IH N SH UH R AH N S	1	IH N SH UH R AH N S	1	IH N SH UH R AH N S	1	IH N SH UH R AH N S	1	IH N SH UH R AH N S	BOTH_CORRECT	BOTH_CORRECT
374	another	375	AH N AH DH ER	5	0.002667	1	0.5783082246780396	0.5783082246780396	0.42169177532196045	0.8579161763191223	0.11146020889282227	2.623904228210449	1	AH N AH DH ER	1	AH N AH DH ER	1	AH N AH DH ER	1	AH N AH DH ER	1	AH N AH DH ER	1	AH N AH DH ER	1	AH N AH DH ER	1	AH N AH DH ER	BOTH_CORRECT	BOTH_CORRECT
375	why	376	W AY	2	0.00266	1	0.5115083456039429	0.5115083456039429	0.48849165439605713	0.7230207324028015	0.2248235046863556	2.1738297939300537	1	W AY	1	W AY	1	W AY	1	W AY	1	W AY	1	W AY	1	W AY	1	W AY	BOTH_CORRECT	BOTH_CORRECT
376	shall	377	SH AE L	3	0.002653	1	0.5707281231880188	0.5707281231880188	0.4292718768119812	0.8424112200737	0.3206627368927002	1.113152265548706	1	SH AE L	1	SH AE L	1	SH AE L	1	SH AE L	1	SH AE L	1	SH AE L	1	SH AE L	1	SH AE L	BOTH_CORRECT	BOTH_CORRECT
377	property	378	P R AA P ER T IY	7	0.002646	1	0.5748528242111206	0.5748528242111206	0.4251471757888794	0.8508393168449402	0.17896044254302979	1.3420863151550293	1	P R AA P ER T IY	1	P R AA P ER T IY	1	P R AA P ER T IY	1	P R AA P ER T IY	1	P R AA P ER T IY	1	P R AA P ER T IY	1	P R AA P ER T IY	1	P R AA P ER T IY	BOTH_CORRECT	BOTH_CORRECT
378	class	379	K L AE S	4	0.002639	1	0.5349119305610657	0.5349119305610657	0.4650880694389343	0.7699376940727234	0.11491364240646362	2.310751438140869	1	K L AE S	1	K L AE S	1	K L AE S	1	K L AE S	1	K L AE S	1	K L AE S	1	K L AE S	1	K L AE S	BOTH_CORRECT	BOTH_CORRECT
379	cd	380	S IY D IY	4	0.002632	1	0.5714597702026367	0.5714597702026367	0.4285402297973633	0.8439046740531921	0.1305224895477295	2.3723998069763184	1	S IY D IY	1	S IY D IY	1	S IY D IY	1	S IY D IY	1	S IY D IY	1	S IY D IY	1	S IY D IY	1	S IY D IY	BOTH_CORRECT	BOTH_CORRECT
380	still	381	S T IH L	4	0.002625	1	0.56798255443573	0.56798255443573	0.43201744556427	0.8368123769760132	0.13589602708816528	6.961779594421387	1	S T IH L	1	S T IH L	1	S T IH L	1	S T IH L	1	S T IH L	1	S T IH L	1	S T IH L	1	S T IH L	BOTH_CORRECT	BOTH_CORRECT
381	money	382	M AH N IY	4	0.002618	1	0.5805397033691406	0.5805397033691406	0.4194602966308594	0.8624946475028992	0.11724036931991577	2.53538179397583	1	M AH N IY	1	M AH N IY	1	M AH N IY	1	M AH N IY	1	M AH N IY	1	M AH N IY	1	M AH N IY	1	M AH N IY	BOTH_CORRECT	BOTH_CORRECT
382	quality	383	K W AA L AH T IY	7	0.002611	1	0.566851019859314	0.566851019859314	0.43314898014068604	0.8345072865486145	0.23172271251678467	1.3912594318389893	1	K W AA L AH T IY	1	K W AA L AH T IY	1	K W AA L AH T IY	1	K W AA L AH T IY	1	K W AA L AH T IY	1	K W AA L AH T IY	1	K W AA L AH T IY	1	K W AA L AH T IY	BOTH_CORRECT	BOTH_CORRECT
383	every	384	EH V ER IY	4	0.002604	1	0.5606476068496704	0.5606476068496704	0.4393523931503296	0.8218953609466553	0.18302017450332642	3.8922462463378906	1	EH V ER IY	1	EH V ER IY	1	EH V ER IY	1	EH V ER IY	1	EH V ER IY	1	EH V ER IY	1	EH V ER IY	1	EH V ER IY	BOTH_CORRECT	BOTH_CORRECT
384	listing	385	L IH S T IH NG	6	0.002597	1	0.5656591653823853	0.5656591653823853	0.43434083461761475	0.832081139087677	0.16879600286483765	1.4536536931991577	1	L IH S T IH NG	1	L IH S T IH NG	1	L IH S T IH NG	1	L IH S T IH NG	1	L IH S T IH NG	1	L IH S T IH NG	1	L IH S T IH NG	1	L IH S T IH NG	BOTH_CORRECT	BOTH_CORRECT
385	content	386	K AA N T EH N T	7	0.002591	1	0.5710312724113464	0.5710312724113464	0.42896872758865356	0.8430300354957581	0.28221964836120605	1.2941299676895142	1	K AA N T EH N T	1	K AA N T EH N T	1	K AA N T EH N T	1	K AA N T EH N T	1	K AA N T EH N T	1	K AA N T EH N T	1	K AA N T EH N T	1	K AA N T EH N T	BOTH_CORRECT	BOTH_CORRECT
386	country	387	K AH N T R IY	6	0.002584	1	0.5612965822219849	0.5612965822219849	0.43870341777801514	0.8232128620147705	0.09271597862243652	3.4037835597991943	1	K AH N T R IY	1	K AH N T R IY	1	K AH N T R IY	1	K AH N T R IY	1	K AH N T R IY	1	K AH N T R IY	1	K AH N T R IY	1	K AH N T R IY	BOTH_CORRECT	BOTH_CORRECT
387	private	388	P R AY V AH T	6	0.002577	1	0.5591679811477661	0.5591679811477661	0.4408320188522339	0.8188929557800293	0.28648197650909424	1.6379330158233643	1	P R AY V AH T	1	P R AY V AH T	1	P R AY V AH T	1	P R AY V AH T	1	P R AY V AH T	1	P R AY V AH T	1	P R AY V AH T	1	P R AY V AH T	BOTH_CORRECT	BOTH_CORRECT
388	little	389	L IH T AH L	5	0.002571	1	0.5630670785903931	0.5630670785903931	0.43693292140960693	0.8268095254898071	0.17345201969146729	5.345071792602539	1	L IH T AH L	1	L IH T AH L	1	L IH T AH L	1	L IH T AH L	1	L IH T AH L	1	L IH T AH L	1	L IH T AH L	1	L IH T AH L	BOTH_CORRECT	BOTH_CORRECT
389	visit	390	V IH Z IH T	5	0.002564	1	0.5816249251365662	0.5816249251365662	0.41837507486343384	0.8647237420082092	0.13671183586120605	2.0327842235565186	1	V IH Z IH T	1	V IH Z IH T	1	V IH Z IH T	1	V IH Z IH T	1	V IH Z IH T	1	V IH Z IH T	1	V IH Z IH T	1	V IH Z IH T	BOTH_CORRECT	BOTH_CORRECT
390	save	391	S EY V	3	0.002558	1	0.5564360618591309	0.5564360618591309	0.44356393814086914	0.8133551478385925	0.12391388416290283	1.936559796333313	1	S EY V	1	S EY V	1	S EY V	1	S EY V	1	S EY V	1	S EY V	1	S EY V	1	S EY V	BOTH_CORRECT	BOTH_CORRECT
391	tools	392	T UW L Z	4	0.002551	1	0.5757788419723511	0.5757788419723511	0.4242211580276489	0.8527342677116394	0.13812386989593506	1.4311504364013672	1	T UW L Z	1	T UW L Z	1	T UW L Z	1	T UW L Z	1	T UW L Z	1	T UW L Z	1	T UW L Z	1	T UW L Z	BOTH_CORRECT	BOTH_CORRECT
392	low	393	L OW	2	0.002545	1	0.5134011507034302	0.5134011507034302	0.4865988492965698	0.7268087267875671	0.10380005836486816	11.459187507629395	1	L OW	1	L OW	1	L OW	1	L OW	1	L OW	1	L OW	1	L OW	1	L OW	BOTH_CORRECT	BOTH_CORRECT
393	reply	394	R IH P L AY	5	0.002538	1	0.5389425754547119	0.5389425754547119	0.4610574245452881	0.7780432105064392	0.14527016878128052	2.2162697315216064	1	R IH P L AY	1	R IH P L AY	1	R IH P L AY	1	R IH P L AY	1	R IH P L AY	1	R IH P L AY	1	R IH P L AY	1	R IH P L AY	BOTH_CORRECT	BOTH_CORRECT
394	customer	395	K AH S T AH M ER	7	0.002532	1	0.568191647529602	0.568191647529602	0.43180835247039795	0.8372384905815125	0.11914801597595215	1.5882549285888672	1	K AH S T AH M ER	1	K AH S T AH M ER	1	K AH S T AH M ER	1	K AH S T AH M ER	1	K AH S T AH M ER	1	K AH S T AH M ER	1	K AH S T AH M ER	1	K AH S T AH M ER	BOTH_CORRECT	BOTH_CORRECT
395	december	396	D IH S EH M B ER	7	0.002525	1	0.5350437164306641	0.5350437164306641	0.46495628356933594	0.7702025175094604	0.0063724517822265625	10.513893127441406	1	D IH S EH M B ER	1	D IH S EH M B ER	1	D IH S EH M B ER	1	D IH S EH M B ER	1	D IH S EH M B ER	1	D IH S EH M B ER	1	D IH S EH M B ER	1	D IH S EH M B ER	BOTH_CORRECT	BOTH_CORRECT
396	compare	397	K AH M P EH R	6	0.002519	1	0.5530697703361511	0.5530697703361511	0.4469302296638489	0.8065407872200012	0.17277073860168457	1.562636137008667	1	K AH M P EH R	1	K AH M P EH R	1	K AH M P EH R	1	K AH M P EH R	1	K AH M P EH R	1	K AH M P EH R	1	K AH M P EH R	1	K AH M P EH R	BOTH_CORRECT	BOTH_CORRECT
397	movies	398	M UW V IY Z	5	0.002513	1	0.5831956267356873	0.5831956267356873	0.41680437326431274	0.8679528832435608	0.08056145906448364	2.656641960144043	1	M UW V IY Z	1	M UW V IY Z	1	M UW V IY Z	1	M UW V IY Z	1	M UW V IY Z	1	M UW V IY Z	1	M UW V IY Z	1	M UW V IY Z	BOTH_CORRECT	BOTH_CORRECT
398	include	399	IH N K L UW D	6	0.002506	1	0.5670883655548096	0.5670883655548096	0.43291163444519043	0.8349906802177429	0.06433695554733276	3.4151384830474854	1	IH N K L UW D	1	IH N K L UW D	1	IH N K L UW D	1	IH N K L UW D	1	IH N K L UW D	1	IH N K L UW D	1	IH N K L UW D	1	IH N K L UW D	BOTH_CORRECT	BOTH_CORRECT
399	college	400	K AA L IH JH	5	0.0025	1	0.5720731616020203	0.5720731616020203	0.42792683839797974	0.8451573252677917	0.1587691307067871	2.285792827606201	1	K AA L IH JH	1	K AA L IH JH	1	K AA L IH JH	1	K AA L IH JH	1	K AA L IH JH	1	K AA L IH JH	1	K AA L IH JH	1	K AA L IH JH	BOTH_CORRECT	BOTH_CORRECT
