{
  "lexicon": "bundled-en",
  "n_train": 2500,
  "serial_position": [
    0.972222222222222,
    0.9900000000000001,
    0.02694444444444444,
    0.021111111111111112,
    0.021666666666666667,
    0.02861111111111111,
    0.02472222222222222,
    1.0,
    1.0
  ],
  "accuracy": {
    "trained word": {
      "ventral": 1.0,
      "dorsal": 0.44279998540878296,
      "gated": 1.0
    },
    "unseen real word": {
      "ventral": 0.9424999952316284,
      "dorsal": 0.32249999046325684,
      "gated": 0.9624999761581421
    },
    "nonword": {
      "ventral": 0.6324999928474426,
      "dorsal": 0.45249998569488525,
      "gated": 0.7925000190734863
    }
  }
}