{
  "lexicon_source": "bundled-en",
  "n_words": 4000,
  "final_loss": {
    "epoch": 30,
    "train_total": 0.9016305010459003,
    "train_rep": 0.012690682502956513,
    "train_wm": 0.030626436855424852,
    "val_rep": 0.13339099983374278,
    "val_wm": 0.19764766295750935
  },
  "generalization": {
    "seen": {
      "ltm": {
        "phoneme": 0.993614912033081,
        "word": 0.9675
      },
      "wm": {
        "phoneme": 0.9990176558494568,
        "word": 0.995
      },
      "full": {
        "phoneme": 1.0,
        "word": 1.0
      }
    },
    "unseen": {
      "ltm": {
        "phoneme": 0.9144951105117798,
        "word": 0.6575
      },
      "wm": {
        "phoneme": 0.9511400461196899,
        "word": 0.8025
      },
      "full": {
        "phoneme": 0.9678338766098022,
        "word": 0.845
      }
    }
  },
  "primacy_recency": {
    "primacy": 0.6677083224058151,
    "recency": 0.09322916654249032,
    "middle": 0.28680555522441864,
    "u_shape_gap": -0.19357638868192834
  },
  "neighborhood": {
    "sparse word": {
      "error": 0.02302861213684082,
      "gate": 0.2966199815273285,
      "confidence": 0.28141146898269653,
      "density": 227.62820434570312
    },
    "dense word": {
      "error": 0.0010193586349487305,
      "gate": 0.33062446117401123,
      "confidence": 0.3192811906337738,
      "density": 162.78834533691406
    },
    "non-word": {
      "error": 0.48167937994003296,
      "gate": 0.2959129810333252,
      "confidence": 0.281197726726532,
      "density": 212.98220825195312
    }
  },
  "sonority": {
    "distance_confusion_corr": 0.04072590374940135
  },
  "dissociation": {
    "ventral_frequency_effect": 0.01968461275100708,
    "ventral_length_effect": 0.018216311931610107,
    "dorsal_frequency_effect": 0.005153859655062432,
    "dorsal_length_effect": 0.01816435158252705
  },
  "ablation": {
    "dorsal": {
      "0.0": {
        "word": [
          1.0,
          0.0
        ],
        "nonword": [
          0.86,
          0.0
        ]
      },
      "0.2": {
        "word": [
          0.9986666666666666,
          0.0005443310539518117
        ],
        "nonword": [
          0.8323333333333334,
          0.004767430656205539
        ]
      },
      "0.4": {
        "word": [
          0.9586666666666666,
          0.003950308629918045
        ],
        "nonword": [
          0.6943333333333334,
          0.01031659337016983
        ]
      },
      "0.6": {
        "word": [
          0.7683333333333333,
          0.01082121829703563
        ],
        "nonword": [
          0.3583333333333333,
          0.018299632324445116
        ]
      },
      "0.8": {
        "word": [
          0.442,
          0.00927228713112225
        ],
        "nonword": [
          0.08166666666666665,
          0.004423562052754308
        ]
      },
      "1.0": {
        "word": [
          0.21000000000000002,
          0.003912625969257557
        ],
        "nonword": [
          0.018666666666666668,
          0.0019372884193514105
        ]
      }
    },
    "ventral": {
      "0.0": {
        "word": [
          1.0,
          0.0
        ],
        "nonword": [
          0.8533333333333334,
          0.0
        ]
      },
      "0.2": {
        "word": [
          0.9989999999999999,
          0.0005091750772173104
        ],
        "nonword": [
          0.8526666666666667,
          0.0029731307022799252
        ]
      },
      "0.4": {
        "word": [
          0.9953333333333335,
          0.0010183501544346369
        ],
        "nonword": [
          0.8320000000000001,
          0.003340732528527315
        ]
      },
      "0.6": {
        "word": [
          0.921,
          0.007201680188043907
        ],
        "nonword": [
          0.7973333333333333,
          0.005726266100766725
        ]
      },
      "0.8": {
        "word": [
          0.6816666666666666,
          0.014030390295777656
        ],
        "nonword": [
          0.7073333333333334,
          0.0062617790238246075
        ]
      },
      "1.0": {
        "word": [
          0.38466666666666666,
          0.007340064251072775
        ],
        "nonword": [
          0.5596666666666668,
          0.006333333333333333
        ]
      }
    }
  }
}