{
  "lexicon": "bundled-en",
  "n_train": 1800,
  "serial_position": [
    0.6020000000000001,
    0.488,
    0.3146666666666667,
    0.304,
    0.22966666666666663,
    0.22733333333333333,
    0.22600000000000003,
    0.2053333333333333,
    0.2876666666666666
  ],
  "accuracy": {
    "trained word": {
      "ventral": 0.972777783870697,
      "dorsal": 0.7900000214576721,
      "gated": 0.9738888740539551
    },
    "unseen real word": {
      "ventral": 0.6075000166893005,
      "dorsal": 0.5325000286102295,
      "gated": 0.5724999904632568
    },
    "nonword": {
      "ventral": 0.27000001072883606,
      "dorsal": 0.4933333396911621,
      "gated": 0.5099999904632568
    }
  }
}