,Phonemes,No_Stress,Sonority,Type,Length
0,"['P', 'T', 'AH0']","['P', 'T', 'AH']",0,CCV,3
1,"['AH0', 'P', 'T']","['AH', 'P', 'T']",0,VCC,3
2,"['P', 'T', 'OY0']","['P', 'T', 'OY']",0,CCV,3
3,"['OY0', 'P', 'T']","['OY', 'P', 'T']",0,VCC,3
4,"['P', 'T', 'AA0']","['P', 'T', 'AA']",0,CCV,3
5,"['AA0', 'P', 'T']","['AA', 'P', 'T']",0,VCC,3
6,"['P', 'T', 'AY0']","['P', 'T', 'AY']",0,CCV,3
7,"['AY0', 'P', 'T']","['AY', 'P', 'T']",0,VCC,3
8,"['P', 'T', 'ER0']","['P', 'T', 'ER']",0,CCV,3
9,"['ER0', 'P', 'T']","['ER', 'P', 'T']",0,VCC,3
10,"['P', 'T', 'AO0']","['P', 'T', 'AO']",0,CCV,3
11,"['AO0', 'P', 'T']","['AO', 'P', 'T']",0,VCC,3
12,"['P', 'T', 'UW0']","['P', 'T', 'UW']",0,CCV,3
13,"['UW0', 'P', 'T']","['UW', 'P', 'T']",0,VCC,3
14,"['P', 'T', 'IH0']","['P', 'T', 'IH']",0,CCV,3
15,"['IH0', 'P', 'T']","['IH', 'P', 'T']",0,VCC,3
16,"['P', 'T', 'EH0']","['P', 'T', 'EH']",0,CCV,3
17,"['EH0', 'P', 'T']","['EH', 'P', 'T']",0,VCC,3
18,"['P', 'T', 'UH0']","['P', 'T', 'UH']",0,CCV,3
19,"['UH0', 'P', 'T']","['UH', 'P', 'T']",0,VCC,3
20,"['P', 'T', 'IY0']","['P', 'T', 'IY']",0,CCV,3
21,"['IY0', 'P', 'T']","['IY', 'P', 'T']",0,VCC,3
22,"['P', 'T', 'EY0']","['P', 'T', 'EY']",0,CCV,3
23,"['EY0', 'P', 'T']","['EY', 'P', 'T']",0,VCC,3
24,"['P', 'T', 'OW0']","['P', 'T', 'OW']",0,CCV,3
25,"['OW0', 'P', 'T']","['OW', 'P', 'T']",0,VCC,3
26,"['P', 'T', 'AE0']","['P', 'T', 'AE']",0,CCV,3
27,"['AE0', 'P', 'T']","['AE', 'P', 'T']",0,VCC,3
28,"['P', 'T', 'AW0']","['P', 'T', 'AW']",0,CCV,3
29,"['AW0', 'P', 'T']","['AW', 'P', 'T']",0,VCC,3
30,"['P', 'K', 'AH0']","['P', 'K', 'AH']",0,CCV,3
31,"['AH0', 'P', 'K']","['AH', 'P', 'K']",0,VCC,3
32,"['P', 'K', 'OY0']","['P', 'K', 'OY']",0,CCV,3
33,"['OY0', 'P', 'K']","['OY', 'P', 'K']",0,VCC,3
34,"['P', 'K', 'AA0']","['P', 'K', 'AA']",0,CCV,3
35,"['AA0', 'P', 'K']","['AA', 'P', 'K']",0,VCC,3
36,"['P', 'K', 'AY0']","['P', 'K', 'AY']",0,CCV,3
37,"['AY0', 'P', 'K']","['AY', 'P', 'K']",0,VCC,3
38,"['P', 'K', 'ER0']","['P', 'K', 'ER']",0,CCV,3
39,"['ER0', 'P', 'K']","['ER', 'P', 'K']",0,VCC,3
40,"['P', 'K', 'AO0']","['P', 'K', 'AO']",0,CCV,3
41,"['AO0', 'P', 'K']","['AO', 'P', 'K']",0,VCC,3
42,"['P', 'K', 'UW0']","['P', 'K', 'UW']",0,CCV,3
43,"['UW0', 'P', 'K']","['UW', 'P', 'K']",0,VCC,3
44,"['P', 'K', 'IH0']","['P', 'K', 'IH']",0,CCV,3
45,"['IH0', 'P', 'K']","['IH', 'P', 'K']",0,VCC,3
46,"['P', 'K', 'EH0']","['P', 'K', 'EH']",0,CCV,3
47,"['EH0', 'P', 'K']","['EH', 'P', 'K']",0,VCC,3
48,"['P', 'K', 'UH0']","['P', 'K', 'UH']",0,CCV,3
49,"['UH0', 'P', 'K']","['UH', 'P', 'K']",0,VCC,3
50,"['P', 'K', 'IY0']","['P', 'K', 'IY']",0,CCV,3
51,"['IY0', 'P', 'K']","['IY', 'P', 'K']",0,VCC,3
52,"['P', 'K', 'EY0']","['P', 'K', 'EY']",0,CCV,3
53,"['EY0', 'P', 'K']","['EY', 'P', 'K']",0,VCC,3
54,"['P', 'K', 'OW0']","['P', 'K', 'OW']",0,CCV,3
55,"['OW0', 'P', 'K']","['OW', 'P', 'K']",0,VCC,3
56,"['P', 'K', 'AE0']","['P', 'K', 'AE']",0,CCV,3
57,"['AE0', 'P', 'K']","['AE', 'P', 'K']",0,VCC,3
58,"['P', 'K', 'AW0']","['P', 'K', 'AW']",0,CCV,3
59,"['AW0', 'P', 'K']","['AW', 'P', 'K']",0,VCC,3
60,"['P', 'B', 'AH0']","['P', 'B', 'AH']",0,CCV,3
61,"['AH0', 'P', 'B']","['AH', 'P', 'B']",0,VCC,3
62,"['P', 'B', 'OY0']","['P', 'B', 'OY']",0,CCV,3
63,"['OY0', 'P', 'B']","['OY', 'P', 'B']",0,VCC,3
64,"['P', 'B', 'AA0']","['P', 'B', 'AA']",0,CCV,3
65,"['AA0', 'P', 'B']","['AA', 'P', 'B']",0,VCC,3
66,"['P', 'B', 'AY0']","['P', 'B', 'AY']",0,CCV,3
67,"['AY0', 'P', 'B']","['AY', 'P', 'B']",0,VCC,3
68,"['P', 'B', 'ER0']","['P', 'B', 'ER']",0,CCV,3
69,"['ER0', 'P', 'B']","['ER', 'P', 'B']",0,VCC,3
70,"['P', 'B', 'AO0']","['P', 'B', 'AO']",0,CCV,3
71,"['AO0', 'P', 'B']","['AO', 'P', 'B']",0,VCC,3
72,"['P', 'B', 'UW0']","['P', 'B', 'UW']",0,CCV,3
73,"['UW0', 'P', 'B']","['UW', 'P', 'B']",0,VCC,3
74,"['P', 'B', 'IH0']","['P', 'B', 'IH']",0,CCV,3
75,"['IH0', 'P', 'B']","['IH', 'P', 'B']",0,VCC,3
76,"['P', 'B', 'EH0']","['P', 'B', 'EH']",0,CCV,3
77,"['EH0', 'P', 'B']","['EH', 'P', 'B']",0,VCC,3
78,"['P', 'B', 'UH0']","['P', 'B', 'UH']",0,CCV,3
79,"['UH0', 'P', 'B']","['UH', 'P', 'B']",0,VCC,3
80,"['P', 'B', 'IY0']","['P', 'B', 'IY']",0,CCV,3
81,"['IY0', 'P', 'B']","['IY', 'P', 'B']",0,VCC,3
82,"['P', 'B', 'EY0']","['P', 'B', 'EY']",0,CCV,3
83,"['EY0', 'P', 'B']","['EY', 'P', 'B']",0,VCC,3
84,"['P', 'B', 'OW0']","['P', 'B', 'OW']",0,CCV,3
85,"['OW0', 'P', 'B']","['OW', 'P', 'B']",0,VCC,3
86,"['P', 'B', 'AE0']","['P', 'B', 'AE']",0,CCV,3
87,"['AE0', 'P', 'B']","['AE', 'P', 'B']",0,VCC,3
88,"['P', 'B', 'AW0']","['P', 'B', 'AW']",0,CCV,3
89,"['AW0', 'P', 'B']","['AW', 'P', 'B']",0,VCC,3
90,"['P', 'D', 'AH0']","['P', 'D', 'AH']",0,CCV,3
91,"['AH0', 'P', 'D']","['AH', 'P', 'D']",0,VCC,3
92,"['P', 'D', 'OY0']","['P', 'D', 'OY']",0,CCV,3
93,"['OY0', 'P', 'D']","['OY', 'P', 'D']",0,VCC,3
94,"['P', 'D', 'AA0']","['P', 'D', 'AA']",0,CCV,3
95,"['AA0', 'P', 'D']","['AA', 'P', 'D']",0,VCC,3
96,"['P', 'D', 'AY0']","['P', 'D', 'AY']",0,CCV,3
97,"['AY0', 'P', 'D']","['AY', 'P', 'D']",0,VCC,3
98,"['P', 'D', 'ER0']","['P', 'D', 'ER']",0,CCV,3
99,"['ER0', 'P', 'D']","['ER', 'P', 'D']",0,VCC,3
100,"['P', 'D', 'AO0']","['P', 'D', 'AO']",0,CCV,3
101,"['AO0', 'P', 'D']","['AO', 'P', 'D']",0,VCC,3
102,"['P', 'D', 'UW0']","['P', 'D', 'UW']",0,CCV,3
103,"['UW0', 'P', 'D']","['UW', 'P', 'D']",0,VCC,3
104,"['P', 'D', 'IH0']","['P', 'D', 'IH']",0,CCV,3
105,"['IH0', 'P', 'D']","['IH', 'P', 'D']",0,VCC,3
106,"['P', 'D', 'EH0']","['P', 'D', 'EH']",0,CCV,3
107,"['EH0', 'P', 'D']","['EH', 'P', 'D']",0,VCC,3
108,"['P', 'D', 'UH0']","['P', 'D', 'UH']",0,CCV,3
109,"['UH0', 'P', 'D']","['UH', 'P', 'D']",0,VCC,3
110,"['P', 'D', 'IY0']","['P', 'D', 'IY']",0,CCV,3
111,"['IY0', 'P', 'D']","['IY', 'P', 'D']",0,VCC,3
112,"['P', 'D', 'EY0']","['P', 'D', 'EY']",0,CCV,3
113,"['EY0', 'P', 'D']","['EY', 'P', 'D']",0,VCC,3
114,"['P', 'D', 'OW0']","['P', 'D', 'OW']",0,CCV,3
115,"['OW0', 'P', 'D']","['OW', 'P', 'D']",0,VCC,3
116,"['P', 'D', 'AE0']","['P', 'D', 'AE']",0,CCV,3
117,"['AE0', 'P', 'D']","['AE', 'P', 'D']",0,VCC,3
118,"['P', 'D', 'AW0']","['P', 'D', 'AW']",0,CCV,3
119,"['AW0', 'P', 'D']","['AW', 'P', 'D']",0,VCC,3
120,"['P', 'G', 'AH0']","['P', 'G', 'AH']",0,CCV,3
121,"['AH0', 'P', 'G']","['AH', 'P', 'G']",0,VCC,3
122,"['P', 'G', 'OY0']","['P', 'G', 'OY']",0,CCV,3
123,"['OY0', 'P', 'G']","['OY', 'P', 'G']",0,VCC,3
124,"['P', 'G', 'AA0']","['P', 'G', 'AA']",0,CCV,3
125,"['AA0', 'P', 'G']","['AA', 'P', 'G']",0,VCC,3
126,"['P', 'G', 'AY0']","['P', 'G', 'AY']",0,CCV,3
127,"['AY0', 'P', 'G']","['AY', 'P', 'G']",0,VCC,3
128,"['P', 'G', 'ER0']","['P', 'G', 'ER']",0,CCV,3
129,"['ER0', 'P', 'G']","['ER', 'P', 'G']",0,VCC,3
130,"['P', 'G', 'AO0']","['P', 'G', 'AO']",0,CCV,3
131,"['AO0', 'P', 'G']","['AO', 'P', 'G']",0,VCC,3
132,"['P', 'G', 'UW0']","['P', 'G', 'UW']",0,CCV,3
133,"['UW0', 'P', 'G']","['UW', 'P', 'G']",0,VCC,3
134,"['P', 'G', 'IH0']","['P', 'G', 'IH']",0,CCV,3
135,"['IH0', 'P', 'G']","['IH', 'P', 'G']",0,VCC,3
136,"['P', 'G', 'EH0']","['P', 'G', 'EH']",0,CCV,3
137,"['EH0', 'P', 'G']","['EH', 'P', 'G']",0,VCC,3
138,"['P', 'G', 'UH0']","['P', 'G', 'UH']",0,CCV,3
139,"['UH0', 'P', 'G']","['UH', 'P', 'G']",0,VCC,3
140,"['P', 'G', 'IY0']","['P', 'G', 'IY']",0,CCV,3
141,"['IY0', 'P', 'G']","['IY', 'P', 'G']",0,VCC,3
142,"['P', 'G', 'EY0']","['P', 'G', 'EY']",0,CCV,3
143,"['EY0', 'P', 'G']","['EY', 'P', 'G']",0,VCC,3
144,"['P', 'G', 'OW0']","['P', 'G', 'OW']",0,CCV,3
145,"['OW0', 'P', 'G']","['OW', 'P', 'G']",0,VCC,3
146,"['P', 'G', 'AE0']","['P', 'G', 'AE']",0,CCV,3
147,"['AE0', 'P', 'G']","['AE', 'P', 'G']",0,VCC,3
148,"['P', 'G', 'AW0']","['P', 'G', 'AW']",0,CCV,3
149,"['AW0', 'P', 'G']","['AW', 'P', 'G']",0,VCC,3
150,"['P', 'F', 'AH0']","['P', 'F', 'AH']",1,CCV,3
151,"['AH0', 'P', 'F']","['AH', 'P', 'F']",-1,VCC,3
152,"['P', 'F', 'OY0']","['P', 'F', 'OY']",1,CCV,3
153,"['OY0', 'P', 'F']","['OY', 'P', 'F']",-1,VCC,3
154,"['P', 'F', 'AA0']","['P', 'F', 'AA']",1,CCV,3
155,"['AA0', 'P', 'F']","['AA', 'P', 'F']",-1,VCC,3
156,"['P', 'F', 'AY0']","['P', 'F', 'AY']",1,CCV,3
157,"['AY0', 'P', 'F']","['AY', 'P', 'F']",-1,VCC,3
158,"['P', 'F', 'ER0']","['P', 'F', 'ER']",1,CCV,3
159,"['ER0', 'P', 'F']","['ER', 'P', 'F']",-1,VCC,3
160,"['P', 'F', 'AO0']","['P', 'F', 'AO']",1,CCV,3
161,"['AO0', 'P', 'F']","['AO', 'P', 'F']",-1,VCC,3
162,"['P', 'F', 'UW0']","['P', 'F', 'UW']",1,CCV,3
163,"['UW0', 'P', 'F']","['UW', 'P', 'F']",-1,VCC,3
164,"['P', 'F', 'IH0']","['P', 'F', 'IH']",1,CCV,3
165,"['IH0', 'P', 'F']","['IH', 'P', 'F']",-1,VCC,3
166,"['P', 'F', 'EH0']","['P', 'F', 'EH']",1,CCV,3
167,"['EH0', 'P', 'F']","['EH', 'P', 'F']",-1,VCC,3
168,"['P', 'F', 'UH0']","['P', 'F', 'UH']",1,CCV,3
169,"['UH0', 'P', 'F']","['UH', 'P', 'F']",-1,VCC,3
170,"['P', 'F', 'IY0']","['P', 'F', 'IY']",1,CCV,3
171,"['IY0', 'P', 'F']","['IY', 'P', 'F']",-1,VCC,3
172,"['P', 'F', 'EY0']","['P', 'F', 'EY']",1,CCV,3
173,"['EY0', 'P', 'F']","['EY', 'P', 'F']",-1,VCC,3
174,"['P', 'F', 'OW0']","['P', 'F', 'OW']",1,CCV,3
175,"['OW0', 'P', 'F']","['OW', 'P', 'F']",-1,VCC,3
176,"['P', 'F', 'AE0']","['P', 'F', 'AE']",1,CCV,3
177,"['AE0', 'P', 'F']","['AE', 'P', 'F']",-1,VCC,3
178,"['P', 'F', 'AW0']","['P', 'F', 'AW']",1,CCV,3
179,"['AW0', 'P', 'F']","['AW', 'P', 'F']",-1,VCC,3
180,"['P', 'TH', 'AH0']","['P', 'TH', 'AH']",1,CCV,3
181,"['AH0', 'P', 'TH']","['AH', 'P', 'TH']",-1,VCC,3
182,"['P', 'TH', 'OY0']","['P', 'TH', 'OY']",1,CCV,3
183,"['OY0', 'P', 'TH']","['OY', 'P', 'TH']",-1,VCC,3
184,"['P', 'TH', 'AA0']","['P', 'TH', 'AA']",1,CCV,3
185,"['AA0', 'P', 'TH']","['AA', 'P', 'TH']",-1,VCC,3
186,"['P', 'TH', 'AY0']","['P', 'TH', 'AY']",1,CCV,3
187,"['AY0', 'P', 'TH']","['AY', 'P', 'TH']",-1,VCC,3
188,"['P', 'TH', 'ER0']","['P', 'TH', 'ER']",1,CCV,3
189,"['ER0', 'P', 'TH']","['ER', 'P', 'TH']",-1,VCC,3
190,"['P', 'TH', 'AO0']","['P', 'TH', 'AO']",1,CCV,3
191,"['AO0', 'P', 'TH']","['AO', 'P', 'TH']",-1,VCC,3
192,"['P', 'TH', 'UW0']","['P', 'TH', 'UW']",1,CCV,3
193,"['UW0', 'P', 'TH']","['UW', 'P', 'TH']",-1,VCC,3
194,"['P', 'TH', 'IH0']","['P', 'TH', 'IH']",1,CCV,3
195,"['IH0', 'P', 'TH']","['IH', 'P', 'TH']",-1,VCC,3
196,"['P', 'TH', 'EH0']","['P', 'TH', 'EH']",1,CCV,3
197,"['EH0', 'P', 'TH']","['EH', 'P', 'TH']",-1,VCC,3
198,"['P', 'TH', 'UH0']","['P', 'TH', 'UH']",1,CCV,3
199,"['UH0', 'P', 'TH']","['UH', 'P', 'TH']",-1,VCC,3
200,"['P', 'TH', 'IY0']","['P', 'TH', 'IY']",1,CCV,3
201,"['IY0', 'P', 'TH']","['IY', 'P', 'TH']",-1,VCC,3
202,"['P', 'TH', 'EY0']","['P', 'TH', 'EY']",1,CCV,3
203,"['EY0', 'P', 'TH']","['EY', 'P', 'TH']",-1,VCC,3
204,"['P', 'TH', 'OW0']","['P', 'TH', 'OW']",1,CCV,3
205,"['OW0', 'P', 'TH']","['OW', 'P', 'TH']",-1,VCC,3
206,"['P', 'TH', 'AE0']","['P', 'TH', 'AE']",1,CCV,3
207,"['AE0', 'P', 'TH']","['AE', 'P', 'TH']",-1,VCC,3
208,"['P', 'TH', 'AW0']","['P', 'TH', 'AW']",1,CCV,3
209,"['AW0', 'P', 'TH']","['AW', 'P', 'TH']",-1,VCC,3
210,"['P', 'S', 'AH0']","['P', 'S', 'AH']",1,CCV,3
211,"['AH0', 'P', 'S']","['AH', 'P', 'S']",-1,VCC,3
212,"['P', 'S', 'OY0']","['P', 'S', 'OY']",1,CCV,3
213,"['OY0', 'P', 'S']","['OY', 'P', 'S']",-1,VCC,3
214,"['P', 'S', 'AA0']","['P', 'S', 'AA']",1,CCV,3
215,"['AA0', 'P', 'S']","['AA', 'P', 'S']",-1,VCC,3
216,"['P', 'S', 'AY0']","['P', 'S', 'AY']",1,CCV,3
217,"['AY0', 'P', 'S']","['AY', 'P', 'S']",-1,VCC,3
218,"['P', 'S', 'ER0']","['P', 'S', 'ER']",1,CCV,3
219,"['ER0', 'P', 'S']","['ER', 'P', 'S']",-1,VCC,3
220,"['P', 'S', 'AO0']","['P', 'S', 'AO']",1,CCV,3
221,"['AO0', 'P', 'S']","['AO', 'P', 'S']",-1,VCC,3
222,"['P', 'S', 'UW0']","['P', 'S', 'UW']",1,CCV,3
223,"['UW0', 'P', 'S']","['UW', 'P', 'S']",-1,VCC,3
224,"['P', 'S', 'IH0']","['P', 'S', 'IH']",1,CCV,3
225,"['IH0', 'P', 'S']","['IH', 'P', 'S']",-1,VCC,3
226,"['P', 'S', 'EH0']","['P', 'S', 'EH']",1,CCV,3
227,"['EH0', 'P', 'S']","['EH', 'P', 'S']",-1,VCC,3
228,"['P', 'S', 'UH0']","['P', 'S', 'UH']",1,CCV,3
229,"['UH0', 'P', 'S']","['UH', 'P', 'S']",-1,VCC,3
230,"['P', 'S', 'IY0']","['P', 'S', 'IY']",1,CCV,3
231,"['IY0', 'P', 'S']","['IY', 'P', 'S']",-1,VCC,3
232,"['P', 'S', 'EY0']","['P', 'S', 'EY']",1,CCV,3
233,"['EY0', 'P', 'S']","['EY', 'P', 'S']",-1,VCC,3
234,"['P', 'S', 'OW0']","['P', 'S', 'OW']",1,CCV,3
235,"['OW0', 'P', 'S']","['OW', 'P', 'S']",-1,VCC,3
236,"['P', 'S', 'AE0']","['P', 'S', 'AE']",1,CCV,3
237,"['AE0', 'P', 'S']","['AE', 'P', 'S']",-1,VCC,3
238,"['P', 'S', 'AW0']","['P', 'S', 'AW']",1,CCV,3
239,"['AW0', 'P', 'S']","['AW', 'P', 'S']",-1,VCC,3
240,"['P', 'SH', 'AH0']","['P', 'SH', 'AH']",1,CCV,3
241,"['AH0', 'P', 'SH']","['AH', 'P', 'SH']",-1,VCC,3
242,"['P', 'SH', 'OY0']","['P', 'SH', 'OY']",1,CCV,3
243,"['OY0', 'P', 'SH']","['OY', 'P', 'SH']",-1,VCC,3
244,"['P', 'SH', 'AA0']","['P', 'SH', 'AA']",1,CCV,3
245,"['AA0', 'P', 'SH']","['AA', 'P', 'SH']",-1,VCC,3
246,"['P', 'SH', 'AY0']","['P', 'SH', 'AY']",1,CCV,3
247,"['AY0', 'P', 'SH']","['AY', 'P', 'SH']",-1,VCC,3
248,"['P', 'SH', 'ER0']","['P', 'SH', 'ER']",1,CCV,3
249,"['ER0', 'P', 'SH']","['ER', 'P', 'SH']",-1,VCC,3
250,"['P', 'SH', 'AO0']","['P', 'SH', 'AO']",1,CCV,3
251,"['AO0', 'P', 'SH']","['AO', 'P', 'SH']",-1,VCC,3
252,"['P', 'SH', 'UW0']","['P', 'SH', 'UW']",1,CCV,3
253,"['UW0', 'P', 'SH']","['UW', 'P', 'SH']",-1,VCC,3
254,"['P', 'SH', 'IH0']","['P', 'SH', 'IH']",1,CCV,3
255,"['IH0', 'P', 'SH']","['IH', 'P', 'SH']",-1,VCC,3
256,"['P', 'SH', 'EH0']","['P', 'SH', 'EH']",1,CCV,3
257,"['EH0', 'P', 'SH']","['EH', 'P', 'SH']",-1,VCC,3
258,"['P', 'SH', 'UH0']","['P', 'SH', 'UH']",1,CCV,3
259,"['UH0', 'P', 'SH']","['UH', 'P', 'SH']",-1,VCC,3
260,"['P', 'SH', 'IY0']","['P', 'SH', 'IY']",1,CCV,3
261,"['IY0', 'P', 'SH']","['IY', 'P', 'SH']",-1,VCC,3
262,"['P', 'SH', 'EY0']","['P', 'SH', 'EY']",1,CCV,3
263,"['EY0', 'P', 'SH']","['EY', 'P', 'SH']",-1,VCC,3
264,"['P', 'SH', 'OW0']","['P', 'SH', 'OW']",1,CCV,3
265,"['OW0', 'P', 'SH']","['OW', 'P', 'SH']",-1,VCC,3
266,"['P', 'SH', 'AE0']","['P', 'SH', 'AE']",1,CCV,3
267,"['AE0', 'P', 'SH']","['AE', 'P', 'SH']",-1,VCC,3
268,"['P', 'SH', 'AW0']","['P', 'SH', 'AW']",1,CCV,3
269,"['AW0', 'P', 'SH']","['AW', 'P', 'SH']",-1,VCC,3
270,"['P', 'Z', 'AH0']","['P', 'Z', 'AH']",1,CCV,3
271,"['AH0', 'P', 'Z']","['AH', 'P', 'Z']",-1,VCC,3
272,"['P', 'Z', 'OY0']","['P', 'Z', 'OY']",1,CCV,3
273,"['OY0', 'P', 'Z']","['OY', 'P', 'Z']",-1,VCC,3
274,"['P', 'Z', 'AA0']","['P', 'Z', 'AA']",1,CCV,3
275,"['AA0', 'P', 'Z']","['AA', 'P', 'Z']",-1,VCC,3
276,"['P', 'Z', 'AY0']","['P', 'Z', 'AY']",1,CCV,3
277,"['AY0', 'P', 'Z']","['AY', 'P', 'Z']",-1,VCC,3
278,"['P', 'Z', 'ER0']","['P', 'Z', 'ER']",1,CCV,3
279,"['ER0', 'P', 'Z']","['ER', 'P', 'Z']",-1,VCC,3
280,"['P', 'Z', 'AO0']","['P', 'Z', 'AO']",1,CCV,3
281,"['AO0', 'P', 'Z']","['AO', 'P', 'Z']",-1,VCC,3
282,"['P', 'Z', 'UW0']","['P', 'Z', 'UW']",1,CCV,3
283,"['UW0', 'P', 'Z']","['UW', 'P', 'Z']",-1,VCC,3
284,"['P', 'Z', 'IH0']","['P', 'Z', 'IH']",1,CCV,3
285,"['IH0', 'P', 'Z']","['IH', 'P', 'Z']",-1,VCC,3
286,"['P', 'Z', 'EH0']","['P', 'Z', 'EH']",1,CCV,3
287,"['EH0', 'P', 'Z']","['EH', 'P', 'Z']",-1,VCC,3
288,"['P', 'Z', 'UH0']","['P', 'Z', 'UH']",1,CCV,3
289,"['UH0', 'P', 'Z']","['UH', 'P', 'Z']",-1,VCC,3
290,"['P', 'Z', 'IY0']","['P', 'Z', 'IY']",1,CCV,3
291,"['IY0', 'P', 'Z']","['IY', 'P', 'Z']",-1,VCC,3
292,"['P', 'Z', 'EY0']","['P', 'Z', 'EY']",1,CCV,3
293,"['EY0', 'P', 'Z']","['EY', 'P', 'Z']",-1,VCC,3
294,"['P', 'Z', 'OW0']","['P', 'Z', 'OW']",1,CCV,3
295,"['OW0', 'P', 'Z']","['OW', 'P', 'Z']",-1,VCC,3
296,"['P', 'Z', 'AE0']","['P', 'Z', 'AE']",1,CCV,3
297,"['AE0', 'P', 'Z']","['AE', 'P', 'Z']",-1,VCC,3
298,"['P', 'Z', 'AW0']","['P', 'Z', 'AW']",1,CCV,3
299,"['AW0', 'P', 'Z']","['AW', 'P', 'Z']",-1,VCC,3
300,"['P', 'ZH', 'AH0']","['P', 'ZH', 'AH']",1,CCV,3
301,"['AH0', 'P', 'ZH']","['AH', 'P', 'ZH']",-1,VCC,3
302,"['P', 'ZH', 'OY0']","['P', 'ZH', 'OY']",1,CCV,3
303,"['OY0', 'P', 'ZH']","['OY', 'P', 'ZH']",-1,VCC,3
304,"['P', 'ZH', 'AA0']","['P', 'ZH', 'AA']",1,CCV,3
305,"['AA0', 'P', 'ZH']","['AA', 'P', 'ZH']",-1,VCC,3
306,"['P', 'ZH', 'AY0']","['P', 'ZH', 'AY']",1,CCV,3
307,"['AY0', 'P', 'ZH']","['AY', 'P', 'ZH']",-1,VCC,3
308,"['P', 'ZH', 'ER0']","['P', 'ZH', 'ER']",1,CCV,3
309,"['ER0', 'P', 'ZH']","['ER', 'P', 'ZH']",-1,VCC,3
310,"['P', 'ZH', 'AO0']","['P', 'ZH', 'AO']",1,CCV,3
311,"['AO0', 'P', 'ZH']","['AO', 'P', 'ZH']",-1,VCC,3
312,"['P', 'ZH', 'UW0']","['P', 'ZH', 'UW']",1,CCV,3
313,"['UW0', 'P', 'ZH']","['UW', 'P', 'ZH']",-1,VCC,3
314,"['P', 'ZH', 'IH0']","['P', 'ZH', 'IH']",1,CCV,3
315,"['IH0', 'P', 'ZH']","['IH', 'P', 'ZH']",-1,VCC,3
316,"['P', 'ZH', 'EH0']","['P', 'ZH', 'EH']",1,CCV,3
317,"['EH0', 'P', 'ZH']","['EH', 'P', 'ZH']",-1,VCC,3
318,"['P', 'ZH', 'UH0']","['P', 'ZH', 'UH']",1,CCV,3
319,"['UH0', 'P', 'ZH']","['UH', 'P', 'ZH']",-1,VCC,3
320,"['P', 'ZH', 'IY0']","['P', 'ZH', 'IY']",1,CCV,3
321,"['IY0', 'P', 'ZH']","['IY', 'P', 'ZH']",-1,VCC,3
322,"['P', 'ZH', 'EY0']","['P', 'ZH', 'EY']",1,CCV,3
323,"['EY0', 'P', 'ZH']","['EY', 'P', 'ZH']",-1,VCC,3
324,"['P', 'ZH', 'OW0']","['P', 'ZH', 'OW']",1,CCV,3
325,"['OW0', 'P', 'ZH']","['OW', 'P', 'ZH']",-1,VCC,3
326,"['P', 'ZH', 'AE0']","['P', 'ZH', 'AE']",1,CCV,3
327,"['AE0', 'P', 'ZH']","['AE', 'P', 'ZH']",-1,VCC,3
328,"['P', 'ZH', 'AW0']","['P', 'ZH', 'AW']",1,CCV,3
329,"['AW0', 'P', 'ZH']","['AW', 'P', 'ZH']",-1,VCC,3
330,"['P', 'V', 'AH0']","['P', 'V', 'AH']",1,CCV,3
331,"['AH0', 'P', 'V']","['AH', 'P', 'V']",-1,VCC,3
332,"['P', 'V', 'OY0']","['P', 'V', 'OY']",1,CCV,3
333,"['OY0', 'P', 'V']","['OY', 'P', 'V']",-1,VCC,3
334,"['P', 'V', 'AA0']","['P', 'V', 'AA']",1,CCV,3
335,"['AA0', 'P', 'V']","['AA', 'P', 'V']",-1,VCC,3
336,"['P', 'V', 'AY0']","['P', 'V', 'AY']",1,CCV,3
337,"['AY0', 'P', 'V']","['AY', 'P', 'V']",-1,VCC,3
338,"['P', 'V', 'ER0']","['P', 'V', 'ER']",1,CCV,3
339,"['ER0', 'P', 'V']","['ER', 'P', 'V']",-1,VCC,3
340,"['P', 'V', 'AO0']","['P', 'V', 'AO']",1,CCV,3
341,"['AO0', 'P', 'V']","['AO', 'P', 'V']",-1,VCC,3
342,"['P', 'V', 'UW0']","['P', 'V', 'UW']",1,CCV,3
343,"['UW0', 'P', 'V']","['UW', 'P', 'V']",-1,VCC,3
344,"['P', 'V', 'IH0']","['P', 'V', 'IH']",1,CCV,3
345,"['IH0', 'P', 'V']","['IH', 'P', 'V']",-1,VCC,3
346,"['P', 'V', 'EH0']","['P', 'V', 'EH']",1,CCV,3
347,"['EH0', 'P', 'V']","['EH', 'P', 'V']",-1,VCC,3
348,"['P', 'V', 'UH0']","['P', 'V', 'UH']",1,CCV,3
349,"['UH0', 'P', 'V']","['UH', 'P', 'V']",-1,VCC,3
350,"['P', 'V', 'IY0']","['P', 'V', 'IY']",1,CCV,3
351,"['IY0', 'P', 'V']","['IY', 'P', 'V']",-1,VCC,3
352,"['P', 'V', 'EY0']","['P', 'V', 'EY']",1,CCV,3
353,"['EY0', 'P', 'V']","['EY', 'P', 'V']",-1,VCC,3
354,"['P', 'V', 'OW0']","['P', 'V', 'OW']",1,CCV,3
355,"['OW0', 'P', 'V']","['OW', 'P', 'V']",-1,VCC,3
356,"['P', 'V', 'AE0']","['P', 'V', 'AE']",1,CCV,3
357,"['AE0', 'P', 'V']","['AE', 'P', 'V']",-1,VCC,3
358,"['P', 'V', 'AW0']","['P', 'V', 'AW']",1,CCV,3
359,"['AW0', 'P', 'V']","['AW', 'P', 'V']",-1,VCC,3
360,"['P', 'DH', 'AH0']","['P', 'DH', 'AH']",1,CCV,3
361,"['AH0', 'P', 'DH']","['AH', 'P', 'DH']",-1,VCC,3
362,"['P', 'DH', 'OY0']","['P', 'DH', 'OY']",1,CCV,3
363,"['OY0', 'P', 'DH']","['OY', 'P', 'DH']",-1,VCC,3
364,"['P', 'DH', 'AA0']","['P', 'DH', 'AA']",1,CCV,3
365,"['AA0', 'P', 'DH']","['AA', 'P', 'DH']",-1,VCC,3
366,"['P', 'DH', 'AY0']","['P', 'DH', 'AY']",1,CCV,3
367,"['AY0', 'P', 'DH']","['AY', 'P', 'DH']",-1,VCC,3
368,"['P', 'DH', 'ER0']","['P', 'DH', 'ER']",1,CCV,3
369,"['ER0', 'P', 'DH']","['ER', 'P', 'DH']",-1,VCC,3
370,"['P', 'DH', 'AO0']","['P', 'DH', 'AO']",1,CCV,3
371,"['AO0', 'P', 'DH']","['AO', 'P', 'DH']",-1,VCC,3
372,"['P', 'DH', 'UW0']","['P', 'DH', 'UW']",1,CCV,3
373,"['UW0', 'P', 'DH']","['UW', 'P', 'DH']",-1,VCC,3
374,"['P', 'DH', 'IH0']","['P', 'DH', 'IH']",1,CCV,3
375,"['IH0', 'P', 'DH']","['IH', 'P', 'DH']",-1,VCC,3
376,"['P', 'DH', 'EH0']","['P', 'DH', 'EH']",1,CCV,3
377,"['EH0', 'P', 'DH']","['EH', 'P', 'DH']",-1,VCC,3
378,"['P', 'DH', 'UH0']","['P', 'DH', 'UH']",1,CCV,3
379,"['UH0', 'P', 'DH']","['UH', 'P', 'DH']",-1,VCC,3
380,"['P', 'DH', 'IY0']","['P', 'DH', 'IY']",1,CCV,3
381,"['IY0', 'P', 'DH']","['IY', 'P', 'DH']",-1,VCC,3
382,"['P', 'DH', 'EY0']","['P', 'DH', 'EY']",1,CCV,3
383,"['EY0', 'P', 'DH']","['EY', 'P', 'DH']",-1,VCC,3
384,"['P', 'DH', 'OW0']","['P', 'DH', 'OW']",1,CCV,3
385,"['OW0', 'P', 'DH']","['OW', 'P', 'DH']",-1,VCC,3
386,"['P', 'DH', 'AE0']","['P', 'DH', 'AE']",1,CCV,3
387,"['AE0', 'P', 'DH']","['AE', 'P', 'DH']",-1,VCC,3
388,"['P', 'DH', 'AW0']","['P', 'DH', 'AW']",1,CCV,3
389,"['AW0', 'P', 'DH']","['AW', 'P', 'DH']",-1,VCC,3
390,"['P', 'HH', 'AH0']","['P', 'HH', 'AH']",1,CCV,3
391,"['AH0', 'P', 'HH']","['AH', 'P', 'HH']",-1,VCC,3
392,"['P', 'HH', 'OY0']","['P', 'HH', 'OY']",1,CCV,3
393,"['OY0', 'P', 'HH']","['OY', 'P', 'HH']",-1,VCC,3
394,"['P', 'HH', 'AA0']","['P', 'HH', 'AA']",1,CCV,3
395,"['AA0', 'P', 'HH']","['AA', 'P', 'HH']",-1,VCC,3
396,"['P', 'HH', 'AY0']","['P', 'HH', 'AY']",1,CCV,3
397,"['AY0', 'P', 'HH']","['AY', 'P', 'HH']",-1,VCC,3
398,"['P', 'HH', 'ER0']","['P', 'HH', 'ER']",1,CCV,3
399,"['ER0', 'P', 'HH']","['ER', 'P', 'HH']",-1,VCC,3
400,"['P', 'HH', 'AO0']","['P', 'HH', 'AO']",1,CCV,3
401,"['AO0', 'P', 'HH']","['AO', 'P', 'HH']",-1,VCC,3
402,"['P', 'HH', 'UW0']","['P', 'HH', 'UW']",1,CCV,3
403,"['UW0', 'P', 'HH']","['UW', 'P', 'HH']",-1,VCC,3
404,"['P', 'HH', 'IH0']","['P', 'HH', 'IH']",1,CCV,3
405,"['IH0', 'P', 'HH']","['IH', 'P', 'HH']",-1,VCC,3
406,"['P', 'HH', 'EH0']","['P', 'HH', 'EH']",1,CCV,3
407,"['EH0', 'P', 'HH']","['EH', 'P', 'HH']",-1,VCC,3
408,"['P', 'HH', 'UH0']","['P', 'HH', 'UH']",1,CCV,3
409,"['UH0', 'P', 'HH']","['UH', 'P', 'HH']",-1,VCC,3
410,"['P', 'HH', 'IY0']","['P', 'HH', 'IY']",1,CCV,3
411,"['IY0', 'P', 'HH']","['IY', 'P', 'HH']",-1,VCC,3
412,"['P', 'HH', 'EY0']","['P', 'HH', 'EY']",1,CCV,3
413,"['EY0', 'P', 'HH']","['EY', 'P', 'HH']",-1,VCC,3
414,"['P', 'HH', 'OW0']","['P', 'HH', 'OW']",1,CCV,3
415,"['OW0', 'P', 'HH']","['OW', 'P', 'HH']",-1,VCC,3
416,"['P', 'HH', 'AE0']","['P', 'HH', 'AE']",1,CCV,3
417,"['AE0', 'P', 'HH']","['AE', 'P', 'HH']",-1,VCC,3
418,"['P', 'HH', 'AW0']","['P', 'HH', 'AW']",1,CCV,3
419,"['AW0', 'P', 'HH']","['AW', 'P', 'HH']",-1,VCC,3
420,"['P', 'CH', 'AH0']","['P', 'CH', 'AH']",2,CCV,3
421,"['AH0', 'P', 'CH']","['AH', 'P', 'CH']",-2,VCC,3
422,"['P', 'CH', 'OY0']","['P', 'CH', 'OY']",2,CCV,3
423,"['OY0', 'P', 'CH']","['OY', 'P', 'CH']",-2,VCC,3
424,"['P', 'CH', 'AA0']","['P', 'CH', 'AA']",2,CCV,3
425,"['AA0', 'P', 'CH']","['AA', 'P', 'CH']",-2,VCC,3
426,"['P', 'CH', 'AY0']","['P', 'CH', 'AY']",2,CCV,3
427,"['AY0', 'P', 'CH']","['AY', 'P', 'CH']",-2,VCC,3
428,"['P', 'CH', 'ER0']","['P', 'CH', 'ER']",2,CCV,3
429,"['ER0', 'P', 'CH']","['ER', 'P', 'CH']",-2,VCC,3
430,"['P', 'CH', 'AO0']","['P', 'CH', 'AO']",2,CCV,3
431,"['AO0', 'P', 'CH']","['AO', 'P', 'CH']",-2,VCC,3
432,"['P', 'CH', 'UW0']","['P', 'CH', 'UW']",2,CCV,3
433,"['UW0', 'P', 'CH']","['UW', 'P', 'CH']",-2,VCC,3
434,"['P', 'CH', 'IH0']","['P', 'CH', 'IH']",2,CCV,3
435,"['IH0', 'P', 'CH']","['IH', 'P', 'CH']",-2,VCC,3
436,"['P', 'CH', 'EH0']","['P', 'CH', 'EH']",2,CCV,3
437,"['EH0', 'P', 'CH']","['EH', 'P', 'CH']",-2,VCC,3
438,"['P', 'CH', 'UH0']","['P', 'CH', 'UH']",2,CCV,3
439,"['UH0', 'P', 'CH']","['UH', 'P', 'CH']",-2,VCC,3
440,"['P', 'CH', 'IY0']","['P', 'CH', 'IY']",2,CCV,3
441,"['IY0', 'P', 'CH']","['IY', 'P', 'CH']",-2,VCC,3
442,"['P', 'CH', 'EY0']","['P', 'CH', 'EY']",2,CCV,3
443,"['EY0', 'P', 'CH']","['EY', 'P', 'CH']",-2,VCC,3
444,"['P', 'CH', 'OW0']","['P', 'CH', 'OW']",2,CCV,3
445,"['OW0', 'P', 'CH']","['OW', 'P', 'CH']",-2,VCC,3
446,"['P', 'CH', 'AE0']","['P', 'CH', 'AE']",2,CCV,3
447,"['AE0', 'P', 'CH']","['AE', 'P', 'CH']",-2,VCC,3
448,"['P', 'CH', 'AW0']","['P', 'CH', 'AW']",2,CCV,3
449,"['AW0', 'P', 'CH']","['AW', 'P', 'CH']",-2,VCC,3
450,"['P', 'JH', 'AH0']","['P', 'JH', 'AH']",2,CCV,3
451,"['AH0', 'P', 'JH']","['AH', 'P', 'JH']",-2,VCC,3
452,"['P', 'JH', 'OY0']","['P', 'JH', 'OY']",2,CCV,3
453,"['OY0', 'P', 'JH']","['OY', 'P', 'JH']",-2,VCC,3
454,"['P', 'JH', 'AA0']","['P', 'JH', 'AA']",2,CCV,3
455,"['AA0', 'P', 'JH']","['AA', 'P', 'JH']",-2,VCC,3
456,"['P', 'JH', 'AY0']","['P', 'JH', 'AY']",2,CCV,3
457,"['AY0', 'P', 'JH']","['AY', 'P', 'JH']",-2,VCC,3
458,"['P', 'JH', 'ER0']","['P', 'JH', 'ER']",2,CCV,3
459,"['ER0', 'P', 'JH']","['ER', 'P', 'JH']",-2,VCC,3
460,"['P', 'JH', 'AO0']","['P', 'JH', 'AO']",2,CCV,3
461,"['AO0', 'P', 'JH']","['AO', 'P', 'JH']",-2,VCC,3
462,"['P', 'JH', 'UW0']","['P', 'JH', 'UW']",2,CCV,3
463,"['UW0', 'P', 'JH']","['UW', 'P', 'JH']",-2,VCC,3
464,"['P', 'JH', 'IH0']","['P', 'JH', 'IH']",2,CCV,3
465,"['IH0', 'P', 'JH']","['IH', 'P', 'JH']",-2,VCC,3
466,"['P', 'JH', 'EH0']","['P', 'JH', 'EH']",2,CCV,3
467,"['EH0', 'P', 'JH']","['EH', 'P', 'JH']",-2,VCC,3
468,"['P', 'JH', 'UH0']","['P', 'JH', 'UH']",2,CCV,3
469,"['UH0', 'P', 'JH']","['UH', 'P', 'JH']",-2,VCC,3
470,"['P', 'JH', 'IY0']","['P', 'JH', 'IY']",2,CCV,3
471,"['IY0', 'P', 'JH']","['IY', 'P', 'JH']",-2,VCC,3
472,"['P', 'JH', 'EY0']","['P', 'JH', 'EY']",2,CCV,3
473,"['EY0', 'P', 'JH']","['EY', 'P', 'JH']",-2,VCC,3
474,"['P', 'JH', 'OW0']","['P', 'JH', 'OW']",2,CCV,3
475,"['OW0', 'P', 'JH']","['OW', 'P', 'JH']",-2,VCC,3
476,"['P', 'JH', 'AE0']","['P', 'JH', 'AE']",2,CCV,3
477,"['AE0', 'P', 'JH']","['AE', 'P', 'JH']",-2,VCC,3
478,"['P', 'JH', 'AW0']","['P', 'JH', 'AW']",2,CCV,3
479,"['AW0', 'P', 'JH']","['AW', 'P', 'JH']",-2,VCC,3
480,"['P', 'M', 'AH0']","['P', 'M', 'AH']",3,CCV,3
481,"['AH0', 'P', 'M']","['AH', 'P', 'M']",-3,VCC,3
482,"['P', 'M', 'OY0']","['P', 'M', 'OY']",3,CCV,3
483,"['OY0', 'P', 'M']","['OY', 'P', 'M']",-3,VCC,3
484,"['P', 'M', 'AA0']","['P', 'M', 'AA']",3,CCV,3
485,"['AA0', 'P', 'M']","['AA', 'P', 'M']",-3,VCC,3
486,"['P', 'M', 'AY0']","['P', 'M', 'AY']",3,CCV,3
487,"['AY0', 'P', 'M']","['AY', 'P', 'M']",-3,VCC,3
488,"['P', 'M', 'ER0']","['P', 'M', 'ER']",3,CCV,3
489,"['ER0', 'P', 'M']","['ER', 'P', 'M']",-3,VCC,3
490,"['P', 'M', 'AO0']","['P', 'M', 'AO']",3,CCV,3
491,"['AO0', 'P', 'M']","['AO', 'P', 'M']",-3,VCC,3
492,"['P', 'M', 'UW0']","['P', 'M', 'UW']",3,CCV,3
493,"['UW0', 'P', 'M']","['UW', 'P', 'M']",-3,VCC,3
494,"['P', 'M', 'IH0']","['P', 'M', 'IH']",3,CCV,3
495,"['IH0', 'P', 'M']","['IH', 'P', 'M']",-3,VCC,3
496,"['P', 'M', 'EH0']","['P', 'M', 'EH']",3,CCV,3
497,"['EH0', 'P', 'M']","['EH', 'P', 'M']",-3,VCC,3
498,"['P', 'M', 'UH0']","['P', 'M', 'UH']",3,CCV,3
499,"['UH0', 'P', 'M']","['UH', 'P', 'M']",-3,VCC,3
500,"['P', 'M', 'IY0']","['P', 'M', 'IY']",3,CCV,3
501,"['IY0', 'P', 'M']","['IY', 'P', 'M']",-3,VCC,3
502,"['P', 'M', 'EY0']","['P', 'M', 'EY']",3,CCV,3
503,"['EY0', 'P', 'M']","['EY', 'P', 'M']",-3,VCC,3
504,"['P', 'M', 'OW0']","['P', 'M', 'OW']",3,CCV,3
505,"['OW0', 'P', 'M']","['OW', 'P', 'M']",-3,VCC,3
506,"['P', 'M', 'AE0']","['P', 'M', 'AE']",3,CCV,3
507,"['AE0', 'P', 'M']","['AE', 'P', 'M']",-3,VCC,3
508,"['P', 'M', 'AW0']","['P', 'M', 'AW']",3,CCV,3
509,"['AW0', 'P', 'M']","['AW', 'P', 'M']",-3,VCC,3
510,"['P', 'N', 'AH0']","['P', 'N', 'AH']",3,CCV,3
511,"['AH0', 'P', 'N']","['AH', 'P', 'N']",-3,VCC,3
512,"['P', 'N', 'OY0']","['P', 'N', 'OY']",3,CCV,3
513,"['OY0', 'P', 'N']","['OY', 'P', 'N']",-3,VCC,3
514,"['P', 'N', 'AA0']","['P', 'N', 'AA']",3,CCV,3
515,"['AA0', 'P', 'N']","['AA', 'P', 'N']",-3,VCC,3
516,"['P', 'N', 'AY0']","['P', 'N', 'AY']",3,CCV,3
517,"['AY0', 'P', 'N']","['AY', 'P', 'N']",-3,VCC,3
518,"['P', 'N', 'ER0']","['P', 'N', 'ER']",3,CCV,3
519,"['ER0', 'P', 'N']","['ER', 'P', 'N']",-3,VCC,3
520,"['P', 'N', 'AO0']","['P', 'N', 'AO']",3,CCV,3
521,"['AO0', 'P', 'N']","['AO', 'P', 'N']",-3,VCC,3
522,"['P', 'N', 'UW0']","['P', 'N', 'UW']",3,CCV,3
523,"['UW0', 'P', 'N']","['UW', 'P', 'N']",-3,VCC,3
524,"['P', 'N', 'IH0']","['P', 'N', 'IH']",3,CCV,3
525,"['IH0', 'P', 'N']","['IH', 'P', 'N']",-3,VCC,3
526,"['P', 'N', 'EH0']","['P', 'N', 'EH']",3,CCV,3
527,"['EH0', 'P', 'N']","['EH', 'P', 'N']",-3,VCC,3
528,"['P', 'N', 'UH0']","['P', 'N', 'UH']",3,CCV,3
529,"['UH0', 'P', 'N']","['UH', 'P', 'N']",-3,VCC,3
530,"['P', 'N', 'IY0']","['P', 'N', 'IY']",3,CCV,3
531,"['IY0', 'P', 'N']","['IY', 'P', 'N']",-3,VCC,3
532,"['P', 'N', 'EY0']","['P', 'N', 'EY']",3,CCV,3
533,"['EY0', 'P', 'N']","['EY', 'P', 'N']",-3,VCC,3
534,"['P', 'N', 'OW0']","['P', 'N', 'OW']",3,CCV,3
535,"['OW0', 'P', 'N']","['OW', 'P', 'N']",-3,VCC,3
536,"['P', 'N', 'AE0']","['P', 'N', 'AE']",3,CCV,3
537,"['AE0', 'P', 'N']","['AE', 'P', 'N']",-3,VCC,3
538,"['P', 'N', 'AW0']","['P', 'N', 'AW']",3,CCV,3
539,"['AW0', 'P', 'N']","['AW', 'P', 'N']",-3,VCC,3
540,"['P', 'NG', 'AH0']","['P', 'NG', 'AH']",3,CCV,3
541,"['AH0', 'P', 'NG']","['AH', 'P', 'NG']",-3,VCC,3
542,"['P', 'NG', 'OY0']","['P', 'NG', 'OY']",3,CCV,3
543,"['OY0', 'P', 'NG']","['OY', 'P', 'NG']",-3,VCC,3
544,"['P', 'NG', 'AA0']","['P', 'NG', 'AA']",3,CCV,3
545,"['AA0', 'P', 'NG']","['AA', 'P', 'NG']",-3,VCC,3
546,"['P', 'NG', 'AY0']","['P', 'NG', 'AY']",3,CCV,3
547,"['AY0', 'P', 'NG']","['AY', 'P', 'NG']",-3,VCC,3
548,"['P', 'NG', 'ER0']","['P', 'NG', 'ER']",3,CCV,3
549,"['ER0', 'P', 'NG']","['ER', 'P', 'NG']",-3,VCC,3
550,"['P', 'NG', 'AO0']","['P', 'NG', 'AO']",3,CCV,3
551,"['AO0', 'P', 'NG']","['AO', 'P', 'NG']",-3,VCC,3
552,"['P', 'NG', 'UW0']","['P', 'NG', 'UW']",3,CCV,3
553,"['UW0', 'P', 'NG']","['UW', 'P', 'NG']",-3,VCC,3
554,"['P', 'NG', 'IH0']","['P', 'NG', 'IH']",3,CCV,3
555,"['IH0', 'P', 'NG']","['IH', 'P', 'NG']",-3,VCC,3
556,"['P', 'NG', 'EH0']","['P', 'NG', 'EH']",3,CCV,3
557,"['EH0', 'P', 'NG']","['EH', 'P', 'NG']",-3,VCC,3
558,"['P', 'NG', 'UH0']","['P', 'NG', 'UH']",3,CCV,3
559,"['UH0', 'P', 'NG']","['UH', 'P', 'NG']",-3,VCC,3
560,"['P', 'NG', 'IY0']","['P', 'NG', 'IY']",3,CCV,3
561,"['IY0', 'P', 'NG']","['IY', 'P', 'NG']",-3,VCC,3
562,"['P', 'NG', 'EY0']","['P', 'NG', 'EY']",3,CCV,3
563,"['EY0', 'P', 'NG']","['EY', 'P', 'NG']",-3,VCC,3
564,"['P', 'NG', 'OW0']","['P', 'NG', 'OW']",3,CCV,3
565,"['OW0', 'P', 'NG']","['OW', 'P', 'NG']",-3,VCC,3
566,"['P', 'NG', 'AE0']","['P', 'NG', 'AE']",3,CCV,3
567,"['AE0', 'P', 'NG']","['AE', 'P', 'NG']",-3,VCC,3
568,"['P', 'NG', 'AW0']","['P', 'NG', 'AW']",3,CCV,3
569,"['AW0', 'P', 'NG']","['AW', 'P', 'NG']",-3,VCC,3
570,"['P', 'L', 'AH0']","['P', 'L', 'AH']",4,CCV,3
571,"['AH0', 'P', 'L']","['AH', 'P', 'L']",-4,VCC,3
572,"['P', 'L', 'OY0']","['P', 'L', 'OY']",4,CCV,3
573,"['OY0', 'P', 'L']","['OY', 'P', 'L']",-4,VCC,3
574,"['P', 'L', 'AA0']","['P', 'L', 'AA']",4,CCV,3
575,"['AA0', 'P', 'L']","['AA', 'P', 'L']",-4,VCC,3
576,"['P', 'L', 'AY0']","['P', 'L', 'AY']",4,CCV,3
577,"['AY0', 'P', 'L']","['AY', 'P', 'L']",-4,VCC,3
578,"['P', 'L', 'ER0']","['P', 'L', 'ER']",4,CCV,3
579,"['ER0', 'P', 'L']","['ER', 'P', 'L']",-4,VCC,3
580,"['P', 'L', 'AO0']","['P', 'L', 'AO']",4,CCV,3
581,"['AO0', 'P', 'L']","['AO', 'P', 'L']",-4,VCC,3
582,"['P', 'L', 'UW0']","['P', 'L', 'UW']",4,CCV,3
583,"['UW0', 'P', 'L']","['UW', 'P', 'L']",-4,VCC,3
584,"['P', 'L', 'IH0']","['P', 'L', 'IH']",4,CCV,3
585,"['IH0', 'P', 'L']","['IH', 'P', 'L']",-4,VCC,3
586,"['P', 'L', 'EH0']","['P', 'L', 'EH']",4,CCV,3
587,"['EH0', 'P', 'L']","['EH', 'P', 'L']",-4,VCC,3
588,"['P', 'L', 'UH0']","['P', 'L', 'UH']",4,CCV,3
589,"['UH0', 'P', 'L']","['UH', 'P', 'L']",-4,VCC,3
590,"['P', 'L', 'IY0']","['P', 'L', 'IY']",4,CCV,3
591,"['IY0', 'P', 'L']","['IY', 'P', 'L']",-4,VCC,3
592,"['P', 'L', 'EY0']","['P', 'L', 'EY']",4,CCV,3
593,"['EY0', 'P', 'L']","['EY', 'P', 'L']",-4,VCC,3
594,"['P', 'L', 'OW0']","['P', 'L', 'OW']",4,CCV,3
595,"['OW0', 'P', 'L']","['OW', 'P', 'L']",-4,VCC,3
596,"['P', 'L', 'AE0']","['P', 'L', 'AE']",4,CCV,3
597,"['AE0', 'P', 'L']","['AE', 'P', 'L']",-4,VCC,3
598,"['P', 'L', 'AW0']","['P', 'L', 'AW']",4,CCV,3
599,"['AW0', 'P', 'L']","['AW', 'P', 'L']",-4,VCC,3
600,"['P', 'R', 'AH0']","['P', 'R', 'AH']",4,CCV,3
601,"['AH0', 'P', 'R']","['AH', 'P', 'R']",-4,VCC,3
602,"['P', 'R', 'OY0']","['P', 'R', 'OY']",4,CCV,3
603,"['OY0', 'P', 'R']","['OY', 'P', 'R']",-4,VCC,3
604,"['P', 'R', 'AA0']","['P', 'R', 'AA']",4,CCV,3
605,"['AA0', 'P', 'R']","['AA', 'P', 'R']",-4,VCC,3
606,"['P', 'R', 'AY0']","['P', 'R', 'AY']",4,CCV,3
607,"['AY0', 'P', 'R']","['AY', 'P', 'R']",-4,VCC,3
608,"['P', 'R', 'ER0']","['P', 'R', 'ER']",4,CCV,3
609,"['ER0', 'P', 'R']","['ER', 'P', 'R']",-4,VCC,3
610,"['P', 'R', 'AO0']","['P', 'R', 'AO']",4,CCV,3
611,"['AO0', 'P', 'R']","['AO', 'P', 'R']",-4,VCC,3
612,"['P', 'R', 'UW0']","['P', 'R', 'UW']",4,CCV,3
613,"['UW0', 'P', 'R']","['UW', 'P', 'R']",-4,VCC,3
614,"['P', 'R', 'IH0']","['P', 'R', 'IH']",4,CCV,3
615,"['IH0', 'P', 'R']","['IH', 'P', 'R']",-4,VCC,3
616,"['P', 'R', 'EH0']","['P', 'R', 'EH']",4,CCV,3
617,"['EH0', 'P', 'R']","['EH', 'P', 'R']",-4,VCC,3
618,"['P', 'R', 'UH0']","['P', 'R', 'UH']",4,CCV,3
619,"['UH0', 'P', 'R']","['UH', 'P', 'R']",-4,VCC,3
620,"['P', 'R', 'IY0']","['P', 'R', 'IY']",4,CCV,3
621,"['IY0', 'P', 'R']","['IY', 'P', 'R']",-4,VCC,3
622,"['P', 'R', 'EY0']","['P', 'R', 'EY']",4,CCV,3
623,"['EY0', 'P', 'R']","['EY', 'P', 'R']",-4,VCC,3
624,"['P', 'R', 'OW0']","['P', 'R', 'OW']",4,CCV,3
625,"['OW0', 'P', 'R']","['OW', 'P', 'R']",-4,VCC,3
626,"['P', 'R', 'AE0']","['P', 'R', 'AE']",4,CCV,3
627,"['AE0', 'P', 'R']","['AE', 'P', 'R']",-4,VCC,3
628,"['P', 'R', 'AW0']","['P', 'R', 'AW']",4,CCV,3
629,"['AW0', 'P', 'R']","['AW', 'P', 'R']",-4,VCC,3
630,"['P', 'W', 'AH0']","['P', 'W', 'AH']",5,CCV,3
631,"['AH0', 'P', 'W']","['AH', 'P', 'W']",-5,VCC,3
632,"['P', 'W', 'OY0']","['P', 'W', 'OY']",5,CCV,3
633,"['OY0', 'P', 'W']","['OY', 'P', 'W']",-5,VCC,3
634,"['P', 'W', 'AA0']","['P', 'W', 'AA']",5,CCV,3
635,"['AA0', 'P', 'W']","['AA', 'P', 'W']",-5,VCC,3
636,"['P', 'W', 'AY0']","['P', 'W', 'AY']",5,CCV,3
637,"['AY0', 'P', 'W']","['AY', 'P', 'W']",-5,VCC,3
638,"['P', 'W', 'ER0']","['P', 'W', 'ER']",5,CCV,3
639,"['ER0', 'P', 'W']","['ER', 'P', 'W']",-5,VCC,3
640,"['P', 'W', 'AO0']","['P', 'W', 'AO']",5,CCV,3
641,"['AO0', 'P', 'W']","['AO', 'P', 'W']",-5,VCC,3
642,"['P', 'W', 'UW0']","['P', 'W', 'UW']",5,CCV,3
643,"['UW0', 'P', 'W']","['UW', 'P', 'W']",-5,VCC,3
644,"['P', 'W', 'IH0']","['P', 'W', 'IH']",5,CCV,3
645,"['IH0', 'P', 'W']","['IH', 'P', 'W']",-5,VCC,3
646,"['P', 'W', 'EH0']","['P', 'W', 'EH']",5,CCV,3
647,"['EH0', 'P', 'W']","['EH', 'P', 'W']",-5,VCC,3
648,"['P', 'W', 'UH0']","['P', 'W', 'UH']",5,CCV,3
649,"['UH0', 'P', 'W']","['UH', 'P', 'W']",-5,VCC,3
650,"['P', 'W', 'IY0']","['P', 'W', 'IY']",5,CCV,3
651,"['IY0', 'P', 'W']","['IY', 'P', 'W']",-5,VCC,3
652,"['P', 'W', 'EY0']","['P', 'W', 'EY']",5,CCV,3
653,"['EY0', 'P', 'W']","['EY', 'P', 'W']",-5,VCC,3
654,"['P', 'W', 'OW0']","['P', 'W', 'OW']",5,CCV,3
655,"['OW0', 'P', 'W']","['OW', 'P', 'W']",-5,VCC,3
656,"['P', 'W', 'AE0']","['P', 'W', 'AE']",5,CCV,3
657,"['AE0', 'P', 'W']","['AE', 'P', 'W']",-5,VCC,3
658,"['P', 'W', 'AW0']","['P', 'W', 'AW']",5,CCV,3
659,"['AW0', 'P', 'W']","['AW', 'P', 'W']",-5,VCC,3
660,"['P', 'Y', 'AH0']","['P', 'Y', 'AH']",5,CCV,3
661,"['AH0', 'P', 'Y']","['AH', 'P', 'Y']",-5,VCC,3
662,"['P', 'Y', 'OY0']","['P', 'Y', 'OY']",5,CCV,3
663,"['OY0', 'P', 'Y']","['OY', 'P', 'Y']",-5,VCC,3
664,"['P', 'Y', 'AA0']","['P', 'Y', 'AA']",5,CCV,3
665,"['AA0', 'P', 'Y']","['AA', 'P', 'Y']",-5,VCC,3
666,"['P', 'Y', 'AY0']","['P', 'Y', 'AY']",5,CCV,3
667,"['AY0', 'P', 'Y']","['AY', 'P', 'Y']",-5,VCC,3
668,"['P', 'Y', 'ER0']","['P', 'Y', 'ER']",5,CCV,3
669,"['ER0', 'P', 'Y']","['ER', 'P', 'Y']",-5,VCC,3
670,"['P', 'Y', 'AO0']","['P', 'Y', 'AO']",5,CCV,3
671,"['AO0', 'P', 'Y']","['AO', 'P', 'Y']",-5,VCC,3
672,"['P', 'Y', 'UW0']","['P', 'Y', 'UW']",5,CCV,3
673,"['UW0', 'P', 'Y']","['UW', 'P', 'Y']",-5,VCC,3
674,"['P', 'Y', 'IH0']","['P', 'Y', 'IH']",5,CCV,3
675,"['IH0', 'P', 'Y']","['IH', 'P', 'Y']",-5,VCC,3
676,"['P', 'Y', 'EH0']","['P', 'Y', 'EH']",5,CCV,3
677,"['EH0', 'P', 'Y']","['EH', 'P', 'Y']",-5,VCC,3
678,"['P', 'Y', 'UH0']","['P', 'Y', 'UH']",5,CCV,3
679,"['UH0', 'P', 'Y']","['UH', 'P', 'Y']",-5,VCC,3
680,"['P', 'Y', 'IY0']","['P', 'Y', 'IY']",5,CCV,3
681,"['IY0', 'P', 'Y']","['IY', 'P', 'Y']",-5,VCC,3
682,"['P', 'Y', 'EY0']","['P', 'Y', 'EY']",5,CCV,3
683,"['EY0', 'P', 'Y']","['EY', 'P', 'Y']",-5,VCC,3
684,"['P', 'Y', 'OW0']","['P', 'Y', 'OW']",5,CCV,3
685,"['OW0', 'P', 'Y']","['OW', 'P', 'Y']",-5,VCC,3
686,"['P', 'Y', 'AE0']","['P', 'Y', 'AE']",5,CCV,3
687,"['AE0', 'P', 'Y']","['AE', 'P', 'Y']",-5,VCC,3
688,"['P', 'Y', 'AW0']","['P', 'Y', 'AW']",5,CCV,3
689,"['AW0', 'P', 'Y']","['AW', 'P', 'Y']",-5,VCC,3
690,"['T', 'P', 'AH0']","['T', 'P', 'AH']",0,CCV,3
691,"['AH0', 'T', 'P']","['AH', 'T', 'P']",0,VCC,3
692,"['T', 'P', 'OY0']","['T', 'P', 'OY']",0,CCV,3
693,"['OY0', 'T', 'P']","['OY', 'T', 'P']",0,VCC,3
694,"['T', 'P', 'AA0']","['T', 'P', 'AA']",0,CCV,3
695,"['AA0', 'T', 'P']","['AA', 'T', 'P']",0,VCC,3
696,"['T', 'P', 'AY0']","['T', 'P', 'AY']",0,CCV,3
697,"['AY0', 'T', 'P']","['AY', 'T', 'P']",0,VCC,3
698,"['T', 'P', 'ER0']","['T', 'P', 'ER']",0,CCV,3
699,"['ER0', 'T', 'P']","['ER', 'T', 'P']",0,VCC,3
700,"['T', 'P', 'AO0']","['T', 'P', 'AO']",0,CCV,3
701,"['AO0', 'T', 'P']","['AO', 'T', 'P']",0,VCC,3
702,"['T', 'P', 'UW0']","['T', 'P', 'UW']",0,CCV,3
703,"['UW0', 'T', 'P']","['UW', 'T', 'P']",0,VCC,3
704,"['T', 'P', 'IH0']","['T', 'P', 'IH']",0,CCV,3
705,"['IH0', 'T', 'P']","['IH', 'T', 'P']",0,VCC,3
706,"['T', 'P', 'EH0']","['T', 'P', 'EH']",0,CCV,3
707,"['EH0', 'T', 'P']","['EH', 'T', 'P']",0,VCC,3
708,"['T', 'P', 'UH0']","['T', 'P', 'UH']",0,CCV,3
709,"['UH0', 'T', 'P']","['UH', 'T', 'P']",0,VCC,3
710,"['T', 'P', 'IY0']","['T', 'P', 'IY']",0,CCV,3
711,"['IY0', 'T', 'P']","['IY', 'T', 'P']",0,VCC,3
712,"['T', 'P', 'EY0']","['T', 'P', 'EY']",0,CCV,3
713,"['EY0', 'T', 'P']","['EY', 'T', 'P']",0,VCC,3
714,"['T', 'P', 'OW0']","['T', 'P', 'OW']",0,CCV,3
715,"['OW0', 'T', 'P']","['OW', 'T', 'P']",0,VCC,3
716,"['T', 'P', 'AE0']","['T', 'P', 'AE']",0,CCV,3
717,"['AE0', 'T', 'P']","['AE', 'T', 'P']",0,VCC,3
718,"['T', 'P', 'AW0']","['T', 'P', 'AW']",0,CCV,3
719,"['AW0', 'T', 'P']","['AW', 'T', 'P']",0,VCC,3
720,"['T', 'K', 'AH0']","['T', 'K', 'AH']",0,CCV,3
721,"['AH0', 'T', 'K']","['AH', 'T', 'K']",0,VCC,3
722,"['T', 'K', 'OY0']","['T', 'K', 'OY']",0,CCV,3
723,"['OY0', 'T', 'K']","['OY', 'T', 'K']",0,VCC,3
724,"['T', 'K', 'AA0']","['T', 'K', 'AA']",0,CCV,3
725,"['AA0', 'T', 'K']","['AA', 'T', 'K']",0,VCC,3
726,"['T', 'K', 'AY0']","['T', 'K', 'AY']",0,CCV,3
727,"['AY0', 'T', 'K']","['AY', 'T', 'K']",0,VCC,3
728,"['T', 'K', 'ER0']","['T', 'K', 'ER']",0,CCV,3
729,"['ER0', 'T', 'K']","['ER', 'T', 'K']",0,VCC,3
730,"['T', 'K', 'AO0']","['T', 'K', 'AO']",0,CCV,3
731,"['AO0', 'T', 'K']","['AO', 'T', 'K']",0,VCC,3
732,"['T', 'K', 'UW0']","['T', 'K', 'UW']",0,CCV,3
733,"['UW0', 'T', 'K']","['UW', 'T', 'K']",0,VCC,3
734,"['T', 'K', 'IH0']","['T', 'K', 'IH']",0,CCV,3
735,"['IH0', 'T', 'K']","['IH', 'T', 'K']",0,VCC,3
736,"['T', 'K', 'EH0']","['T', 'K', 'EH']",0,CCV,3
737,"['EH0', 'T', 'K']","['EH', 'T', 'K']",0,VCC,3
738,"['T', 'K', 'UH0']","['T', 'K', 'UH']",0,CCV,3
739,"['UH0', 'T', 'K']","['UH', 'T', 'K']",0,VCC,3
740,"['T', 'K', 'IY0']","['T', 'K', 'IY']",0,CCV,3
741,"['IY0', 'T', 'K']","['IY', 'T', 'K']",0,VCC,3
742,"['T', 'K', 'EY0']","['T', 'K', 'EY']",0,CCV,3
743,"['EY0', 'T', 'K']","['EY', 'T', 'K']",0,VCC,3
744,"['T', 'K', 'OW0']","['T', 'K', 'OW']",0,CCV,3
745,"['OW0', 'T', 'K']","['OW', 'T', 'K']",0,VCC,3
746,"['T', 'K', 'AE0']","['T', 'K', 'AE']",0,CCV,3
747,"['AE0', 'T', 'K']","['AE', 'T', 'K']",0,VCC,3
748,"['T', 'K', 'AW0']","['T', 'K', 'AW']",0,CCV,3
749,"['AW0', 'T', 'K']","['AW', 'T', 'K']",0,VCC,3
750,"['T', 'B', 'AH0']","['T', 'B', 'AH']",0,CCV,3
751,"['AH0', 'T', 'B']","['AH', 'T', 'B']",0,VCC,3
752,"['T', 'B', 'OY0']","['T', 'B', 'OY']",0,CCV,3
753,"['OY0', 'T', 'B']","['OY', 'T', 'B']",0,VCC,3
754,"['T', 'B', 'AA0']","['T', 'B', 'AA']",0,CCV,3
755,"['AA0', 'T', 'B']","['AA', 'T', 'B']",0,VCC,3
756,"['T', 'B', 'AY0']","['T', 'B', 'AY']",0,CCV,3
757,"['AY0', 'T', 'B']","['AY', 'T', 'B']",0,VCC,3
758,"['T', 'B', 'ER0']","['T', 'B', 'ER']",0,CCV,3
759,"['ER0', 'T', 'B']","['ER', 'T', 'B']",0,VCC,3
760,"['T', 'B', 'AO0']","['T', 'B', 'AO']",0,CCV,3
761,"['AO0', 'T', 'B']","['AO', 'T', 'B']",0,VCC,3
762,"['T', 'B', 'UW0']","['T', 'B', 'UW']",0,CCV,3
763,"['UW0', 'T', 'B']","['UW', 'T', 'B']",0,VCC,3
764,"['T', 'B', 'IH0']","['T', 'B', 'IH']",0,CCV,3
765,"['IH0', 'T', 'B']","['IH', 'T', 'B']",0,VCC,3
766,"['T', 'B', 'EH0']","['T', 'B', 'EH']",0,CCV,3
767,"['EH0', 'T', 'B']","['EH', 'T', 'B']",0,VCC,3
768,"['T', 'B', 'UH0']","['T', 'B', 'UH']",0,CCV,3
769,"['UH0', 'T', 'B']","['UH', 'T', 'B']",0,VCC,3
770,"['T', 'B', 'IY0']","['T', 'B', 'IY']",0,CCV,3
771,"['IY0', 'T', 'B']","['IY', 'T', 'B']",0,VCC,3
772,"['T', 'B', 'EY0']","['T', 'B', 'EY']",0,CCV,3
773,"['EY0', 'T', 'B']","['EY', 'T', 'B']",0,VCC,3
774,"['T', 'B', 'OW0']","['T', 'B', 'OW']",0,CCV,3
775,"['OW0', 'T', 'B']","['OW', 'T', 'B']",0,VCC,3
776,"['T', 'B', 'AE0']","['T', 'B', 'AE']",0,CCV,3
777,"['AE0', 'T', 'B']","['AE', 'T', 'B']",0,VCC,3
778,"['T', 'B', 'AW0']","['T', 'B', 'AW']",0,CCV,3
779,"['AW0', 'T', 'B']","['AW', 'T', 'B']",0,VCC,3
780,"['T', 'D', 'AH0']","['T', 'D', 'AH']",0,CCV,3
781,"['AH0', 'T', 'D']","['AH', 'T', 'D']",0,VCC,3
782,"['T', 'D', 'OY0']","['T', 'D', 'OY']",0,CCV,3
783,"['OY0', 'T', 'D']","['OY', 'T', 'D']",0,VCC,3
784,"['T', 'D', 'AA0']","['T', 'D', 'AA']",0,CCV,3
785,"['AA0', 'T', 'D']","['AA', 'T', 'D']",0,VCC,3
786,"['T', 'D', 'AY0']","['T', 'D', 'AY']",0,CCV,3
787,"['AY0', 'T', 'D']","['AY', 'T', 'D']",0,VCC,3
788,"['T', 'D', 'ER0']","['T', 'D', 'ER']",0,CCV,3
789,"['ER0', 'T', 'D']","['ER', 'T', 'D']",0,VCC,3
790,"['T', 'D', 'AO0']","['T', 'D', 'AO']",0,CCV,3
791,"['AO0', 'T', 'D']","['AO', 'T', 'D']",0,VCC,3
792,"['T', 'D', 'UW0']","['T', 'D', 'UW']",0,CCV,3
793,"['UW0', 'T', 'D']","['UW', 'T', 'D']",0,VCC,3
794,"['T', 'D', 'IH0']","['T', 'D', 'IH']",0,CCV,3
795,"['IH0', 'T', 'D']","['IH', 'T', 'D']",0,VCC,3
796,"['T', 'D', 'EH0']","['T', 'D', 'EH']",0,CCV,3
797,"['EH0', 'T', 'D']","['EH', 'T', 'D']",0,VCC,3
798,"['T', 'D', 'UH0']","['T', 'D', 'UH']",0,CCV,3
799,"['UH0', 'T', 'D']","['UH', 'T', 'D']",0,VCC,3
800,"['T', 'D', 'IY0']","['T', 'D', 'IY']",0,CCV,3
801,"['IY0', 'T', 'D']","['IY', 'T', 'D']",0,VCC,3
802,"['T', 'D', 'EY0']","['T', 'D', 'EY']",0,CCV,3
803,"['EY0', 'T', 'D']","['EY', 'T', 'D']",0,VCC,3
804,"['T', 'D', 'OW0']","['T', 'D', 'OW']",0,CCV,3
805,"['OW0', 'T', 'D']","['OW', 'T', 'D']",0,VCC,3
806,"['T', 'D', 'AE0']","['T', 'D', 'AE']",0,CCV,3
807,"['AE0', 'T', 'D']","['AE', 'T', 'D']",0,VCC,3
808,"['T', 'D', 'AW0']","['T', 'D', 'AW']",0,CCV,3
809,"['AW0', 'T', 'D']","['AW', 'T', 'D']",0,VCC,3
810,"['T', 'G', 'AH0']","['T', 'G', 'AH']",0,CCV,3
811,"['AH0', 'T', 'G']","['AH', 'T', 'G']",0,VCC,3
812,"['T', 'G', 'OY0']","['T', 'G', 'OY']",0,CCV,3
813,"['OY0', 'T', 'G']","['OY', 'T', 'G']",0,VCC,3
814,"['T', 'G', 'AA0']","['T', 'G', 'AA']",0,CCV,3
815,"['AA0', 'T', 'G']","['AA', 'T', 'G']",0,VCC,3
816,"['T', 'G', 'AY0']","['T', 'G', 'AY']",0,CCV,3
817,"['AY0', 'T', 'G']","['AY', 'T', 'G']",0,VCC,3
818,"['T', 'G', 'ER0']","['T', 'G', 'ER']",0,CCV,3
819,"['ER0', 'T', 'G']","['ER', 'T', 'G']",0,VCC,3
820,"['T', 'G', 'AO0']","['T', 'G', 'AO']",0,CCV,3
821,"['AO0', 'T', 'G']","['AO', 'T', 'G']",0,VCC,3
822,"['T', 'G', 'UW0']","['T', 'G', 'UW']",0,CCV,3
823,"['UW0', 'T', 'G']","['UW', 'T', 'G']",0,VCC,3
824,"['T', 'G', 'IH0']","['T', 'G', 'IH']",0,CCV,3
825,"['IH0', 'T', 'G']","['IH', 'T', 'G']",0,VCC,3
826,"['T', 'G', 'EH0']","['T', 'G', 'EH']",0,CCV,3
827,"['EH0', 'T', 'G']","['EH', 'T', 'G']",0,VCC,3
828,"['T', 'G', 'UH0']","['T', 'G', 'UH']",0,CCV,3
829,"['UH0', 'T', 'G']","['UH', 'T', 'G']",0,VCC,3
830,"['T', 'G', 'IY0']","['T', 'G', 'IY']",0,CCV,3
831,"['IY0', 'T', 'G']","['IY', 'T', 'G']",0,VCC,3
832,"['T', 'G', 'EY0']","['T', 'G', 'EY']",0,CCV,3
833,"['EY0', 'T', 'G']","['EY', 'T', 'G']",0,VCC,3
834,"['T', 'G', 'OW0']","['T', 'G', 'OW']",0,CCV,3
835,"['OW0', 'T', 'G']","['OW', 'T', 'G']",0,VCC,3
836,"['T', 'G', 'AE0']","['T', 'G', 'AE']",0,CCV,3
837,"['AE0', 'T', 'G']","['AE', 'T', 'G']",0,VCC,3
838,"['T', 'G', 'AW0']","['T', 'G', 'AW']",0,CCV,3
839,"['AW0', 'T', 'G']","['AW', 'T', 'G']",0,VCC,3
840,"['T', 'F', 'AH0']","['T', 'F', 'AH']",1,CCV,3
841,"['AH0', 'T', 'F']","['AH', 'T', 'F']",-1,VCC,3
842,"['T', 'F', 'OY0']","['T', 'F', 'OY']",1,CCV,3
843,"['OY0', 'T', 'F']","['OY', 'T', 'F']",-1,VCC,3
844,"['T', 'F', 'AA0']","['T', 'F', 'AA']",1,CCV,3
845,"['AA0', 'T', 'F']","['AA', 'T', 'F']",-1,VCC,3
846,"['T', 'F', 'AY0']","['T', 'F', 'AY']",1,CCV,3
847,"['AY0', 'T', 'F']","['AY', 'T', 'F']",-1,VCC,3
848,"['T', 'F', 'ER0']","['T', 'F', 'ER']",1,CCV,3
849,"['ER0', 'T', 'F']","['ER', 'T', 'F']",-1,VCC,3
850,"['T', 'F', 'AO0']","['T', 'F', 'AO']",1,CCV,3
851,"['AO0', 'T', 'F']","['AO', 'T', 'F']",-1,VCC,3
852,"['T', 'F', 'UW0']","['T', 'F', 'UW']",1,CCV,3
853,"['UW0', 'T', 'F']","['UW', 'T', 'F']",-1,VCC,3
854,"['T', 'F', 'IH0']","['T', 'F', 'IH']",1,CCV,3
855,"['IH0', 'T', 'F']","['IH', 'T', 'F']",-1,VCC,3
856,"['T', 'F', 'EH0']","['T', 'F', 'EH']",1,CCV,3
857,"['EH0', 'T', 'F']","['EH', 'T', 'F']",-1,VCC,3
858,"['T', 'F', 'UH0']","['T', 'F', 'UH']",1,CCV,3
859,"['UH0', 'T', 'F']","['UH', 'T', 'F']",-1,VCC,3
860,"['T', 'F', 'IY0']","['T', 'F', 'IY']",1,CCV,3
861,"['IY0', 'T', 'F']","['IY', 'T', 'F']",-1,VCC,3
862,"['T', 'F', 'EY0']","['T', 'F', 'EY']",1,CCV,3
863,"['EY0', 'T', 'F']","['EY', 'T', 'F']",-1,VCC,3
864,"['T', 'F', 'OW0']","['T', 'F', 'OW']",1,CCV,3
865,"['OW0', 'T', 'F']","['OW', 'T', 'F']",-1,VCC,3
866,"['T', 'F', 'AE0']","['T', 'F', 'AE']",1,CCV,3
867,"['AE0', 'T', 'F']","['AE', 'T', 'F']",-1,VCC,3
868,"['T', 'F', 'AW0']","['T', 'F', 'AW']",1,CCV,3
869,"['AW0', 'T', 'F']","['AW', 'T', 'F']",-1,VCC,3
870,"['T', 'TH', 'AH0']","['T', 'TH', 'AH']",1,CCV,3
871,"['AH0', 'T', 'TH']","['AH', 'T', 'TH']",-1,VCC,3
872,"['T', 'TH', 'OY0']","['T', 'TH', 'OY']",1,CCV,3
873,"['OY0', 'T', 'TH']","['OY', 'T', 'TH']",-1,VCC,3
874,"['T', 'TH', 'AA0']","['T', 'TH', 'AA']",1,CCV,3
875,"['AA0', 'T', 'TH']","['AA', 'T', 'TH']",-1,VCC,3
876,"['T', 'TH', 'AY0']","['T', 'TH', 'AY']",1,CCV,3
877,"['AY0', 'T', 'TH']","['AY', 'T', 'TH']",-1,VCC,3
878,"['T', 'TH', 'ER0']","['T', 'TH', 'ER']",1,CCV,3
879,"['ER0', 'T', 'TH']","['ER', 'T', 'TH']",-1,VCC,3
880,"['T', 'TH', 'AO0']","['T', 'TH', 'AO']",1,CCV,3
881,"['AO0', 'T', 'TH']","['AO', 'T', 'TH']",-1,VCC,3
882,"['T', 'TH', 'UW0']","['T', 'TH', 'UW']",1,CCV,3
883,"['UW0', 'T', 'TH']","['UW', 'T', 'TH']",-1,VCC,3
884,"['T', 'TH', 'IH0']","['T', 'TH', 'IH']",1,CCV,3
885,"['IH0', 'T', 'TH']","['IH', 'T', 'TH']",-1,VCC,3
886,"['T', 'TH', 'EH0']","['T', 'TH', 'EH']",1,CCV,3
887,"['EH0', 'T', 'TH']","['EH', 'T', 'TH']",-1,VCC,3
888,"['T', 'TH', 'UH0']","['T', 'TH', 'UH']",1,CCV,3
889,"['UH0', 'T', 'TH']","['UH', 'T', 'TH']",-1,VCC,3
890,"['T', 'TH', 'IY0']","['T', 'TH', 'IY']",1,CCV,3
891,"['IY0', 'T', 'TH']","['IY', 'T', 'TH']",-1,VCC,3
892,"['T', 'TH', 'EY0']","['T', 'TH', 'EY']",1,CCV,3
893,"['EY0', 'T', 'TH']","['EY', 'T', 'TH']",-1,VCC,3
894,"['T', 'TH', 'OW0']","['T', 'TH', 'OW']",1,CCV,3
895,"['OW0', 'T', 'TH']","['OW', 'T', 'TH']",-1,VCC,3
896,"['T', 'TH', 'AE0']","['T', 'TH', 'AE']",1,CCV,3
897,"['AE0', 'T', 'TH']","['AE', 'T', 'TH']",-1,VCC,3
898,"['T', 'TH', 'AW0']","['T', 'TH', 'AW']",1,CCV,3
899,"['AW0', 'T', 'TH']","['AW', 'T', 'TH']",-1,VCC,3
900,"['T', 'S', 'AH0']","['T', 'S', 'AH']",1,CCV,3
901,"['AH0', 'T', 'S']","['AH', 'T', 'S']",-1,VCC,3
902,"['T', 'S', 'OY0']","['T', 'S', 'OY']",1,CCV,3
903,"['OY0', 'T', 'S']","['OY', 'T', 'S']",-1,VCC,3
904,"['T', 'S', 'AA0']","['T', 'S', 'AA']",1,CCV,3
905,"['AA0', 'T', 'S']","['AA', 'T', 'S']",-1,VCC,3
906,"['T', 'S', 'AY0']","['T', 'S', 'AY']",1,CCV,3
907,"['AY0', 'T', 'S']","['AY', 'T', 'S']",-1,VCC,3
908,"['T', 'S', 'ER0']","['T', 'S', 'ER']",1,CCV,3
909,"['ER0', 'T', 'S']","['ER', 'T', 'S']",-1,VCC,3
910,"['T', 'S', 'AO0']","['T', 'S', 'AO']",1,CCV,3
911,"['AO0', 'T', 'S']","['AO', 'T', 'S']",-1,VCC,3
912,"['T', 'S', 'UW0']","['T', 'S', 'UW']",1,CCV,3
913,"['UW0', 'T', 'S']","['UW', 'T', 'S']",-1,VCC,3
914,"['T', 'S', 'IH0']","['T', 'S', 'IH']",1,CCV,3
915,"['IH0', 'T', 'S']","['IH', 'T', 'S']",-1,VCC,3
916,"['T', 'S', 'EH0']","['T', 'S', 'EH']",1,CCV,3
917,"['EH0', 'T', 'S']","['EH', 'T', 'S']",-1,VCC,3
918,"['T', 'S', 'UH0']","['T', 'S', 'UH']",1,CCV,3
919,"['UH0', 'T', 'S']","['UH', 'T', 'S']",-1,VCC,3
920,"['T', 'S', 'IY0']","['T', 'S', 'IY']",1,CCV,3
921,"['IY0', 'T', 'S']","['IY', 'T', 'S']",-1,VCC,3
922,"['T', 'S', 'EY0']","['T', 'S', 'EY']",1,CCV,3
923,"['EY0', 'T', 'S']","['EY', 'T', 'S']",-1,VCC,3
924,"['T', 'S', 'OW0']","['T', 'S', 'OW']",1,CCV,3
925,"['OW0', 'T', 'S']","['OW', 'T', 'S']",-1,VCC,3
926,"['T', 'S', 'AE0']","['T', 'S', 'AE']",1,CCV,3
927,"['AE0', 'T', 'S']","['AE', 'T', 'S']",-1,VCC,3
928,"['T', 'S', 'AW0']","['T', 'S', 'AW']",1,CCV,3
929,"['AW0', 'T', 'S']","['AW', 'T', 'S']",-1,VCC,3
930,"['T', 'SH', 'AH0']","['T', 'SH', 'AH']",1,CCV,3
931,"['AH0', 'T', 'SH']","['AH', 'T', 'SH']",-1,VCC,3
932,"['T', 'SH', 'OY0']","['T', 'SH', 'OY']",1,CCV,3
933,"['OY0', 'T', 'SH']","['OY', 'T', 'SH']",-1,VCC,3
934,"['T', 'SH', 'AA0']","['T', 'SH', 'AA']",1,CCV,3
935,"['AA0', 'T', 'SH']","['AA', 'T', 'SH']",-1,VCC,3
936,"['T', 'SH', 'AY0']","['T', 'SH', 'AY']",1,CCV,3
937,"['AY0', 'T', 'SH']","['AY', 'T', 'SH']",-1,VCC,3
938,"['T', 'SH', 'ER0']","['T', 'SH', 'ER']",1,CCV,3
939,"['ER0', 'T', 'SH']","['ER', 'T', 'SH']",-1,VCC,3
940,"['T', 'SH', 'AO0']","['T', 'SH', 'AO']",1,CCV,3
941,"['AO0', 'T', 'SH']","['AO', 'T', 'SH']",-1,VCC,3
942,"['T', 'SH', 'UW0']","['T', 'SH', 'UW']",1,CCV,3
943,"['UW0', 'T', 'SH']","['UW', 'T', 'SH']",-1,VCC,3
944,"['T', 'SH', 'IH0']","['T', 'SH', 'IH']",1,CCV,3
945,"['IH0', 'T', 'SH']","['IH', 'T', 'SH']",-1,VCC,3
946,"['T', 'SH', 'EH0']","['T', 'SH', 'EH']",1,CCV,3
947,"['EH0', 'T', 'SH']","['EH', 'T', 'SH']",-1,VCC,3
948,"['T', 'SH', 'UH0']","['T', 'SH', 'UH']",1,CCV,3
949,"['UH0', 'T', 'SH']","['UH', 'T', 'SH']",-1,VCC,3
950,"['T', 'SH', 'IY0']","['T', 'SH', 'IY']",1,CCV,3
951,"['IY0', 'T', 'SH']","['IY', 'T', 'SH']",-1,VCC,3
952,"['T', 'SH', 'EY0']","['T', 'SH', 'EY']",1,CCV,3
953,"['EY0', 'T', 'SH']","['EY', 'T', 'SH']",-1,VCC,3
954,"['T', 'SH', 'OW0']","['T', 'SH', 'OW']",1,CCV,3
955,"['OW0', 'T', 'SH']","['OW', 'T', 'SH']",-1,VCC,3
956,"['T', 'SH', 'AE0']","['T', 'SH', 'AE']",1,CCV,3
957,"['AE0', 'T', 'SH']","['AE', 'T', 'SH']",-1,VCC,3
958,"['T', 'SH', 'AW0']","['T', 'SH', 'AW']",1,CCV,3
959,"['AW0', 'T', 'SH']","['AW', 'T', 'SH']",-1,VCC,3
960,"['T', 'Z', 'AH0']","['T', 'Z', 'AH']",1,CCV,3
961,"['AH0', 'T', 'Z']","['AH', 'T', 'Z']",-1,VCC,3
962,"['T', 'Z', 'OY0']","['T', 'Z', 'OY']",1,CCV,3
963,"['OY0', 'T', 'Z']","['OY', 'T', 'Z']",-1,VCC,3
964,"['T', 'Z', 'AA0']","['T', 'Z', 'AA']",1,CCV,3
965,"['AA0', 'T', 'Z']","['AA', 'T', 'Z']",-1,VCC,3
966,"['T', 'Z', 'AY0']","['T', 'Z', 'AY']",1,CCV,3
967,"['AY0', 'T', 'Z']","['AY', 'T', 'Z']",-1,VCC,3
968,"['T', 'Z', 'ER0']","['T', 'Z', 'ER']",1,CCV,3
969,"['ER0', 'T', 'Z']","['ER', 'T', 'Z']",-1,VCC,3
970,"['T', 'Z', 'AO0']","['T', 'Z', 'AO']",1,CCV,3
971,"['AO0', 'T', 'Z']","['AO', 'T', 'Z']",-1,VCC,3
972,"['T', 'Z', 'UW0']","['T', 'Z', 'UW']",1,CCV,3
973,"['UW0', 'T', 'Z']","['UW', 'T', 'Z']",-1,VCC,3
974,"['T', 'Z', 'IH0']","['T', 'Z', 'IH']",1,CCV,3
975,"['IH0', 'T', 'Z']","['IH', 'T', 'Z']",-1,VCC,3
976,"['T', 'Z', 'EH0']","['T', 'Z', 'EH']",1,CCV,3
977,"['EH0', 'T', 'Z']","['EH', 'T', 'Z']",-1,VCC,3
978,"['T', 'Z', 'UH0']","['T', 'Z', 'UH']",1,CCV,3
979,"['UH0', 'T', 'Z']","['UH', 'T', 'Z']",-1,VCC,3
980,"['T', 'Z', 'IY0']","['T', 'Z', 'IY']",1,CCV,3
981,"['IY0', 'T', 'Z']","['IY', 'T', 'Z']",-1,VCC,3
982,"['T', 'Z', 'EY0']","['T', 'Z', 'EY']",1,CCV,3
983,"['EY0', 'T', 'Z']","['EY', 'T', 'Z']",-1,VCC,3
984,"['T', 'Z', 'OW0']","['T', 'Z', 'OW']",1,CCV,3
985,"['OW0', 'T', 'Z']","['OW', 'T', 'Z']",-1,VCC,3
986,"['T', 'Z', 'AE0']","['T', 'Z', 'AE']",1,CCV,3
987,"['AE0', 'T', 'Z']","['AE', 'T', 'Z']",-1,VCC,3
988,"['T', 'Z', 'AW0']","['T', 'Z', 'AW']",1,CCV,3
989,"['AW0', 'T', 'Z']","['AW', 'T', 'Z']",-1,VCC,3
990,"['T', 'ZH', 'AH0']","['T', 'ZH', 'AH']",1,CCV,3
991,"['AH0', 'T', 'ZH']","['AH', 'T', 'ZH']",-1,VCC,3
992,"['T', 'ZH', 'OY0']","['T', 'ZH', 'OY']",1,CCV,3
993,"['OY0', 'T', 'ZH']","['OY', 'T', 'ZH']",-1,VCC,3
994,"['T', 'ZH', 'AA0']","['T', 'ZH', 'AA']",1,CCV,3
995,"['AA0', 'T', 'ZH']","['AA', 'T', 'ZH']",-1,VCC,3
996,"['T', 'ZH', 'AY0']","['T', 'ZH', 'AY']",1,CCV,3
997,"['AY0', 'T', 'ZH']","['AY', 'T', 'ZH']",-1,VCC,3
998,"['T', 'ZH', 'ER0']","['T', 'ZH', 'ER']",1,CCV,3
999,"['ER0', 'T', 'ZH']","['ER', 'T', 'ZH']",-1,VCC,3
1000,"['T', 'ZH', 'AO0']","['T', 'ZH', 'AO']",1,CCV,3
1001,"['AO0', 'T', 'ZH']","['AO', 'T', 'ZH']",-1,VCC,3
1002,"['T', 'ZH', 'UW0']","['T', 'ZH', 'UW']",1,CCV,3
1003,"['UW0', 'T', 'ZH']","['UW', 'T', 'ZH']",-1,VCC,3
1004,"['T', 'ZH', 'IH0']","['T', 'ZH', 'IH']",1,CCV,3
1005,"['IH0', 'T', 'ZH']","['IH', 'T', 'ZH']",-1,VCC,3
1006,"['T', 'ZH', 'EH0']","['T', 'ZH', 'EH']",1,CCV,3
1007,"['EH0', 'T', 'ZH']","['EH', 'T', 'ZH']",-1,VCC,3
1008,"['T', 'ZH', 'UH0']","['T', 'ZH', 'UH']",1,CCV,3
1009,"['UH0', 'T', 'ZH']","['UH', 'T', 'ZH']",-1,VCC,3
1010,"['T', 'ZH', 'IY0']","['T', 'ZH', 'IY']",1,CCV,3
1011,"['IY0', 'T', 'ZH']","['IY', 'T', 'ZH']",-1,VCC,3
1012,"['T', 'ZH', 'EY0']","['T', 'ZH', 'EY']",1,CCV,3
1013,"['EY0', 'T', 'ZH']","['EY', 'T', 'ZH']",-1,VCC,3
1014,"['T', 'ZH', 'OW0']","['T', 'ZH', 'OW']",1,CCV,3
1015,"['OW0', 'T', 'ZH']","['OW', 'T', 'ZH']",-1,VCC,3
1016,"['T', 'ZH', 'AE0']","['T', 'ZH', 'AE']",1,CCV,3
1017,"['AE0', 'T', 'ZH']","['AE', 'T', 'ZH']",-1,VCC,3
1018,"['T', 'ZH', 'AW0']","['T', 'ZH', 'AW']",1,CCV,3
1019,"['AW0', 'T', 'ZH']","['AW', 'T', 'ZH']",-1,VCC,3
1020,"['T', 'V', 'AH0']","['T', 'V', 'AH']",1,CCV,3
1021,"['AH0', 'T', 'V']","['AH', 'T', 'V']",-1,VCC,3
1022,"['T', 'V', 'OY0']","['T', 'V', 'OY']",1,CCV,3
1023,"['OY0', 'T', 'V']","['OY', 'T', 'V']",-1,VCC,3
1024,"['T', 'V', 'AA0']","['T', 'V', 'AA']",1,CCV,3
1025,"['AA0', 'T', 'V']","['AA', 'T', 'V']",-1,VCC,3
1026,"['T', 'V', 'AY0']","['T', 'V', 'AY']",1,CCV,3
1027,"['AY0', 'T', 'V']","['AY', 'T', 'V']",-1,VCC,3
1028,"['T', 'V', 'ER0']","['T', 'V', 'ER']",1,CCV,3
1029,"['ER0', 'T', 'V']","['ER', 'T', 'V']",-1,VCC,3
1030,"['T', 'V', 'AO0']","['T', 'V', 'AO']",1,CCV,3
1031,"['AO0', 'T', 'V']","['AO', 'T', 'V']",-1,VCC,3
1032,"['T', 'V', 'UW0']","['T', 'V', 'UW']",1,CCV,3
1033,"['UW0', 'T', 'V']","['UW', 'T', 'V']",-1,VCC,3
1034,"['T', 'V', 'IH0']","['T', 'V', 'IH']",1,CCV,3
1035,"['IH0', 'T', 'V']","['IH', 'T', 'V']",-1,VCC,3
1036,"['T', 'V', 'EH0']","['T', 'V', 'EH']",1,CCV,3
1037,"['EH0', 'T', 'V']","['EH', 'T', 'V']",-1,VCC,3
1038,"['T', 'V', 'UH0']","['T', 'V', 'UH']",1,CCV,3
1039,"['UH0', 'T', 'V']","['UH', 'T', 'V']",-1,VCC,3
1040,"['T', 'V', 'IY0']","['T', 'V', 'IY']",1,CCV,3
1041,"['IY0', 'T', 'V']","['IY', 'T', 'V']",-1,VCC,3
1042,"['T', 'V', 'EY0']","['T', 'V', 'EY']",1,CCV,3
1043,"['EY0', 'T', 'V']","['EY', 'T', 'V']",-1,VCC,3
1044,"['T', 'V', 'OW0']","['T', 'V', 'OW']",1,CCV,3
1045,"['OW0', 'T', 'V']","['OW', 'T', 'V']",-1,VCC,3
1046,"['T', 'V', 'AE0']","['T', 'V', 'AE']",1,CCV,3
1047,"['AE0', 'T', 'V']","['AE', 'T', 'V']",-1,VCC,3
1048,"['T', 'V', 'AW0']","['T', 'V', 'AW']",1,CCV,3
1049,"['AW0', 'T', 'V']","['AW', 'T', 'V']",-1,VCC,3
1050,"['T', 'DH', 'AH0']","['T', 'DH', 'AH']",1,CCV,3
1051,"['AH0', 'T', 'DH']","['AH', 'T', 'DH']",-1,VCC,3
1052,"['T', 'DH', 'OY0']","['T', 'DH', 'OY']",1,CCV,3
1053,"['OY0', 'T', 'DH']","['OY', 'T', 'DH']",-1,VCC,3
1054,"['T', 'DH', 'AA0']","['T', 'DH', 'AA']",1,CCV,3
1055,"['AA0', 'T', 'DH']","['AA', 'T', 'DH']",-1,VCC,3
1056,"['T', 'DH', 'AY0']","['T', 'DH', 'AY']",1,CCV,3
1057,"['AY0', 'T', 'DH']","['AY', 'T', 'DH']",-1,VCC,3
1058,"['T', 'DH', 'ER0']","['T', 'DH', 'ER']",1,CCV,3
1059,"['ER0', 'T', 'DH']","['ER', 'T', 'DH']",-1,VCC,3
1060,"['T', 'DH', 'AO0']","['T', 'DH', 'AO']",1,CCV,3
1061,"['AO0', 'T', 'DH']","['AO', 'T', 'DH']",-1,VCC,3
1062,"['T', 'DH', 'UW0']","['T', 'DH', 'UW']",1,CCV,3
1063,"['UW0', 'T', 'DH']","['UW', 'T', 'DH']",-1,VCC,3
1064,"['T', 'DH', 'IH0']","['T', 'DH', 'IH']",1,CCV,3
1065,"['IH0', 'T', 'DH']","['IH', 'T', 'DH']",-1,VCC,3
1066,"['T', 'DH', 'EH0']","['T', 'DH', 'EH']",1,CCV,3
1067,"['EH0', 'T', 'DH']","['EH', 'T', 'DH']",-1,VCC,3
1068,"['T', 'DH', 'UH0']","['T', 'DH', 'UH']",1,CCV,3
1069,"['UH0', 'T', 'DH']","['UH', 'T', 'DH']",-1,VCC,3
1070,"['T', 'DH', 'IY0']","['T', 'DH', 'IY']",1,CCV,3
1071,"['IY0', 'T', 'DH']","['IY', 'T', 'DH']",-1,VCC,3
1072,"['T', 'DH', 'EY0']","['T', 'DH', 'EY']",1,CCV,3
1073,"['EY0', 'T', 'DH']","['EY', 'T', 'DH']",-1,VCC,3
1074,"['T', 'DH', 'OW0']","['T', 'DH', 'OW']",1,CCV,3
1075,"['OW0', 'T', 'DH']","['OW', 'T', 'DH']",-1,VCC,3
1076,"['T', 'DH', 'AE0']","['T', 'DH', 'AE']",1,CCV,3
1077,"['AE0', 'T', 'DH']","['AE', 'T', 'DH']",-1,VCC,3
1078,"['T', 'DH', 'AW0']","['T', 'DH', 'AW']",1,CCV,3
1079,"['AW0', 'T', 'DH']","['AW', 'T', 'DH']",-1,VCC,3
1080,"['T', 'HH', 'AH0']","['T', 'HH', 'AH']",1,CCV,3
1081,"['AH0', 'T', 'HH']","['AH', 'T', 'HH']",-1,VCC,3
1082,"['T', 'HH', 'OY0']","['T', 'HH', 'OY']",1,CCV,3
1083,"['OY0', 'T', 'HH']","['OY', 'T', 'HH']",-1,VCC,3
1084,"['T', 'HH', 'AA0']","['T', 'HH', 'AA']",1,CCV,3
1085,"['AA0', 'T', 'HH']","['AA', 'T', 'HH']",-1,VCC,3
1086,"['T', 'HH', 'AY0']","['T', 'HH', 'AY']",1,CCV,3
1087,"['AY0', 'T', 'HH']","['AY', 'T', 'HH']",-1,VCC,3
1088,"['T', 'HH', 'ER0']","['T', 'HH', 'ER']",1,CCV,3
1089,"['ER0', 'T', 'HH']","['ER', 'T', 'HH']",-1,VCC,3
1090,"['T', 'HH', 'AO0']","['T', 'HH', 'AO']",1,CCV,3
1091,"['AO0', 'T', 'HH']","['AO', 'T', 'HH']",-1,VCC,3
1092,"['T', 'HH', 'UW0']","['T', 'HH', 'UW']",1,CCV,3
1093,"['UW0', 'T', 'HH']","['UW', 'T', 'HH']",-1,VCC,3
1094,"['T', 'HH', 'IH0']","['T', 'HH', 'IH']",1,CCV,3
1095,"['IH0', 'T', 'HH']","['IH', 'T', 'HH']",-1,VCC,3
1096,"['T', 'HH', 'EH0']","['T', 'HH', 'EH']",1,CCV,3
1097,"['EH0', 'T', 'HH']","['EH', 'T', 'HH']",-1,VCC,3
1098,"['T', 'HH', 'UH0']","['T', 'HH', 'UH']",1,CCV,3
1099,"['UH0', 'T', 'HH']","['UH', 'T', 'HH']",-1,VCC,3
1100,"['T', 'HH', 'IY0']","['T', 'HH', 'IY']",1,CCV,3
1101,"['IY0', 'T', 'HH']","['IY', 'T', 'HH']",-1,VCC,3
1102,"['T', 'HH', 'EY0']","['T', 'HH', 'EY']",1,CCV,3
1103,"['EY0', 'T', 'HH']","['EY', 'T', 'HH']",-1,VCC,3
1104,"['T', 'HH', 'OW0']","['T', 'HH', 'OW']",1,CCV,3
1105,"['OW0', 'T', 'HH']","['OW', 'T', 'HH']",-1,VCC,3
1106,"['T', 'HH', 'AE0']","['T', 'HH', 'AE']",1,CCV,3
1107,"['AE0', 'T', 'HH']","['AE', 'T', 'HH']",-1,VCC,3
1108,"['T', 'HH', 'AW0']","['T', 'HH', 'AW']",1,CCV,3
1109,"['AW0', 'T', 'HH']","['AW', 'T', 'HH']",-1,VCC,3
1110,"['T', 'CH', 'AH0']","['T', 'CH', 'AH']",2,CCV,3
1111,"['AH0', 'T', 'CH']","['AH', 'T', 'CH']",-2,VCC,3
1112,"['T', 'CH', 'OY0']","['T', 'CH', 'OY']",2,CCV,3
1113,"['OY0', 'T', 'CH']","['OY', 'T', 'CH']",-2,VCC,3
1114,"['T', 'CH', 'AA0']","['T', 'CH', 'AA']",2,CCV,3
1115,"['AA0', 'T', 'CH']","['AA', 'T', 'CH']",-2,VCC,3
1116,"['T', 'CH', 'AY0']","['T', 'CH', 'AY']",2,CCV,3
1117,"['AY0', 'T', 'CH']","['AY', 'T', 'CH']",-2,VCC,3
1118,"['T', 'CH', 'ER0']","['T', 'CH', 'ER']",2,CCV,3
1119,"['ER0', 'T', 'CH']","['ER', 'T', 'CH']",-2,VCC,3
1120,"['T', 'CH', 'AO0']","['T', 'CH', 'AO']",2,CCV,3
1121,"['AO0', 'T', 'CH']","['AO', 'T', 'CH']",-2,VCC,3
1122,"['T', 'CH', 'UW0']","['T', 'CH', 'UW']",2,CCV,3
1123,"['UW0', 'T', 'CH']","['UW', 'T', 'CH']",-2,VCC,3
1124,"['T', 'CH', 'IH0']","['T', 'CH', 'IH']",2,CCV,3
1125,"['IH0', 'T', 'CH']","['IH', 'T', 'CH']",-2,VCC,3
1126,"['T', 'CH', 'EH0']","['T', 'CH', 'EH']",2,CCV,3
1127,"['EH0', 'T', 'CH']","['EH', 'T', 'CH']",-2,VCC,3
1128,"['T', 'CH', 'UH0']","['T', 'CH', 'UH']",2,CCV,3
1129,"['UH0', 'T', 'CH']","['UH', 'T', 'CH']",-2,VCC,3
1130,"['T', 'CH', 'IY0']","['T', 'CH', 'IY']",2,CCV,3
1131,"['IY0', 'T', 'CH']","['IY', 'T', 'CH']",-2,VCC,3
1132,"['T', 'CH', 'EY0']","['T', 'CH', 'EY']",2,CCV,3
1133,"['EY0', 'T', 'CH']","['EY', 'T', 'CH']",-2,VCC,3
1134,"['T', 'CH', 'OW0']","['T', 'CH', 'OW']",2,CCV,3
1135,"['OW0', 'T', 'CH']","['OW', 'T', 'CH']",-2,VCC,3
1136,"['T', 'CH', 'AE0']","['T', 'CH', 'AE']",2,CCV,3
1137,"['AE0', 'T', 'CH']","['AE', 'T', 'CH']",-2,VCC,3
1138,"['T', 'CH', 'AW0']","['T', 'CH', 'AW']",2,CCV,3
1139,"['AW0', 'T', 'CH']","['AW', 'T', 'CH']",-2,VCC,3
1140,"['T', 'JH', 'AH0']","['T', 'JH', 'AH']",2,CCV,3
1141,"['AH0', 'T', 'JH']","['AH', 'T', 'JH']",-2,VCC,3
1142,"['T', 'JH', 'OY0']","['T', 'JH', 'OY']",2,CCV,3
1143,"['OY0', 'T', 'JH']","['OY', 'T', 'JH']",-2,VCC,3
1144,"['T', 'JH', 'AA0']","['T', 'JH', 'AA']",2,CCV,3
1145,"['AA0', 'T', 'JH']","['AA', 'T', 'JH']",-2,VCC,3
1146,"['T', 'JH', 'AY0']","['T', 'JH', 'AY']",2,CCV,3
1147,"['AY0', 'T', 'JH']","['AY', 'T', 'JH']",-2,VCC,3
1148,"['T', 'JH', 'ER0']","['T', 'JH', 'ER']",2,CCV,3
1149,"['ER0', 'T', 'JH']","['ER', 'T', 'JH']",-2,VCC,3
1150,"['T', 'JH', 'AO0']","['T', 'JH', 'AO']",2,CCV,3
1151,"['AO0', 'T', 'JH']","['AO', 'T', 'JH']",-2,VCC,3
1152,"['T', 'JH', 'UW0']","['T', 'JH', 'UW']",2,CCV,3
1153,"['UW0', 'T', 'JH']","['UW', 'T', 'JH']",-2,VCC,3
1154,"['T', 'JH', 'IH0']","['T', 'JH', 'IH']",2,CCV,3
1155,"['IH0', 'T', 'JH']","['IH', 'T', 'JH']",-2,VCC,3
1156,"['T', 'JH', 'EH0']","['T', 'JH', 'EH']",2,CCV,3
1157,"['EH0', 'T', 'JH']","['EH', 'T', 'JH']",-2,VCC,3
1158,"['T', 'JH', 'UH0']","['T', 'JH', 'UH']",2,CCV,3
1159,"['UH0', 'T', 'JH']","['UH', 'T', 'JH']",-2,VCC,3
1160,"['T', 'JH', 'IY0']","['T', 'JH', 'IY']",2,CCV,3
1161,"['IY0', 'T', 'JH']","['IY', 'T', 'JH']",-2,VCC,3
1162,"['T', 'JH', 'EY0']","['T', 'JH', 'EY']",2,CCV,3
1163,"['EY0', 'T', 'JH']","['EY', 'T', 'JH']",-2,VCC,3
1164,"['T', 'JH', 'OW0']","['T', 'JH', 'OW']",2,CCV,3
1165,"['OW0', 'T', 'JH']","['OW', 'T', 'JH']",-2,VCC,3
1166,"['T', 'JH', 'AE0']","['T', 'JH', 'AE']",2,CCV,3
1167,"['AE0', 'T', 'JH']","['AE', 'T', 'JH']",-2,VCC,3
1168,"['T', 'JH', 'AW0']","['T', 'JH', 'AW']",2,CCV,3
1169,"['AW0', 'T', 'JH']","['AW', 'T', 'JH']",-2,VCC,3
1170,"['T', 'M', 'AH0']","['T', 'M', 'AH']",3,CCV,3
1171,"['AH0', 'T', 'M']","['AH', 'T', 'M']",-3,VCC,3
1172,"['T', 'M', 'OY0']","['T', 'M', 'OY']",3,CCV,3
1173,"['OY0', 'T', 'M']","['OY', 'T', 'M']",-3,VCC,3
1174,"['T', 'M', 'AA0']","['T', 'M', 'AA']",3,CCV,3
1175,"['AA0', 'T', 'M']","['AA', 'T', 'M']",-3,VCC,3
1176,"['T', 'M', 'AY0']","['T', 'M', 'AY']",3,CCV,3
1177,"['AY0', 'T', 'M']","['AY', 'T', 'M']",-3,VCC,3
1178,"['T', 'M', 'ER0']","['T', 'M', 'ER']",3,CCV,3
1179,"['ER0', 'T', 'M']","['ER', 'T', 'M']",-3,VCC,3
1180,"['T', 'M', 'AO0']","['T', 'M', 'AO']",3,CCV,3
1181,"['AO0', 'T', 'M']","['AO', 'T', 'M']",-3,VCC,3
1182,"['T', 'M', 'UW0']","['T', 'M', 'UW']",3,CCV,3
1183,"['UW0', 'T', 'M']","['UW', 'T', 'M']",-3,VCC,3
1184,"['T', 'M', 'IH0']","['T', 'M', 'IH']",3,CCV,3
1185,"['IH0', 'T', 'M']","['IH', 'T', 'M']",-3,VCC,3
1186,"['T', 'M', 'EH0']","['T', 'M', 'EH']",3,CCV,3
1187,"['EH0', 'T', 'M']","['EH', 'T', 'M']",-3,VCC,3
1188,"['T', 'M', 'UH0']","['T', 'M', 'UH']",3,CCV,3
1189,"['UH0', 'T', 'M']","['UH', 'T', 'M']",-3,VCC,3
1190,"['T', 'M', 'IY0']","['T', 'M', 'IY']",3,CCV,3
1191,"['IY0', 'T', 'M']","['IY', 'T', 'M']",-3,VCC,3
1192,"['T', 'M', 'EY0']","['T', 'M', 'EY']",3,CCV,3
1193,"['EY0', 'T', 'M']","['EY', 'T', 'M']",-3,VCC,3
1194,"['T', 'M', 'OW0']","['T', 'M', 'OW']",3,CCV,3
1195,"['OW0', 'T', 'M']","['OW', 'T', 'M']",-3,VCC,3
1196,"['T', 'M', 'AE0']","['T', 'M', 'AE']",3,CCV,3
1197,"['AE0', 'T', 'M']","['AE', 'T', 'M']",-3,VCC,3
1198,"['T', 'M', 'AW0']","['T', 'M', 'AW']",3,CCV,3
1199,"['AW0', 'T', 'M']","['AW', 'T', 'M']",-3,VCC,3
1200,"['T', 'N', 'AH0']","['T', 'N', 'AH']",3,CCV,3
1201,"['AH0', 'T', 'N']","['AH', 'T', 'N']",-3,VCC,3
1202,"['T', 'N', 'OY0']","['T', 'N', 'OY']",3,CCV,3
1203,"['OY0', 'T', 'N']","['OY', 'T', 'N']",-3,VCC,3
1204,"['T', 'N', 'AA0']","['T', 'N', 'AA']",3,CCV,3
1205,"['AA0', 'T', 'N']","['AA', 'T', 'N']",-3,VCC,3
1206,"['T', 'N', 'AY0']","['T', 'N', 'AY']",3,CCV,3
1207,"['AY0', 'T', 'N']","['AY', 'T', 'N']",-3,VCC,3
1208,"['T', 'N', 'ER0']","['T', 'N', 'ER']",3,CCV,3
1209,"['ER0', 'T', 'N']","['ER', 'T', 'N']",-3,VCC,3
1210,"['T', 'N', 'AO0']","['T', 'N', 'AO']",3,CCV,3
1211,"['AO0', 'T', 'N']","['AO', 'T', 'N']",-3,VCC,3
1212,"['T', 'N', 'UW0']","['T', 'N', 'UW']",3,CCV,3
1213,"['UW0', 'T', 'N']","['UW', 'T', 'N']",-3,VCC,3
1214,"['T', 'N', 'IH0']","['T', 'N', 'IH']",3,CCV,3
1215,"['IH0', 'T', 'N']","['IH', 'T', 'N']",-3,VCC,3
1216,"['T', 'N', 'EH0']","['T', 'N', 'EH']",3,CCV,3
1217,"['EH0', 'T', 'N']","['EH', 'T', 'N']",-3,VCC,3
1218,"['T', 'N', 'UH0']","['T', 'N', 'UH']",3,CCV,3
1219,"['UH0', 'T', 'N']","['UH', 'T', 'N']",-3,VCC,3
1220,"['T', 'N', 'IY0']","['T', 'N', 'IY']",3,CCV,3
1221,"['IY0', 'T', 'N']","['IY', 'T', 'N']",-3,VCC,3
1222,"['T', 'N', 'EY0']","['T', 'N', 'EY']",3,CCV,3
1223,"['EY0', 'T', 'N']","['EY', 'T', 'N']",-3,VCC,3
1224,"['T', 'N', 'OW0']","['T', 'N', 'OW']",3,CCV,3
1225,"['OW0', 'T', 'N']","['OW', 'T', 'N']",-3,VCC,3
1226,"['T', 'N', 'AE0']","['T', 'N', 'AE']",3,CCV,3
1227,"['AE0', 'T', 'N']","['AE', 'T', 'N']",-3,VCC,3
1228,"['T', 'N', 'AW0']","['T', 'N', 'AW']",3,CCV,3
1229,"['AW0', 'T', 'N']","['AW', 'T', 'N']",-3,VCC,3
1230,"['T', 'NG', 'AH0']","['T', 'NG', 'AH']",3,CCV,3
1231,"['AH0', 'T', 'NG']","['AH', 'T', 'NG']",-3,VCC,3
1232,"['T', 'NG', 'OY0']","['T', 'NG', 'OY']",3,CCV,3
1233,"['OY0', 'T', 'NG']","['OY', 'T', 'NG']",-3,VCC,3
1234,"['T', 'NG', 'AA0']","['T', 'NG', 'AA']",3,CCV,3
1235,"['AA0', 'T', 'NG']","['AA', 'T', 'NG']",-3,VCC,3
1236,"['T', 'NG', 'AY0']","['T', 'NG', 'AY']",3,CCV,3
1237,"['AY0', 'T', 'NG']","['AY', 'T', 'NG']",-3,VCC,3
1238,"['T', 'NG', 'ER0']","['T', 'NG', 'ER']",3,CCV,3
1239,"['ER0', 'T', 'NG']","['ER', 'T', 'NG']",-3,VCC,3
1240,"['T', 'NG', 'AO0']","['T', 'NG', 'AO']",3,CCV,3
1241,"['AO0', 'T', 'NG']","['AO', 'T', 'NG']",-3,VCC,3
1242,"['T', 'NG', 'UW0']","['T', 'NG', 'UW']",3,CCV,3
1243,"['UW0', 'T', 'NG']","['UW', 'T', 'NG']",-3,VCC,3
1244,"['T', 'NG', 'IH0']","['T', 'NG', 'IH']",3,CCV,3
1245,"['IH0', 'T', 'NG']","['IH', 'T', 'NG']",-3,VCC,3
1246,"['T', 'NG', 'EH0']","['T', 'NG', 'EH']",3,CCV,3
1247,"['EH0', 'T', 'NG']","['EH', 'T', 'NG']",-3,VCC,3
1248,"['T', 'NG', 'UH0']","['T', 'NG', 'UH']",3,CCV,3
1249,"['UH0', 'T', 'NG']","['UH', 'T', 'NG']",-3,VCC,3
1250,"['T', 'NG', 'IY0']","['T', 'NG', 'IY']",3,CCV,3
1251,"['IY0', 'T', 'NG']","['IY', 'T', 'NG']",-3,VCC,3
1252,"['T', 'NG', 'EY0']","['T', 'NG', 'EY']",3,CCV,3
1253,"['EY0', 'T', 'NG']","['EY', 'T', 'NG']",-3,VCC,3
1254,"['T', 'NG', 'OW0']","['T', 'NG', 'OW']",3,CCV,3
1255,"['OW0', 'T', 'NG']","['OW', 'T', 'NG']",-3,VCC,3
1256,"['T', 'NG', 'AE0']","['T', 'NG', 'AE']",3,CCV,3
1257,"['AE0', 'T', 'NG']","['AE', 'T', 'NG']",-3,VCC,3
1258,"['T', 'NG', 'AW0']","['T', 'NG', 'AW']",3,CCV,3
1259,"['AW0', 'T', 'NG']","['AW', 'T', 'NG']",-3,VCC,3
1260,"['T', 'L', 'AH0']","['T', 'L', 'AH']",4,CCV,3
1261,"['AH0', 'T', 'L']","['AH', 'T', 'L']",-4,VCC,3
1262,"['T', 'L', 'OY0']","['T', 'L', 'OY']",4,CCV,3
1263,"['OY0', 'T', 'L']","['OY', 'T', 'L']",-4,VCC,3
1264,"['T', 'L', 'AA0']","['T', 'L', 'AA']",4,CCV,3
1265,"['AA0', 'T', 'L']","['AA', 'T', 'L']",-4,VCC,3
1266,"['T', 'L', 'AY0']","['T', 'L', 'AY']",4,CCV,3
1267,"['AY0', 'T', 'L']","['AY', 'T', 'L']",-4,VCC,3
1268,"['T', 'L', 'ER0']","['T', 'L', 'ER']",4,CCV,3
1269,"['ER0', 'T', 'L']","['ER', 'T', 'L']",-4,VCC,3
1270,"['T', 'L', 'AO0']","['T', 'L', 'AO']",4,CCV,3
1271,"['AO0', 'T', 'L']","['AO', 'T', 'L']",-4,VCC,3
1272,"['T', 'L', 'UW0']","['T', 'L', 'UW']",4,CCV,3
1273,"['UW0', 'T', 'L']","['UW', 'T', 'L']",-4,VCC,3
1274,"['T', 'L', 'IH0']","['T', 'L', 'IH']",4,CCV,3
1275,"['IH0', 'T', 'L']","['IH', 'T', 'L']",-4,VCC,3
1276,"['T', 'L', 'EH0']","['T', 'L', 'EH']",4,CCV,3
1277,"['EH0', 'T', 'L']","['EH', 'T', 'L']",-4,VCC,3
1278,"['T', 'L', 'UH0']","['T', 'L', 'UH']",4,CCV,3
1279,"['UH0', 'T', 'L']","['UH', 'T', 'L']",-4,VCC,3
1280,"['T', 'L', 'IY0']","['T', 'L', 'IY']",4,CCV,3
1281,"['IY0', 'T', 'L']","['IY', 'T', 'L']",-4,VCC,3
1282,"['T', 'L', 'EY0']","['T', 'L', 'EY']",4,CCV,3
1283,"['EY0', 'T', 'L']","['EY', 'T', 'L']",-4,VCC,3
1284,"['T', 'L', 'OW0']","['T', 'L', 'OW']",4,CCV,3
1285,"['OW0', 'T', 'L']","['OW', 'T', 'L']",-4,VCC,3
1286,"['T', 'L', 'AE0']","['T', 'L', 'AE']",4,CCV,3
1287,"['AE0', 'T', 'L']","['AE', 'T', 'L']",-4,VCC,3
1288,"['T', 'L', 'AW0']","['T', 'L', 'AW']",4,CCV,3
1289,"['AW0', 'T', 'L']","['AW', 'T', 'L']",-4,VCC,3
1290,"['T', 'R', 'AH0']","['T', 'R', 'AH']",4,CCV,3
1291,"['AH0', 'T', 'R']","['AH', 'T', 'R']",-4,VCC,3
1292,"['T', 'R', 'OY0']","['T', 'R', 'OY']",4,CCV,3
1293,"['OY0', 'T', 'R']","['OY', 'T', 'R']",-4,VCC,3
1294,"['T', 'R', 'AA0']","['T', 'R', 'AA']",4,CCV,3
1295,"['AA0', 'T', 'R']","['AA', 'T', 'R']",-4,VCC,3
1296,"['T', 'R', 'AY0']","['T', 'R', 'AY']",4,CCV,3
1297,"['AY0', 'T', 'R']","['AY', 'T', 'R']",-4,VCC,3
1298,"['T', 'R', 'ER0']","['T', 'R', 'ER']",4,CCV,3
1299,"['ER0', 'T', 'R']","['ER', 'T', 'R']",-4,VCC,3
1300,"['T', 'R', 'AO0']","['T', 'R', 'AO']",4,CCV,3
1301,"['AO0', 'T', 'R']","['AO', 'T', 'R']",-4,VCC,3
1302,"['T', 'R', 'UW0']","['T', 'R', 'UW']",4,CCV,3
1303,"['UW0', 'T', 'R']","['UW', 'T', 'R']",-4,VCC,3
1304,"['T', 'R', 'IH0']","['T', 'R', 'IH']",4,CCV,3
1305,"['IH0', 'T', 'R']","['IH', 'T', 'R']",-4,VCC,3
1306,"['T', 'R', 'EH0']","['T', 'R', 'EH']",4,CCV,3
1307,"['EH0', 'T', 'R']","['EH', 'T', 'R']",-4,VCC,3
1308,"['T', 'R', 'UH0']","['T', 'R', 'UH']",4,CCV,3
1309,"['UH0', 'T', 'R']","['UH', 'T', 'R']",-4,VCC,3
1310,"['T', 'R', 'IY0']","['T', 'R', 'IY']",4,CCV,3
1311,"['IY0', 'T', 'R']","['IY', 'T', 'R']",-4,VCC,3
1312,"['T', 'R', 'EY0']","['T', 'R', 'EY']",4,CCV,3
1313,"['EY0', 'T', 'R']","['EY', 'T', 'R']",-4,VCC,3
1314,"['T', 'R', 'OW0']","['T', 'R', 'OW']",4,CCV,3
1315,"['OW0', 'T', 'R']","['OW', 'T', 'R']",-4,VCC,3
1316,"['T', 'R', 'AE0']","['T', 'R', 'AE']",4,CCV,3
1317,"['AE0', 'T', 'R']","['AE', 'T', 'R']",-4,VCC,3
1318,"['T', 'R', 'AW0']","['T', 'R', 'AW']",4,CCV,3
1319,"['AW0', 'T', 'R']","['AW', 'T', 'R']",-4,VCC,3
1320,"['T', 'W', 'AH0']","['T', 'W', 'AH']",5,CCV,3
1321,"['AH0', 'T', 'W']","['AH', 'T', 'W']",-5,VCC,3
1322,"['T', 'W', 'OY0']","['T', 'W', 'OY']",5,CCV,3
1323,"['OY0', 'T', 'W']","['OY', 'T', 'W']",-5,VCC,3
1324,"['T', 'W', 'AA0']","['T', 'W', 'AA']",5,CCV,3
1325,"['AA0', 'T', 'W']","['AA', 'T', 'W']",-5,VCC,3
1326,"['T', 'W', 'AY0']","['T', 'W', 'AY']",5,CCV,3
1327,"['AY0', 'T', 'W']","['AY', 'T', 'W']",-5,VCC,3
1328,"['T', 'W', 'ER0']","['T', 'W', 'ER']",5,CCV,3
1329,"['ER0', 'T', 'W']","['ER', 'T', 'W']",-5,VCC,3
1330,"['T', 'W', 'AO0']","['T', 'W', 'AO']",5,CCV,3
1331,"['AO0', 'T', 'W']","['AO', 'T', 'W']",-5,VCC,3
1332,"['T', 'W', 'UW0']","['T', 'W', 'UW']",5,CCV,3
1333,"['UW0', 'T', 'W']","['UW', 'T', 'W']",-5,VCC,3
1334,"['T', 'W', 'IH0']","['T', 'W', 'IH']",5,CCV,3
1335,"['IH0', 'T', 'W']","['IH', 'T', 'W']",-5,VCC,3
1336,"['T', 'W', 'EH0']","['T', 'W', 'EH']",5,CCV,3
1337,"['EH0', 'T', 'W']","['EH', 'T', 'W']",-5,VCC,3
1338,"['T', 'W', 'UH0']","['T', 'W', 'UH']",5,CCV,3
1339,"['UH0', 'T', 'W']","['UH', 'T', 'W']",-5,VCC,3
1340,"['T', 'W', 'IY0']","['T', 'W', 'IY']",5,CCV,3
1341,"['IY0', 'T', 'W']","['IY', 'T', 'W']",-5,VCC,3
1342,"['T', 'W', 'EY0']","['T', 'W', 'EY']",5,CCV,3
1343,"['EY0', 'T', 'W']","['EY', 'T', 'W']",-5,VCC,3
1344,"['T', 'W', 'OW0']","['T', 'W', 'OW']",5,CCV,3
1345,"['OW0', 'T', 'W']","['OW', 'T', 'W']",-5,VCC,3
1346,"['T', 'W', 'AE0']","['T', 'W', 'AE']",5,CCV,3
1347,"['AE0', 'T', 'W']","['AE', 'T', 'W']",-5,VCC,3
1348,"['T', 'W', 'AW0']","['T', 'W', 'AW']",5,CCV,3
1349,"['AW0', 'T', 'W']","['AW', 'T', 'W']",-5,VCC,3
1350,"['T', 'Y', 'AH0']","['T', 'Y', 'AH']",5,CCV,3
1351,"['AH0', 'T', 'Y']","['AH', 'T', 'Y']",-5,VCC,3
1352,"['T', 'Y', 'OY0']","['T', 'Y', 'OY']",5,CCV,3
1353,"['OY0', 'T', 'Y']","['OY', 'T', 'Y']",-5,VCC,3
1354,"['T', 'Y', 'AA0']","['T', 'Y', 'AA']",5,CCV,3
1355,"['AA0', 'T', 'Y']","['AA', 'T', 'Y']",-5,VCC,3
1356,"['T', 'Y', 'AY0']","['T', 'Y', 'AY']",5,CCV,3
1357,"['AY0', 'T', 'Y']","['AY', 'T', 'Y']",-5,VCC,3
1358,"['T', 'Y', 'ER0']","['T', 'Y', 'ER']",5,CCV,3
1359,"['ER0', 'T', 'Y']","['ER', 'T', 'Y']",-5,VCC,3
1360,"['T', 'Y', 'AO0']","['T', 'Y', 'AO']",5,CCV,3
1361,"['AO0', 'T', 'Y']","['AO', 'T', 'Y']",-5,VCC,3
1362,"['T', 'Y', 'UW0']","['T', 'Y', 'UW']",5,CCV,3
1363,"['UW0', 'T', 'Y']","['UW', 'T', 'Y']",-5,VCC,3
1364,"['T', 'Y', 'IH0']","['T', 'Y', 'IH']",5,CCV,3
1365,"['IH0', 'T', 'Y']","['IH', 'T', 'Y']",-5,VCC,3
1366,"['T', 'Y', 'EH0']","['T', 'Y', 'EH']",5,CCV,3
1367,"['EH0', 'T', 'Y']","['EH', 'T', 'Y']",-5,VCC,3
1368,"['T', 'Y', 'UH0']","['T', 'Y', 'UH']",5,CCV,3
1369,"['UH0', 'T', 'Y']","['UH', 'T', 'Y']",-5,VCC,3
1370,"['T', 'Y', 'IY0']","['T', 'Y', 'IY']",5,CCV,3
1371,"['IY0', 'T', 'Y']","['IY', 'T', 'Y']",-5,VCC,3
1372,"['T', 'Y', 'EY0']","['T', 'Y', 'EY']",5,CCV,3
1373,"['EY0', 'T', 'Y']","['EY', 'T', 'Y']",-5,VCC,3
1374,"['T', 'Y', 'OW0']","['T', 'Y', 'OW']",5,CCV,3
1375,"['OW0', 'T', 'Y']","['OW', 'T', 'Y']",-5,VCC,3
1376,"['T', 'Y', 'AE0']","['T', 'Y', 'AE']",5,CCV,3
1377,"['AE0', 'T', 'Y']","['AE', 'T', 'Y']",-5,VCC,3
1378,"['T', 'Y', 'AW0']","['T', 'Y', 'AW']",5,CCV,3
1379,"['AW0', 'T', 'Y']","['AW', 'T', 'Y']",-5,VCC,3
1380,"['K', 'P', 'AH0']","['K', 'P', 'AH']",0,CCV,3
1381,"['AH0', 'K', 'P']","['AH', 'K', 'P']",0,VCC,3
1382,"['K', 'P', 'OY0']","['K', 'P', 'OY']",0,CCV,3
1383,"['OY0', 'K', 'P']","['OY', 'K', 'P']",0,VCC,3
1384,"['K', 'P', 'AA0']","['K', 'P', 'AA']",0,CCV,3
1385,"['AA0', 'K', 'P']","['AA', 'K', 'P']",0,VCC,3
1386,"['K', 'P', 'AY0']","['K', 'P', 'AY']",0,CCV,3
1387,"['AY0', 'K', 'P']","['AY', 'K', 'P']",0,VCC,3
1388,"['K', 'P', 'ER0']","['K', 'P', 'ER']",0,CCV,3
1389,"['ER0', 'K', 'P']","['ER', 'K', 'P']",0,VCC,3
1390,"['K', 'P', 'AO0']","['K', 'P', 'AO']",0,CCV,3
1391,"['AO0', 'K', 'P']","['AO', 'K', 'P']",0,VCC,3
1392,"['K', 'P', 'UW0']","['K', 'P', 'UW']",0,CCV,3
1393,"['UW0', 'K', 'P']","['UW', 'K', 'P']",0,VCC,3
1394,"['K', 'P', 'IH0']","['K', 'P', 'IH']",0,CCV,3
1395,"['IH0', 'K', 'P']","['IH', 'K', 'P']",0,VCC,3
1396,"['K', 'P', 'EH0']","['K', 'P', 'EH']",0,CCV,3
1397,"['EH0', 'K', 'P']","['EH', 'K', 'P']",0,VCC,3
1398,"['K', 'P', 'UH0']","['K', 'P', 'UH']",0,CCV,3
1399,"['UH0', 'K', 'P']","['UH', 'K', 'P']",0,VCC,3
1400,"['K', 'P', 'IY0']","['K', 'P', 'IY']",0,CCV,3
1401,"['IY0', 'K', 'P']","['IY', 'K', 'P']",0,VCC,3
1402,"['K', 'P', 'EY0']","['K', 'P', 'EY']",0,CCV,3
1403,"['EY0', 'K', 'P']","['EY', 'K', 'P']",0,VCC,3
1404,"['K', 'P', 'OW0']","['K', 'P', 'OW']",0,CCV,3
1405,"['OW0', 'K', 'P']","['OW', 'K', 'P']",0,VCC,3
1406,"['K', 'P', 'AE0']","['K', 'P', 'AE']",0,CCV,3
1407,"['AE0', 'K', 'P']","['AE', 'K', 'P']",0,VCC,3
1408,"['K', 'P', 'AW0']","['K', 'P', 'AW']",0,CCV,3
1409,"['AW0', 'K', 'P']","['AW', 'K', 'P']",0,VCC,3
1410,"['K', 'T', 'AH0']","['K', 'T', 'AH']",0,CCV,3
1411,"['AH0', 'K', 'T']","['AH', 'K', 'T']",0,VCC,3
1412,"['K', 'T', 'OY0']","['K', 'T', 'OY']",0,CCV,3
1413,"['OY0', 'K', 'T']","['OY', 'K', 'T']",0,VCC,3
1414,"['K', 'T', 'AA0']","['K', 'T', 'AA']",0,CCV,3
1415,"['AA0', 'K', 'T']","['AA', 'K', 'T']",0,VCC,3
1416,"['K', 'T', 'AY0']","['K', 'T', 'AY']",0,CCV,3
1417,"['AY0', 'K', 'T']","['AY', 'K', 'T']",0,VCC,3
1418,"['K', 'T', 'ER0']","['K', 'T', 'ER']",0,CCV,3
1419,"['ER0', 'K', 'T']","['ER', 'K', 'T']",0,VCC,3
1420,"['K', 'T', 'AO0']","['K', 'T', 'AO']",0,CCV,3
1421,"['AO0', 'K', 'T']","['AO', 'K', 'T']",0,VCC,3
1422,"['K', 'T', 'UW0']","['K', 'T', 'UW']",0,CCV,3
1423,"['UW0', 'K', 'T']","['UW', 'K', 'T']",0,VCC,3
1424,"['K', 'T', 'IH0']","['K', 'T', 'IH']",0,CCV,3
1425,"['IH0', 'K', 'T']","['IH', 'K', 'T']",0,VCC,3
1426,"['K', 'T', 'EH0']","['K', 'T', 'EH']",0,CCV,3
1427,"['EH0', 'K', 'T']","['EH', 'K', 'T']",0,VCC,3
1428,"['K', 'T', 'UH0']","['K', 'T', 'UH']",0,CCV,3
1429,"['UH0', 'K', 'T']","['UH', 'K', 'T']",0,VCC,3
1430,"['K', 'T', 'IY0']","['K', 'T', 'IY']",0,CCV,3
1431,"['IY0', 'K', 'T']","['IY', 'K', 'T']",0,VCC,3
1432,"['K', 'T', 'EY0']","['K', 'T', 'EY']",0,CCV,3
1433,"['EY0', 'K', 'T']","['EY', 'K', 'T']",0,VCC,3
1434,"['K', 'T', 'OW0']","['K', 'T', 'OW']",0,CCV,3
1435,"['OW0', 'K', 'T']","['OW', 'K', 'T']",0,VCC,3
1436,"['K', 'T', 'AE0']","['K', 'T', 'AE']",0,CCV,3
1437,"['AE0', 'K', 'T']","['AE', 'K', 'T']",0,VCC,3
1438,"['K', 'T', 'AW0']","['K', 'T', 'AW']",0,CCV,3
1439,"['AW0', 'K', 'T']","['AW', 'K', 'T']",0,VCC,3
1440,"['K', 'B', 'AH0']","['K', 'B', 'AH']",0,CCV,3
1441,"['AH0', 'K', 'B']","['AH', 'K', 'B']",0,VCC,3
1442,"['K', 'B', 'OY0']","['K', 'B', 'OY']",0,CCV,3
1443,"['OY0', 'K', 'B']","['OY', 'K', 'B']",0,VCC,3
1444,"['K', 'B', 'AA0']","['K', 'B', 'AA']",0,CCV,3
1445,"['AA0', 'K', 'B']","['AA', 'K', 'B']",0,VCC,3
1446,"['K', 'B', 'AY0']","['K', 'B', 'AY']",0,CCV,3
1447,"['AY0', 'K', 'B']","['AY', 'K', 'B']",0,VCC,3
1448,"['K', 'B', 'ER0']","['K', 'B', 'ER']",0,CCV,3
1449,"['ER0', 'K', 'B']","['ER', 'K', 'B']",0,VCC,3
1450,"['K', 'B', 'AO0']","['K', 'B', 'AO']",0,CCV,3
1451,"['AO0', 'K', 'B']","['AO', 'K', 'B']",0,VCC,3
1452,"['K', 'B', 'UW0']","['K', 'B', 'UW']",0,CCV,3
1453,"['UW0', 'K', 'B']","['UW', 'K', 'B']",0,VCC,3
1454,"['K', 'B', 'IH0']","['K', 'B', 'IH']",0,CCV,3
1455,"['IH0', 'K', 'B']","['IH', 'K', 'B']",0,VCC,3
1456,"['K', 'B', 'EH0']","['K', 'B', 'EH']",0,CCV,3
1457,"['EH0', 'K', 'B']","['EH', 'K', 'B']",0,VCC,3
1458,"['K', 'B', 'UH0']","['K', 'B', 'UH']",0,CCV,3
1459,"['UH0', 'K', 'B']","['UH', 'K', 'B']",0,VCC,3
1460,"['K', 'B', 'IY0']","['K', 'B', 'IY']",0,CCV,3
1461,"['IY0', 'K', 'B']","['IY', 'K', 'B']",0,VCC,3
1462,"['K', 'B', 'EY0']","['K', 'B', 'EY']",0,CCV,3
1463,"['EY0', 'K', 'B']","['EY', 'K', 'B']",0,VCC,3
1464,"['K', 'B', 'OW0']","['K', 'B', 'OW']",0,CCV,3
1465,"['OW0', 'K', 'B']","['OW', 'K', 'B']",0,VCC,3
1466,"['K', 'B', 'AE0']","['K', 'B', 'AE']",0,CCV,3
1467,"['AE0', 'K', 'B']","['AE', 'K', 'B']",0,VCC,3
1468,"['K', 'B', 'AW0']","['K', 'B', 'AW']",0,CCV,3
1469,"['AW0', 'K', 'B']","['AW', 'K', 'B']",0,VCC,3
1470,"['K', 'D', 'AH0']","['K', 'D', 'AH']",0,CCV,3
1471,"['AH0', 'K', 'D']","['AH', 'K', 'D']",0,VCC,3
1472,"['K', 'D', 'OY0']","['K', 'D', 'OY']",0,CCV,3
1473,"['OY0', 'K', 'D']","['OY', 'K', 'D']",0,VCC,3
1474,"['K', 'D', 'AA0']","['K', 'D', 'AA']",0,CCV,3
1475,"['AA0', 'K', 'D']","['AA', 'K', 'D']",0,VCC,3
1476,"['K', 'D', 'AY0']","['K', 'D', 'AY']",0,CCV,3
1477,"['AY0', 'K', 'D']","['AY', 'K', 'D']",0,VCC,3
1478,"['K', 'D', 'ER0']","['K', 'D', 'ER']",0,CCV,3
1479,"['ER0', 'K', 'D']","['ER', 'K', 'D']",0,VCC,3
1480,"['K', 'D', 'AO0']","['K', 'D', 'AO']",0,CCV,3
1481,"['AO0', 'K', 'D']","['AO', 'K', 'D']",0,VCC,3
1482,"['K', 'D', 'UW0']","['K', 'D', 'UW']",0,CCV,3
1483,"['UW0', 'K', 'D']","['UW', 'K', 'D']",0,VCC,3
1484,"['K', 'D', 'IH0']","['K', 'D', 'IH']",0,CCV,3
1485,"['IH0', 'K', 'D']","['IH', 'K', 'D']",0,VCC,3
1486,"['K', 'D', 'EH0']","['K', 'D', 'EH']",0,CCV,3
1487,"['EH0', 'K', 'D']","['EH', 'K', 'D']",0,VCC,3
1488,"['K', 'D', 'UH0']","['K', 'D', 'UH']",0,CCV,3
1489,"['UH0', 'K', 'D']","['UH', 'K', 'D']",0,VCC,3
1490,"['K', 'D', 'IY0']","['K', 'D', 'IY']",0,CCV,3
1491,"['IY0', 'K', 'D']","['IY', 'K', 'D']",0,VCC,3
1492,"['K', 'D', 'EY0']","['K', 'D', 'EY']",0,CCV,3
1493,"['EY0', 'K', 'D']","['EY', 'K', 'D']",0,VCC,3
1494,"['K', 'D', 'OW0']","['K', 'D', 'OW']",0,CCV,3
1495,"['OW0', 'K', 'D']","['OW', 'K', 'D']",0,VCC,3
1496,"['K', 'D', 'AE0']","['K', 'D', 'AE']",0,CCV,3
1497,"['AE0', 'K', 'D']","['AE', 'K', 'D']",0,VCC,3
1498,"['K', 'D', 'AW0']","['K', 'D', 'AW']",0,CCV,3
1499,"['AW0', 'K', 'D']","['AW', 'K', 'D']",0,VCC,3
1500,"['K', 'G', 'AH0']","['K', 'G', 'AH']",0,CCV,3
1501,"['AH0', 'K', 'G']","['AH', 'K', 'G']",0,VCC,3
1502,"['K', 'G', 'OY0']","['K', 'G', 'OY']",0,CCV,3
1503,"['OY0', 'K', 'G']","['OY', 'K', 'G']",0,VCC,3
1504,"['K', 'G', 'AA0']","['K', 'G', 'AA']",0,CCV,3
1505,"['AA0', 'K', 'G']","['AA', 'K', 'G']",0,VCC,3
1506,"['K', 'G', 'AY0']","['K', 'G', 'AY']",0,CCV,3
1507,"['AY0', 'K', 'G']","['AY', 'K', 'G']",0,VCC,3
1508,"['K', 'G', 'ER0']","['K', 'G', 'ER']",0,CCV,3
1509,"['ER0', 'K', 'G']","['ER', 'K', 'G']",0,VCC,3
1510,"['K', 'G', 'AO0']","['K', 'G', 'AO']",0,CCV,3
1511,"['AO0', 'K', 'G']","['AO', 'K', 'G']",0,VCC,3
1512,"['K', 'G', 'UW0']","['K', 'G', 'UW']",0,CCV,3
1513,"['UW0', 'K', 'G']","['UW', 'K', 'G']",0,VCC,3
1514,"['K', 'G', 'IH0']","['K', 'G', 'IH']",0,CCV,3
1515,"['IH0', 'K', 'G']","['IH', 'K', 'G']",0,VCC,3
1516,"['K', 'G', 'EH0']","['K', 'G', 'EH']",0,CCV,3
1517,"['EH0', 'K', 'G']","['EH', 'K', 'G']",0,VCC,3
1518,"['K', 'G', 'UH0']","['K', 'G', 'UH']",0,CCV,3
1519,"['UH0', 'K', 'G']","['UH', 'K', 'G']",0,VCC,3
1520,"['K', 'G', 'IY0']","['K', 'G', 'IY']",0,CCV,3
1521,"['IY0', 'K', 'G']","['IY', 'K', 'G']",0,VCC,3
1522,"['K', 'G', 'EY0']","['K', 'G', 'EY']",0,CCV,3
1523,"['EY0', 'K', 'G']","['EY', 'K', 'G']",0,VCC,3
1524,"['K', 'G', 'OW0']","['K', 'G', 'OW']",0,CCV,3
1525,"['OW0', 'K', 'G']","['OW', 'K', 'G']",0,VCC,3
1526,"['K', 'G', 'AE0']","['K', 'G', 'AE']",0,CCV,3
1527,"['AE0', 'K', 'G']","['AE', 'K', 'G']",0,VCC,3
1528,"['K', 'G', 'AW0']","['K', 'G', 'AW']",0,CCV,3
1529,"['AW0', 'K', 'G']","['AW', 'K', 'G']",0,VCC,3
1530,"['K', 'F', 'AH0']","['K', 'F', 'AH']",1,CCV,3
1531,"['AH0', 'K', 'F']","['AH', 'K', 'F']",-1,VCC,3
1532,"['K', 'F', 'OY0']","['K', 'F', 'OY']",1,CCV,3
1533,"['OY0', 'K', 'F']","['OY', 'K', 'F']",-1,VCC,3
1534,"['K', 'F', 'AA0']","['K', 'F', 'AA']",1,CCV,3
1535,"['AA0', 'K', 'F']","['AA', 'K', 'F']",-1,VCC,3
1536,"['K', 'F', 'AY0']","['K', 'F', 'AY']",1,CCV,3
1537,"['AY0', 'K', 'F']","['AY', 'K', 'F']",-1,VCC,3
1538,"['K', 'F', 'ER0']","['K', 'F', 'ER']",1,CCV,3
1539,"['ER0', 'K', 'F']","['ER', 'K', 'F']",-1,VCC,3
1540,"['K', 'F', 'AO0']","['K', 'F', 'AO']",1,CCV,3
1541,"['AO0', 'K', 'F']","['AO', 'K', 'F']",-1,VCC,3
1542,"['K', 'F', 'UW0']","['K', 'F', 'UW']",1,CCV,3
1543,"['UW0', 'K', 'F']","['UW', 'K', 'F']",-1,VCC,3
1544,"['K', 'F', 'IH0']","['K', 'F', 'IH']",1,CCV,3
1545,"['IH0', 'K', 'F']","['IH', 'K', 'F']",-1,VCC,3
1546,"['K', 'F', 'EH0']","['K', 'F', 'EH']",1,CCV,3
1547,"['EH0', 'K', 'F']","['EH', 'K', 'F']",-1,VCC,3
1548,"['K', 'F', 'UH0']","['K', 'F', 'UH']",1,CCV,3
1549,"['UH0', 'K', 'F']","['UH', 'K', 'F']",-1,VCC,3
1550,"['K', 'F', 'IY0']","['K', 'F', 'IY']",1,CCV,3
1551,"['IY0', 'K', 'F']","['IY', 'K', 'F']",-1,VCC,3
1552,"['K', 'F', 'EY0']","['K', 'F', 'EY']",1,CCV,3
1553,"['EY0', 'K', 'F']","['EY', 'K', 'F']",-1,VCC,3
1554,"['K', 'F', 'OW0']","['K', 'F', 'OW']",1,CCV,3
1555,"['OW0', 'K', 'F']","['OW', 'K', 'F']",-1,VCC,3
1556,"['K', 'F', 'AE0']","['K', 'F', 'AE']",1,CCV,3
1557,"['AE0', 'K', 'F']","['AE', 'K', 'F']",-1,VCC,3
1558,"['K', 'F', 'AW0']","['K', 'F', 'AW']",1,CCV,3
1559,"['AW0', 'K', 'F']","['AW', 'K', 'F']",-1,VCC,3
1560,"['K', 'TH', 'AH0']","['K', 'TH', 'AH']",1,CCV,3
1561,"['AH0', 'K', 'TH']","['AH', 'K', 'TH']",-1,VCC,3
1562,"['K', 'TH', 'OY0']","['K', 'TH', 'OY']",1,CCV,3
1563,"['OY0', 'K', 'TH']","['OY', 'K', 'TH']",-1,VCC,3
1564,"['K', 'TH', 'AA0']","['K', 'TH', 'AA']",1,CCV,3
1565,"['AA0', 'K', 'TH']","['AA', 'K', 'TH']",-1,VCC,3
1566,"['K', 'TH', 'AY0']","['K', 'TH', 'AY']",1,CCV,3
1567,"['AY0', 'K', 'TH']","['AY', 'K', 'TH']",-1,VCC,3
1568,"['K', 'TH', 'ER0']","['K', 'TH', 'ER']",1,CCV,3
1569,"['ER0', 'K', 'TH']","['ER', 'K', 'TH']",-1,VCC,3
1570,"['K', 'TH', 'AO0']","['K', 'TH', 'AO']",1,CCV,3
1571,"['AO0', 'K', 'TH']","['AO', 'K', 'TH']",-1,VCC,3
1572,"['K', 'TH', 'UW0']","['K', 'TH', 'UW']",1,CCV,3
1573,"['UW0', 'K', 'TH']","['UW', 'K', 'TH']",-1,VCC,3
1574,"['K', 'TH', 'IH0']","['K', 'TH', 'IH']",1,CCV,3
1575,"['IH0', 'K', 'TH']","['IH', 'K', 'TH']",-1,VCC,3
1576,"['K', 'TH', 'EH0']","['K', 'TH', 'EH']",1,CCV,3
1577,"['EH0', 'K', 'TH']","['EH', 'K', 'TH']",-1,VCC,3
1578,"['K', 'TH', 'UH0']","['K', 'TH', 'UH']",1,CCV,3
1579,"['UH0', 'K', 'TH']","['UH', 'K', 'TH']",-1,VCC,3
1580,"['K', 'TH', 'IY0']","['K', 'TH', 'IY']",1,CCV,3
1581,"['IY0', 'K', 'TH']","['IY', 'K', 'TH']",-1,VCC,3
1582,"['K', 'TH', 'EY0']","['K', 'TH', 'EY']",1,CCV,3
1583,"['EY0', 'K', 'TH']","['EY', 'K', 'TH']",-1,VCC,3
1584,"['K', 'TH', 'OW0']","['K', 'TH', 'OW']",1,CCV,3
1585,"['OW0', 'K', 'TH']","['OW', 'K', 'TH']",-1,VCC,3
1586,"['K', 'TH', 'AE0']","['K', 'TH', 'AE']",1,CCV,3
1587,"['AE0', 'K', 'TH']","['AE', 'K', 'TH']",-1,VCC,3
1588,"['K', 'TH', 'AW0']","['K', 'TH', 'AW']",1,CCV,3
1589,"['AW0', 'K', 'TH']","['AW', 'K', 'TH']",-1,VCC,3
1590,"['K', 'S', 'AH0']","['K', 'S', 'AH']",1,CCV,3
1591,"['AH0', 'K', 'S']","['AH', 'K', 'S']",-1,VCC,3
1592,"['K', 'S', 'OY0']","['K', 'S', 'OY']",1,CCV,3
1593,"['OY0', 'K', 'S']","['OY', 'K', 'S']",-1,VCC,3
1594,"['K', 'S', 'AA0']","['K', 'S', 'AA']",1,CCV,3
1595,"['AA0', 'K', 'S']","['AA', 'K', 'S']",-1,VCC,3
1596,"['K', 'S', 'AY0']","['K', 'S', 'AY']",1,CCV,3
1597,"['AY0', 'K', 'S']","['AY', 'K', 'S']",-1,VCC,3
1598,"['K', 'S', 'ER0']","['K', 'S', 'ER']",1,CCV,3
1599,"['ER0', 'K', 'S']","['ER', 'K', 'S']",-1,VCC,3
1600,"['K', 'S', 'AO0']","['K', 'S', 'AO']",1,CCV,3
1601,"['AO0', 'K', 'S']","['AO', 'K', 'S']",-1,VCC,3
1602,"['K', 'S', 'UW0']","['K', 'S', 'UW']",1,CCV,3
1603,"['UW0', 'K', 'S']","['UW', 'K', 'S']",-1,VCC,3
1604,"['K', 'S', 'IH0']","['K', 'S', 'IH']",1,CCV,3
1605,"['IH0', 'K', 'S']","['IH', 'K', 'S']",-1,VCC,3
1606,"['K', 'S', 'EH0']","['K', 'S', 'EH']",1,CCV,3
1607,"['EH0', 'K', 'S']","['EH', 'K', 'S']",-1,VCC,3
1608,"['K', 'S', 'UH0']","['K', 'S', 'UH']",1,CCV,3
1609,"['UH0', 'K', 'S']","['UH', 'K', 'S']",-1,VCC,3
1610,"['K', 'S', 'IY0']","['K', 'S', 'IY']",1,CCV,3
1611,"['IY0', 'K', 'S']","['IY', 'K', 'S']",-1,VCC,3
1612,"['K', 'S', 'EY0']","['K', 'S', 'EY']",1,CCV,3
1613,"['EY0', 'K', 'S']","['EY', 'K', 'S']",-1,VCC,3
1614,"['K', 'S', 'OW0']","['K', 'S', 'OW']",1,CCV,3
1615,"['OW0', 'K', 'S']","['OW', 'K', 'S']",-1,VCC,3
1616,"['K', 'S', 'AE0']","['K', 'S', 'AE']",1,CCV,3
1617,"['AE0', 'K', 'S']","['AE', 'K', 'S']",-1,VCC,3
1618,"['K', 'S', 'AW0']","['K', 'S', 'AW']",1,CCV,3
1619,"['AW0', 'K', 'S']","['AW', 'K', 'S']",-1,VCC,3
1620,"['K', 'SH', 'AH0']","['K', 'SH', 'AH']",1,CCV,3
1621,"['AH0', 'K', 'SH']","['AH', 'K', 'SH']",-1,VCC,3
1622,"['K', 'SH', 'OY0']","['K', 'SH', 'OY']",1,CCV,3
1623,"['OY0', 'K', 'SH']","['OY', 'K', 'SH']",-1,VCC,3
1624,"['K', 'SH', 'AA0']","['K', 'SH', 'AA']",1,CCV,3
1625,"['AA0', 'K', 'SH']","['AA', 'K', 'SH']",-1,VCC,3
1626,"['K', 'SH', 'AY0']","['K', 'SH', 'AY']",1,CCV,3
1627,"['AY0', 'K', 'SH']","['AY', 'K', 'SH']",-1,VCC,3
1628,"['K', 'SH', 'ER0']","['K', 'SH', 'ER']",1,CCV,3
1629,"['ER0', 'K', 'SH']","['ER', 'K', 'SH']",-1,VCC,3
1630,"['K', 'SH', 'AO0']","['K', 'SH', 'AO']",1,CCV,3
1631,"['AO0', 'K', 'SH']","['AO', 'K', 'SH']",-1,VCC,3
1632,"['K', 'SH', 'UW0']","['K', 'SH', 'UW']",1,CCV,3
1633,"['UW0', 'K', 'SH']","['UW', 'K', 'SH']",-1,VCC,3
1634,"['K', 'SH', 'IH0']","['K', 'SH', 'IH']",1,CCV,3
1635,"['IH0', 'K', 'SH']","['IH', 'K', 'SH']",-1,VCC,3
1636,"['K', 'SH', 'EH0']","['K', 'SH', 'EH']",1,CCV,3
1637,"['EH0', 'K', 'SH']","['EH', 'K', 'SH']",-1,VCC,3
1638,"['K', 'SH', 'UH0']","['K', 'SH', 'UH']",1,CCV,3
1639,"['UH0', 'K', 'SH']","['UH', 'K', 'SH']",-1,VCC,3
1640,"['K', 'SH', 'IY0']","['K', 'SH', 'IY']",1,CCV,3
1641,"['IY0', 'K', 'SH']","['IY', 'K', 'SH']",-1,VCC,3
1642,"['K', 'SH', 'EY0']","['K', 'SH', 'EY']",1,CCV,3
1643,"['EY0', 'K', 'SH']","['EY', 'K', 'SH']",-1,VCC,3
1644,"['K', 'SH', 'OW0']","['K', 'SH', 'OW']",1,CCV,3
1645,"['OW0', 'K', 'SH']","['OW', 'K', 'SH']",-1,VCC,3
1646,"['K', 'SH', 'AE0']","['K', 'SH', 'AE']",1,CCV,3
1647,"['AE0', 'K', 'SH']","['AE', 'K', 'SH']",-1,VCC,3
1648,"['K', 'SH', 'AW0']","['K', 'SH', 'AW']",1,CCV,3
1649,"['AW0', 'K', 'SH']","['AW', 'K', 'SH']",-1,VCC,3
1650,"['K', 'Z', 'AH0']","['K', 'Z', 'AH']",1,CCV,3
1651,"['AH0', 'K', 'Z']","['AH', 'K', 'Z']",-1,VCC,3
1652,"['K', 'Z', 'OY0']","['K', 'Z', 'OY']",1,CCV,3
1653,"['OY0', 'K', 'Z']","['OY', 'K', 'Z']",-1,VCC,3
1654,"['K', 'Z', 'AA0']","['K', 'Z', 'AA']",1,CCV,3
1655,"['AA0', 'K', 'Z']","['AA', 'K', 'Z']",-1,VCC,3
1656,"['K', 'Z', 'AY0']","['K', 'Z', 'AY']",1,CCV,3
1657,"['AY0', 'K', 'Z']","['AY', 'K', 'Z']",-1,VCC,3
1658,"['K', 'Z', 'ER0']","['K', 'Z', 'ER']",1,CCV,3
1659,"['ER0', 'K', 'Z']","['ER', 'K', 'Z']",-1,VCC,3
1660,"['K', 'Z', 'AO0']","['K', 'Z', 'AO']",1,CCV,3
1661,"['AO0', 'K', 'Z']","['AO', 'K', 'Z']",-1,VCC,3
1662,"['K', 'Z', 'UW0']","['K', 'Z', 'UW']",1,CCV,3
1663,"['UW0', 'K', 'Z']","['UW', 'K', 'Z']",-1,VCC,3
1664,"['K', 'Z', 'IH0']","['K', 'Z', 'IH']",1,CCV,3
1665,"['IH0', 'K', 'Z']","['IH', 'K', 'Z']",-1,VCC,3
1666,"['K', 'Z', 'EH0']","['K', 'Z', 'EH']",1,CCV,3
1667,"['EH0', 'K', 'Z']","['EH', 'K', 'Z']",-1,VCC,3
1668,"['K', 'Z', 'UH0']","['K', 'Z', 'UH']",1,CCV,3
1669,"['UH0', 'K', 'Z']","['UH', 'K', 'Z']",-1,VCC,3
1670,"['K', 'Z', 'IY0']","['K', 'Z', 'IY']",1,CCV,3
1671,"['IY0', 'K', 'Z']","['IY', 'K', 'Z']",-1,VCC,3
1672,"['K', 'Z', 'EY0']","['K', 'Z', 'EY']",1,CCV,3
1673,"['EY0', 'K', 'Z']","['EY', 'K', 'Z']",-1,VCC,3
1674,"['K', 'Z', 'OW0']","['K', 'Z', 'OW']",1,CCV,3
1675,"['OW0', 'K', 'Z']","['OW', 'K', 'Z']",-1,VCC,3
1676,"['K', 'Z', 'AE0']","['K', 'Z', 'AE']",1,CCV,3
1677,"['AE0', 'K', 'Z']","['AE', 'K', 'Z']",-1,VCC,3
1678,"['K', 'Z', 'AW0']","['K', 'Z', 'AW']",1,CCV,3
1679,"['AW0', 'K', 'Z']","['AW', 'K', 'Z']",-1,VCC,3
1680,"['K', 'ZH', 'AH0']","['K', 'ZH', 'AH']",1,CCV,3
1681,"['AH0', 'K', 'ZH']","['AH', 'K', 'ZH']",-1,VCC,3
1682,"['K', 'ZH', 'OY0']","['K', 'ZH', 'OY']",1,CCV,3
1683,"['OY0', 'K', 'ZH']","['OY', 'K', 'ZH']",-1,VCC,3
1684,"['K', 'ZH', 'AA0']","['K', 'ZH', 'AA']",1,CCV,3
1685,"['AA0', 'K', 'ZH']","['AA', 'K', 'ZH']",-1,VCC,3
1686,"['K', 'ZH', 'AY0']","['K', 'ZH', 'AY']",1,CCV,3
1687,"['AY0', 'K', 'ZH']","['AY', 'K', 'ZH']",-1,VCC,3
1688,"['K', 'ZH', 'ER0']","['K', 'ZH', 'ER']",1,CCV,3
1689,"['ER0', 'K', 'ZH']","['ER', 'K', 'ZH']",-1,VCC,3
1690,"['K', 'ZH', 'AO0']","['K', 'ZH', 'AO']",1,CCV,3
1691,"['AO0', 'K', 'ZH']","['AO', 'K', 'ZH']",-1,VCC,3
1692,"['K', 'ZH', 'UW0']","['K', 'ZH', 'UW']",1,CCV,3
1693,"['UW0', 'K', 'ZH']","['UW', 'K', 'ZH']",-1,VCC,3
1694,"['K', 'ZH', 'IH0']","['K', 'ZH', 'IH']",1,CCV,3
1695,"['IH0', 'K', 'ZH']","['IH', 'K', 'ZH']",-1,VCC,3
1696,"['K', 'ZH', 'EH0']","['K', 'ZH', 'EH']",1,CCV,3
1697,"['EH0', 'K', 'ZH']","['EH', 'K', 'ZH']",-1,VCC,3
1698,"['K', 'ZH', 'UH0']","['K', 'ZH', 'UH']",1,CCV,3
1699,"['UH0', 'K', 'ZH']","['UH', 'K', 'ZH']",-1,VCC,3
1700,"['K', 'ZH', 'IY0']","['K', 'ZH', 'IY']",1,CCV,3
1701,"['IY0', 'K', 'ZH']","['IY', 'K', 'ZH']",-1,VCC,3
1702,"['K', 'ZH', 'EY0']","['K', 'ZH', 'EY']",1,CCV,3
1703,"['EY0', 'K', 'ZH']","['EY', 'K', 'ZH']",-1,VCC,3
1704,"['K', 'ZH', 'OW0']","['K', 'ZH', 'OW']",1,CCV,3
1705,"['OW0', 'K', 'ZH']","['OW', 'K', 'ZH']",-1,VCC,3
1706,"['K', 'ZH', 'AE0']","['K', 'ZH', 'AE']",1,CCV,3
1707,"['AE0', 'K', 'ZH']","['AE', 'K', 'ZH']",-1,VCC,3
1708,"['K', 'ZH', 'AW0']","['K', 'ZH', 'AW']",1,CCV,3
1709,"['AW0', 'K', 'ZH']","['AW', 'K', 'ZH']",-1,VCC,3
1710,"['K', 'V', 'AH0']","['K', 'V', 'AH']",1,CCV,3
1711,"['AH0', 'K', 'V']","['AH', 'K', 'V']",-1,VCC,3
1712,"['K', 'V', 'OY0']","['K', 'V', 'OY']",1,CCV,3
1713,"['OY0', 'K', 'V']","['OY', 'K', 'V']",-1,VCC,3
1714,"['K', 'V', 'AA0']","['K', 'V', 'AA']",1,CCV,3
1715,"['AA0', 'K', 'V']","['AA', 'K', 'V']",-1,VCC,3
1716,"['K', 'V', 'AY0']","['K', 'V', 'AY']",1,CCV,3
1717,"['AY0', 'K', 'V']","['AY', 'K', 'V']",-1,VCC,3
1718,"['K', 'V', 'ER0']","['K', 'V', 'ER']",1,CCV,3
1719,"['ER0', 'K', 'V']","['ER', 'K', 'V']",-1,VCC,3
1720,"['K', 'V', 'AO0']","['K', 'V', 'AO']",1,CCV,3
1721,"['AO0', 'K', 'V']","['AO', 'K', 'V']",-1,VCC,3
1722,"['K', 'V', 'UW0']","['K', 'V', 'UW']",1,CCV,3
1723,"['UW0', 'K', 'V']","['UW', 'K', 'V']",-1,VCC,3
1724,"['K', 'V', 'IH0']","['K', 'V', 'IH']",1,CCV,3
1725,"['IH0', 'K', 'V']","['IH', 'K', 'V']",-1,VCC,3
1726,"['K', 'V', 'EH0']","['K', 'V', 'EH']",1,CCV,3
1727,"['EH0', 'K', 'V']","['EH', 'K', 'V']",-1,VCC,3
1728,"['K', 'V', 'UH0']","['K', 'V', 'UH']",1,CCV,3
1729,"['UH0', 'K', 'V']","['UH', 'K', 'V']",-1,VCC,3
1730,"['K', 'V', 'IY0']","['K', 'V', 'IY']",1,CCV,3
1731,"['IY0', 'K', 'V']","['IY', 'K', 'V']",-1,VCC,3
1732,"['K', 'V', 'EY0']","['K', 'V', 'EY']",1,CCV,3
1733,"['EY0', 'K', 'V']","['EY', 'K', 'V']",-1,VCC,3
1734,"['K', 'V', 'OW0']","['K', 'V', 'OW']",1,CCV,3
1735,"['OW0', 'K', 'V']","['OW', 'K', 'V']",-1,VCC,3
1736,"['K', 'V', 'AE0']","['K', 'V', 'AE']",1,CCV,3
1737,"['AE0', 'K', 'V']","['AE', 'K', 'V']",-1,VCC,3
1738,"['K', 'V', 'AW0']","['K', 'V', 'AW']",1,CCV,3
1739,"['AW0', 'K', 'V']","['AW', 'K', 'V']",-1,VCC,3
1740,"['K', 'DH', 'AH0']","['K', 'DH', 'AH']",1,CCV,3
1741,"['AH0', 'K', 'DH']","['AH', 'K', 'DH']",-1,VCC,3
1742,"['K', 'DH', 'OY0']","['K', 'DH', 'OY']",1,CCV,3
1743,"['OY0', 'K', 'DH']","['OY', 'K', 'DH']",-1,VCC,3
1744,"['K', 'DH', 'AA0']","['K', 'DH', 'AA']",1,CCV,3
1745,"['AA0', 'K', 'DH']","['AA', 'K', 'DH']",-1,VCC,3
1746,"['K', 'DH', 'AY0']","['K', 'DH', 'AY']",1,CCV,3
1747,"['AY0', 'K', 'DH']","['AY', 'K', 'DH']",-1,VCC,3
1748,"['K', 'DH', 'ER0']","['K', 'DH', 'ER']",1,CCV,3
1749,"['ER0', 'K', 'DH']","['ER', 'K', 'DH']",-1,VCC,3
1750,"['K', 'DH', 'AO0']","['K', 'DH', 'AO']",1,CCV,3
1751,"['AO0', 'K', 'DH']","['AO', 'K', 'DH']",-1,VCC,3
1752,"['K', 'DH', 'UW0']","['K', 'DH', 'UW']",1,CCV,3
1753,"['UW0', 'K', 'DH']","['UW', 'K', 'DH']",-1,VCC,3
1754,"['K', 'DH', 'IH0']","['K', 'DH', 'IH']",1,CCV,3
1755,"['IH0', 'K', 'DH']","['IH', 'K', 'DH']",-1,VCC,3
1756,"['K', 'DH', 'EH0']","['K', 'DH', 'EH']",1,CCV,3
1757,"['EH0', 'K', 'DH']","['EH', 'K', 'DH']",-1,VCC,3
1758,"['K', 'DH', 'UH0']","['K', 'DH', 'UH']",1,CCV,3
1759,"['UH0', 'K', 'DH']","['UH', 'K', 'DH']",-1,VCC,3
1760,"['K', 'DH', 'IY0']","['K', 'DH', 'IY']",1,CCV,3
1761,"['IY0', 'K', 'DH']","['IY', 'K', 'DH']",-1,VCC,3
1762,"['K', 'DH', 'EY0']","['K', 'DH', 'EY']",1,CCV,3
1763,"['EY0', 'K', 'DH']","['EY', 'K', 'DH']",-1,VCC,3
1764,"['K', 'DH', 'OW0']","['K', 'DH', 'OW']",1,CCV,3
1765,"['OW0', 'K', 'DH']","['OW', 'K', 'DH']",-1,VCC,3
1766,"['K', 'DH', 'AE0']","['K', 'DH', 'AE']",1,CCV,3
1767,"['AE0', 'K', 'DH']","['AE', 'K', 'DH']",-1,VCC,3
1768,"['K', 'DH', 'AW0']","['K', 'DH', 'AW']",1,CCV,3
1769,"['AW0', 'K', 'DH']","['AW', 'K', 'DH']",-1,VCC,3
1770,"['K', 'HH', 'AH0']","['K', 'HH', 'AH']",1,CCV,3
1771,"['AH0', 'K', 'HH']","['AH', 'K', 'HH']",-1,VCC,3
1772,"['K', 'HH', 'OY0']","['K', 'HH', 'OY']",1,CCV,3
1773,"['OY0', 'K', 'HH']","['OY', 'K', 'HH']",-1,VCC,3
1774,"['K', 'HH', 'AA0']","['K', 'HH', 'AA']",1,CCV,3
1775,"['AA0', 'K', 'HH']","['AA', 'K', 'HH']",-1,VCC,3
1776,"['K', 'HH', 'AY0']","['K', 'HH', 'AY']",1,CCV,3
1777,"['AY0', 'K', 'HH']","['AY', 'K', 'HH']",-1,VCC,3
1778,"['K', 'HH', 'ER0']","['K', 'HH', 'ER']",1,CCV,3
1779,"['ER0', 'K', 'HH']","['ER', 'K', 'HH']",-1,VCC,3
1780,"['K', 'HH', 'AO0']","['K', 'HH', 'AO']",1,CCV,3
1781,"['AO0', 'K', 'HH']","['AO', 'K', 'HH']",-1,VCC,3
1782,"['K', 'HH', 'UW0']","['K', 'HH', 'UW']",1,CCV,3
1783,"['UW0', 'K', 'HH']","['UW', 'K', 'HH']",-1,VCC,3
1784,"['K', 'HH', 'IH0']","['K', 'HH', 'IH']",1,CCV,3
1785,"['IH0', 'K', 'HH']","['IH', 'K', 'HH']",-1,VCC,3
1786,"['K', 'HH', 'EH0']","['K', 'HH', 'EH']",1,CCV,3
1787,"['EH0', 'K', 'HH']","['EH', 'K', 'HH']",-1,VCC,3
1788,"['K', 'HH', 'UH0']","['K', 'HH', 'UH']",1,CCV,3
1789,"['UH0', 'K', 'HH']","['UH', 'K', 'HH']",-1,VCC,3
1790,"['K', 'HH', 'IY0']","['K', 'HH', 'IY']",1,CCV,3
1791,"['IY0', 'K', 'HH']","['IY', 'K', 'HH']",-1,VCC,3
1792,"['K', 'HH', 'EY0']","['K', 'HH', 'EY']",1,CCV,3
1793,"['EY0', 'K', 'HH']","['EY', 'K', 'HH']",-1,VCC,3
1794,"['K', 'HH', 'OW0']","['K', 'HH', 'OW']",1,CCV,3
1795,"['OW0', 'K', 'HH']","['OW', 'K', 'HH']",-1,VCC,3
1796,"['K', 'HH', 'AE0']","['K', 'HH', 'AE']",1,CCV,3
1797,"['AE0', 'K', 'HH']","['AE', 'K', 'HH']",-1,VCC,3
1798,"['K', 'HH', 'AW0']","['K', 'HH', 'AW']",1,CCV,3
1799,"['AW0', 'K', 'HH']","['AW', 'K', 'HH']",-1,VCC,3
1800,"['K', 'CH', 'AH0']","['K', 'CH', 'AH']",2,CCV,3
1801,"['AH0', 'K', 'CH']","['AH', 'K', 'CH']",-2,VCC,3
1802,"['K', 'CH', 'OY0']","['K', 'CH', 'OY']",2,CCV,3
1803,"['OY0', 'K', 'CH']","['OY', 'K', 'CH']",-2,VCC,3
1804,"['K', 'CH', 'AA0']","['K', 'CH', 'AA']",2,CCV,3
1805,"['AA0', 'K', 'CH']","['AA', 'K', 'CH']",-2,VCC,3
1806,"['K', 'CH', 'AY0']","['K', 'CH', 'AY']",2,CCV,3
1807,"['AY0', 'K', 'CH']","['AY', 'K', 'CH']",-2,VCC,3
1808,"['K', 'CH', 'ER0']","['K', 'CH', 'ER']",2,CCV,3
1809,"['ER0', 'K', 'CH']","['ER', 'K', 'CH']",-2,VCC,3
1810,"['K', 'CH', 'AO0']","['K', 'CH', 'AO']",2,CCV,3
1811,"['AO0', 'K', 'CH']","['AO', 'K', 'CH']",-2,VCC,3
1812,"['K', 'CH', 'UW0']","['K', 'CH', 'UW']",2,CCV,3
1813,"['UW0', 'K', 'CH']","['UW', 'K', 'CH']",-2,VCC,3
1814,"['K', 'CH', 'IH0']","['K', 'CH', 'IH']",2,CCV,3
1815,"['IH0', 'K', 'CH']","['IH', 'K', 'CH']",-2,VCC,3
1816,"['K', 'CH', 'EH0']","['K', 'CH', 'EH']",2,CCV,3
1817,"['EH0', 'K', 'CH']","['EH', 'K', 'CH']",-2,VCC,3
1818,"['K', 'CH', 'UH0']","['K', 'CH', 'UH']",2,CCV,3
1819,"['UH0', 'K', 'CH']","['UH', 'K', 'CH']",-2,VCC,3
1820,"['K', 'CH', 'IY0']","['K', 'CH', 'IY']",2,CCV,3
1821,"['IY0', 'K', 'CH']","['IY', 'K', 'CH']",-2,VCC,3
1822,"['K', 'CH', 'EY0']","['K', 'CH', 'EY']",2,CCV,3
1823,"['EY0', 'K', 'CH']","['EY', 'K', 'CH']",-2,VCC,3
1824,"['K', 'CH', 'OW0']","['K', 'CH', 'OW']",2,CCV,3
1825,"['OW0', 'K', 'CH']","['OW', 'K', 'CH']",-2,VCC,3
1826,"['K', 'CH', 'AE0']","['K', 'CH', 'AE']",2,CCV,3
1827,"['AE0', 'K', 'CH']","['AE', 'K', 'CH']",-2,VCC,3
1828,"['K', 'CH', 'AW0']","['K', 'CH', 'AW']",2,CCV,3
1829,"['AW0', 'K', 'CH']","['AW', 'K', 'CH']",-2,VCC,3
1830,"['K', 'JH', 'AH0']","['K', 'JH', 'AH']",2,CCV,3
1831,"['AH0', 'K', 'JH']","['AH', 'K', 'JH']",-2,VCC,3
1832,"['K', 'JH', 'OY0']","['K', 'JH', 'OY']",2,CCV,3
1833,"['OY0', 'K', 'JH']","['OY', 'K', 'JH']",-2,VCC,3
1834,"['K', 'JH', 'AA0']","['K', 'JH', 'AA']",2,CCV,3
1835,"['AA0', 'K', 'JH']","['AA', 'K', 'JH']",-2,VCC,3
1836,"['K', 'JH', 'AY0']","['K', 'JH', 'AY']",2,CCV,3
1837,"['AY0', 'K', 'JH']","['AY', 'K', 'JH']",-2,VCC,3
1838,"['K', 'JH', 'ER0']","['K', 'JH', 'ER']",2,CCV,3
1839,"['ER0', 'K', 'JH']","['ER', 'K', 'JH']",-2,VCC,3
1840,"['K', 'JH', 'AO0']","['K', 'JH', 'AO']",2,CCV,3
1841,"['AO0', 'K', 'JH']","['AO', 'K', 'JH']",-2,VCC,3
1842,"['K', 'JH', 'UW0']","['K', 'JH', 'UW']",2,CCV,3
1843,"['UW0', 'K', 'JH']","['UW', 'K', 'JH']",-2,VCC,3
1844,"['K', 'JH', 'IH0']","['K', 'JH', 'IH']",2,CCV,3
1845,"['IH0', 'K', 'JH']","['IH', 'K', 'JH']",-2,VCC,3
1846,"['K', 'JH', 'EH0']","['K', 'JH', 'EH']",2,CCV,3
1847,"['EH0', 'K', 'JH']","['EH', 'K', 'JH']",-2,VCC,3
1848,"['K', 'JH', 'UH0']","['K', 'JH', 'UH']",2,CCV,3
1849,"['UH0', 'K', 'JH']","['UH', 'K', 'JH']",-2,VCC,3
1850,"['K', 'JH', 'IY0']","['K', 'JH', 'IY']",2,CCV,3
1851,"['IY0', 'K', 'JH']","['IY', 'K', 'JH']",-2,VCC,3
1852,"['K', 'JH', 'EY0']","['K', 'JH', 'EY']",2,CCV,3
1853,"['EY0', 'K', 'JH']","['EY', 'K', 'JH']",-2,VCC,3
1854,"['K', 'JH', 'OW0']","['K', 'JH', 'OW']",2,CCV,3
1855,"['OW0', 'K', 'JH']","['OW', 'K', 'JH']",-2,VCC,3
1856,"['K', 'JH', 'AE0']","['K', 'JH', 'AE']",2,CCV,3
1857,"['AE0', 'K', 'JH']","['AE', 'K', 'JH']",-2,VCC,3
1858,"['K', 'JH', 'AW0']","['K', 'JH', 'AW']",2,CCV,3
1859,"['AW0', 'K', 'JH']","['AW', 'K', 'JH']",-2,VCC,3
1860,"['K', 'M', 'AH0']","['K', 'M', 'AH']",3,CCV,3
1861,"['AH0', 'K', 'M']","['AH', 'K', 'M']",-3,VCC,3
1862,"['K', 'M', 'OY0']","['K', 'M', 'OY']",3,CCV,3
1863,"['OY0', 'K', 'M']","['OY', 'K', 'M']",-3,VCC,3
1864,"['K', 'M', 'AA0']","['K', 'M', 'AA']",3,CCV,3
1865,"['AA0', 'K', 'M']","['AA', 'K', 'M']",-3,VCC,3
1866,"['K', 'M', 'AY0']","['K', 'M', 'AY']",3,CCV,3
1867,"['AY0', 'K', 'M']","['AY', 'K', 'M']",-3,VCC,3
1868,"['K', 'M', 'ER0']","['K', 'M', 'ER']",3,CCV,3
1869,"['ER0', 'K', 'M']","['ER', 'K', 'M']",-3,VCC,3
1870,"['K', 'M', 'AO0']","['K', 'M', 'AO']",3,CCV,3
1871,"['AO0', 'K', 'M']","['AO', 'K', 'M']",-3,VCC,3
1872,"['K', 'M', 'UW0']","['K', 'M', 'UW']",3,CCV,3
1873,"['UW0', 'K', 'M']","['UW', 'K', 'M']",-3,VCC,3
1874,"['K', 'M', 'IH0']","['K', 'M', 'IH']",3,CCV,3
1875,"['IH0', 'K', 'M']","['IH', 'K', 'M']",-3,VCC,3
1876,"['K', 'M', 'EH0']","['K', 'M', 'EH']",3,CCV,3
1877,"['EH0', 'K', 'M']","['EH', 'K', 'M']",-3,VCC,3
1878,"['K', 'M', 'UH0']","['K', 'M', 'UH']",3,CCV,3
1879,"['UH0', 'K', 'M']","['UH', 'K', 'M']",-3,VCC,3
1880,"['K', 'M', 'IY0']","['K', 'M', 'IY']",3,CCV,3
1881,"['IY0', 'K', 'M']","['IY', 'K', 'M']",-3,VCC,3
1882,"['K', 'M', 'EY0']","['K', 'M', 'EY']",3,CCV,3
1883,"['EY0', 'K', 'M']","['EY', 'K', 'M']",-3,VCC,3
1884,"['K', 'M', 'OW0']","['K', 'M', 'OW']",3,CCV,3
1885,"['OW0', 'K', 'M']","['OW', 'K', 'M']",-3,VCC,3
1886,"['K', 'M', 'AE0']","['K', 'M', 'AE']",3,CCV,3
1887,"['AE0', 'K', 'M']","['AE', 'K', 'M']",-3,VCC,3
1888,"['K', 'M', 'AW0']","['K', 'M', 'AW']",3,CCV,3
1889,"['AW0', 'K', 'M']","['AW', 'K', 'M']",-3,VCC,3
1890,"['K', 'N', 'AH0']","['K', 'N', 'AH']",3,CCV,3
1891,"['AH0', 'K', 'N']","['AH', 'K', 'N']",-3,VCC,3
1892,"['K', 'N', 'OY0']","['K', 'N', 'OY']",3,CCV,3
1893,"['OY0', 'K', 'N']","['OY', 'K', 'N']",-3,VCC,3
1894,"['K', 'N', 'AA0']","['K', 'N', 'AA']",3,CCV,3
1895,"['AA0', 'K', 'N']","['AA', 'K', 'N']",-3,VCC,3
1896,"['K', 'N', 'AY0']","['K', 'N', 'AY']",3,CCV,3
1897,"['AY0', 'K', 'N']","['AY', 'K', 'N']",-3,VCC,3
1898,"['K', 'N', 'ER0']","['K', 'N', 'ER']",3,CCV,3
1899,"['ER0', 'K', 'N']","['ER', 'K', 'N']",-3,VCC,3
1900,"['K', 'N', 'AO0']","['K', 'N', 'AO']",3,CCV,3
1901,"['AO0', 'K', 'N']","['AO', 'K', 'N']",-3,VCC,3
1902,"['K', 'N', 'UW0']","['K', 'N', 'UW']",3,CCV,3
1903,"['UW0', 'K', 'N']","['UW', 'K', 'N']",-3,VCC,3
1904,"['K', 'N', 'IH0']","['K', 'N', 'IH']",3,CCV,3
1905,"['IH0', 'K', 'N']","['IH', 'K', 'N']",-3,VCC,3
1906,"['K', 'N', 'EH0']","['K', 'N', 'EH']",3,CCV,3
1907,"['EH0', 'K', 'N']","['EH', 'K', 'N']",-3,VCC,3
1908,"['K', 'N', 'UH0']","['K', 'N', 'UH']",3,CCV,3
1909,"['UH0', 'K', 'N']","['UH', 'K', 'N']",-3,VCC,3
1910,"['K', 'N', 'IY0']","['K', 'N', 'IY']",3,CCV,3
1911,"['IY0', 'K', 'N']","['IY', 'K', 'N']",-3,VCC,3
1912,"['K', 'N', 'EY0']","['K', 'N', 'EY']",3,CCV,3
1913,"['EY0', 'K', 'N']","['EY', 'K', 'N']",-3,VCC,3
1914,"['K', 'N', 'OW0']","['K', 'N', 'OW']",3,CCV,3
1915,"['OW0', 'K', 'N']","['OW', 'K', 'N']",-3,VCC,3
1916,"['K', 'N', 'AE0']","['K', 'N', 'AE']",3,CCV,3
1917,"['AE0', 'K', 'N']","['AE', 'K', 'N']",-3,VCC,3
1918,"['K', 'N', 'AW0']","['K', 'N', 'AW']",3,CCV,3
1919,"['AW0', 'K', 'N']","['AW', 'K', 'N']",-3,VCC,3
1920,"['K', 'NG', 'AH0']","['K', 'NG', 'AH']",3,CCV,3
1921,"['AH0', 'K', 'NG']","['AH', 'K', 'NG']",-3,VCC,3
1922,"['K', 'NG', 'OY0']","['K', 'NG', 'OY']",3,CCV,3
1923,"['OY0', 'K', 'NG']","['OY', 'K', 'NG']",-3,VCC,3
1924,"['K', 'NG', 'AA0']","['K', 'NG', 'AA']",3,CCV,3
1925,"['AA0', 'K', 'NG']","['AA', 'K', 'NG']",-3,VCC,3
1926,"['K', 'NG', 'AY0']","['K', 'NG', 'AY']",3,CCV,3
1927,"['AY0', 'K', 'NG']","['AY', 'K', 'NG']",-3,VCC,3
1928,"['K', 'NG', 'ER0']","['K', 'NG', 'ER']",3,CCV,3
1929,"['ER0', 'K', 'NG']","['ER', 'K', 'NG']",-3,VCC,3
1930,"['K', 'NG', 'AO0']","['K', 'NG', 'AO']",3,CCV,3
1931,"['AO0', 'K', 'NG']","['AO', 'K', 'NG']",-3,VCC,3
1932,"['K', 'NG', 'UW0']","['K', 'NG', 'UW']",3,CCV,3
1933,"['UW0', 'K', 'NG']","['UW', 'K', 'NG']",-3,VCC,3
1934,"['K', 'NG', 'IH0']","['K', 'NG', 'IH']",3,CCV,3
1935,"['IH0', 'K', 'NG']","['IH', 'K', 'NG']",-3,VCC,3
1936,"['K', 'NG', 'EH0']","['K', 'NG', 'EH']",3,CCV,3
1937,"['EH0', 'K', 'NG']","['EH', 'K', 'NG']",-3,VCC,3
1938,"['K', 'NG', 'UH0']","['K', 'NG', 'UH']",3,CCV,3
1939,"['UH0', 'K', 'NG']","['UH', 'K', 'NG']",-3,VCC,3
1940,"['K', 'NG', 'IY0']","['K', 'NG', 'IY']",3,CCV,3
1941,"['IY0', 'K', 'NG']","['IY', 'K', 'NG']",-3,VCC,3
1942,"['K', 'NG', 'EY0']","['K', 'NG', 'EY']",3,CCV,3
1943,"['EY0', 'K', 'NG']","['EY', 'K', 'NG']",-3,VCC,3
1944,"['K', 'NG', 'OW0']","['K', 'NG', 'OW']",3,CCV,3
1945,"['OW0', 'K', 'NG']","['OW', 'K', 'NG']",-3,VCC,3
1946,"['K', 'NG', 'AE0']","['K', 'NG', 'AE']",3,CCV,3
1947,"['AE0', 'K', 'NG']","['AE', 'K', 'NG']",-3,VCC,3
1948,"['K', 'NG', 'AW0']","['K', 'NG', 'AW']",3,CCV,3
1949,"['AW0', 'K', 'NG']","['AW', 'K', 'NG']",-3,VCC,3
1950,"['K', 'L', 'AH0']","['K', 'L', 'AH']",4,CCV,3
1951,"['AH0', 'K', 'L']","['AH', 'K', 'L']",-4,VCC,3
1952,"['K', 'L', 'OY0']","['K', 'L', 'OY']",4,CCV,3
1953,"['OY0', 'K', 'L']","['OY', 'K', 'L']",-4,VCC,3
1954,"['K', 'L', 'AA0']","['K', 'L', 'AA']",4,CCV,3
1955,"['AA0', 'K', 'L']","['AA', 'K', 'L']",-4,VCC,3
1956,"['K', 'L', 'AY0']","['K', 'L', 'AY']",4,CCV,3
1957,"['AY0', 'K', 'L']","['AY', 'K', 'L']",-4,VCC,3
1958,"['K', 'L', 'ER0']","['K', 'L', 'ER']",4,CCV,3
1959,"['ER0', 'K', 'L']","['ER', 'K', 'L']",-4,VCC,3
1960,"['K', 'L', 'AO0']","['K', 'L', 'AO']",4,CCV,3
1961,"['AO0', 'K', 'L']","['AO', 'K', 'L']",-4,VCC,3
1962,"['K', 'L', 'UW0']","['K', 'L', 'UW']",4,CCV,3
1963,"['UW0', 'K', 'L']","['UW', 'K', 'L']",-4,VCC,3
1964,"['K', 'L', 'IH0']","['K', 'L', 'IH']",4,CCV,3
1965,"['IH0', 'K', 'L']","['IH', 'K', 'L']",-4,VCC,3
1966,"['K', 'L', 'EH0']","['K', 'L', 'EH']",4,CCV,3
1967,"['EH0', 'K', 'L']","['EH', 'K', 'L']",-4,VCC,3
1968,"['K', 'L', 'UH0']","['K', 'L', 'UH']",4,CCV,3
1969,"['UH0', 'K', 'L']","['UH', 'K', 'L']",-4,VCC,3
1970,"['K', 'L', 'IY0']","['K', 'L', 'IY']",4,CCV,3
1971,"['IY0', 'K', 'L']","['IY', 'K', 'L']",-4,VCC,3
1972,"['K', 'L', 'EY0']","['K', 'L', 'EY']",4,CCV,3
1973,"['EY0', 'K', 'L']","['EY', 'K', 'L']",-4,VCC,3
1974,"['K', 'L', 'OW0']","['K', 'L', 'OW']",4,CCV,3
1975,"['OW0', 'K', 'L']","['OW', 'K', 'L']",-4,VCC,3
1976,"['K', 'L', 'AE0']","['K', 'L', 'AE']",4,CCV,3
1977,"['AE0', 'K', 'L']","['AE', 'K', 'L']",-4,VCC,3
1978,"['K', 'L', 'AW0']","['K', 'L', 'AW']",4,CCV,3
1979,"['AW0', 'K', 'L']","['AW', 'K', 'L']",-4,VCC,3
1980,"['K', 'R', 'AH0']","['K', 'R', 'AH']",4,CCV,3
1981,"['AH0', 'K', 'R']","['AH', 'K', 'R']",-4,VCC,3
1982,"['K', 'R', 'OY0']","['K', 'R', 'OY']",4,CCV,3
1983,"['OY0', 'K', 'R']","['OY', 'K', 'R']",-4,VCC,3
1984,"['K', 'R', 'AA0']","['K', 'R', 'AA']",4,CCV,3
1985,"['AA0', 'K', 'R']","['AA', 'K', 'R']",-4,VCC,3
1986,"['K', 'R', 'AY0']","['K', 'R', 'AY']",4,CCV,3
1987,"['AY0', 'K', 'R']","['AY', 'K', 'R']",-4,VCC,3
1988,"['K', 'R', 'ER0']","['K', 'R', 'ER']",4,CCV,3
1989,"['ER0', 'K', 'R']","['ER', 'K', 'R']",-4,VCC,3
1990,"['K', 'R', 'AO0']","['K', 'R', 'AO']",4,CCV,3
1991,"['AO0', 'K', 'R']","['AO', 'K', 'R']",-4,VCC,3
1992,"['K', 'R', 'UW0']","['K', 'R', 'UW']",4,CCV,3
1993,"['UW0', 'K', 'R']","['UW', 'K', 'R']",-4,VCC,3
1994,"['K', 'R', 'IH0']","['K', 'R', 'IH']",4,CCV,3
1995,"['IH0', 'K', 'R']","['IH', 'K', 'R']",-4,VCC,3
1996,"['K', 'R', 'EH0']","['K', 'R', 'EH']",4,CCV,3
1997,"['EH0', 'K', 'R']","['EH', 'K', 'R']",-4,VCC,3
1998,"['K', 'R', 'UH0']","['K', 'R', 'UH']",4,CCV,3
1999,"['UH0', 'K', 'R']","['UH', 'K', 'R']",-4,VCC,3
2000,"['K', 'R', 'IY0']","['K', 'R', 'IY']",4,CCV,3
2001,"['IY0', 'K', 'R']","['IY', 'K', 'R']",-4,VCC,3
2002,"['K', 'R', 'EY0']","['K', 'R', 'EY']",4,CCV,3
2003,"['EY0', 'K', 'R']","['EY', 'K', 'R']",-4,VCC,3
2004,"['K', 'R', 'OW0']","['K', 'R', 'OW']",4,CCV,3
2005,"['OW0', 'K', 'R']","['OW', 'K', 'R']",-4,VCC,3
2006,"['K', 'R', 'AE0']","['K', 'R', 'AE']",4,CCV,3
2007,"['AE0', 'K', 'R']","['AE', 'K', 'R']",-4,VCC,3
2008,"['K', 'R', 'AW0']","['K', 'R', 'AW']",4,CCV,3
2009,"['AW0', 'K', 'R']","['AW', 'K', 'R']",-4,VCC,3
2010,"['K', 'W', 'AH0']","['K', 'W', 'AH']",5,CCV,3
2011,"['AH0', 'K', 'W']","['AH', 'K', 'W']",-5,VCC,3
2012,"['K', 'W', 'OY0']","['K', 'W', 'OY']",5,CCV,3
2013,"['OY0', 'K', 'W']","['OY', 'K', 'W']",-5,VCC,3
2014,"['K', 'W', 'AA0']","['K', 'W', 'AA']",5,CCV,3
2015,"['AA0', 'K', 'W']","['AA', 'K', 'W']",-5,VCC,3
2016,"['K', 'W', 'AY0']","['K', 'W', 'AY']",5,CCV,3
2017,"['AY0', 'K', 'W']","['AY', 'K', 'W']",-5,VCC,3
2018,"['K', 'W', 'ER0']","['K', 'W', 'ER']",5,CCV,3
2019,"['ER0', 'K', 'W']","['ER', 'K', 'W']",-5,VCC,3
2020,"['K', 'W', 'AO0']","['K', 'W', 'AO']",5,CCV,3
2021,"['AO0', 'K', 'W']","['AO', 'K', 'W']",-5,VCC,3
2022,"['K', 'W', 'UW0']","['K', 'W', 'UW']",5,CCV,3
2023,"['UW0', 'K', 'W']","['UW', 'K', 'W']",-5,VCC,3
2024,"['K', 'W', 'IH0']","['K', 'W', 'IH']",5,CCV,3
2025,"['IH0', 'K', 'W']","['IH', 'K', 'W']",-5,VCC,3
2026,"['K', 'W', 'EH0']","['K', 'W', 'EH']",5,CCV,3
2027,"['EH0', 'K', 'W']","['EH', 'K', 'W']",-5,VCC,3
2028,"['K', 'W', 'UH0']","['K', 'W', 'UH']",5,CCV,3
2029,"['UH0', 'K', 'W']","['UH', 'K', 'W']",-5,VCC,3
2030,"['K', 'W', 'IY0']","['K', 'W', 'IY']",5,CCV,3
2031,"['IY0', 'K', 'W']","['IY', 'K', 'W']",-5,VCC,3
2032,"['K', 'W', 'EY0']","['K', 'W', 'EY']",5,CCV,3
2033,"['EY0', 'K', 'W']","['EY', 'K', 'W']",-5,VCC,3
2034,"['K', 'W', 'OW0']","['K', 'W', 'OW']",5,CCV,3
2035,"['OW0', 'K', 'W']","['OW', 'K', 'W']",-5,VCC,3
2036,"['K', 'W', 'AE0']","['K', 'W', 'AE']",5,CCV,3
2037,"['AE0', 'K', 'W']","['AE', 'K', 'W']",-5,VCC,3
2038,"['K', 'W', 'AW0']","['K', 'W', 'AW']",5,CCV,3
2039,"['AW0', 'K', 'W']","['AW', 'K', 'W']",-5,VCC,3
2040,"['K', 'Y', 'AH0']","['K', 'Y', 'AH']",5,CCV,3
2041,"['AH0', 'K', 'Y']","['AH', 'K', 'Y']",-5,VCC,3
2042,"['K', 'Y', 'OY0']","['K', 'Y', 'OY']",5,CCV,3
2043,"['OY0', 'K', 'Y']","['OY', 'K', 'Y']",-5,VCC,3
2044,"['K', 'Y', 'AA0']","['K', 'Y', 'AA']",5,CCV,3
2045,"['AA0', 'K', 'Y']","['AA', 'K', 'Y']",-5,VCC,3
2046,"['K', 'Y', 'AY0']","['K', 'Y', 'AY']",5,CCV,3
2047,"['AY0', 'K', 'Y']","['AY', 'K', 'Y']",-5,VCC,3
2048,"['K', 'Y', 'ER0']","['K', 'Y', 'ER']",5,CCV,3
2049,"['ER0', 'K', 'Y']","['ER', 'K', 'Y']",-5,VCC,3
2050,"['K', 'Y', 'AO0']","['K', 'Y', 'AO']",5,CCV,3
2051,"['AO0', 'K', 'Y']","['AO', 'K', 'Y']",-5,VCC,3
2052,"['K', 'Y', 'UW0']","['K', 'Y', 'UW']",5,CCV,3
2053,"['UW0', 'K', 'Y']","['UW', 'K', 'Y']",-5,VCC,3
2054,"['K', 'Y', 'IH0']","['K', 'Y', 'IH']",5,CCV,3
2055,"['IH0', 'K', 'Y']","['IH', 'K', 'Y']",-5,VCC,3
2056,"['K', 'Y', 'EH0']","['K', 'Y', 'EH']",5,CCV,3
2057,"['EH0', 'K', 'Y']","['EH', 'K', 'Y']",-5,VCC,3
2058,"['K', 'Y', 'UH0']","['K', 'Y', 'UH']",5,CCV,3
2059,"['UH0', 'K', 'Y']","['UH', 'K', 'Y']",-5,VCC,3
2060,"['K', 'Y', 'IY0']","['K', 'Y', 'IY']",5,CCV,3
2061,"['IY0', 'K', 'Y']","['IY', 'K', 'Y']",-5,VCC,3
2062,"['K', 'Y', 'EY0']","['K', 'Y', 'EY']",5,CCV,3
2063,"['EY0', 'K', 'Y']","['EY', 'K', 'Y']",-5,VCC,3
2064,"['K', 'Y', 'OW0']","['K', 'Y', 'OW']",5,CCV,3
2065,"['OW0', 'K', 'Y']","['OW', 'K', 'Y']",-5,VCC,3
2066,"['K', 'Y', 'AE0']","['K', 'Y', 'AE']",5,CCV,3
2067,"['AE0', 'K', 'Y']","['AE', 'K', 'Y']",-5,VCC,3
2068,"['K', 'Y', 'AW0']","['K', 'Y', 'AW']",5,CCV,3
2069,"['AW0', 'K', 'Y']","['AW', 'K', 'Y']",-5,VCC,3
2070,"['B', 'P', 'AH0']","['B', 'P', 'AH']",0,CCV,3
2071,"['AH0', 'B', 'P']","['AH', 'B', 'P']",0,VCC,3
2072,"['B', 'P', 'OY0']","['B', 'P', 'OY']",0,CCV,3
2073,"['OY0', 'B', 'P']","['OY', 'B', 'P']",0,VCC,3
2074,"['B', 'P', 'AA0']","['B', 'P', 'AA']",0,CCV,3
2075,"['AA0', 'B', 'P']","['AA', 'B', 'P']",0,VCC,3
2076,"['B', 'P', 'AY0']","['B', 'P', 'AY']",0,CCV,3
2077,"['AY0', 'B', 'P']","['AY', 'B', 'P']",0,VCC,3
2078,"['B', 'P', 'ER0']","['B', 'P', 'ER']",0,CCV,3
2079,"['ER0', 'B', 'P']","['ER', 'B', 'P']",0,VCC,3
2080,"['B', 'P', 'AO0']","['B', 'P', 'AO']",0,CCV,3
2081,"['AO0', 'B', 'P']","['AO', 'B', 'P']",0,VCC,3
2082,"['B', 'P', 'UW0']","['B', 'P', 'UW']",0,CCV,3
2083,"['UW0', 'B', 'P']","['UW', 'B', 'P']",0,VCC,3
2084,"['B', 'P', 'IH0']","['B', 'P', 'IH']",0,CCV,3
2085,"['IH0', 'B', 'P']","['IH', 'B', 'P']",0,VCC,3
2086,"['B', 'P', 'EH0']","['B', 'P', 'EH']",0,CCV,3
2087,"['EH0', 'B', 'P']","['EH', 'B', 'P']",0,VCC,3
2088,"['B', 'P', 'UH0']","['B', 'P', 'UH']",0,CCV,3
2089,"['UH0', 'B', 'P']","['UH', 'B', 'P']",0,VCC,3
2090,"['B', 'P', 'IY0']","['B', 'P', 'IY']",0,CCV,3
2091,"['IY0', 'B', 'P']","['IY', 'B', 'P']",0,VCC,3
2092,"['B', 'P', 'EY0']","['B', 'P', 'EY']",0,CCV,3
2093,"['EY0', 'B', 'P']","['EY', 'B', 'P']",0,VCC,3
2094,"['B', 'P', 'OW0']","['B', 'P', 'OW']",0,CCV,3
2095,"['OW0', 'B', 'P']","['OW', 'B', 'P']",0,VCC,3
2096,"['B', 'P', 'AE0']","['B', 'P', 'AE']",0,CCV,3
2097,"['AE0', 'B', 'P']","['AE', 'B', 'P']",0,VCC,3
2098,"['B', 'P', 'AW0']","['B', 'P', 'AW']",0,CCV,3
2099,"['AW0', 'B', 'P']","['AW', 'B', 'P']",0,VCC,3
2100,"['B', 'T', 'AH0']","['B', 'T', 'AH']",0,CCV,3
2101,"['AH0', 'B', 'T']","['AH', 'B', 'T']",0,VCC,3
2102,"['B', 'T', 'OY0']","['B', 'T', 'OY']",0,CCV,3
2103,"['OY0', 'B', 'T']","['OY', 'B', 'T']",0,VCC,3
2104,"['B', 'T', 'AA0']","['B', 'T', 'AA']",0,CCV,3
2105,"['AA0', 'B', 'T']","['AA', 'B', 'T']",0,VCC,3
2106,"['B', 'T', 'AY0']","['B', 'T', 'AY']",0,CCV,3
2107,"['AY0', 'B', 'T']","['AY', 'B', 'T']",0,VCC,3
2108,"['B', 'T', 'ER0']","['B', 'T', 'ER']",0,CCV,3
2109,"['ER0', 'B', 'T']","['ER', 'B', 'T']",0,VCC,3
2110,"['B', 'T', 'AO0']","['B', 'T', 'AO']",0,CCV,3
2111,"['AO0', 'B', 'T']","['AO', 'B', 'T']",0,VCC,3
2112,"['B', 'T', 'UW0']","['B', 'T', 'UW']",0,CCV,3
2113,"['UW0', 'B', 'T']","['UW', 'B', 'T']",0,VCC,3
2114,"['B', 'T', 'IH0']","['B', 'T', 'IH']",0,CCV,3
2115,"['IH0', 'B', 'T']","['IH', 'B', 'T']",0,VCC,3
2116,"['B', 'T', 'EH0']","['B', 'T', 'EH']",0,CCV,3
2117,"['EH0', 'B', 'T']","['EH', 'B', 'T']",0,VCC,3
2118,"['B', 'T', 'UH0']","['B', 'T', 'UH']",0,CCV,3
2119,"['UH0', 'B', 'T']","['UH', 'B', 'T']",0,VCC,3
2120,"['B', 'T', 'IY0']","['B', 'T', 'IY']",0,CCV,3
2121,"['IY0', 'B', 'T']","['IY', 'B', 'T']",0,VCC,3
2122,"['B', 'T', 'EY0']","['B', 'T', 'EY']",0,CCV,3
2123,"['EY0', 'B', 'T']","['EY', 'B', 'T']",0,VCC,3
2124,"['B', 'T', 'OW0']","['B', 'T', 'OW']",0,CCV,3
2125,"['OW0', 'B', 'T']","['OW', 'B', 'T']",0,VCC,3
2126,"['B', 'T', 'AE0']","['B', 'T', 'AE']",0,CCV,3
2127,"['AE0', 'B', 'T']","['AE', 'B', 'T']",0,VCC,3
2128,"['B', 'T', 'AW0']","['B', 'T', 'AW']",0,CCV,3
2129,"['AW0', 'B', 'T']","['AW', 'B', 'T']",0,VCC,3
2130,"['B', 'K', 'AH0']","['B', 'K', 'AH']",0,CCV,3
2131,"['AH0', 'B', 'K']","['AH', 'B', 'K']",0,VCC,3
2132,"['B', 'K', 'OY0']","['B', 'K', 'OY']",0,CCV,3
2133,"['OY0', 'B', 'K']","['OY', 'B', 'K']",0,VCC,3
2134,"['B', 'K', 'AA0']","['B', 'K', 'AA']",0,CCV,3
2135,"['AA0', 'B', 'K']","['AA', 'B', 'K']",0,VCC,3
2136,"['B', 'K', 'AY0']","['B', 'K', 'AY']",0,CCV,3
2137,"['AY0', 'B', 'K']","['AY', 'B', 'K']",0,VCC,3
2138,"['B', 'K', 'ER0']","['B', 'K', 'ER']",0,CCV,3
2139,"['ER0', 'B', 'K']","['ER', 'B', 'K']",0,VCC,3
2140,"['B', 'K', 'AO0']","['B', 'K', 'AO']",0,CCV,3
2141,"['AO0', 'B', 'K']","['AO', 'B', 'K']",0,VCC,3
2142,"['B', 'K', 'UW0']","['B', 'K', 'UW']",0,CCV,3
2143,"['UW0', 'B', 'K']","['UW', 'B', 'K']",0,VCC,3
2144,"['B', 'K', 'IH0']","['B', 'K', 'IH']",0,CCV,3
2145,"['IH0', 'B', 'K']","['IH', 'B', 'K']",0,VCC,3
2146,"['B', 'K', 'EH0']","['B', 'K', 'EH']",0,CCV,3
2147,"['EH0', 'B', 'K']","['EH', 'B', 'K']",0,VCC,3
2148,"['B', 'K', 'UH0']","['B', 'K', 'UH']",0,CCV,3
2149,"['UH0', 'B', 'K']","['UH', 'B', 'K']",0,VCC,3
2150,"['B', 'K', 'IY0']","['B', 'K', 'IY']",0,CCV,3
2151,"['IY0', 'B', 'K']","['IY', 'B', 'K']",0,VCC,3
2152,"['B', 'K', 'EY0']","['B', 'K', 'EY']",0,CCV,3
2153,"['EY0', 'B', 'K']","['EY', 'B', 'K']",0,VCC,3
2154,"['B', 'K', 'OW0']","['B', 'K', 'OW']",0,CCV,3
2155,"['OW0', 'B', 'K']","['OW', 'B', 'K']",0,VCC,3
2156,"['B', 'K', 'AE0']","['B', 'K', 'AE']",0,CCV,3
2157,"['AE0', 'B', 'K']","['AE', 'B', 'K']",0,VCC,3
2158,"['B', 'K', 'AW0']","['B', 'K', 'AW']",0,CCV,3
2159,"['AW0', 'B', 'K']","['AW', 'B', 'K']",0,VCC,3
2160,"['B', 'D', 'AH0']","['B', 'D', 'AH']",0,CCV,3
2161,"['AH0', 'B', 'D']","['AH', 'B', 'D']",0,VCC,3
2162,"['B', 'D', 'OY0']","['B', 'D', 'OY']",0,CCV,3
2163,"['OY0', 'B', 'D']","['OY', 'B', 'D']",0,VCC,3
2164,"['B', 'D', 'AA0']","['B', 'D', 'AA']",0,CCV,3
2165,"['AA0', 'B', 'D']","['AA', 'B', 'D']",0,VCC,3
2166,"['B', 'D', 'AY0']","['B', 'D', 'AY']",0,CCV,3
2167,"['AY0', 'B', 'D']","['AY', 'B', 'D']",0,VCC,3
2168,"['B', 'D', 'ER0']","['B', 'D', 'ER']",0,CCV,3
2169,"['ER0', 'B', 'D']","['ER', 'B', 'D']",0,VCC,3
2170,"['B', 'D', 'AO0']","['B', 'D', 'AO']",0,CCV,3
2171,"['AO0', 'B', 'D']","['AO', 'B', 'D']",0,VCC,3
2172,"['B', 'D', 'UW0']","['B', 'D', 'UW']",0,CCV,3
2173,"['UW0', 'B', 'D']","['UW', 'B', 'D']",0,VCC,3
2174,"['B', 'D', 'IH0']","['B', 'D', 'IH']",0,CCV,3
2175,"['IH0', 'B', 'D']","['IH', 'B', 'D']",0,VCC,3
2176,"['B', 'D', 'EH0']","['B', 'D', 'EH']",0,CCV,3
2177,"['EH0', 'B', 'D']","['EH', 'B', 'D']",0,VCC,3
2178,"['B', 'D', 'UH0']","['B', 'D', 'UH']",0,CCV,3
2179,"['UH0', 'B', 'D']","['UH', 'B', 'D']",0,VCC,3
2180,"['B', 'D', 'IY0']","['B', 'D', 'IY']",0,CCV,3
2181,"['IY0', 'B', 'D']","['IY', 'B', 'D']",0,VCC,3
2182,"['B', 'D', 'EY0']","['B', 'D', 'EY']",0,CCV,3
2183,"['EY0', 'B', 'D']","['EY', 'B', 'D']",0,VCC,3
2184,"['B', 'D', 'OW0']","['B', 'D', 'OW']",0,CCV,3
2185,"['OW0', 'B', 'D']","['OW', 'B', 'D']",0,VCC,3
2186,"['B', 'D', 'AE0']","['B', 'D', 'AE']",0,CCV,3
2187,"['AE0', 'B', 'D']","['AE', 'B', 'D']",0,VCC,3
2188,"['B', 'D', 'AW0']","['B', 'D', 'AW']",0,CCV,3
2189,"['AW0', 'B', 'D']","['AW', 'B', 'D']",0,VCC,3
2190,"['B', 'G', 'AH0']","['B', 'G', 'AH']",0,CCV,3
2191,"['AH0', 'B', 'G']","['AH', 'B', 'G']",0,VCC,3
2192,"['B', 'G', 'OY0']","['B', 'G', 'OY']",0,CCV,3
2193,"['OY0', 'B', 'G']","['OY', 'B', 'G']",0,VCC,3
2194,"['B', 'G', 'AA0']","['B', 'G', 'AA']",0,CCV,3
2195,"['AA0', 'B', 'G']","['AA', 'B', 'G']",0,VCC,3
2196,"['B', 'G', 'AY0']","['B', 'G', 'AY']",0,CCV,3
2197,"['AY0', 'B', 'G']","['AY', 'B', 'G']",0,VCC,3
2198,"['B', 'G', 'ER0']","['B', 'G', 'ER']",0,CCV,3
2199,"['ER0', 'B', 'G']","['ER', 'B', 'G']",0,VCC,3
2200,"['B', 'G', 'AO0']","['B', 'G', 'AO']",0,CCV,3
2201,"['AO0', 'B', 'G']","['AO', 'B', 'G']",0,VCC,3
2202,"['B', 'G', 'UW0']","['B', 'G', 'UW']",0,CCV,3
2203,"['UW0', 'B', 'G']","['UW', 'B', 'G']",0,VCC,3
2204,"['B', 'G', 'IH0']","['B', 'G', 'IH']",0,CCV,3
2205,"['IH0', 'B', 'G']","['IH', 'B', 'G']",0,VCC,3
2206,"['B', 'G', 'EH0']","['B', 'G', 'EH']",0,CCV,3
2207,"['EH0', 'B', 'G']","['EH', 'B', 'G']",0,VCC,3
2208,"['B', 'G', 'UH0']","['B', 'G', 'UH']",0,CCV,3
2209,"['UH0', 'B', 'G']","['UH', 'B', 'G']",0,VCC,3
2210,"['B', 'G', 'IY0']","['B', 'G', 'IY']",0,CCV,3
2211,"['IY0', 'B', 'G']","['IY', 'B', 'G']",0,VCC,3
2212,"['B', 'G', 'EY0']","['B', 'G', 'EY']",0,CCV,3
2213,"['EY0', 'B', 'G']","['EY', 'B', 'G']",0,VCC,3
2214,"['B', 'G', 'OW0']","['B', 'G', 'OW']",0,CCV,3
2215,"['OW0', 'B', 'G']","['OW', 'B', 'G']",0,VCC,3
2216,"['B', 'G', 'AE0']","['B', 'G', 'AE']",0,CCV,3
2217,"['AE0', 'B', 'G']","['AE', 'B', 'G']",0,VCC,3
2218,"['B', 'G', 'AW0']","['B', 'G', 'AW']",0,CCV,3
2219,"['AW0', 'B', 'G']","['AW', 'B', 'G']",0,VCC,3
2220,"['B', 'F', 'AH0']","['B', 'F', 'AH']",1,CCV,3
2221,"['AH0', 'B', 'F']","['AH', 'B', 'F']",-1,VCC,3
2222,"['B', 'F', 'OY0']","['B', 'F', 'OY']",1,CCV,3
2223,"['OY0', 'B', 'F']","['OY', 'B', 'F']",-1,VCC,3
2224,"['B', 'F', 'AA0']","['B', 'F', 'AA']",1,CCV,3
2225,"['AA0', 'B', 'F']","['AA', 'B', 'F']",-1,VCC,3
2226,"['B', 'F', 'AY0']","['B', 'F', 'AY']",1,CCV,3
2227,"['AY0', 'B', 'F']","['AY', 'B', 'F']",-1,VCC,3
2228,"['B', 'F', 'ER0']","['B', 'F', 'ER']",1,CCV,3
2229,"['ER0', 'B', 'F']","['ER', 'B', 'F']",-1,VCC,3
2230,"['B', 'F', 'AO0']","['B', 'F', 'AO']",1,CCV,3
2231,"['AO0', 'B', 'F']","['AO', 'B', 'F']",-1,VCC,3
2232,"['B', 'F', 'UW0']","['B', 'F', 'UW']",1,CCV,3
2233,"['UW0', 'B', 'F']","['UW', 'B', 'F']",-1,VCC,3
2234,"['B', 'F', 'IH0']","['B', 'F', 'IH']",1,CCV,3
2235,"['IH0', 'B', 'F']","['IH', 'B', 'F']",-1,VCC,3
2236,"['B', 'F', 'EH0']","['B', 'F', 'EH']",1,CCV,3
2237,"['EH0', 'B', 'F']","['EH', 'B', 'F']",-1,VCC,3
2238,"['B', 'F', 'UH0']","['B', 'F', 'UH']",1,CCV,3
2239,"['UH0', 'B', 'F']","['UH', 'B', 'F']",-1,VCC,3
2240,"['B', 'F', 'IY0']","['B', 'F', 'IY']",1,CCV,3
2241,"['IY0', 'B', 'F']","['IY', 'B', 'F']",-1,VCC,3
2242,"['B', 'F', 'EY0']","['B', 'F', 'EY']",1,CCV,3
2243,"['EY0', 'B', 'F']","['EY', 'B', 'F']",-1,VCC,3
2244,"['B', 'F', 'OW0']","['B', 'F', 'OW']",1,CCV,3
2245,"['OW0', 'B', 'F']","['OW', 'B', 'F']",-1,VCC,3
2246,"['B', 'F', 'AE0']","['B', 'F', 'AE']",1,CCV,3
2247,"['AE0', 'B', 'F']","['AE', 'B', 'F']",-1,VCC,3
2248,"['B', 'F', 'AW0']","['B', 'F', 'AW']",1,CCV,3
2249,"['AW0', 'B', 'F']","['AW', 'B', 'F']",-1,VCC,3
2250,"['B', 'TH', 'AH0']","['B', 'TH', 'AH']",1,CCV,3
2251,"['AH0', 'B', 'TH']","['AH', 'B', 'TH']",-1,VCC,3
2252,"['B', 'TH', 'OY0']","['B', 'TH', 'OY']",1,CCV,3
2253,"['OY0', 'B', 'TH']","['OY', 'B', 'TH']",-1,VCC,3
2254,"['B', 'TH', 'AA0']","['B', 'TH', 'AA']",1,CCV,3
2255,"['AA0', 'B', 'TH']","['AA', 'B', 'TH']",-1,VCC,3
2256,"['B', 'TH', 'AY0']","['B', 'TH', 'AY']",1,CCV,3
2257,"['AY0', 'B', 'TH']","['AY', 'B', 'TH']",-1,VCC,3
2258,"['B', 'TH', 'ER0']","['B', 'TH', 'ER']",1,CCV,3
2259,"['ER0', 'B', 'TH']","['ER', 'B', 'TH']",-1,VCC,3
2260,"['B', 'TH', 'AO0']","['B', 'TH', 'AO']",1,CCV,3
2261,"['AO0', 'B', 'TH']","['AO', 'B', 'TH']",-1,VCC,3
2262,"['B', 'TH', 'UW0']","['B', 'TH', 'UW']",1,CCV,3
2263,"['UW0', 'B', 'TH']","['UW', 'B', 'TH']",-1,VCC,3
2264,"['B', 'TH', 'IH0']","['B', 'TH', 'IH']",1,CCV,3
2265,"['IH0', 'B', 'TH']","['IH', 'B', 'TH']",-1,VCC,3
2266,"['B', 'TH', 'EH0']","['B', 'TH', 'EH']",1,CCV,3
2267,"['EH0', 'B', 'TH']","['EH', 'B', 'TH']",-1,VCC,3
2268,"['B', 'TH', 'UH0']","['B', 'TH', 'UH']",1,CCV,3
2269,"['UH0', 'B', 'TH']","['UH', 'B', 'TH']",-1,VCC,3
2270,"['B', 'TH', 'IY0']","['B', 'TH', 'IY']",1,CCV,3
2271,"['IY0', 'B', 'TH']","['IY', 'B', 'TH']",-1,VCC,3
2272,"['B', 'TH', 'EY0']","['B', 'TH', 'EY']",1,CCV,3
2273,"['EY0', 'B', 'TH']","['EY', 'B', 'TH']",-1,VCC,3
2274,"['B', 'TH', 'OW0']","['B', 'TH', 'OW']",1,CCV,3
2275,"['OW0', 'B', 'TH']","['OW', 'B', 'TH']",-1,VCC,3
2276,"['B', 'TH', 'AE0']","['B', 'TH', 'AE']",1,CCV,3
2277,"['AE0', 'B', 'TH']","['AE', 'B', 'TH']",-1,VCC,3
2278,"['B', 'TH', 'AW0']","['B', 'TH', 'AW']",1,CCV,3
2279,"['AW0', 'B', 'TH']","['AW', 'B', 'TH']",-1,VCC,3
2280,"['B', 'S', 'AH0']","['B', 'S', 'AH']",1,CCV,3
2281,"['AH0', 'B', 'S']","['AH', 'B', 'S']",-1,VCC,3
2282,"['B', 'S', 'OY0']","['B', 'S', 'OY']",1,CCV,3
2283,"['OY0', 'B', 'S']","['OY', 'B', 'S']",-1,VCC,3
2284,"['B', 'S', 'AA0']","['B', 'S', 'AA']",1,CCV,3
2285,"['AA0', 'B', 'S']","['AA', 'B', 'S']",-1,VCC,3
2286,"['B', 'S', 'AY0']","['B', 'S', 'AY']",1,CCV,3
2287,"['AY0', 'B', 'S']","['AY', 'B', 'S']",-1,VCC,3
2288,"['B', 'S', 'ER0']","['B', 'S', 'ER']",1,CCV,3
2289,"['ER0', 'B', 'S']","['ER', 'B', 'S']",-1,VCC,3
2290,"['B', 'S', 'AO0']","['B', 'S', 'AO']",1,CCV,3
2291,"['AO0', 'B', 'S']","['AO', 'B', 'S']",-1,VCC,3
2292,"['B', 'S', 'UW0']","['B', 'S', 'UW']",1,CCV,3
2293,"['UW0', 'B', 'S']","['UW', 'B', 'S']",-1,VCC,3
2294,"['B', 'S', 'IH0']","['B', 'S', 'IH']",1,CCV,3
2295,"['IH0', 'B', 'S']","['IH', 'B', 'S']",-1,VCC,3
2296,"['B', 'S', 'EH0']","['B', 'S', 'EH']",1,CCV,3
2297,"['EH0', 'B', 'S']","['EH', 'B', 'S']",-1,VCC,3
2298,"['B', 'S', 'UH0']","['B', 'S', 'UH']",1,CCV,3
2299,"['UH0', 'B', 'S']","['UH', 'B', 'S']",-1,VCC,3
2300,"['B', 'S', 'IY0']","['B', 'S', 'IY']",1,CCV,3
2301,"['IY0', 'B', 'S']","['IY', 'B', 'S']",-1,VCC,3
2302,"['B', 'S', 'EY0']","['B', 'S', 'EY']",1,CCV,3
2303,"['EY0', 'B', 'S']","['EY', 'B', 'S']",-1,VCC,3
2304,"['B', 'S', 'OW0']","['B', 'S', 'OW']",1,CCV,3
2305,"['OW0', 'B', 'S']","['OW', 'B', 'S']",-1,VCC,3
2306,"['B', 'S', 'AE0']","['B', 'S', 'AE']",1,CCV,3
2307,"['AE0', 'B', 'S']","['AE', 'B', 'S']",-1,VCC,3
2308,"['B', 'S', 'AW0']","['B', 'S', 'AW']",1,CCV,3
2309,"['AW0', 'B', 'S']","['AW', 'B', 'S']",-1,VCC,3
2310,"['B', 'SH', 'AH0']","['B', 'SH', 'AH']",1,CCV,3
2311,"['AH0', 'B', 'SH']","['AH', 'B', 'SH']",-1,VCC,3
2312,"['B', 'SH', 'OY0']","['B', 'SH', 'OY']",1,CCV,3
2313,"['OY0', 'B', 'SH']","['OY', 'B', 'SH']",-1,VCC,3
2314,"['B', 'SH', 'AA0']","['B', 'SH', 'AA']",1,CCV,3
2315,"['AA0', 'B', 'SH']","['AA', 'B', 'SH']",-1,VCC,3
2316,"['B', 'SH', 'AY0']","['B', 'SH', 'AY']",1,CCV,3
2317,"['AY0', 'B', 'SH']","['AY', 'B', 'SH']",-1,VCC,3
2318,"['B', 'SH', 'ER0']","['B', 'SH', 'ER']",1,CCV,3
2319,"['ER0', 'B', 'SH']","['ER', 'B', 'SH']",-1,VCC,3
2320,"['B', 'SH', 'AO0']","['B', 'SH', 'AO']",1,CCV,3
2321,"['AO0', 'B', 'SH']","['AO', 'B', 'SH']",-1,VCC,3
2322,"['B', 'SH', 'UW0']","['B', 'SH', 'UW']",1,CCV,3
2323,"['UW0', 'B', 'SH']","['UW', 'B', 'SH']",-1,VCC,3
2324,"['B', 'SH', 'IH0']","['B', 'SH', 'IH']",1,CCV,3
2325,"['IH0', 'B', 'SH']","['IH', 'B', 'SH']",-1,VCC,3
2326,"['B', 'SH', 'EH0']","['B', 'SH', 'EH']",1,CCV,3
2327,"['EH0', 'B', 'SH']","['EH', 'B', 'SH']",-1,VCC,3
2328,"['B', 'SH', 'UH0']","['B', 'SH', 'UH']",1,CCV,3
2329,"['UH0', 'B', 'SH']","['UH', 'B', 'SH']",-1,VCC,3
2330,"['B', 'SH', 'IY0']","['B', 'SH', 'IY']",1,CCV,3
2331,"['IY0', 'B', 'SH']","['IY', 'B', 'SH']",-1,VCC,3
2332,"['B', 'SH', 'EY0']","['B', 'SH', 'EY']",1,CCV,3
2333,"['EY0', 'B', 'SH']","['EY', 'B', 'SH']",-1,VCC,3
2334,"['B', 'SH', 'OW0']","['B', 'SH', 'OW']",1,CCV,3
2335,"['OW0', 'B', 'SH']","['OW', 'B', 'SH']",-1,VCC,3
2336,"['B', 'SH', 'AE0']","['B', 'SH', 'AE']",1,CCV,3
2337,"['AE0', 'B', 'SH']","['AE', 'B', 'SH']",-1,VCC,3
2338,"['B', 'SH', 'AW0']","['B', 'SH', 'AW']",1,CCV,3
2339,"['AW0', 'B', 'SH']","['AW', 'B', 'SH']",-1,VCC,3
2340,"['B', 'Z', 'AH0']","['B', 'Z', 'AH']",1,CCV,3
2341,"['AH0', 'B', 'Z']","['AH', 'B', 'Z']",-1,VCC,3
2342,"['B', 'Z', 'OY0']","['B', 'Z', 'OY']",1,CCV,3
2343,"['OY0', 'B', 'Z']","['OY', 'B', 'Z']",-1,VCC,3
2344,"['B', 'Z', 'AA0']","['B', 'Z', 'AA']",1,CCV,3
2345,"['AA0', 'B', 'Z']","['AA', 'B', 'Z']",-1,VCC,3
2346,"['B', 'Z', 'AY0']","['B', 'Z', 'AY']",1,CCV,3
2347,"['AY0', 'B', 'Z']","['AY', 'B', 'Z']",-1,VCC,3
2348,"['B', 'Z', 'ER0']","['B', 'Z', 'ER']",1,CCV,3
2349,"['ER0', 'B', 'Z']","['ER', 'B', 'Z']",-1,VCC,3
2350,"['B', 'Z', 'AO0']","['B', 'Z', 'AO']",1,CCV,3
2351,"['AO0', 'B', 'Z']","['AO', 'B', 'Z']",-1,VCC,3
2352,"['B', 'Z', 'UW0']","['B', 'Z', 'UW']",1,CCV,3
2353,"['UW0', 'B', 'Z']","['UW', 'B', 'Z']",-1,VCC,3
2354,"['B', 'Z', 'IH0']","['B', 'Z', 'IH']",1,CCV,3
2355,"['IH0', 'B', 'Z']","['IH', 'B', 'Z']",-1,VCC,3
2356,"['B', 'Z', 'EH0']","['B', 'Z', 'EH']",1,CCV,3
2357,"['EH0', 'B', 'Z']","['EH', 'B', 'Z']",-1,VCC,3
2358,"['B', 'Z', 'UH0']","['B', 'Z', 'UH']",1,CCV,3
2359,"['UH0', 'B', 'Z']","['UH', 'B', 'Z']",-1,VCC,3
2360,"['B', 'Z', 'IY0']","['B', 'Z', 'IY']",1,CCV,3
2361,"['IY0', 'B', 'Z']","['IY', 'B', 'Z']",-1,VCC,3
2362,"['B', 'Z', 'EY0']","['B', 'Z', 'EY']",1,CCV,3
2363,"['EY0', 'B', 'Z']","['EY', 'B', 'Z']",-1,VCC,3
2364,"['B', 'Z', 'OW0']","['B', 'Z', 'OW']",1,CCV,3
2365,"['OW0', 'B', 'Z']","['OW', 'B', 'Z']",-1,VCC,3
2366,"['B', 'Z', 'AE0']","['B', 'Z', 'AE']",1,CCV,3
2367,"['AE0', 'B', 'Z']","['AE', 'B', 'Z']",-1,VCC,3
2368,"['B', 'Z', 'AW0']","['B', 'Z', 'AW']",1,CCV,3
2369,"['AW0', 'B', 'Z']","['AW', 'B', 'Z']",-1,VCC,3
2370,"['B', 'ZH', 'AH0']","['B', 'ZH', 'AH']",1,CCV,3
2371,"['AH0', 'B', 'ZH']","['AH', 'B', 'ZH']",-1,VCC,3
2372,"['B', 'ZH', 'OY0']","['B', 'ZH', 'OY']",1,CCV,3
2373,"['OY0', 'B', 'ZH']","['OY', 'B', 'ZH']",-1,VCC,3
2374,"['B', 'ZH', 'AA0']","['B', 'ZH', 'AA']",1,CCV,3
2375,"['AA0', 'B', 'ZH']","['AA', 'B', 'ZH']",-1,VCC,3
2376,"['B', 'ZH', 'AY0']","['B', 'ZH', 'AY']",1,CCV,3
2377,"['AY0', 'B', 'ZH']","['AY', 'B', 'ZH']",-1,VCC,3
2378,"['B', 'ZH', 'ER0']","['B', 'ZH', 'ER']",1,CCV,3
2379,"['ER0', 'B', 'ZH']","['ER', 'B', 'ZH']",-1,VCC,3
2380,"['B', 'ZH', 'AO0']","['B', 'ZH', 'AO']",1,CCV,3
2381,"['AO0', 'B', 'ZH']","['AO', 'B', 'ZH']",-1,VCC,3
2382,"['B', 'ZH', 'UW0']","['B', 'ZH', 'UW']",1,CCV,3
2383,"['UW0', 'B', 'ZH']","['UW', 'B', 'ZH']",-1,VCC,3
2384,"['B', 'ZH', 'IH0']","['B', 'ZH', 'IH']",1,CCV,3
2385,"['IH0', 'B', 'ZH']","['IH', 'B', 'ZH']",-1,VCC,3
2386,"['B', 'ZH', 'EH0']","['B', 'ZH', 'EH']",1,CCV,3
2387,"['EH0', 'B', 'ZH']","['EH', 'B', 'ZH']",-1,VCC,3
2388,"['B', 'ZH', 'UH0']","['B', 'ZH', 'UH']",1,CCV,3
2389,"['UH0', 'B', 'ZH']","['UH', 'B', 'ZH']",-1,VCC,3
2390,"['B', 'ZH', 'IY0']","['B', 'ZH', 'IY']",1,CCV,3
2391,"['IY0', 'B', 'ZH']","['IY', 'B', 'ZH']",-1,VCC,3
2392,"['B', 'ZH', 'EY0']","['B', 'ZH', 'EY']",1,CCV,3
2393,"['EY0', 'B', 'ZH']","['EY', 'B', 'ZH']",-1,VCC,3
2394,"['B', 'ZH', 'OW0']","['B', 'ZH', 'OW']",1,CCV,3
2395,"['OW0', 'B', 'ZH']","['OW', 'B', 'ZH']",-1,VCC,3
2396,"['B', 'ZH', 'AE0']","['B', 'ZH', 'AE']",1,CCV,3
2397,"['AE0', 'B', 'ZH']","['AE', 'B', 'ZH']",-1,VCC,3
2398,"['B', 'ZH', 'AW0']","['B', 'ZH', 'AW']",1,CCV,3
2399,"['AW0', 'B', 'ZH']","['AW', 'B', 'ZH']",-1,VCC,3
2400,"['B', 'V', 'AH0']","['B', 'V', 'AH']",1,CCV,3
2401,"['AH0', 'B', 'V']","['AH', 'B', 'V']",-1,VCC,3
2402,"['B', 'V', 'OY0']","['B', 'V', 'OY']",1,CCV,3
2403,"['OY0', 'B', 'V']","['OY', 'B', 'V']",-1,VCC,3
2404,"['B', 'V', 'AA0']","['B', 'V', 'AA']",1,CCV,3
2405,"['AA0', 'B', 'V']","['AA', 'B', 'V']",-1,VCC,3
2406,"['B', 'V', 'AY0']","['B', 'V', 'AY']",1,CCV,3
2407,"['AY0', 'B', 'V']","['AY', 'B', 'V']",-1,VCC,3
2408,"['B', 'V', 'ER0']","['B', 'V', 'ER']",1,CCV,3
2409,"['ER0', 'B', 'V']","['ER', 'B', 'V']",-1,VCC,3
2410,"['B', 'V', 'AO0']","['B', 'V', 'AO']",1,CCV,3
2411,"['AO0', 'B', 'V']","['AO', 'B', 'V']",-1,VCC,3
2412,"['B', 'V', 'UW0']","['B', 'V', 'UW']",1,CCV,3
2413,"['UW0', 'B', 'V']","['UW', 'B', 'V']",-1,VCC,3
2414,"['B', 'V', 'IH0']","['B', 'V', 'IH']",1,CCV,3
2415,"['IH0', 'B', 'V']","['IH', 'B', 'V']",-1,VCC,3
2416,"['B', 'V', 'EH0']","['B', 'V', 'EH']",1,CCV,3
2417,"['EH0', 'B', 'V']","['EH', 'B', 'V']",-1,VCC,3
2418,"['B', 'V', 'UH0']","['B', 'V', 'UH']",1,CCV,3
2419,"['UH0', 'B', 'V']","['UH', 'B', 'V']",-1,VCC,3
2420,"['B', 'V', 'IY0']","['B', 'V', 'IY']",1,CCV,3
2421,"['IY0', 'B', 'V']","['IY', 'B', 'V']",-1,VCC,3
2422,"['B', 'V', 'EY0']","['B', 'V', 'EY']",1,CCV,3
2423,"['EY0', 'B', 'V']","['EY', 'B', 'V']",-1,VCC,3
2424,"['B', 'V', 'OW0']","['B', 'V', 'OW']",1,CCV,3
2425,"['OW0', 'B', 'V']","['OW', 'B', 'V']",-1,VCC,3
2426,"['B', 'V', 'AE0']","['B', 'V', 'AE']",1,CCV,3
2427,"['AE0', 'B', 'V']","['AE', 'B', 'V']",-1,VCC,3
2428,"['B', 'V', 'AW0']","['B', 'V', 'AW']",1,CCV,3
2429,"['AW0', 'B', 'V']","['AW', 'B', 'V']",-1,VCC,3
2430,"['B', 'DH', 'AH0']","['B', 'DH', 'AH']",1,CCV,3
2431,"['AH0', 'B', 'DH']","['AH', 'B', 'DH']",-1,VCC,3
2432,"['B', 'DH', 'OY0']","['B', 'DH', 'OY']",1,CCV,3
2433,"['OY0', 'B', 'DH']","['OY', 'B', 'DH']",-1,VCC,3
2434,"['B', 'DH', 'AA0']","['B', 'DH', 'AA']",1,CCV,3
2435,"['AA0', 'B', 'DH']","['AA', 'B', 'DH']",-1,VCC,3
2436,"['B', 'DH', 'AY0']","['B', 'DH', 'AY']",1,CCV,3
2437,"['AY0', 'B', 'DH']","['AY', 'B', 'DH']",-1,VCC,3
2438,"['B', 'DH', 'ER0']","['B', 'DH', 'ER']",1,CCV,3
2439,"['ER0', 'B', 'DH']","['ER', 'B', 'DH']",-1,VCC,3
2440,"['B', 'DH', 'AO0']","['B', 'DH', 'AO']",1,CCV,3
2441,"['AO0', 'B', 'DH']","['AO', 'B', 'DH']",-1,VCC,3
2442,"['B', 'DH', 'UW0']","['B', 'DH', 'UW']",1,CCV,3
2443,"['UW0', 'B', 'DH']","['UW', 'B', 'DH']",-1,VCC,3
2444,"['B', 'DH', 'IH0']","['B', 'DH', 'IH']",1,CCV,3
2445,"['IH0', 'B', 'DH']","['IH', 'B', 'DH']",-1,VCC,3
2446,"['B', 'DH', 'EH0']","['B', 'DH', 'EH']",1,CCV,3
2447,"['EH0', 'B', 'DH']","['EH', 'B', 'DH']",-1,VCC,3
2448,"['B', 'DH', 'UH0']","['B', 'DH', 'UH']",1,CCV,3
2449,"['UH0', 'B', 'DH']","['UH', 'B', 'DH']",-1,VCC,3
2450,"['B', 'DH', 'IY0']","['B', 'DH', 'IY']",1,CCV,3
2451,"['IY0', 'B', 'DH']","['IY', 'B', 'DH']",-1,VCC,3
2452,"['B', 'DH', 'EY0']","['B', 'DH', 'EY']",1,CCV,3
2453,"['EY0', 'B', 'DH']","['EY', 'B', 'DH']",-1,VCC,3
2454,"['B', 'DH', 'OW0']","['B', 'DH', 'OW']",1,CCV,3
2455,"['OW0', 'B', 'DH']","['OW', 'B', 'DH']",-1,VCC,3
2456,"['B', 'DH', 'AE0']","['B', 'DH', 'AE']",1,CCV,3
2457,"['AE0', 'B', 'DH']","['AE', 'B', 'DH']",-1,VCC,3
2458,"['B', 'DH', 'AW0']","['B', 'DH', 'AW']",1,CCV,3
2459,"['AW0', 'B', 'DH']","['AW', 'B', 'DH']",-1,VCC,3
2460,"['B', 'HH', 'AH0']","['B', 'HH', 'AH']",1,CCV,3
2461,"['AH0', 'B', 'HH']","['AH', 'B', 'HH']",-1,VCC,3
2462,"['B', 'HH', 'OY0']","['B', 'HH', 'OY']",1,CCV,3
2463,"['OY0', 'B', 'HH']","['OY', 'B', 'HH']",-1,VCC,3
2464,"['B', 'HH', 'AA0']","['B', 'HH', 'AA']",1,CCV,3
2465,"['AA0', 'B', 'HH']","['AA', 'B', 'HH']",-1,VCC,3
2466,"['B', 'HH', 'AY0']","['B', 'HH', 'AY']",1,CCV,3
2467,"['AY0', 'B', 'HH']","['AY', 'B', 'HH']",-1,VCC,3
2468,"['B', 'HH', 'ER0']","['B', 'HH', 'ER']",1,CCV,3
2469,"['ER0', 'B', 'HH']","['ER', 'B', 'HH']",-1,VCC,3
2470,"['B', 'HH', 'AO0']","['B', 'HH', 'AO']",1,CCV,3
2471,"['AO0', 'B', 'HH']","['AO', 'B', 'HH']",-1,VCC,3
2472,"['B', 'HH', 'UW0']","['B', 'HH', 'UW']",1,CCV,3
2473,"['UW0', 'B', 'HH']","['UW', 'B', 'HH']",-1,VCC,3
2474,"['B', 'HH', 'IH0']","['B', 'HH', 'IH']",1,CCV,3
2475,"['IH0', 'B', 'HH']","['IH', 'B', 'HH']",-1,VCC,3
2476,"['B', 'HH', 'EH0']","['B', 'HH', 'EH']",1,CCV,3
2477,"['EH0', 'B', 'HH']","['EH', 'B', 'HH']",-1,VCC,3
2478,"['B', 'HH', 'UH0']","['B', 'HH', 'UH']",1,CCV,3
2479,"['UH0', 'B', 'HH']","['UH', 'B', 'HH']",-1,VCC,3
2480,"['B', 'HH', 'IY0']","['B', 'HH', 'IY']",1,CCV,3
2481,"['IY0', 'B', 'HH']","['IY', 'B', 'HH']",-1,VCC,3
2482,"['B', 'HH', 'EY0']","['B', 'HH', 'EY']",1,CCV,3
2483,"['EY0', 'B', 'HH']","['EY', 'B', 'HH']",-1,VCC,3
2484,"['B', 'HH', 'OW0']","['B', 'HH', 'OW']",1,CCV,3
2485,"['OW0', 'B', 'HH']","['OW', 'B', 'HH']",-1,VCC,3
2486,"['B', 'HH', 'AE0']","['B', 'HH', 'AE']",1,CCV,3
2487,"['AE0', 'B', 'HH']","['AE', 'B', 'HH']",-1,VCC,3
2488,"['B', 'HH', 'AW0']","['B', 'HH', 'AW']",1,CCV,3
2489,"['AW0', 'B', 'HH']","['AW', 'B', 'HH']",-1,VCC,3
2490,"['B', 'CH', 'AH0']","['B', 'CH', 'AH']",2,CCV,3
2491,"['AH0', 'B', 'CH']","['AH', 'B', 'CH']",-2,VCC,3
2492,"['B', 'CH', 'OY0']","['B', 'CH', 'OY']",2,CCV,3
2493,"['OY0', 'B', 'CH']","['OY', 'B', 'CH']",-2,VCC,3
2494,"['B', 'CH', 'AA0']","['B', 'CH', 'AA']",2,CCV,3
2495,"['AA0', 'B', 'CH']","['AA', 'B', 'CH']",-2,VCC,3
2496,"['B', 'CH', 'AY0']","['B', 'CH', 'AY']",2,CCV,3
2497,"['AY0', 'B', 'CH']","['AY', 'B', 'CH']",-2,VCC,3
2498,"['B', 'CH', 'ER0']","['B', 'CH', 'ER']",2,CCV,3
2499,"['ER0', 'B', 'CH']","['ER', 'B', 'CH']",-2,VCC,3
2500,"['B', 'CH', 'AO0']","['B', 'CH', 'AO']",2,CCV,3
2501,"['AO0', 'B', 'CH']","['AO', 'B', 'CH']",-2,VCC,3
2502,"['B', 'CH', 'UW0']","['B', 'CH', 'UW']",2,CCV,3
2503,"['UW0', 'B', 'CH']","['UW', 'B', 'CH']",-2,VCC,3
2504,"['B', 'CH', 'IH0']","['B', 'CH', 'IH']",2,CCV,3
2505,"['IH0', 'B', 'CH']","['IH', 'B', 'CH']",-2,VCC,3
2506,"['B', 'CH', 'EH0']","['B', 'CH', 'EH']",2,CCV,3
2507,"['EH0', 'B', 'CH']","['EH', 'B', 'CH']",-2,VCC,3
2508,"['B', 'CH', 'UH0']","['B', 'CH', 'UH']",2,CCV,3
2509,"['UH0', 'B', 'CH']","['UH', 'B', 'CH']",-2,VCC,3
2510,"['B', 'CH', 'IY0']","['B', 'CH', 'IY']",2,CCV,3
2511,"['IY0', 'B', 'CH']","['IY', 'B', 'CH']",-2,VCC,3
2512,"['B', 'CH', 'EY0']","['B', 'CH', 'EY']",2,CCV,3
2513,"['EY0', 'B', 'CH']","['EY', 'B', 'CH']",-2,VCC,3
2514,"['B', 'CH', 'OW0']","['B', 'CH', 'OW']",2,CCV,3
2515,"['OW0', 'B', 'CH']","['OW', 'B', 'CH']",-2,VCC,3
2516,"['B', 'CH', 'AE0']","['B', 'CH', 'AE']",2,CCV,3
2517,"['AE0', 'B', 'CH']","['AE', 'B', 'CH']",-2,VCC,3
2518,"['B', 'CH', 'AW0']","['B', 'CH', 'AW']",2,CCV,3
2519,"['AW0', 'B', 'CH']","['AW', 'B', 'CH']",-2,VCC,3
2520,"['B', 'JH', 'AH0']","['B', 'JH', 'AH']",2,CCV,3
2521,"['AH0', 'B', 'JH']","['AH', 'B', 'JH']",-2,VCC,3
2522,"['B', 'JH', 'OY0']","['B', 'JH', 'OY']",2,CCV,3
2523,"['OY0', 'B', 'JH']","['OY', 'B', 'JH']",-2,VCC,3
2524,"['B', 'JH', 'AA0']","['B', 'JH', 'AA']",2,CCV,3
2525,"['AA0', 'B', 'JH']","['AA', 'B', 'JH']",-2,VCC,3
2526,"['B', 'JH', 'AY0']","['B', 'JH', 'AY']",2,CCV,3
2527,"['AY0', 'B', 'JH']","['AY', 'B', 'JH']",-2,VCC,3
2528,"['B', 'JH', 'ER0']","['B', 'JH', 'ER']",2,CCV,3
2529,"['ER0', 'B', 'JH']","['ER', 'B', 'JH']",-2,VCC,3
2530,"['B', 'JH', 'AO0']","['B', 'JH', 'AO']",2,CCV,3
2531,"['AO0', 'B', 'JH']","['AO', 'B', 'JH']",-2,VCC,3
2532,"['B', 'JH', 'UW0']","['B', 'JH', 'UW']",2,CCV,3
2533,"['UW0', 'B', 'JH']","['UW', 'B', 'JH']",-2,VCC,3
2534,"['B', 'JH', 'IH0']","['B', 'JH', 'IH']",2,CCV,3
2535,"['IH0', 'B', 'JH']","['IH', 'B', 'JH']",-2,VCC,3
2536,"['B', 'JH', 'EH0']","['B', 'JH', 'EH']",2,CCV,3
2537,"['EH0', 'B', 'JH']","['EH', 'B', 'JH']",-2,VCC,3
2538,"['B', 'JH', 'UH0']","['B', 'JH', 'UH']",2,CCV,3
2539,"['UH0', 'B', 'JH']","['UH', 'B', 'JH']",-2,VCC,3
2540,"['B', 'JH', 'IY0']","['B', 'JH', 'IY']",2,CCV,3
2541,"['IY0', 'B', 'JH']","['IY', 'B', 'JH']",-2,VCC,3
2542,"['B', 'JH', 'EY0']","['B', 'JH', 'EY']",2,CCV,3
2543,"['EY0', 'B', 'JH']","['EY', 'B', 'JH']",-2,VCC,3
2544,"['B', 'JH', 'OW0']","['B', 'JH', 'OW']",2,CCV,3
2545,"['OW0', 'B', 'JH']","['OW', 'B', 'JH']",-2,VCC,3
2546,"['B', 'JH', 'AE0']","['B', 'JH', 'AE']",2,CCV,3
2547,"['AE0', 'B', 'JH']","['AE', 'B', 'JH']",-2,VCC,3
2548,"['B', 'JH', 'AW0']","['B', 'JH', 'AW']",2,CCV,3
2549,"['AW0', 'B', 'JH']","['AW', 'B', 'JH']",-2,VCC,3
2550,"['B', 'M', 'AH0']","['B', 'M', 'AH']",3,CCV,3
2551,"['AH0', 'B', 'M']","['AH', 'B', 'M']",-3,VCC,3
2552,"['B', 'M', 'OY0']","['B', 'M', 'OY']",3,CCV,3
2553,"['OY0', 'B', 'M']","['OY', 'B', 'M']",-3,VCC,3
2554,"['B', 'M', 'AA0']","['B', 'M', 'AA']",3,CCV,3
2555,"['AA0', 'B', 'M']","['AA', 'B', 'M']",-3,VCC,3
2556,"['B', 'M', 'AY0']","['B', 'M', 'AY']",3,CCV,3
2557,"['AY0', 'B', 'M']","['AY', 'B', 'M']",-3,VCC,3
2558,"['B', 'M', 'ER0']","['B', 'M', 'ER']",3,CCV,3
2559,"['ER0', 'B', 'M']","['ER', 'B', 'M']",-3,VCC,3
2560,"['B', 'M', 'AO0']","['B', 'M', 'AO']",3,CCV,3
2561,"['AO0', 'B', 'M']","['AO', 'B', 'M']",-3,VCC,3
2562,"['B', 'M', 'UW0']","['B', 'M', 'UW']",3,CCV,3
2563,"['UW0', 'B', 'M']","['UW', 'B', 'M']",-3,VCC,3
2564,"['B', 'M', 'IH0']","['B', 'M', 'IH']",3,CCV,3
2565,"['IH0', 'B', 'M']","['IH', 'B', 'M']",-3,VCC,3
2566,"['B', 'M', 'EH0']","['B', 'M', 'EH']",3,CCV,3
2567,"['EH0', 'B', 'M']","['EH', 'B', 'M']",-3,VCC,3
2568,"['B', 'M', 'UH0']","['B', 'M', 'UH']",3,CCV,3
2569,"['UH0', 'B', 'M']","['UH', 'B', 'M']",-3,VCC,3
2570,"['B', 'M', 'IY0']","['B', 'M', 'IY']",3,CCV,3
2571,"['IY0', 'B', 'M']","['IY', 'B', 'M']",-3,VCC,3
2572,"['B', 'M', 'EY0']","['B', 'M', 'EY']",3,CCV,3
2573,"['EY0', 'B', 'M']","['EY', 'B', 'M']",-3,VCC,3
2574,"['B', 'M', 'OW0']","['B', 'M', 'OW']",3,CCV,3
2575,"['OW0', 'B', 'M']","['OW', 'B', 'M']",-3,VCC,3
2576,"['B', 'M', 'AE0']","['B', 'M', 'AE']",3,CCV,3
2577,"['AE0', 'B', 'M']","['AE', 'B', 'M']",-3,VCC,3
2578,"['B', 'M', 'AW0']","['B', 'M', 'AW']",3,CCV,3
2579,"['AW0', 'B', 'M']","['AW', 'B', 'M']",-3,VCC,3
2580,"['B', 'N', 'AH0']","['B', 'N', 'AH']",3,CCV,3
2581,"['AH0', 'B', 'N']","['AH', 'B', 'N']",-3,VCC,3
2582,"['B', 'N', 'OY0']","['B', 'N', 'OY']",3,CCV,3
2583,"['OY0', 'B', 'N']","['OY', 'B', 'N']",-3,VCC,3
2584,"['B', 'N', 'AA0']","['B', 'N', 'AA']",3,CCV,3
2585,"['AA0', 'B', 'N']","['AA', 'B', 'N']",-3,VCC,3
2586,"['B', 'N', 'AY0']","['B', 'N', 'AY']",3,CCV,3
2587,"['AY0', 'B', 'N']","['AY', 'B', 'N']",-3,VCC,3
2588,"['B', 'N', 'ER0']","['B', 'N', 'ER']",3,CCV,3
2589,"['ER0', 'B', 'N']","['ER', 'B', 'N']",-3,VCC,3
2590,"['B', 'N', 'AO0']","['B', 'N', 'AO']",3,CCV,3
2591,"['AO0', 'B', 'N']","['AO', 'B', 'N']",-3,VCC,3
2592,"['B', 'N', 'UW0']","['B', 'N', 'UW']",3,CCV,3
2593,"['UW0', 'B', 'N']","['UW', 'B', 'N']",-3,VCC,3
2594,"['B', 'N', 'IH0']","['B', 'N', 'IH']",3,CCV,3
2595,"['IH0', 'B', 'N']","['IH', 'B', 'N']",-3,VCC,3
2596,"['B', 'N', 'EH0']","['B', 'N', 'EH']",3,CCV,3
2597,"['EH0', 'B', 'N']","['EH', 'B', 'N']",-3,VCC,3
2598,"['B', 'N', 'UH0']","['B', 'N', 'UH']",3,CCV,3
2599,"['UH0', 'B', 'N']","['UH', 'B', 'N']",-3,VCC,3
2600,"['B', 'N', 'IY0']","['B', 'N', 'IY']",3,CCV,3
2601,"['IY0', 'B', 'N']","['IY', 'B', 'N']",-3,VCC,3
2602,"['B', 'N', 'EY0']","['B', 'N', 'EY']",3,CCV,3
2603,"['EY0', 'B', 'N']","['EY', 'B', 'N']",-3,VCC,3
2604,"['B', 'N', 'OW0']","['B', 'N', 'OW']",3,CCV,3
2605,"['OW0', 'B', 'N']","['OW', 'B', 'N']",-3,VCC,3
2606,"['B', 'N', 'AE0']","['B', 'N', 'AE']",3,CCV,3
2607,"['AE0', 'B', 'N']","['AE', 'B', 'N']",-3,VCC,3
2608,"['B', 'N', 'AW0']","['B', 'N', 'AW']",3,CCV,3
2609,"['AW0', 'B', 'N']","['AW', 'B', 'N']",-3,VCC,3
2610,"['B', 'NG', 'AH0']","['B', 'NG', 'AH']",3,CCV,3
2611,"['AH0', 'B', 'NG']","['AH', 'B', 'NG']",-3,VCC,3
2612,"['B', 'NG', 'OY0']","['B', 'NG', 'OY']",3,CCV,3
2613,"['OY0', 'B', 'NG']","['OY', 'B', 'NG']",-3,VCC,3
2614,"['B', 'NG', 'AA0']","['B', 'NG', 'AA']",3,CCV,3
2615,"['AA0', 'B', 'NG']","['AA', 'B', 'NG']",-3,VCC,3
2616,"['B', 'NG', 'AY0']","['B', 'NG', 'AY']",3,CCV,3
2617,"['AY0', 'B', 'NG']","['AY', 'B', 'NG']",-3,VCC,3
2618,"['B', 'NG', 'ER0']","['B', 'NG', 'ER']",3,CCV,3
2619,"['ER0', 'B', 'NG']","['ER', 'B', 'NG']",-3,VCC,3
2620,"['B', 'NG', 'AO0']","['B', 'NG', 'AO']",3,CCV,3
2621,"['AO0', 'B', 'NG']","['AO', 'B', 'NG']",-3,VCC,3
2622,"['B', 'NG', 'UW0']","['B', 'NG', 'UW']",3,CCV,3
2623,"['UW0', 'B', 'NG']","['UW', 'B', 'NG']",-3,VCC,3
2624,"['B', 'NG', 'IH0']","['B', 'NG', 'IH']",3,CCV,3
2625,"['IH0', 'B', 'NG']","['IH', 'B', 'NG']",-3,VCC,3
2626,"['B', 'NG', 'EH0']","['B', 'NG', 'EH']",3,CCV,3
2627,"['EH0', 'B', 'NG']","['EH', 'B', 'NG']",-3,VCC,3
2628,"['B', 'NG', 'UH0']","['B', 'NG', 'UH']",3,CCV,3
2629,"['UH0', 'B', 'NG']","['UH', 'B', 'NG']",-3,VCC,3
2630,"['B', 'NG', 'IY0']","['B', 'NG', 'IY']",3,CCV,3
2631,"['IY0', 'B', 'NG']","['IY', 'B', 'NG']",-3,VCC,3
2632,"['B', 'NG', 'EY0']","['B', 'NG', 'EY']",3,CCV,3
2633,"['EY0', 'B', 'NG']","['EY', 'B', 'NG']",-3,VCC,3
2634,"['B', 'NG', 'OW0']","['B', 'NG', 'OW']",3,CCV,3
2635,"['OW0', 'B', 'NG']","['OW', 'B', 'NG']",-3,VCC,3
2636,"['B', 'NG', 'AE0']","['B', 'NG', 'AE']",3,CCV,3
2637,"['AE0', 'B', 'NG']","['AE', 'B', 'NG']",-3,VCC,3
2638,"['B', 'NG', 'AW0']","['B', 'NG', 'AW']",3,CCV,3
2639,"['AW0', 'B', 'NG']","['AW', 'B', 'NG']",-3,VCC,3
2640,"['B', 'L', 'AH0']","['B', 'L', 'AH']",4,CCV,3
2641,"['AH0', 'B', 'L']","['AH', 'B', 'L']",-4,VCC,3
2642,"['B', 'L', 'OY0']","['B', 'L', 'OY']",4,CCV,3
2643,"['OY0', 'B', 'L']","['OY', 'B', 'L']",-4,VCC,3
2644,"['B', 'L', 'AA0']","['B', 'L', 'AA']",4,CCV,3
2645,"['AA0', 'B', 'L']","['AA', 'B', 'L']",-4,VCC,3
2646,"['B', 'L', 'AY0']","['B', 'L', 'AY']",4,CCV,3
2647,"['AY0', 'B', 'L']","['AY', 'B', 'L']",-4,VCC,3
2648,"['B', 'L', 'ER0']","['B', 'L', 'ER']",4,CCV,3
2649,"['ER0', 'B', 'L']","['ER', 'B', 'L']",-4,VCC,3
2650,"['B', 'L', 'AO0']","['B', 'L', 'AO']",4,CCV,3
2651,"['AO0', 'B', 'L']","['AO', 'B', 'L']",-4,VCC,3
2652,"['B', 'L', 'UW0']","['B', 'L', 'UW']",4,CCV,3
2653,"['UW0', 'B', 'L']","['UW', 'B', 'L']",-4,VCC,3
2654,"['B', 'L', 'IH0']","['B', 'L', 'IH']",4,CCV,3
2655,"['IH0', 'B', 'L']","['IH', 'B', 'L']",-4,VCC,3
2656,"['B', 'L', 'EH0']","['B', 'L', 'EH']",4,CCV,3
2657,"['EH0', 'B', 'L']","['EH', 'B', 'L']",-4,VCC,3
2658,"['B', 'L', 'UH0']","['B', 'L', 'UH']",4,CCV,3
2659,"['UH0', 'B', 'L']","['UH', 'B', 'L']",-4,VCC,3
2660,"['B', 'L', 'IY0']","['B', 'L', 'IY']",4,CCV,3
2661,"['IY0', 'B', 'L']","['IY', 'B', 'L']",-4,VCC,3
2662,"['B', 'L', 'EY0']","['B', 'L', 'EY']",4,CCV,3
2663,"['EY0', 'B', 'L']","['EY', 'B', 'L']",-4,VCC,3
2664,"['B', 'L', 'OW0']","['B', 'L', 'OW']",4,CCV,3
2665,"['OW0', 'B', 'L']","['OW', 'B', 'L']",-4,VCC,3
2666,"['B', 'L', 'AE0']","['B', 'L', 'AE']",4,CCV,3
2667,"['AE0', 'B', 'L']","['AE', 'B', 'L']",-4,VCC,3
2668,"['B', 'L', 'AW0']","['B', 'L', 'AW']",4,CCV,3
2669,"['AW0', 'B', 'L']","['AW', 'B', 'L']",-4,VCC,3
2670,"['B', 'R', 'AH0']","['B', 'R', 'AH']",4,CCV,3
2671,"['AH0', 'B', 'R']","['AH', 'B', 'R']",-4,VCC,3
2672,"['B', 'R', 'OY0']","['B', 'R', 'OY']",4,CCV,3
2673,"['OY0', 'B', 'R']","['OY', 'B', 'R']",-4,VCC,3
2674,"['B', 'R', 'AA0']","['B', 'R', 'AA']",4,CCV,3
2675,"['AA0', 'B', 'R']","['AA', 'B', 'R']",-4,VCC,3
2676,"['B', 'R', 'AY0']","['B', 'R', 'AY']",4,CCV,3
2677,"['AY0', 'B', 'R']","['AY', 'B', 'R']",-4,VCC,3
2678,"['B', 'R', 'ER0']","['B', 'R', 'ER']",4,CCV,3
2679,"['ER0', 'B', 'R']","['ER', 'B', 'R']",-4,VCC,3
2680,"['B', 'R', 'AO0']","['B', 'R', 'AO']",4,CCV,3
2681,"['AO0', 'B', 'R']","['AO', 'B', 'R']",-4,VCC,3
2682,"['B', 'R', 'UW0']","['B', 'R', 'UW']",4,CCV,3
2683,"['UW0', 'B', 'R']","['UW', 'B', 'R']",-4,VCC,3
2684,"['B', 'R', 'IH0']","['B', 'R', 'IH']",4,CCV,3
2685,"['IH0', 'B', 'R']","['IH', 'B', 'R']",-4,VCC,3
2686,"['B', 'R', 'EH0']","['B', 'R', 'EH']",4,CCV,3
2687,"['EH0', 'B', 'R']","['EH', 'B', 'R']",-4,VCC,3
2688,"['B', 'R', 'UH0']","['B', 'R', 'UH']",4,CCV,3
2689,"['UH0', 'B', 'R']","['UH', 'B', 'R']",-4,VCC,3
2690,"['B', 'R', 'IY0']","['B', 'R', 'IY']",4,CCV,3
2691,"['IY0', 'B', 'R']","['IY', 'B', 'R']",-4,VCC,3
2692,"['B', 'R', 'EY0']","['B', 'R', 'EY']",4,CCV,3
2693,"['EY0', 'B', 'R']","['EY', 'B', 'R']",-4,VCC,3
2694,"['B', 'R', 'OW0']","['B', 'R', 'OW']",4,CCV,3
2695,"['OW0', 'B', 'R']","['OW', 'B', 'R']",-4,VCC,3
2696,"['B', 'R', 'AE0']","['B', 'R', 'AE']",4,CCV,3
2697,"['AE0', 'B', 'R']","['AE', 'B', 'R']",-4,VCC,3
2698,"['B', 'R', 'AW0']","['B', 'R', 'AW']",4,CCV,3
2699,"['AW0', 'B', 'R']","['AW', 'B', 'R']",-4,VCC,3
2700,"['B', 'W', 'AH0']","['B', 'W', 'AH']",5,CCV,3
2701,"['AH0', 'B', 'W']","['AH', 'B', 'W']",-5,VCC,3
2702,"['B', 'W', 'OY0']","['B', 'W', 'OY']",5,CCV,3
2703,"['OY0', 'B', 'W']","['OY', 'B', 'W']",-5,VCC,3
2704,"['B', 'W', 'AA0']","['B', 'W', 'AA']",5,CCV,3
2705,"['AA0', 'B', 'W']","['AA', 'B', 'W']",-5,VCC,3
2706,"['B', 'W', 'AY0']","['B', 'W', 'AY']",5,CCV,3
2707,"['AY0', 'B', 'W']","['AY', 'B', 'W']",-5,VCC,3
2708,"['B', 'W', 'ER0']","['B', 'W', 'ER']",5,CCV,3
2709,"['ER0', 'B', 'W']","['ER', 'B', 'W']",-5,VCC,3
2710,"['B', 'W', 'AO0']","['B', 'W', 'AO']",5,CCV,3
2711,"['AO0', 'B', 'W']","['AO', 'B', 'W']",-5,VCC,3
2712,"['B', 'W', 'UW0']","['B', 'W', 'UW']",5,CCV,3
2713,"['UW0', 'B', 'W']","['UW', 'B', 'W']",-5,VCC,3
2714,"['B', 'W', 'IH0']","['B', 'W', 'IH']",5,CCV,3
2715,"['IH0', 'B', 'W']","['IH', 'B', 'W']",-5,VCC,3
2716,"['B', 'W', 'EH0']","['B', 'W', 'EH']",5,CCV,3
2717,"['EH0', 'B', 'W']","['EH', 'B', 'W']",-5,VCC,3
2718,"['B', 'W', 'UH0']","['B', 'W', 'UH']",5,CCV,3
2719,"['UH0', 'B', 'W']","['UH', 'B', 'W']",-5,VCC,3
2720,"['B', 'W', 'IY0']","['B', 'W', 'IY']",5,CCV,3
2721,"['IY0', 'B', 'W']","['IY', 'B', 'W']",-5,VCC,3
2722,"['B', 'W', 'EY0']","['B', 'W', 'EY']",5,CCV,3
2723,"['EY0', 'B', 'W']","['EY', 'B', 'W']",-5,VCC,3
2724,"['B', 'W', 'OW0']","['B', 'W', 'OW']",5,CCV,3
2725,"['OW0', 'B', 'W']","['OW', 'B', 'W']",-5,VCC,3
2726,"['B', 'W', 'AE0']","['B', 'W', 'AE']",5,CCV,3
2727,"['AE0', 'B', 'W']","['AE', 'B', 'W']",-5,VCC,3
2728,"['B', 'W', 'AW0']","['B', 'W', 'AW']",5,CCV,3
2729,"['AW0', 'B', 'W']","['AW', 'B', 'W']",-5,VCC,3
2730,"['B', 'Y', 'AH0']","['B', 'Y', 'AH']",5,CCV,3
2731,"['AH0', 'B', 'Y']","['AH', 'B', 'Y']",-5,VCC,3
2732,"['B', 'Y', 'OY0']","['B', 'Y', 'OY']",5,CCV,3
2733,"['OY0', 'B', 'Y']","['OY', 'B', 'Y']",-5,VCC,3
2734,"['B', 'Y', 'AA0']","['B', 'Y', 'AA']",5,CCV,3
2735,"['AA0', 'B', 'Y']","['AA', 'B', 'Y']",-5,VCC,3
2736,"['B', 'Y', 'AY0']","['B', 'Y', 'AY']",5,CCV,3
2737,"['AY0', 'B', 'Y']","['AY', 'B', 'Y']",-5,VCC,3
2738,"['B', 'Y', 'ER0']","['B', 'Y', 'ER']",5,CCV,3
2739,"['ER0', 'B', 'Y']","['ER', 'B', 'Y']",-5,VCC,3
2740,"['B', 'Y', 'AO0']","['B', 'Y', 'AO']",5,CCV,3
2741,"['AO0', 'B', 'Y']","['AO', 'B', 'Y']",-5,VCC,3
2742,"['B', 'Y', 'UW0']","['B', 'Y', 'UW']",5,CCV,3
2743,"['UW0', 'B', 'Y']","['UW', 'B', 'Y']",-5,VCC,3
2744,"['B', 'Y', 'IH0']","['B', 'Y', 'IH']",5,CCV,3
2745,"['IH0', 'B', 'Y']","['IH', 'B', 'Y']",-5,VCC,3
2746,"['B', 'Y', 'EH0']","['B', 'Y', 'EH']",5,CCV,3
2747,"['EH0', 'B', 'Y']","['EH', 'B', 'Y']",-5,VCC,3
2748,"['B', 'Y', 'UH0']","['B', 'Y', 'UH']",5,CCV,3
2749,"['UH0', 'B', 'Y']","['UH', 'B', 'Y']",-5,VCC,3
2750,"['B', 'Y', 'IY0']","['B', 'Y', 'IY']",5,CCV,3
2751,"['IY0', 'B', 'Y']","['IY', 'B', 'Y']",-5,VCC,3
2752,"['B', 'Y', 'EY0']","['B', 'Y', 'EY']",5,CCV,3
2753,"['EY0', 'B', 'Y']","['EY', 'B', 'Y']",-5,VCC,3
2754,"['B', 'Y', 'OW0']","['B', 'Y', 'OW']",5,CCV,3
2755,"['OW0', 'B', 'Y']","['OW', 'B', 'Y']",-5,VCC,3
2756,"['B', 'Y', 'AE0']","['B', 'Y', 'AE']",5,CCV,3
2757,"['AE0', 'B', 'Y']","['AE', 'B', 'Y']",-5,VCC,3
2758,"['B', 'Y', 'AW0']","['B', 'Y', 'AW']",5,CCV,3
2759,"['AW0', 'B', 'Y']","['AW', 'B', 'Y']",-5,VCC,3
2760,"['D', 'P', 'AH0']","['D', 'P', 'AH']",0,CCV,3
2761,"['AH0', 'D', 'P']","['AH', 'D', 'P']",0,VCC,3
2762,"['D', 'P', 'OY0']","['D', 'P', 'OY']",0,CCV,3
2763,"['OY0', 'D', 'P']","['OY', 'D', 'P']",0,VCC,3
2764,"['D', 'P', 'AA0']","['D', 'P', 'AA']",0,CCV,3
2765,"['AA0', 'D', 'P']","['AA', 'D', 'P']",0,VCC,3
2766,"['D', 'P', 'AY0']","['D', 'P', 'AY']",0,CCV,3
2767,"['AY0', 'D', 'P']","['AY', 'D', 'P']",0,VCC,3
2768,"['D', 'P', 'ER0']","['D', 'P', 'ER']",0,CCV,3
2769,"['ER0', 'D', 'P']","['ER', 'D', 'P']",0,VCC,3
2770,"['D', 'P', 'AO0']","['D', 'P', 'AO']",0,CCV,3
2771,"['AO0', 'D', 'P']","['AO', 'D', 'P']",0,VCC,3
2772,"['D', 'P', 'UW0']","['D', 'P', 'UW']",0,CCV,3
2773,"['UW0', 'D', 'P']","['UW', 'D', 'P']",0,VCC,3
2774,"['D', 'P', 'IH0']","['D', 'P', 'IH']",0,CCV,3
2775,"['IH0', 'D', 'P']","['IH', 'D', 'P']",0,VCC,3
2776,"['D', 'P', 'EH0']","['D', 'P', 'EH']",0,CCV,3
2777,"['EH0', 'D', 'P']","['EH', 'D', 'P']",0,VCC,3
2778,"['D', 'P', 'UH0']","['D', 'P', 'UH']",0,CCV,3
2779,"['UH0', 'D', 'P']","['UH', 'D', 'P']",0,VCC,3
2780,"['D', 'P', 'IY0']","['D', 'P', 'IY']",0,CCV,3
2781,"['IY0', 'D', 'P']","['IY', 'D', 'P']",0,VCC,3
2782,"['D', 'P', 'EY0']","['D', 'P', 'EY']",0,CCV,3
2783,"['EY0', 'D', 'P']","['EY', 'D', 'P']",0,VCC,3
2784,"['D', 'P', 'OW0']","['D', 'P', 'OW']",0,CCV,3
2785,"['OW0', 'D', 'P']","['OW', 'D', 'P']",0,VCC,3
2786,"['D', 'P', 'AE0']","['D', 'P', 'AE']",0,CCV,3
2787,"['AE0', 'D', 'P']","['AE', 'D', 'P']",0,VCC,3
2788,"['D', 'P', 'AW0']","['D', 'P', 'AW']",0,CCV,3
2789,"['AW0', 'D', 'P']","['AW', 'D', 'P']",0,VCC,3
2790,"['D', 'T', 'AH0']","['D', 'T', 'AH']",0,CCV,3
2791,"['AH0', 'D', 'T']","['AH', 'D', 'T']",0,VCC,3
2792,"['D', 'T', 'OY0']","['D', 'T', 'OY']",0,CCV,3
2793,"['OY0', 'D', 'T']","['OY', 'D', 'T']",0,VCC,3
2794,"['D', 'T', 'AA0']","['D', 'T', 'AA']",0,CCV,3
2795,"['AA0', 'D', 'T']","['AA', 'D', 'T']",0,VCC,3
2796,"['D', 'T', 'AY0']","['D', 'T', 'AY']",0,CCV,3
2797,"['AY0', 'D', 'T']","['AY', 'D', 'T']",0,VCC,3
2798,"['D', 'T', 'ER0']","['D', 'T', 'ER']",0,CCV,3
2799,"['ER0', 'D', 'T']","['ER', 'D', 'T']",0,VCC,3
2800,"['D', 'T', 'AO0']","['D', 'T', 'AO']",0,CCV,3
2801,"['AO0', 'D', 'T']","['AO', 'D', 'T']",0,VCC,3
2802,"['D', 'T', 'UW0']","['D', 'T', 'UW']",0,CCV,3
2803,"['UW0', 'D', 'T']","['UW', 'D', 'T']",0,VCC,3
2804,"['D', 'T', 'IH0']","['D', 'T', 'IH']",0,CCV,3
2805,"['IH0', 'D', 'T']","['IH', 'D', 'T']",0,VCC,3
2806,"['D', 'T', 'EH0']","['D', 'T', 'EH']",0,CCV,3
2807,"['EH0', 'D', 'T']","['EH', 'D', 'T']",0,VCC,3
2808,"['D', 'T', 'UH0']","['D', 'T', 'UH']",0,CCV,3
2809,"['UH0', 'D', 'T']","['UH', 'D', 'T']",0,VCC,3
2810,"['D', 'T', 'IY0']","['D', 'T', 'IY']",0,CCV,3
2811,"['IY0', 'D', 'T']","['IY', 'D', 'T']",0,VCC,3
2812,"['D', 'T', 'EY0']","['D', 'T', 'EY']",0,CCV,3
2813,"['EY0', 'D', 'T']","['EY', 'D', 'T']",0,VCC,3
2814,"['D', 'T', 'OW0']","['D', 'T', 'OW']",0,CCV,3
2815,"['OW0', 'D', 'T']","['OW', 'D', 'T']",0,VCC,3
2816,"['D', 'T', 'AE0']","['D', 'T', 'AE']",0,CCV,3
2817,"['AE0', 'D', 'T']","['AE', 'D', 'T']",0,VCC,3
2818,"['D', 'T', 'AW0']","['D', 'T', 'AW']",0,CCV,3
2819,"['AW0', 'D', 'T']","['AW', 'D', 'T']",0,VCC,3
2820,"['D', 'K', 'AH0']","['D', 'K', 'AH']",0,CCV,3
2821,"['AH0', 'D', 'K']","['AH', 'D', 'K']",0,VCC,3
2822,"['D', 'K', 'OY0']","['D', 'K', 'OY']",0,CCV,3
2823,"['OY0', 'D', 'K']","['OY', 'D', 'K']",0,VCC,3
2824,"['D', 'K', 'AA0']","['D', 'K', 'AA']",0,CCV,3
2825,"['AA0', 'D', 'K']","['AA', 'D', 'K']",0,VCC,3
2826,"['D', 'K', 'AY0']","['D', 'K', 'AY']",0,CCV,3
2827,"['AY0', 'D', 'K']","['AY', 'D', 'K']",0,VCC,3
2828,"['D', 'K', 'ER0']","['D', 'K', 'ER']",0,CCV,3
2829,"['ER0', 'D', 'K']","['ER', 'D', 'K']",0,VCC,3
2830,"['D', 'K', 'AO0']","['D', 'K', 'AO']",0,CCV,3
2831,"['AO0', 'D', 'K']","['AO', 'D', 'K']",0,VCC,3
2832,"['D', 'K', 'UW0']","['D', 'K', 'UW']",0,CCV,3
2833,"['UW0', 'D', 'K']","['UW', 'D', 'K']",0,VCC,3
2834,"['D', 'K', 'IH0']","['D', 'K', 'IH']",0,CCV,3
2835,"['IH0', 'D', 'K']","['IH', 'D', 'K']",0,VCC,3
2836,"['D', 'K', 'EH0']","['D', 'K', 'EH']",0,CCV,3
2837,"['EH0', 'D', 'K']","['EH', 'D', 'K']",0,VCC,3
2838,"['D', 'K', 'UH0']","['D', 'K', 'UH']",0,CCV,3
2839,"['UH0', 'D', 'K']","['UH', 'D', 'K']",0,VCC,3
2840,"['D', 'K', 'IY0']","['D', 'K', 'IY']",0,CCV,3
2841,"['IY0', 'D', 'K']","['IY', 'D', 'K']",0,VCC,3
2842,"['D', 'K', 'EY0']","['D', 'K', 'EY']",0,CCV,3
2843,"['EY0', 'D', 'K']","['EY', 'D', 'K']",0,VCC,3
2844,"['D', 'K', 'OW0']","['D', 'K', 'OW']",0,CCV,3
2845,"['OW0', 'D', 'K']","['OW', 'D', 'K']",0,VCC,3
2846,"['D', 'K', 'AE0']","['D', 'K', 'AE']",0,CCV,3
2847,"['AE0', 'D', 'K']","['AE', 'D', 'K']",0,VCC,3
2848,"['D', 'K', 'AW0']","['D', 'K', 'AW']",0,CCV,3
2849,"['AW0', 'D', 'K']","['AW', 'D', 'K']",0,VCC,3
2850,"['D', 'B', 'AH0']","['D', 'B', 'AH']",0,CCV,3
2851,"['AH0', 'D', 'B']","['AH', 'D', 'B']",0,VCC,3
2852,"['D', 'B', 'OY0']","['D', 'B', 'OY']",0,CCV,3
2853,"['OY0', 'D', 'B']","['OY', 'D', 'B']",0,VCC,3
2854,"['D', 'B', 'AA0']","['D', 'B', 'AA']",0,CCV,3
2855,"['AA0', 'D', 'B']","['AA', 'D', 'B']",0,VCC,3
2856,"['D', 'B', 'AY0']","['D', 'B', 'AY']",0,CCV,3
2857,"['AY0', 'D', 'B']","['AY', 'D', 'B']",0,VCC,3
2858,"['D', 'B', 'ER0']","['D', 'B', 'ER']",0,CCV,3
2859,"['ER0', 'D', 'B']","['ER', 'D', 'B']",0,VCC,3
2860,"['D', 'B', 'AO0']","['D', 'B', 'AO']",0,CCV,3
2861,"['AO0', 'D', 'B']","['AO', 'D', 'B']",0,VCC,3
2862,"['D', 'B', 'UW0']","['D', 'B', 'UW']",0,CCV,3
2863,"['UW0', 'D', 'B']","['UW', 'D', 'B']",0,VCC,3
2864,"['D', 'B', 'IH0']","['D', 'B', 'IH']",0,CCV,3
2865,"['IH0', 'D', 'B']","['IH', 'D', 'B']",0,VCC,3
2866,"['D', 'B', 'EH0']","['D', 'B', 'EH']",0,CCV,3
2867,"['EH0', 'D', 'B']","['EH', 'D', 'B']",0,VCC,3
2868,"['D', 'B', 'UH0']","['D', 'B', 'UH']",0,CCV,3
2869,"['UH0', 'D', 'B']","['UH', 'D', 'B']",0,VCC,3
2870,"['D', 'B', 'IY0']","['D', 'B', 'IY']",0,CCV,3
2871,"['IY0', 'D', 'B']","['IY', 'D', 'B']",0,VCC,3
2872,"['D', 'B', 'EY0']","['D', 'B', 'EY']",0,CCV,3
2873,"['EY0', 'D', 'B']","['EY', 'D', 'B']",0,VCC,3
2874,"['D', 'B', 'OW0']","['D', 'B', 'OW']",0,CCV,3
2875,"['OW0', 'D', 'B']","['OW', 'D', 'B']",0,VCC,3
2876,"['D', 'B', 'AE0']","['D', 'B', 'AE']",0,CCV,3
2877,"['AE0', 'D', 'B']","['AE', 'D', 'B']",0,VCC,3
2878,"['D', 'B', 'AW0']","['D', 'B', 'AW']",0,CCV,3
2879,"['AW0', 'D', 'B']","['AW', 'D', 'B']",0,VCC,3
2880,"['D', 'G', 'AH0']","['D', 'G', 'AH']",0,CCV,3
2881,"['AH0', 'D', 'G']","['AH', 'D', 'G']",0,VCC,3
2882,"['D', 'G', 'OY0']","['D', 'G', 'OY']",0,CCV,3
2883,"['OY0', 'D', 'G']","['OY', 'D', 'G']",0,VCC,3
2884,"['D', 'G', 'AA0']","['D', 'G', 'AA']",0,CCV,3
2885,"['AA0', 'D', 'G']","['AA', 'D', 'G']",0,VCC,3
2886,"['D', 'G', 'AY0']","['D', 'G', 'AY']",0,CCV,3
2887,"['AY0', 'D', 'G']","['AY', 'D', 'G']",0,VCC,3
2888,"['D', 'G', 'ER0']","['D', 'G', 'ER']",0,CCV,3
2889,"['ER0', 'D', 'G']","['ER', 'D', 'G']",0,VCC,3
2890,"['D', 'G', 'AO0']","['D', 'G', 'AO']",0,CCV,3
2891,"['AO0', 'D', 'G']","['AO', 'D', 'G']",0,VCC,3
2892,"['D', 'G', 'UW0']","['D', 'G', 'UW']",0,CCV,3
2893,"['UW0', 'D', 'G']","['UW', 'D', 'G']",0,VCC,3
2894,"['D', 'G', 'IH0']","['D', 'G', 'IH']",0,CCV,3
2895,"['IH0', 'D', 'G']","['IH', 'D', 'G']",0,VCC,3
2896,"['D', 'G', 'EH0']","['D', 'G', 'EH']",0,CCV,3
2897,"['EH0', 'D', 'G']","['EH', 'D', 'G']",0,VCC,3
2898,"['D', 'G', 'UH0']","['D', 'G', 'UH']",0,CCV,3
2899,"['UH0', 'D', 'G']","['UH', 'D', 'G']",0,VCC,3
2900,"['D', 'G', 'IY0']","['D', 'G', 'IY']",0,CCV,3
2901,"['IY0', 'D', 'G']","['IY', 'D', 'G']",0,VCC,3
2902,"['D', 'G', 'EY0']","['D', 'G', 'EY']",0,CCV,3
2903,"['EY0', 'D', 'G']","['EY', 'D', 'G']",0,VCC,3
2904,"['D', 'G', 'OW0']","['D', 'G', 'OW']",0,CCV,3
2905,"['OW0', 'D', 'G']","['OW', 'D', 'G']",0,VCC,3
2906,"['D', 'G', 'AE0']","['D', 'G', 'AE']",0,CCV,3
2907,"['AE0', 'D', 'G']","['AE', 'D', 'G']",0,VCC,3
2908,"['D', 'G', 'AW0']","['D', 'G', 'AW']",0,CCV,3
2909,"['AW0', 'D', 'G']","['AW', 'D', 'G']",0,VCC,3
2910,"['D', 'F', 'AH0']","['D', 'F', 'AH']",1,CCV,3
2911,"['AH0', 'D', 'F']","['AH', 'D', 'F']",-1,VCC,3
2912,"['D', 'F', 'OY0']","['D', 'F', 'OY']",1,CCV,3
2913,"['OY0', 'D', 'F']","['OY', 'D', 'F']",-1,VCC,3
2914,"['D', 'F', 'AA0']","['D', 'F', 'AA']",1,CCV,3
2915,"['AA0', 'D', 'F']","['AA', 'D', 'F']",-1,VCC,3
2916,"['D', 'F', 'AY0']","['D', 'F', 'AY']",1,CCV,3
2917,"['AY0', 'D', 'F']","['AY', 'D', 'F']",-1,VCC,3
2918,"['D', 'F', 'ER0']","['D', 'F', 'ER']",1,CCV,3
2919,"['ER0', 'D', 'F']","['ER', 'D', 'F']",-1,VCC,3
2920,"['D', 'F', 'AO0']","['D', 'F', 'AO']",1,CCV,3
2921,"['AO0', 'D', 'F']","['AO', 'D', 'F']",-1,VCC,3
2922,"['D', 'F', 'UW0']","['D', 'F', 'UW']",1,CCV,3
2923,"['UW0', 'D', 'F']","['UW', 'D', 'F']",-1,VCC,3
2924,"['D', 'F', 'IH0']","['D', 'F', 'IH']",1,CCV,3
2925,"['IH0', 'D', 'F']","['IH', 'D', 'F']",-1,VCC,3
2926,"['D', 'F', 'EH0']","['D', 'F', 'EH']",1,CCV,3
2927,"['EH0', 'D', 'F']","['EH', 'D', 'F']",-1,VCC,3
2928,"['D', 'F', 'UH0']","['D', 'F', 'UH']",1,CCV,3
2929,"['UH0', 'D', 'F']","['UH', 'D', 'F']",-1,VCC,3
2930,"['D', 'F', 'IY0']","['D', 'F', 'IY']",1,CCV,3
2931,"['IY0', 'D', 'F']","['IY', 'D', 'F']",-1,VCC,3
2932,"['D', 'F', 'EY0']","['D', 'F', 'EY']",1,CCV,3
2933,"['EY0', 'D', 'F']","['EY', 'D', 'F']",-1,VCC,3
2934,"['D', 'F', 'OW0']","['D', 'F', 'OW']",1,CCV,3
2935,"['OW0', 'D', 'F']","['OW', 'D', 'F']",-1,VCC,3
2936,"['D', 'F', 'AE0']","['D', 'F', 'AE']",1,CCV,3
2937,"['AE0', 'D', 'F']","['AE', 'D', 'F']",-1,VCC,3
2938,"['D', 'F', 'AW0']","['D', 'F', 'AW']",1,CCV,3
2939,"['AW0', 'D', 'F']","['AW', 'D', 'F']",-1,VCC,3
2940,"['D', 'TH', 'AH0']","['D', 'TH', 'AH']",1,CCV,3
2941,"['AH0', 'D', 'TH']","['AH', 'D', 'TH']",-1,VCC,3
2942,"['D', 'TH', 'OY0']","['D', 'TH', 'OY']",1,CCV,3
2943,"['OY0', 'D', 'TH']","['OY', 'D', 'TH']",-1,VCC,3
2944,"['D', 'TH', 'AA0']","['D', 'TH', 'AA']",1,CCV,3
2945,"['AA0', 'D', 'TH']","['AA', 'D', 'TH']",-1,VCC,3
2946,"['D', 'TH', 'AY0']","['D', 'TH', 'AY']",1,CCV,3
2947,"['AY0', 'D', 'TH']","['AY', 'D', 'TH']",-1,VCC,3
2948,"['D', 'TH', 'ER0']","['D', 'TH', 'ER']",1,CCV,3
2949,"['ER0', 'D', 'TH']","['ER', 'D', 'TH']",-1,VCC,3
2950,"['D', 'TH', 'AO0']","['D', 'TH', 'AO']",1,CCV,3
2951,"['AO0', 'D', 'TH']","['AO', 'D', 'TH']",-1,VCC,3
2952,"['D', 'TH', 'UW0']","['D', 'TH', 'UW']",1,CCV,3
2953,"['UW0', 'D', 'TH']","['UW', 'D', 'TH']",-1,VCC,3
2954,"['D', 'TH', 'IH0']","['D', 'TH', 'IH']",1,CCV,3
2955,"['IH0', 'D', 'TH']","['IH', 'D', 'TH']",-1,VCC,3
2956,"['D', 'TH', 'EH0']","['D', 'TH', 'EH']",1,CCV,3
2957,"['EH0', 'D', 'TH']","['EH', 'D', 'TH']",-1,VCC,3
2958,"['D', 'TH', 'UH0']","['D', 'TH', 'UH']",1,CCV,3
2959,"['UH0', 'D', 'TH']","['UH', 'D', 'TH']",-1,VCC,3
2960,"['D', 'TH', 'IY0']","['D', 'TH', 'IY']",1,CCV,3
2961,"['IY0', 'D', 'TH']","['IY', 'D', 'TH']",-1,VCC,3
2962,"['D', 'TH', 'EY0']","['D', 'TH', 'EY']",1,CCV,3
2963,"['EY0', 'D', 'TH']","['EY', 'D', 'TH']",-1,VCC,3
2964,"['D', 'TH', 'OW0']","['D', 'TH', 'OW']",1,CCV,3
2965,"['OW0', 'D', 'TH']","['OW', 'D', 'TH']",-1,VCC,3
2966,"['D', 'TH', 'AE0']","['D', 'TH', 'AE']",1,CCV,3
2967,"['AE0', 'D', 'TH']","['AE', 'D', 'TH']",-1,VCC,3
2968,"['D', 'TH', 'AW0']","['D', 'TH', 'AW']",1,CCV,3
2969,"['AW0', 'D', 'TH']","['AW', 'D', 'TH']",-1,VCC,3
2970,"['D', 'S', 'AH0']","['D', 'S', 'AH']",1,CCV,3
2971,"['AH0', 'D', 'S']","['AH', 'D', 'S']",-1,VCC,3
2972,"['D', 'S', 'OY0']","['D', 'S', 'OY']",1,CCV,3
2973,"['OY0', 'D', 'S']","['OY', 'D', 'S']",-1,VCC,3
2974,"['D', 'S', 'AA0']","['D', 'S', 'AA']",1,CCV,3
2975,"['AA0', 'D', 'S']","['AA', 'D', 'S']",-1,VCC,3
2976,"['D', 'S', 'AY0']","['D', 'S', 'AY']",1,CCV,3
2977,"['AY0', 'D', 'S']","['AY', 'D', 'S']",-1,VCC,3
2978,"['D', 'S', 'ER0']","['D', 'S', 'ER']",1,CCV,3
2979,"['ER0', 'D', 'S']","['ER', 'D', 'S']",-1,VCC,3
2980,"['D', 'S', 'AO0']","['D', 'S', 'AO']",1,CCV,3
2981,"['AO0', 'D', 'S']","['AO', 'D', 'S']",-1,VCC,3
2982,"['D', 'S', 'UW0']","['D', 'S', 'UW']",1,CCV,3
2983,"['UW0', 'D', 'S']","['UW', 'D', 'S']",-1,VCC,3
2984,"['D', 'S', 'IH0']","['D', 'S', 'IH']",1,CCV,3
2985,"['IH0', 'D', 'S']","['IH', 'D', 'S']",-1,VCC,3
2986,"['D', 'S', 'EH0']","['D', 'S', 'EH']",1,CCV,3
2987,"['EH0', 'D', 'S']","['EH', 'D', 'S']",-1,VCC,3
2988,"['D', 'S', 'UH0']","['D', 'S', 'UH']",1,CCV,3
2989,"['UH0', 'D', 'S']","['UH', 'D', 'S']",-1,VCC,3
2990,"['D', 'S', 'IY0']","['D', 'S', 'IY']",1,CCV,3
2991,"['IY0', 'D', 'S']","['IY', 'D', 'S']",-1,VCC,3
2992,"['D', 'S', 'EY0']","['D', 'S', 'EY']",1,CCV,3
2993,"['EY0', 'D', 'S']","['EY', 'D', 'S']",-1,VCC,3
2994,"['D', 'S', 'OW0']","['D', 'S', 'OW']",1,CCV,3
2995,"['OW0', 'D', 'S']","['OW', 'D', 'S']",-1,VCC,3
2996,"['D', 'S', 'AE0']","['D', 'S', 'AE']",1,CCV,3
2997,"['AE0', 'D', 'S']","['AE', 'D', 'S']",-1,VCC,3
2998,"['D', 'S', 'AW0']","['D', 'S', 'AW']",1,CCV,3
2999,"['AW0', 'D', 'S']","['AW', 'D', 'S']",-1,VCC,3
3000,"['D', 'SH', 'AH0']","['D', 'SH', 'AH']",1,CCV,3
3001,"['AH0', 'D', 'SH']","['AH', 'D', 'SH']",-1,VCC,3
3002,"['D', 'SH', 'OY0']","['D', 'SH', 'OY']",1,CCV,3
3003,"['OY0', 'D', 'SH']","['OY', 'D', 'SH']",-1,VCC,3
3004,"['D', 'SH', 'AA0']","['D', 'SH', 'AA']",1,CCV,3
3005,"['AA0', 'D', 'SH']","['AA', 'D', 'SH']",-1,VCC,3
3006,"['D', 'SH', 'AY0']","['D', 'SH', 'AY']",1,CCV,3
3007,"['AY0', 'D', 'SH']","['AY', 'D', 'SH']",-1,VCC,3
3008,"['D', 'SH', 'ER0']","['D', 'SH', 'ER']",1,CCV,3
3009,"['ER0', 'D', 'SH']","['ER', 'D', 'SH']",-1,VCC,3
3010,"['D', 'SH', 'AO0']","['D', 'SH', 'AO']",1,CCV,3
3011,"['AO0', 'D', 'SH']","['AO', 'D', 'SH']",-1,VCC,3
3012,"['D', 'SH', 'UW0']","['D', 'SH', 'UW']",1,CCV,3
3013,"['UW0', 'D', 'SH']","['UW', 'D', 'SH']",-1,VCC,3
3014,"['D', 'SH', 'IH0']","['D', 'SH', 'IH']",1,CCV,3
3015,"['IH0', 'D', 'SH']","['IH', 'D', 'SH']",-1,VCC,3
3016,"['D', 'SH', 'EH0']","['D', 'SH', 'EH']",1,CCV,3
3017,"['EH0', 'D', 'SH']","['EH', 'D', 'SH']",-1,VCC,3
3018,"['D', 'SH', 'UH0']","['D', 'SH', 'UH']",1,CCV,3
3019,"['UH0', 'D', 'SH']","['UH', 'D', 'SH']",-1,VCC,3
3020,"['D', 'SH', 'IY0']","['D', 'SH', 'IY']",1,CCV,3
3021,"['IY0', 'D', 'SH']","['IY', 'D', 'SH']",-1,VCC,3
3022,"['D', 'SH', 'EY0']","['D', 'SH', 'EY']",1,CCV,3
3023,"['EY0', 'D', 'SH']","['EY', 'D', 'SH']",-1,VCC,3
3024,"['D', 'SH', 'OW0']","['D', 'SH', 'OW']",1,CCV,3
3025,"['OW0', 'D', 'SH']","['OW', 'D', 'SH']",-1,VCC,3
3026,"['D', 'SH', 'AE0']","['D', 'SH', 'AE']",1,CCV,3
3027,"['AE0', 'D', 'SH']","['AE', 'D', 'SH']",-1,VCC,3
3028,"['D', 'SH', 'AW0']","['D', 'SH', 'AW']",1,CCV,3
3029,"['AW0', 'D', 'SH']","['AW', 'D', 'SH']",-1,VCC,3
3030,"['D', 'Z', 'AH0']","['D', 'Z', 'AH']",1,CCV,3
3031,"['AH0', 'D', 'Z']","['AH', 'D', 'Z']",-1,VCC,3
3032,"['D', 'Z', 'OY0']","['D', 'Z', 'OY']",1,CCV,3
3033,"['OY0', 'D', 'Z']","['OY', 'D', 'Z']",-1,VCC,3
3034,"['D', 'Z', 'AA0']","['D', 'Z', 'AA']",1,CCV,3
3035,"['AA0', 'D', 'Z']","['AA', 'D', 'Z']",-1,VCC,3
3036,"['D', 'Z', 'AY0']","['D', 'Z', 'AY']",1,CCV,3
3037,"['AY0', 'D', 'Z']","['AY', 'D', 'Z']",-1,VCC,3
3038,"['D', 'Z', 'ER0']","['D', 'Z', 'ER']",1,CCV,3
3039,"['ER0', 'D', 'Z']","['ER', 'D', 'Z']",-1,VCC,3
3040,"['D', 'Z', 'AO0']","['D', 'Z', 'AO']",1,CCV,3
3041,"['AO0', 'D', 'Z']","['AO', 'D', 'Z']",-1,VCC,3
3042,"['D', 'Z', 'UW0']","['D', 'Z', 'UW']",1,CCV,3
3043,"['UW0', 'D', 'Z']","['UW', 'D', 'Z']",-1,VCC,3
3044,"['D', 'Z', 'IH0']","['D', 'Z', 'IH']",1,CCV,3
3045,"['IH0', 'D', 'Z']","['IH', 'D', 'Z']",-1,VCC,3
3046,"['D', 'Z', 'EH0']","['D', 'Z', 'EH']",1,CCV,3
3047,"['EH0', 'D', 'Z']","['EH', 'D', 'Z']",-1,VCC,3
3048,"['D', 'Z', 'UH0']","['D', 'Z', 'UH']",1,CCV,3
3049,"['UH0', 'D', 'Z']","['UH', 'D', 'Z']",-1,VCC,3
3050,"['D', 'Z', 'IY0']","['D', 'Z', 'IY']",1,CCV,3
3051,"['IY0', 'D', 'Z']","['IY', 'D', 'Z']",-1,VCC,3
3052,"['D', 'Z', 'EY0']","['D', 'Z', 'EY']",1,CCV,3
3053,"['EY0', 'D', 'Z']","['EY', 'D', 'Z']",-1,VCC,3
3054,"['D', 'Z', 'OW0']","['D', 'Z', 'OW']",1,CCV,3
3055,"['OW0', 'D', 'Z']","['OW', 'D', 'Z']",-1,VCC,3
3056,"['D', 'Z', 'AE0']","['D', 'Z', 'AE']",1,CCV,3
3057,"['AE0', 'D', 'Z']","['AE', 'D', 'Z']",-1,VCC,3
3058,"['D', 'Z', 'AW0']","['D', 'Z', 'AW']",1,CCV,3
3059,"['AW0', 'D', 'Z']","['AW', 'D', 'Z']",-1,VCC,3
3060,"['D', 'ZH', 'AH0']","['D', 'ZH', 'AH']",1,CCV,3
3061,"['AH0', 'D', 'ZH']","['AH', 'D', 'ZH']",-1,VCC,3
3062,"['D', 'ZH', 'OY0']","['D', 'ZH', 'OY']",1,CCV,3
3063,"['OY0', 'D', 'ZH']","['OY', 'D', 'ZH']",-1,VCC,3
3064,"['D', 'ZH', 'AA0']","['D', 'ZH', 'AA']",1,CCV,3
3065,"['AA0', 'D', 'ZH']","['AA', 'D', 'ZH']",-1,VCC,3
3066,"['D', 'ZH', 'AY0']","['D', 'ZH', 'AY']",1,CCV,3
3067,"['AY0', 'D', 'ZH']","['AY', 'D', 'ZH']",-1,VCC,3
3068,"['D', 'ZH', 'ER0']","['D', 'ZH', 'ER']",1,CCV,3
3069,"['ER0', 'D', 'ZH']","['ER', 'D', 'ZH']",-1,VCC,3
3070,"['D', 'ZH', 'AO0']","['D', 'ZH', 'AO']",1,CCV,3
3071,"['AO0', 'D', 'ZH']","['AO', 'D', 'ZH']",-1,VCC,3
3072,"['D', 'ZH', 'UW0']","['D', 'ZH', 'UW']",1,CCV,3
3073,"['UW0', 'D', 'ZH']","['UW', 'D', 'ZH']",-1,VCC,3
3074,"['D', 'ZH', 'IH0']","['D', 'ZH', 'IH']",1,CCV,3
3075,"['IH0', 'D', 'ZH']","['IH', 'D', 'ZH']",-1,VCC,3
3076,"['D', 'ZH', 'EH0']","['D', 'ZH', 'EH']",1,CCV,3
3077,"['EH0', 'D', 'ZH']","['EH', 'D', 'ZH']",-1,VCC,3
3078,"['D', 'ZH', 'UH0']","['D', 'ZH', 'UH']",1,CCV,3
3079,"['UH0', 'D', 'ZH']","['UH', 'D', 'ZH']",-1,VCC,3
3080,"['D', 'ZH', 'IY0']","['D', 'ZH', 'IY']",1,CCV,3
3081,"['IY0', 'D', 'ZH']","['IY', 'D', 'ZH']",-1,VCC,3
3082,"['D', 'ZH', 'EY0']","['D', 'ZH', 'EY']",1,CCV,3
3083,"['EY0', 'D', 'ZH']","['EY', 'D', 'ZH']",-1,VCC,3
3084,"['D', 'ZH', 'OW0']","['D', 'ZH', 'OW']",1,CCV,3
3085,"['OW0', 'D', 'ZH']","['OW', 'D', 'ZH']",-1,VCC,3
3086,"['D', 'ZH', 'AE0']","['D', 'ZH', 'AE']",1,CCV,3
3087,"['AE0', 'D', 'ZH']","['AE', 'D', 'ZH']",-1,VCC,3
3088,"['D', 'ZH', 'AW0']","['D', 'ZH', 'AW']",1,CCV,3
3089,"['AW0', 'D', 'ZH']","['AW', 'D', 'ZH']",-1,VCC,3
3090,"['D', 'V', 'AH0']","['D', 'V', 'AH']",1,CCV,3
3091,"['AH0', 'D', 'V']","['AH', 'D', 'V']",-1,VCC,3
3092,"['D', 'V', 'OY0']","['D', 'V', 'OY']",1,CCV,3
3093,"['OY0', 'D', 'V']","['OY', 'D', 'V']",-1,VCC,3
3094,"['D', 'V', 'AA0']","['D', 'V', 'AA']",1,CCV,3
3095,"['AA0', 'D', 'V']","['AA', 'D', 'V']",-1,VCC,3
3096,"['D', 'V', 'AY0']","['D', 'V', 'AY']",1,CCV,3
3097,"['AY0', 'D', 'V']","['AY', 'D', 'V']",-1,VCC,3
3098,"['D', 'V', 'ER0']","['D', 'V', 'ER']",1,CCV,3
3099,"['ER0', 'D', 'V']","['ER', 'D', 'V']",-1,VCC,3
3100,"['D', 'V', 'AO0']","['D', 'V', 'AO']",1,CCV,3
3101,"['AO0', 'D', 'V']","['AO', 'D', 'V']",-1,VCC,3
3102,"['D', 'V', 'UW0']","['D', 'V', 'UW']",1,CCV,3
3103,"['UW0', 'D', 'V']","['UW', 'D', 'V']",-1,VCC,3
3104,"['D', 'V', 'IH0']","['D', 'V', 'IH']",1,CCV,3
3105,"['IH0', 'D', 'V']","['IH', 'D', 'V']",-1,VCC,3
3106,"['D', 'V', 'EH0']","['D', 'V', 'EH']",1,CCV,3
3107,"['EH0', 'D', 'V']","['EH', 'D', 'V']",-1,VCC,3
3108,"['D', 'V', 'UH0']","['D', 'V', 'UH']",1,CCV,3
3109,"['UH0', 'D', 'V']","['UH', 'D', 'V']",-1,VCC,3
3110,"['D', 'V', 'IY0']","['D', 'V', 'IY']",1,CCV,3
3111,"['IY0', 'D', 'V']","['IY', 'D', 'V']",-1,VCC,3
3112,"['D', 'V', 'EY0']","['D', 'V', 'EY']",1,CCV,3
3113,"['EY0', 'D', 'V']","['EY', 'D', 'V']",-1,VCC,3
3114,"['D', 'V', 'OW0']","['D', 'V', 'OW']",1,CCV,3
3115,"['OW0', 'D', 'V']","['OW', 'D', 'V']",-1,VCC,3
3116,"['D', 'V', 'AE0']","['D', 'V', 'AE']",1,CCV,3
3117,"['AE0', 'D', 'V']","['AE', 'D', 'V']",-1,VCC,3
3118,"['D', 'V', 'AW0']","['D', 'V', 'AW']",1,CCV,3
3119,"['AW0', 'D', 'V']","['AW', 'D', 'V']",-1,VCC,3
3120,"['D', 'DH', 'AH0']","['D', 'DH', 'AH']",1,CCV,3
3121,"['AH0', 'D', 'DH']","['AH', 'D', 'DH']",-1,VCC,3
3122,"['D', 'DH', 'OY0']","['D', 'DH', 'OY']",1,CCV,3
3123,"['OY0', 'D', 'DH']","['OY', 'D', 'DH']",-1,VCC,3
3124,"['D', 'DH', 'AA0']","['D', 'DH', 'AA']",1,CCV,3
3125,"['AA0', 'D', 'DH']","['AA', 'D', 'DH']",-1,VCC,3
3126,"['D', 'DH', 'AY0']","['D', 'DH', 'AY']",1,CCV,3
3127,"['AY0', 'D', 'DH']","['AY', 'D', 'DH']",-1,VCC,3
3128,"['D', 'DH', 'ER0']","['D', 'DH', 'ER']",1,CCV,3
3129,"['ER0', 'D', 'DH']","['ER', 'D', 'DH']",-1,VCC,3
3130,"['D', 'DH', 'AO0']","['D', 'DH', 'AO']",1,CCV,3
3131,"['AO0', 'D', 'DH']","['AO', 'D', 'DH']",-1,VCC,3
3132,"['D', 'DH', 'UW0']","['D', 'DH', 'UW']",1,CCV,3
3133,"['UW0', 'D', 'DH']","['UW', 'D', 'DH']",-1,VCC,3
3134,"['D', 'DH', 'IH0']","['D', 'DH', 'IH']",1,CCV,3
3135,"['IH0', 'D', 'DH']","['IH', 'D', 'DH']",-1,VCC,3
3136,"['D', 'DH', 'EH0']","['D', 'DH', 'EH']",1,CCV,3
3137,"['EH0', 'D', 'DH']","['EH', 'D', 'DH']",-1,VCC,3
3138,"['D', 'DH', 'UH0']","['D', 'DH', 'UH']",1,CCV,3
3139,"['UH0', 'D', 'DH']","['UH', 'D', 'DH']",-1,VCC,3
3140,"['D', 'DH', 'IY0']","['D', 'DH', 'IY']",1,CCV,3
3141,"['IY0', 'D', 'DH']","['IY', 'D', 'DH']",-1,VCC,3
3142,"['D', 'DH', 'EY0']","['D', 'DH', 'EY']",1,CCV,3
3143,"['EY0', 'D', 'DH']","['EY', 'D', 'DH']",-1,VCC,3
3144,"['D', 'DH', 'OW0']","['D', 'DH', 'OW']",1,CCV,3
3145,"['OW0', 'D', 'DH']","['OW', 'D', 'DH']",-1,VCC,3
3146,"['D', 'DH', 'AE0']","['D', 'DH', 'AE']",1,CCV,3
3147,"['AE0', 'D', 'DH']","['AE', 'D', 'DH']",-1,VCC,3
3148,"['D', 'DH', 'AW0']","['D', 'DH', 'AW']",1,CCV,3
3149,"['AW0', 'D', 'DH']","['AW', 'D', 'DH']",-1,VCC,3
3150,"['D', 'HH', 'AH0']","['D', 'HH', 'AH']",1,CCV,3
3151,"['AH0', 'D', 'HH']","['AH', 'D', 'HH']",-1,VCC,3
3152,"['D', 'HH', 'OY0']","['D', 'HH', 'OY']",1,CCV,3
3153,"['OY0', 'D', 'HH']","['OY', 'D', 'HH']",-1,VCC,3
3154,"['D', 'HH', 'AA0']","['D', 'HH', 'AA']",1,CCV,3
3155,"['AA0', 'D', 'HH']","['AA', 'D', 'HH']",-1,VCC,3
3156,"['D', 'HH', 'AY0']","['D', 'HH', 'AY']",1,CCV,3
3157,"['AY0', 'D', 'HH']","['AY', 'D', 'HH']",-1,VCC,3
3158,"['D', 'HH', 'ER0']","['D', 'HH', 'ER']",1,CCV,3
3159,"['ER0', 'D', 'HH']","['ER', 'D', 'HH']",-1,VCC,3
3160,"['D', 'HH', 'AO0']","['D', 'HH', 'AO']",1,CCV,3
3161,"['AO0', 'D', 'HH']","['AO', 'D', 'HH']",-1,VCC,3
3162,"['D', 'HH', 'UW0']","['D', 'HH', 'UW']",1,CCV,3
3163,"['UW0', 'D', 'HH']","['UW', 'D', 'HH']",-1,VCC,3
3164,"['D', 'HH', 'IH0']","['D', 'HH', 'IH']",1,CCV,3
3165,"['IH0', 'D', 'HH']","['IH', 'D', 'HH']",-1,VCC,3
3166,"['D', 'HH', 'EH0']","['D', 'HH', 'EH']",1,CCV,3
3167,"['EH0', 'D', 'HH']","['EH', 'D', 'HH']",-1,VCC,3
3168,"['D', 'HH', 'UH0']","['D', 'HH', 'UH']",1,CCV,3
3169,"['UH0', 'D', 'HH']","['UH', 'D', 'HH']",-1,VCC,3
3170,"['D', 'HH', 'IY0']","['D', 'HH', 'IY']",1,CCV,3
3171,"['IY0', 'D', 'HH']","['IY', 'D', 'HH']",-1,VCC,3
3172,"['D', 'HH', 'EY0']","['D', 'HH', 'EY']",1,CCV,3
3173,"['EY0', 'D', 'HH']","['EY', 'D', 'HH']",-1,VCC,3
3174,"['D', 'HH', 'OW0']","['D', 'HH', 'OW']",1,CCV,3
3175,"['OW0', 'D', 'HH']","['OW', 'D', 'HH']",-1,VCC,3
3176,"['D', 'HH', 'AE0']","['D', 'HH', 'AE']",1,CCV,3
3177,"['AE0', 'D', 'HH']","['AE', 'D', 'HH']",-1,VCC,3
3178,"['D', 'HH', 'AW0']","['D', 'HH', 'AW']",1,CCV,3
3179,"['AW0', 'D', 'HH']","['AW', 'D', 'HH']",-1,VCC,3
3180,"['D', 'CH', 'AH0']","['D', 'CH', 'AH']",2,CCV,3
3181,"['AH0', 'D', 'CH']","['AH', 'D', 'CH']",-2,VCC,3
3182,"['D', 'CH', 'OY0']","['D', 'CH', 'OY']",2,CCV,3
3183,"['OY0', 'D', 'CH']","['OY', 'D', 'CH']",-2,VCC,3
3184,"['D', 'CH', 'AA0']","['D', 'CH', 'AA']",2,CCV,3
3185,"['AA0', 'D', 'CH']","['AA', 'D', 'CH']",-2,VCC,3
3186,"['D', 'CH', 'AY0']","['D', 'CH', 'AY']",2,CCV,3
3187,"['AY0', 'D', 'CH']","['AY', 'D', 'CH']",-2,VCC,3
3188,"['D', 'CH', 'ER0']","['D', 'CH', 'ER']",2,CCV,3
3189,"['ER0', 'D', 'CH']","['ER', 'D', 'CH']",-2,VCC,3
3190,"['D', 'CH', 'AO0']","['D', 'CH', 'AO']",2,CCV,3
3191,"['AO0', 'D', 'CH']","['AO', 'D', 'CH']",-2,VCC,3
3192,"['D', 'CH', 'UW0']","['D', 'CH', 'UW']",2,CCV,3
3193,"['UW0', 'D', 'CH']","['UW', 'D', 'CH']",-2,VCC,3
3194,"['D', 'CH', 'IH0']","['D', 'CH', 'IH']",2,CCV,3
3195,"['IH0', 'D', 'CH']","['IH', 'D', 'CH']",-2,VCC,3
3196,"['D', 'CH', 'EH0']","['D', 'CH', 'EH']",2,CCV,3
3197,"['EH0', 'D', 'CH']","['EH', 'D', 'CH']",-2,VCC,3
3198,"['D', 'CH', 'UH0']","['D', 'CH', 'UH']",2,CCV,3
3199,"['UH0', 'D', 'CH']","['UH', 'D', 'CH']",-2,VCC,3
3200,"['D', 'CH', 'IY0']","['D', 'CH', 'IY']",2,CCV,3
3201,"['IY0', 'D', 'CH']","['IY', 'D', 'CH']",-2,VCC,3
3202,"['D', 'CH', 'EY0']","['D', 'CH', 'EY']",2,CCV,3
3203,"['EY0', 'D', 'CH']","['EY', 'D', 'CH']",-2,VCC,3
3204,"['D', 'CH', 'OW0']","['D', 'CH', 'OW']",2,CCV,3
3205,"['OW0', 'D', 'CH']","['OW', 'D', 'CH']",-2,VCC,3
3206,"['D', 'CH', 'AE0']","['D', 'CH', 'AE']",2,CCV,3
3207,"['AE0', 'D', 'CH']","['AE', 'D', 'CH']",-2,VCC,3
3208,"['D', 'CH', 'AW0']","['D', 'CH', 'AW']",2,CCV,3
3209,"['AW0', 'D', 'CH']","['AW', 'D', 'CH']",-2,VCC,3
3210,"['D', 'JH', 'AH0']","['D', 'JH', 'AH']",2,CCV,3
3211,"['AH0', 'D', 'JH']","['AH', 'D', 'JH']",-2,VCC,3
3212,"['D', 'JH', 'OY0']","['D', 'JH', 'OY']",2,CCV,3
3213,"['OY0', 'D', 'JH']","['OY', 'D', 'JH']",-2,VCC,3
3214,"['D', 'JH', 'AA0']","['D', 'JH', 'AA']",2,CCV,3
3215,"['AA0', 'D', 'JH']","['AA', 'D', 'JH']",-2,VCC,3
3216,"['D', 'JH', 'AY0']","['D', 'JH', 'AY']",2,CCV,3
3217,"['AY0', 'D', 'JH']","['AY', 'D', 'JH']",-2,VCC,3
3218,"['D', 'JH', 'ER0']","['D', 'JH', 'ER']",2,CCV,3
3219,"['ER0', 'D', 'JH']","['ER', 'D', 'JH']",-2,VCC,3
3220,"['D', 'JH', 'AO0']","['D', 'JH', 'AO']",2,CCV,3
3221,"['AO0', 'D', 'JH']","['AO', 'D', 'JH']",-2,VCC,3
3222,"['D', 'JH', 'UW0']","['D', 'JH', 'UW']",2,CCV,3
3223,"['UW0', 'D', 'JH']","['UW', 'D', 'JH']",-2,VCC,3
3224,"['D', 'JH', 'IH0']","['D', 'JH', 'IH']",2,CCV,3
3225,"['IH0', 'D', 'JH']","['IH', 'D', 'JH']",-2,VCC,3
3226,"['D', 'JH', 'EH0']","['D', 'JH', 'EH']",2,CCV,3
3227,"['EH0', 'D', 'JH']","['EH', 'D', 'JH']",-2,VCC,3
3228,"['D', 'JH', 'UH0']","['D', 'JH', 'UH']",2,CCV,3
3229,"['UH0', 'D', 'JH']","['UH', 'D', 'JH']",-2,VCC,3
3230,"['D', 'JH', 'IY0']","['D', 'JH', 'IY']",2,CCV,3
3231,"['IY0', 'D', 'JH']","['IY', 'D', 'JH']",-2,VCC,3
3232,"['D', 'JH', 'EY0']","['D', 'JH', 'EY']",2,CCV,3
3233,"['EY0', 'D', 'JH']","['EY', 'D', 'JH']",-2,VCC,3
3234,"['D', 'JH', 'OW0']","['D', 'JH', 'OW']",2,CCV,3
3235,"['OW0', 'D', 'JH']","['OW', 'D', 'JH']",-2,VCC,3
3236,"['D', 'JH', 'AE0']","['D', 'JH', 'AE']",2,CCV,3
3237,"['AE0', 'D', 'JH']","['AE', 'D', 'JH']",-2,VCC,3
3238,"['D', 'JH', 'AW0']","['D', 'JH', 'AW']",2,CCV,3
3239,"['AW0', 'D', 'JH']","['AW', 'D', 'JH']",-2,VCC,3
3240,"['D', 'M', 'AH0']","['D', 'M', 'AH']",3,CCV,3
3241,"['AH0', 'D', 'M']","['AH', 'D', 'M']",-3,VCC,3
3242,"['D', 'M', 'OY0']","['D', 'M', 'OY']",3,CCV,3
3243,"['OY0', 'D', 'M']","['OY', 'D', 'M']",-3,VCC,3
3244,"['D', 'M', 'AA0']","['D', 'M', 'AA']",3,CCV,3
3245,"['AA0', 'D', 'M']","['AA', 'D', 'M']",-3,VCC,3
3246,"['D', 'M', 'AY0']","['D', 'M', 'AY']",3,CCV,3
3247,"['AY0', 'D', 'M']","['AY', 'D', 'M']",-3,VCC,3
3248,"['D', 'M', 'ER0']","['D', 'M', 'ER']",3,CCV,3
3249,"['ER0', 'D', 'M']","['ER', 'D', 'M']",-3,VCC,3
3250,"['D', 'M', 'AO0']","['D', 'M', 'AO']",3,CCV,3
3251,"['AO0', 'D', 'M']","['AO', 'D', 'M']",-3,VCC,3
3252,"['D', 'M', 'UW0']","['D', 'M', 'UW']",3,CCV,3
3253,"['UW0', 'D', 'M']","['UW', 'D', 'M']",-3,VCC,3
3254,"['D', 'M', 'IH0']","['D', 'M', 'IH']",3,CCV,3
3255,"['IH0', 'D', 'M']","['IH', 'D', 'M']",-3,VCC,3
3256,"['D', 'M', 'EH0']","['D', 'M', 'EH']",3,CCV,3
3257,"['EH0', 'D', 'M']","['EH', 'D', 'M']",-3,VCC,3
3258,"['D', 'M', 'UH0']","['D', 'M', 'UH']",3,CCV,3
3259,"['UH0', 'D', 'M']","['UH', 'D', 'M']",-3,VCC,3
3260,"['D', 'M', 'IY0']","['D', 'M', 'IY']",3,CCV,3
3261,"['IY0', 'D', 'M']","['IY', 'D', 'M']",-3,VCC,3
3262,"['D', 'M', 'EY0']","['D', 'M', 'EY']",3,CCV,3
3263,"['EY0', 'D', 'M']","['EY', 'D', 'M']",-3,VCC,3
3264,"['D', 'M', 'OW0']","['D', 'M', 'OW']",3,CCV,3
3265,"['OW0', 'D', 'M']","['OW', 'D', 'M']",-3,VCC,3
3266,"['D', 'M', 'AE0']","['D', 'M', 'AE']",3,CCV,3
3267,"['AE0', 'D', 'M']","['AE', 'D', 'M']",-3,VCC,3
3268,"['D', 'M', 'AW0']","['D', 'M', 'AW']",3,CCV,3
3269,"['AW0', 'D', 'M']","['AW', 'D', 'M']",-3,VCC,3
3270,"['D', 'N', 'AH0']","['D', 'N', 'AH']",3,CCV,3
3271,"['AH0', 'D', 'N']","['AH', 'D', 'N']",-3,VCC,3
3272,"['D', 'N', 'OY0']","['D', 'N', 'OY']",3,CCV,3
3273,"['OY0', 'D', 'N']","['OY', 'D', 'N']",-3,VCC,3
3274,"['D', 'N', 'AA0']","['D', 'N', 'AA']",3,CCV,3
3275,"['AA0', 'D', 'N']","['AA', 'D', 'N']",-3,VCC,3
3276,"['D', 'N', 'AY0']","['D', 'N', 'AY']",3,CCV,3
3277,"['AY0', 'D', 'N']","['AY', 'D', 'N']",-3,VCC,3
3278,"['D', 'N', 'ER0']","['D', 'N', 'ER']",3,CCV,3
3279,"['ER0', 'D', 'N']","['ER', 'D', 'N']",-3,VCC,3
3280,"['D', 'N', 'AO0']","['D', 'N', 'AO']",3,CCV,3
3281,"['AO0', 'D', 'N']","['AO', 'D', 'N']",-3,VCC,3
3282,"['D', 'N', 'UW0']","['D', 'N', 'UW']",3,CCV,3
3283,"['UW0', 'D', 'N']","['UW', 'D', 'N']",-3,VCC,3
3284,"['D', 'N', 'IH0']","['D', 'N', 'IH']",3,CCV,3
3285,"['IH0', 'D', 'N']","['IH', 'D', 'N']",-3,VCC,3
3286,"['D', 'N', 'EH0']","['D', 'N', 'EH']",3,CCV,3
3287,"['EH0', 'D', 'N']","['EH', 'D', 'N']",-3,VCC,3
3288,"['D', 'N', 'UH0']","['D', 'N', 'UH']",3,CCV,3
3289,"['UH0', 'D', 'N']","['UH', 'D', 'N']",-3,VCC,3
3290,"['D', 'N', 'IY0']","['D', 'N', 'IY']",3,CCV,3
3291,"['IY0', 'D', 'N']","['IY', 'D', 'N']",-3,VCC,3
3292,"['D', 'N', 'EY0']","['D', 'N', 'EY']",3,CCV,3
3293,"['EY0', 'D', 'N']","['EY', 'D', 'N']",-3,VCC,3
3294,"['D', 'N', 'OW0']","['D', 'N', 'OW']",3,CCV,3
3295,"['OW0', 'D', 'N']","['OW', 'D', 'N']",-3,VCC,3
3296,"['D', 'N', 'AE0']","['D', 'N', 'AE']",3,CCV,3
3297,"['AE0', 'D', 'N']","['AE', 'D', 'N']",-3,VCC,3
3298,"['D', 'N', 'AW0']","['D', 'N', 'AW']",3,CCV,3
3299,"['AW0', 'D', 'N']","['AW', 'D', 'N']",-3,VCC,3
3300,"['D', 'NG', 'AH0']","['D', 'NG', 'AH']",3,CCV,3
3301,"['AH0', 'D', 'NG']","['AH', 'D', 'NG']",-3,VCC,3
3302,"['D', 'NG', 'OY0']","['D', 'NG', 'OY']",3,CCV,3
3303,"['OY0', 'D', 'NG']","['OY', 'D', 'NG']",-3,VCC,3
3304,"['D', 'NG', 'AA0']","['D', 'NG', 'AA']",3,CCV,3
3305,"['AA0', 'D', 'NG']","['AA', 'D', 'NG']",-3,VCC,3
3306,"['D', 'NG', 'AY0']","['D', 'NG', 'AY']",3,CCV,3
3307,"['AY0', 'D', 'NG']","['AY', 'D', 'NG']",-3,VCC,3
3308,"['D', 'NG', 'ER0']","['D', 'NG', 'ER']",3,CCV,3
3309,"['ER0', 'D', 'NG']","['ER', 'D', 'NG']",-3,VCC,3
3310,"['D', 'NG', 'AO0']","['D', 'NG', 'AO']",3,CCV,3
3311,"['AO0', 'D', 'NG']","['AO', 'D', 'NG']",-3,VCC,3
3312,"['D', 'NG', 'UW0']","['D', 'NG', 'UW']",3,CCV,3
3313,"['UW0', 'D', 'NG']","['UW', 'D', 'NG']",-3,VCC,3
3314,"['D', 'NG', 'IH0']","['D', 'NG', 'IH']",3,CCV,3
3315,"['IH0', 'D', 'NG']","['IH', 'D', 'NG']",-3,VCC,3
3316,"['D', 'NG', 'EH0']","['D', 'NG', 'EH']",3,CCV,3
3317,"['EH0', 'D', 'NG']","['EH', 'D', 'NG']",-3,VCC,3
3318,"['D', 'NG', 'UH0']","['D', 'NG', 'UH']",3,CCV,3
3319,"['UH0', 'D', 'NG']","['UH', 'D', 'NG']",-3,VCC,3
3320,"['D', 'NG', 'IY0']","['D', 'NG', 'IY']",3,CCV,3
3321,"['IY0', 'D', 'NG']","['IY', 'D', 'NG']",-3,VCC,3
3322,"['D', 'NG', 'EY0']","['D', 'NG', 'EY']",3,CCV,3
3323,"['EY0', 'D', 'NG']","['EY', 'D', 'NG']",-3,VCC,3
3324,"['D', 'NG', 'OW0']","['D', 'NG', 'OW']",3,CCV,3
3325,"['OW0', 'D', 'NG']","['OW', 'D', 'NG']",-3,VCC,3
3326,"['D', 'NG', 'AE0']","['D', 'NG', 'AE']",3,CCV,3
3327,"['AE0', 'D', 'NG']","['AE', 'D', 'NG']",-3,VCC,3
3328,"['D', 'NG', 'AW0']","['D', 'NG', 'AW']",3,CCV,3
3329,"['AW0', 'D', 'NG']","['AW', 'D', 'NG']",-3,VCC,3
3330,"['D', 'L', 'AH0']","['D', 'L', 'AH']",4,CCV,3
3331,"['AH0', 'D', 'L']","['AH', 'D', 'L']",-4,VCC,3
3332,"['D', 'L', 'OY0']","['D', 'L', 'OY']",4,CCV,3
3333,"['OY0', 'D', 'L']","['OY', 'D', 'L']",-4,VCC,3
3334,"['D', 'L', 'AA0']","['D', 'L', 'AA']",4,CCV,3
3335,"['AA0', 'D', 'L']","['AA', 'D', 'L']",-4,VCC,3
3336,"['D', 'L', 'AY0']","['D', 'L', 'AY']",4,CCV,3
3337,"['AY0', 'D', 'L']","['AY', 'D', 'L']",-4,VCC,3
3338,"['D', 'L', 'ER0']","['D', 'L', 'ER']",4,CCV,3
3339,"['ER0', 'D', 'L']","['ER', 'D', 'L']",-4,VCC,3
3340,"['D', 'L', 'AO0']","['D', 'L', 'AO']",4,CCV,3
3341,"['AO0', 'D', 'L']","['AO', 'D', 'L']",-4,VCC,3
3342,"['D', 'L', 'UW0']","['D', 'L', 'UW']",4,CCV,3
3343,"['UW0', 'D', 'L']","['UW', 'D', 'L']",-4,VCC,3
3344,"['D', 'L', 'IH0']","['D', 'L', 'IH']",4,CCV,3
3345,"['IH0', 'D', 'L']","['IH', 'D', 'L']",-4,VCC,3
3346,"['D', 'L', 'EH0']","['D', 'L', 'EH']",4,CCV,3
3347,"['EH0', 'D', 'L']","['EH', 'D', 'L']",-4,VCC,3
3348,"['D', 'L', 'UH0']","['D', 'L', 'UH']",4,CCV,3
3349,"['UH0', 'D', 'L']","['UH', 'D', 'L']",-4,VCC,3
3350,"['D', 'L', 'IY0']","['D', 'L', 'IY']",4,CCV,3
3351,"['IY0', 'D', 'L']","['IY', 'D', 'L']",-4,VCC,3
3352,"['D', 'L', 'EY0']","['D', 'L', 'EY']",4,CCV,3
3353,"['EY0', 'D', 'L']","['EY', 'D', 'L']",-4,VCC,3
3354,"['D', 'L', 'OW0']","['D', 'L', 'OW']",4,CCV,3
3355,"['OW0', 'D', 'L']","['OW', 'D', 'L']",-4,VCC,3
3356,"['D', 'L', 'AE0']","['D', 'L', 'AE']",4,CCV,3
3357,"['AE0', 'D', 'L']","['AE', 'D', 'L']",-4,VCC,3
3358,"['D', 'L', 'AW0']","['D', 'L', 'AW']",4,CCV,3
3359,"['AW0', 'D', 'L']","['AW', 'D', 'L']",-4,VCC,3
3360,"['D', 'R', 'AH0']","['D', 'R', 'AH']",4,CCV,3
3361,"['AH0', 'D', 'R']","['AH', 'D', 'R']",-4,VCC,3
3362,"['D', 'R', 'OY0']","['D', 'R', 'OY']",4,CCV,3
3363,"['OY0', 'D', 'R']","['OY', 'D', 'R']",-4,VCC,3
3364,"['D', 'R', 'AA0']","['D', 'R', 'AA']",4,CCV,3
3365,"['AA0', 'D', 'R']","['AA', 'D', 'R']",-4,VCC,3
3366,"['D', 'R', 'AY0']","['D', 'R', 'AY']",4,CCV,3
3367,"['AY0', 'D', 'R']","['AY', 'D', 'R']",-4,VCC,3
3368,"['D', 'R', 'ER0']","['D', 'R', 'ER']",4,CCV,3
3369,"['ER0', 'D', 'R']","['ER', 'D', 'R']",-4,VCC,3
3370,"['D', 'R', 'AO0']","['D', 'R', 'AO']",4,CCV,3
3371,"['AO0', 'D', 'R']","['AO', 'D', 'R']",-4,VCC,3
3372,"['D', 'R', 'UW0']","['D', 'R', 'UW']",4,CCV,3
3373,"['UW0', 'D', 'R']","['UW', 'D', 'R']",-4,VCC,3
3374,"['D', 'R', 'IH0']","['D', 'R', 'IH']",4,CCV,3
3375,"['IH0', 'D', 'R']","['IH', 'D', 'R']",-4,VCC,3
3376,"['D', 'R', 'EH0']","['D', 'R', 'EH']",4,CCV,3
3377,"['EH0', 'D', 'R']","['EH', 'D', 'R']",-4,VCC,3
3378,"['D', 'R', 'UH0']","['D', 'R', 'UH']",4,CCV,3
3379,"['UH0', 'D', 'R']","['UH', 'D', 'R']",-4,VCC,3
3380,"['D', 'R', 'IY0']","['D', 'R', 'IY']",4,CCV,3
3381,"['IY0', 'D', 'R']","['IY', 'D', 'R']",-4,VCC,3
3382,"['D', 'R', 'EY0']","['D', 'R', 'EY']",4,CCV,3
3383,"['EY0', 'D', 'R']","['EY', 'D', 'R']",-4,VCC,3
3384,"['D', 'R', 'OW0']","['D', 'R', 'OW']",4,CCV,3
3385,"['OW0', 'D', 'R']","['OW', 'D', 'R']",-4,VCC,3
3386,"['D', 'R', 'AE0']","['D', 'R', 'AE']",4,CCV,3
3387,"['AE0', 'D', 'R']","['AE', 'D', 'R']",-4,VCC,3
3388,"['D', 'R', 'AW0']","['D', 'R', 'AW']",4,CCV,3
3389,"['AW0', 'D', 'R']","['AW', 'D', 'R']",-4,VCC,3
3390,"['D', 'W', 'AH0']","['D', 'W', 'AH']",5,CCV,3
3391,"['AH0', 'D', 'W']","['AH', 'D', 'W']",-5,VCC,3
3392,"['D', 'W', 'OY0']","['D', 'W', 'OY']",5,CCV,3
3393,"['OY0', 'D', 'W']","['OY', 'D', 'W']",-5,VCC,3
3394,"['D', 'W', 'AA0']","['D', 'W', 'AA']",5,CCV,3
3395,"['AA0', 'D', 'W']","['AA', 'D', 'W']",-5,VCC,3
3396,"['D', 'W', 'AY0']","['D', 'W', 'AY']",5,CCV,3
3397,"['AY0', 'D', 'W']","['AY', 'D', 'W']",-5,VCC,3
3398,"['D', 'W', 'ER0']","['D', 'W', 'ER']",5,CCV,3
3399,"['ER0', 'D', 'W']","['ER', 'D', 'W']",-5,VCC,3
3400,"['D', 'W', 'AO0']","['D', 'W', 'AO']",5,CCV,3
3401,"['AO0', 'D', 'W']","['AO', 'D', 'W']",-5,VCC,3
3402,"['D', 'W', 'UW0']","['D', 'W', 'UW']",5,CCV,3
3403,"['UW0', 'D', 'W']","['UW', 'D', 'W']",-5,VCC,3
3404,"['D', 'W', 'IH0']","['D', 'W', 'IH']",5,CCV,3
3405,"['IH0', 'D', 'W']","['IH', 'D', 'W']",-5,VCC,3
3406,"['D', 'W', 'EH0']","['D', 'W', 'EH']",5,CCV,3
3407,"['EH0', 'D', 'W']","['EH', 'D', 'W']",-5,VCC,3
3408,"['D', 'W', 'UH0']","['D', 'W', 'UH']",5,CCV,3
3409,"['UH0', 'D', 'W']","['UH', 'D', 'W']",-5,VCC,3
3410,"['D', 'W', 'IY0']","['D', 'W', 'IY']",5,CCV,3
3411,"['IY0', 'D', 'W']","['IY', 'D', 'W']",-5,VCC,3
3412,"['D', 'W', 'EY0']","['D', 'W', 'EY']",5,CCV,3
3413,"['EY0', 'D', 'W']","['EY', 'D', 'W']",-5,VCC,3
3414,"['D', 'W', 'OW0']","['D', 'W', 'OW']",5,CCV,3
3415,"['OW0', 'D', 'W']","['OW', 'D', 'W']",-5,VCC,3
3416,"['D', 'W', 'AE0']","['D', 'W', 'AE']",5,CCV,3
3417,"['AE0', 'D', 'W']","['AE', 'D', 'W']",-5,VCC,3
3418,"['D', 'W', 'AW0']","['D', 'W', 'AW']",5,CCV,3
3419,"['AW0', 'D', 'W']","['AW', 'D', 'W']",-5,VCC,3
3420,"['D', 'Y', 'AH0']","['D', 'Y', 'AH']",5,CCV,3
3421,"['AH0', 'D', 'Y']","['AH', 'D', 'Y']",-5,VCC,3
3422,"['D', 'Y', 'OY0']","['D', 'Y', 'OY']",5,CCV,3
3423,"['OY0', 'D', 'Y']","['OY', 'D', 'Y']",-5,VCC,3
3424,"['D', 'Y', 'AA0']","['D', 'Y', 'AA']",5,CCV,3
3425,"['AA0', 'D', 'Y']","['AA', 'D', 'Y']",-5,VCC,3
3426,"['D', 'Y', 'AY0']","['D', 'Y', 'AY']",5,CCV,3
3427,"['AY0', 'D', 'Y']","['AY', 'D', 'Y']",-5,VCC,3
3428,"['D', 'Y', 'ER0']","['D', 'Y', 'ER']",5,CCV,3
3429,"['ER0', 'D', 'Y']","['ER', 'D', 'Y']",-5,VCC,3
3430,"['D', 'Y', 'AO0']","['D', 'Y', 'AO']",5,CCV,3
3431,"['AO0', 'D', 'Y']","['AO', 'D', 'Y']",-5,VCC,3
3432,"['D', 'Y', 'UW0']","['D', 'Y', 'UW']",5,CCV,3
3433,"['UW0', 'D', 'Y']","['UW', 'D', 'Y']",-5,VCC,3
3434,"['D', 'Y', 'IH0']","['D', 'Y', 'IH']",5,CCV,3
3435,"['IH0', 'D', 'Y']","['IH', 'D', 'Y']",-5,VCC,3
3436,"['D', 'Y', 'EH0']","['D', 'Y', 'EH']",5,CCV,3
3437,"['EH0', 'D', 'Y']","['EH', 'D', 'Y']",-5,VCC,3
3438,"['D', 'Y', 'UH0']","['D', 'Y', 'UH']",5,CCV,3
3439,"['UH0', 'D', 'Y']","['UH', 'D', 'Y']",-5,VCC,3
3440,"['D', 'Y', 'IY0']","['D', 'Y', 'IY']",5,CCV,3
3441,"['IY0', 'D', 'Y']","['IY', 'D', 'Y']",-5,VCC,3
3442,"['D', 'Y', 'EY0']","['D', 'Y', 'EY']",5,CCV,3
3443,"['EY0', 'D', 'Y']","['EY', 'D', 'Y']",-5,VCC,3
3444,"['D', 'Y', 'OW0']","['D', 'Y', 'OW']",5,CCV,3
3445,"['OW0', 'D', 'Y']","['OW', 'D', 'Y']",-5,VCC,3
3446,"['D', 'Y', 'AE0']","['D', 'Y', 'AE']",5,CCV,3
3447,"['AE0', 'D', 'Y']","['AE', 'D', 'Y']",-5,VCC,3
3448,"['D', 'Y', 'AW0']","['D', 'Y', 'AW']",5,CCV,3
3449,"['AW0', 'D', 'Y']","['AW', 'D', 'Y']",-5,VCC,3
3450,"['G', 'P', 'AH0']","['G', 'P', 'AH']",0,CCV,3
3451,"['AH0', 'G', 'P']","['AH', 'G', 'P']",0,VCC,3
3452,"['G', 'P', 'OY0']","['G', 'P', 'OY']",0,CCV,3
3453,"['OY0', 'G', 'P']","['OY', 'G', 'P']",0,VCC,3
3454,"['G', 'P', 'AA0']","['G', 'P', 'AA']",0,CCV,3
3455,"['AA0', 'G', 'P']","['AA', 'G', 'P']",0,VCC,3
3456,"['G', 'P', 'AY0']","['G', 'P', 'AY']",0,CCV,3
3457,"['AY0', 'G', 'P']","['AY', 'G', 'P']",0,VCC,3
3458,"['G', 'P', 'ER0']","['G', 'P', 'ER']",0,CCV,3
3459,"['ER0', 'G', 'P']","['ER', 'G', 'P']",0,VCC,3
3460,"['G', 'P', 'AO0']","['G', 'P', 'AO']",0,CCV,3
3461,"['AO0', 'G', 'P']","['AO', 'G', 'P']",0,VCC,3
3462,"['G', 'P', 'UW0']","['G', 'P', 'UW']",0,CCV,3
3463,"['UW0', 'G', 'P']","['UW', 'G', 'P']",0,VCC,3
3464,"['G', 'P', 'IH0']","['G', 'P', 'IH']",0,CCV,3
3465,"['IH0', 'G', 'P']","['IH', 'G', 'P']",0,VCC,3
3466,"['G', 'P', 'EH0']","['G', 'P', 'EH']",0,CCV,3
3467,"['EH0', 'G', 'P']","['EH', 'G', 'P']",0,VCC,3
3468,"['G', 'P', 'UH0']","['G', 'P', 'UH']",0,CCV,3
3469,"['UH0', 'G', 'P']","['UH', 'G', 'P']",0,VCC,3
3470,"['G', 'P', 'IY0']","['G', 'P', 'IY']",0,CCV,3
3471,"['IY0', 'G', 'P']","['IY', 'G', 'P']",0,VCC,3
3472,"['G', 'P', 'EY0']","['G', 'P', 'EY']",0,CCV,3
3473,"['EY0', 'G', 'P']","['EY', 'G', 'P']",0,VCC,3
3474,"['G', 'P', 'OW0']","['G', 'P', 'OW']",0,CCV,3
3475,"['OW0', 'G', 'P']","['OW', 'G', 'P']",0,VCC,3
3476,"['G', 'P', 'AE0']","['G', 'P', 'AE']",0,CCV,3
3477,"['AE0', 'G', 'P']","['AE', 'G', 'P']",0,VCC,3
3478,"['G', 'P', 'AW0']","['G', 'P', 'AW']",0,CCV,3
3479,"['AW0', 'G', 'P']","['AW', 'G', 'P']",0,VCC,3
3480,"['G', 'T', 'AH0']","['G', 'T', 'AH']",0,CCV,3
3481,"['AH0', 'G', 'T']","['AH', 'G', 'T']",0,VCC,3
3482,"['G', 'T', 'OY0']","['G', 'T', 'OY']",0,CCV,3
3483,"['OY0', 'G', 'T']","['OY', 'G', 'T']",0,VCC,3
3484,"['G', 'T', 'AA0']","['G', 'T', 'AA']",0,CCV,3
3485,"['AA0', 'G', 'T']","['AA', 'G', 'T']",0,VCC,3
3486,"['G', 'T', 'AY0']","['G', 'T', 'AY']",0,CCV,3
3487,"['AY0', 'G', 'T']","['AY', 'G', 'T']",0,VCC,3
3488,"['G', 'T', 'ER0']","['G', 'T', 'ER']",0,CCV,3
3489,"['ER0', 'G', 'T']","['ER', 'G', 'T']",0,VCC,3
3490,"['G', 'T', 'AO0']","['G', 'T', 'AO']",0,CCV,3
3491,"['AO0', 'G', 'T']","['AO', 'G', 'T']",0,VCC,3
3492,"['G', 'T', 'UW0']","['G', 'T', 'UW']",0,CCV,3
3493,"['UW0', 'G', 'T']","['UW', 'G', 'T']",0,VCC,3
3494,"['G', 'T', 'IH0']","['G', 'T', 'IH']",0,CCV,3
3495,"['IH0', 'G', 'T']","['IH', 'G', 'T']",0,VCC,3
3496,"['G', 'T', 'EH0']","['G', 'T', 'EH']",0,CCV,3
3497,"['EH0', 'G', 'T']","['EH', 'G', 'T']",0,VCC,3
3498,"['G', 'T', 'UH0']","['G', 'T', 'UH']",0,CCV,3
3499,"['UH0', 'G', 'T']","['UH', 'G', 'T']",0,VCC,3
3500,"['G', 'T', 'IY0']","['G', 'T', 'IY']",0,CCV,3
3501,"['IY0', 'G', 'T']","['IY', 'G', 'T']",0,VCC,3
3502,"['G', 'T', 'EY0']","['G', 'T', 'EY']",0,CCV,3
3503,"['EY0', 'G', 'T']","['EY', 'G', 'T']",0,VCC,3
3504,"['G', 'T', 'OW0']","['G', 'T', 'OW']",0,CCV,3
3505,"['OW0', 'G', 'T']","['OW', 'G', 'T']",0,VCC,3
3506,"['G', 'T', 'AE0']","['G', 'T', 'AE']",0,CCV,3
3507,"['AE0', 'G', 'T']","['AE', 'G', 'T']",0,VCC,3
3508,"['G', 'T', 'AW0']","['G', 'T', 'AW']",0,CCV,3
3509,"['AW0', 'G', 'T']","['AW', 'G', 'T']",0,VCC,3
3510,"['G', 'K', 'AH0']","['G', 'K', 'AH']",0,CCV,3
3511,"['AH0', 'G', 'K']","['AH', 'G', 'K']",0,VCC,3
3512,"['G', 'K', 'OY0']","['G', 'K', 'OY']",0,CCV,3
3513,"['OY0', 'G', 'K']","['OY', 'G', 'K']",0,VCC,3
3514,"['G', 'K', 'AA0']","['G', 'K', 'AA']",0,CCV,3
3515,"['AA0', 'G', 'K']","['AA', 'G', 'K']",0,VCC,3
3516,"['G', 'K', 'AY0']","['G', 'K', 'AY']",0,CCV,3
3517,"['AY0', 'G', 'K']","['AY', 'G', 'K']",0,VCC,3
3518,"['G', 'K', 'ER0']","['G', 'K', 'ER']",0,CCV,3
3519,"['ER0', 'G', 'K']","['ER', 'G', 'K']",0,VCC,3
3520,"['G', 'K', 'AO0']","['G', 'K', 'AO']",0,CCV,3
3521,"['AO0', 'G', 'K']","['AO', 'G', 'K']",0,VCC,3
3522,"['G', 'K', 'UW0']","['G', 'K', 'UW']",0,CCV,3
3523,"['UW0', 'G', 'K']","['UW', 'G', 'K']",0,VCC,3
3524,"['G', 'K', 'IH0']","['G', 'K', 'IH']",0,CCV,3
3525,"['IH0', 'G', 'K']","['IH', 'G', 'K']",0,VCC,3
3526,"['G', 'K', 'EH0']","['G', 'K', 'EH']",0,CCV,3
3527,"['EH0', 'G', 'K']","['EH', 'G', 'K']",0,VCC,3
3528,"['G', 'K', 'UH0']","['G', 'K', 'UH']",0,CCV,3
3529,"['UH0', 'G', 'K']","['UH', 'G', 'K']",0,VCC,3
3530,"['G', 'K', 'IY0']","['G', 'K', 'IY']",0,CCV,3
3531,"['IY0', 'G', 'K']","['IY', 'G', 'K']",0,VCC,3
3532,"['G', 'K', 'EY0']","['G', 'K', 'EY']",0,CCV,3
3533,"['EY0', 'G', 'K']","['EY', 'G', 'K']",0,VCC,3
3534,"['G', 'K', 'OW0']","['G', 'K', 'OW']",0,CCV,3
3535,"['OW0', 'G', 'K']","['OW', 'G', 'K']",0,VCC,3
3536,"['G', 'K', 'AE0']","['G', 'K', 'AE']",0,CCV,3
3537,"['AE0', 'G', 'K']","['AE', 'G', 'K']",0,VCC,3
3538,"['G', 'K', 'AW0']","['G', 'K', 'AW']",0,CCV,3
3539,"['AW0', 'G', 'K']","['AW', 'G', 'K']",0,VCC,3
3540,"['G', 'B', 'AH0']","['G', 'B', 'AH']",0,CCV,3
3541,"['AH0', 'G', 'B']","['AH', 'G', 'B']",0,VCC,3
3542,"['G', 'B', 'OY0']","['G', 'B', 'OY']",0,CCV,3
3543,"['OY0', 'G', 'B']","['OY', 'G', 'B']",0,VCC,3
3544,"['G', 'B', 'AA0']","['G', 'B', 'AA']",0,CCV,3
3545,"['AA0', 'G', 'B']","['AA', 'G', 'B']",0,VCC,3
3546,"['G', 'B', 'AY0']","['G', 'B', 'AY']",0,CCV,3
3547,"['AY0', 'G', 'B']","['AY', 'G', 'B']",0,VCC,3
3548,"['G', 'B', 'ER0']","['G', 'B', 'ER']",0,CCV,3
3549,"['ER0', 'G', 'B']","['ER', 'G', 'B']",0,VCC,3
3550,"['G', 'B', 'AO0']","['G', 'B', 'AO']",0,CCV,3
3551,"['AO0', 'G', 'B']","['AO', 'G', 'B']",0,VCC,3
3552,"['G', 'B', 'UW0']","['G', 'B', 'UW']",0,CCV,3
3553,"['UW0', 'G', 'B']","['UW', 'G', 'B']",0,VCC,3
3554,"['G', 'B', 'IH0']","['G', 'B', 'IH']",0,CCV,3
3555,"['IH0', 'G', 'B']","['IH', 'G', 'B']",0,VCC,3
3556,"['G', 'B', 'EH0']","['G', 'B', 'EH']",0,CCV,3
3557,"['EH0', 'G', 'B']","['EH', 'G', 'B']",0,VCC,3
3558,"['G', 'B', 'UH0']","['G', 'B', 'UH']",0,CCV,3
3559,"['UH0', 'G', 'B']","['UH', 'G', 'B']",0,VCC,3
3560,"['G', 'B', 'IY0']","['G', 'B', 'IY']",0,CCV,3
3561,"['IY0', 'G', 'B']","['IY', 'G', 'B']",0,VCC,3
3562,"['G', 'B', 'EY0']","['G', 'B', 'EY']",0,CCV,3
3563,"['EY0', 'G', 'B']","['EY', 'G', 'B']",0,VCC,3
3564,"['G', 'B', 'OW0']","['G', 'B', 'OW']",0,CCV,3
3565,"['OW0', 'G', 'B']","['OW', 'G', 'B']",0,VCC,3
3566,"['G', 'B', 'AE0']","['G', 'B', 'AE']",0,CCV,3
3567,"['AE0', 'G', 'B']","['AE', 'G', 'B']",0,VCC,3
3568,"['G', 'B', 'AW0']","['G', 'B', 'AW']",0,CCV,3
3569,"['AW0', 'G', 'B']","['AW', 'G', 'B']",0,VCC,3
3570,"['G', 'D', 'AH0']","['G', 'D', 'AH']",0,CCV,3
3571,"['AH0', 'G', 'D']","['AH', 'G', 'D']",0,VCC,3
3572,"['G', 'D', 'OY0']","['G', 'D', 'OY']",0,CCV,3
3573,"['OY0', 'G', 'D']","['OY', 'G', 'D']",0,VCC,3
3574,"['G', 'D', 'AA0']","['G', 'D', 'AA']",0,CCV,3
3575,"['AA0', 'G', 'D']","['AA', 'G', 'D']",0,VCC,3
3576,"['G', 'D', 'AY0']","['G', 'D', 'AY']",0,CCV,3
3577,"['AY0', 'G', 'D']","['AY', 'G', 'D']",0,VCC,3
3578,"['G', 'D', 'ER0']","['G', 'D', 'ER']",0,CCV,3
3579,"['ER0', 'G', 'D']","['ER', 'G', 'D']",0,VCC,3
3580,"['G', 'D', 'AO0']","['G', 'D', 'AO']",0,CCV,3
3581,"['AO0', 'G', 'D']","['AO', 'G', 'D']",0,VCC,3
3582,"['G', 'D', 'UW0']","['G', 'D', 'UW']",0,CCV,3
3583,"['UW0', 'G', 'D']","['UW', 'G', 'D']",0,VCC,3
3584,"['G', 'D', 'IH0']","['G', 'D', 'IH']",0,CCV,3
3585,"['IH0', 'G', 'D']","['IH', 'G', 'D']",0,VCC,3
3586,"['G', 'D', 'EH0']","['G', 'D', 'EH']",0,CCV,3
3587,"['EH0', 'G', 'D']","['EH', 'G', 'D']",0,VCC,3
3588,"['G', 'D', 'UH0']","['G', 'D', 'UH']",0,CCV,3
3589,"['UH0', 'G', 'D']","['UH', 'G', 'D']",0,VCC,3
3590,"['G', 'D', 'IY0']","['G', 'D', 'IY']",0,CCV,3
3591,"['IY0', 'G', 'D']","['IY', 'G', 'D']",0,VCC,3
3592,"['G', 'D', 'EY0']","['G', 'D', 'EY']",0,CCV,3
3593,"['EY0', 'G', 'D']","['EY', 'G', 'D']",0,VCC,3
3594,"['G', 'D', 'OW0']","['G', 'D', 'OW']",0,CCV,3
3595,"['OW0', 'G', 'D']","['OW', 'G', 'D']",0,VCC,3
3596,"['G', 'D', 'AE0']","['G', 'D', 'AE']",0,CCV,3
3597,"['AE0', 'G', 'D']","['AE', 'G', 'D']",0,VCC,3
3598,"['G', 'D', 'AW0']","['G', 'D', 'AW']",0,CCV,3
3599,"['AW0', 'G', 'D']","['AW', 'G', 'D']",0,VCC,3
3600,"['G', 'F', 'AH0']","['G', 'F', 'AH']",1,CCV,3
3601,"['AH0', 'G', 'F']","['AH', 'G', 'F']",-1,VCC,3
3602,"['G', 'F', 'OY0']","['G', 'F', 'OY']",1,CCV,3
3603,"['OY0', 'G', 'F']","['OY', 'G', 'F']",-1,VCC,3
3604,"['G', 'F', 'AA0']","['G', 'F', 'AA']",1,CCV,3
3605,"['AA0', 'G', 'F']","['AA', 'G', 'F']",-1,VCC,3
3606,"['G', 'F', 'AY0']","['G', 'F', 'AY']",1,CCV,3
3607,"['AY0', 'G', 'F']","['AY', 'G', 'F']",-1,VCC,3
3608,"['G', 'F', 'ER0']","['G', 'F', 'ER']",1,CCV,3
3609,"['ER0', 'G', 'F']","['ER', 'G', 'F']",-1,VCC,3
3610,"['G', 'F', 'AO0']","['G', 'F', 'AO']",1,CCV,3
3611,"['AO0', 'G', 'F']","['AO', 'G', 'F']",-1,VCC,3
3612,"['G', 'F', 'UW0']","['G', 'F', 'UW']",1,CCV,3
3613,"['UW0', 'G', 'F']","['UW', 'G', 'F']",-1,VCC,3
3614,"['G', 'F', 'IH0']","['G', 'F', 'IH']",1,CCV,3
3615,"['IH0', 'G', 'F']","['IH', 'G', 'F']",-1,VCC,3
3616,"['G', 'F', 'EH0']","['G', 'F', 'EH']",1,CCV,3
3617,"['EH0', 'G', 'F']","['EH', 'G', 'F']",-1,VCC,3
3618,"['G', 'F', 'UH0']","['G', 'F', 'UH']",1,CCV,3
3619,"['UH0', 'G', 'F']","['UH', 'G', 'F']",-1,VCC,3
3620,"['G', 'F', 'IY0']","['G', 'F', 'IY']",1,CCV,3
3621,"['IY0', 'G', 'F']","['IY', 'G', 'F']",-1,VCC,3
3622,"['G', 'F', 'EY0']","['G', 'F', 'EY']",1,CCV,3
3623,"['EY0', 'G', 'F']","['EY', 'G', 'F']",-1,VCC,3
3624,"['G', 'F', 'OW0']","['G', 'F', 'OW']",1,CCV,3
3625,"['OW0', 'G', 'F']","['OW', 'G', 'F']",-1,VCC,3
3626,"['G', 'F', 'AE0']","['G', 'F', 'AE']",1,CCV,3
3627,"['AE0', 'G', 'F']","['AE', 'G', 'F']",-1,VCC,3
3628,"['G', 'F', 'AW0']","['G', 'F', 'AW']",1,CCV,3
3629,"['AW0', 'G', 'F']","['AW', 'G', 'F']",-1,VCC,3
3630,"['G', 'TH', 'AH0']","['G', 'TH', 'AH']",1,CCV,3
3631,"['AH0', 'G', 'TH']","['AH', 'G', 'TH']",-1,VCC,3
3632,"['G', 'TH', 'OY0']","['G', 'TH', 'OY']",1,CCV,3
3633,"['OY0', 'G', 'TH']","['OY', 'G', 'TH']",-1,VCC,3
3634,"['G', 'TH', 'AA0']","['G', 'TH', 'AA']",1,CCV,3
3635,"['AA0', 'G', 'TH']","['AA', 'G', 'TH']",-1,VCC,3
3636,"['G', 'TH', 'AY0']","['G', 'TH', 'AY']",1,CCV,3
3637,"['AY0', 'G', 'TH']","['AY', 'G', 'TH']",-1,VCC,3
3638,"['G', 'TH', 'ER0']","['G', 'TH', 'ER']",1,CCV,3
3639,"['ER0', 'G', 'TH']","['ER', 'G', 'TH']",-1,VCC,3
3640,"['G', 'TH', 'AO0']","['G', 'TH', 'AO']",1,CCV,3
3641,"['AO0', 'G', 'TH']","['AO', 'G', 'TH']",-1,VCC,3
3642,"['G', 'TH', 'UW0']","['G', 'TH', 'UW']",1,CCV,3
3643,"['UW0', 'G', 'TH']","['UW', 'G', 'TH']",-1,VCC,3
3644,"['G', 'TH', 'IH0']","['G', 'TH', 'IH']",1,CCV,3
3645,"['IH0', 'G', 'TH']","['IH', 'G', 'TH']",-1,VCC,3
3646,"['G', 'TH', 'EH0']","['G', 'TH', 'EH']",1,CCV,3
3647,"['EH0', 'G', 'TH']","['EH', 'G', 'TH']",-1,VCC,3
3648,"['G', 'TH', 'UH0']","['G', 'TH', 'UH']",1,CCV,3
3649,"['UH0', 'G', 'TH']","['UH', 'G', 'TH']",-1,VCC,3
3650,"['G', 'TH', 'IY0']","['G', 'TH', 'IY']",1,CCV,3
3651,"['IY0', 'G', 'TH']","['IY', 'G', 'TH']",-1,VCC,3
3652,"['G', 'TH', 'EY0']","['G', 'TH', 'EY']",1,CCV,3
3653,"['EY0', 'G', 'TH']","['EY', 'G', 'TH']",-1,VCC,3
3654,"['G', 'TH', 'OW0']","['G', 'TH', 'OW']",1,CCV,3
3655,"['OW0', 'G', 'TH']","['OW', 'G', 'TH']",-1,VCC,3
3656,"['G', 'TH', 'AE0']","['G', 'TH', 'AE']",1,CCV,3
3657,"['AE0', 'G', 'TH']","['AE', 'G', 'TH']",-1,VCC,3
3658,"['G', 'TH', 'AW0']","['G', 'TH', 'AW']",1,CCV,3
3659,"['AW0', 'G', 'TH']","['AW', 'G', 'TH']",-1,VCC,3
3660,"['G', 'S', 'AH0']","['G', 'S', 'AH']",1,CCV,3
3661,"['AH0', 'G', 'S']","['AH', 'G', 'S']",-1,VCC,3
3662,"['G', 'S', 'OY0']","['G', 'S', 'OY']",1,CCV,3
3663,"['OY0', 'G', 'S']","['OY', 'G', 'S']",-1,VCC,3
3664,"['G', 'S', 'AA0']","['G', 'S', 'AA']",1,CCV,3
3665,"['AA0', 'G', 'S']","['AA', 'G', 'S']",-1,VCC,3
3666,"['G', 'S', 'AY0']","['G', 'S', 'AY']",1,CCV,3
3667,"['AY0', 'G', 'S']","['AY', 'G', 'S']",-1,VCC,3
3668,"['G', 'S', 'ER0']","['G', 'S', 'ER']",1,CCV,3
3669,"['ER0', 'G', 'S']","['ER', 'G', 'S']",-1,VCC,3
3670,"['G', 'S', 'AO0']","['G', 'S', 'AO']",1,CCV,3
3671,"['AO0', 'G', 'S']","['AO', 'G', 'S']",-1,VCC,3
3672,"['G', 'S', 'UW0']","['G', 'S', 'UW']",1,CCV,3
3673,"['UW0', 'G', 'S']","['UW', 'G', 'S']",-1,VCC,3
3674,"['G', 'S', 'IH0']","['G', 'S', 'IH']",1,CCV,3
3675,"['IH0', 'G', 'S']","['IH', 'G', 'S']",-1,VCC,3
3676,"['G', 'S', 'EH0']","['G', 'S', 'EH']",1,CCV,3
3677,"['EH0', 'G', 'S']","['EH', 'G', 'S']",-1,VCC,3
3678,"['G', 'S', 'UH0']","['G', 'S', 'UH']",1,CCV,3
3679,"['UH0', 'G', 'S']","['UH', 'G', 'S']",-1,VCC,3
3680,"['G', 'S', 'IY0']","['G', 'S', 'IY']",1,CCV,3
3681,"['IY0', 'G', 'S']","['IY', 'G', 'S']",-1,VCC,3
3682,"['G', 'S', 'EY0']","['G', 'S', 'EY']",1,CCV,3
3683,"['EY0', 'G', 'S']","['EY', 'G', 'S']",-1,VCC,3
3684,"['G', 'S', 'OW0']","['G', 'S', 'OW']",1,CCV,3
3685,"['OW0', 'G', 'S']","['OW', 'G', 'S']",-1,VCC,3
3686,"['G', 'S', 'AE0']","['G', 'S', 'AE']",1,CCV,3
3687,"['AE0', 'G', 'S']","['AE', 'G', 'S']",-1,VCC,3
3688,"['G', 'S', 'AW0']","['G', 'S', 'AW']",1,CCV,3
3689,"['AW0', 'G', 'S']","['AW', 'G', 'S']",-1,VCC,3
3690,"['G', 'SH', 'AH0']","['G', 'SH', 'AH']",1,CCV,3
3691,"['AH0', 'G', 'SH']","['AH', 'G', 'SH']",-1,VCC,3
3692,"['G', 'SH', 'OY0']","['G', 'SH', 'OY']",1,CCV,3
3693,"['OY0', 'G', 'SH']","['OY', 'G', 'SH']",-1,VCC,3
3694,"['G', 'SH', 'AA0']","['G', 'SH', 'AA']",1,CCV,3
3695,"['AA0', 'G', 'SH']","['AA', 'G', 'SH']",-1,VCC,3
3696,"['G', 'SH', 'AY0']","['G', 'SH', 'AY']",1,CCV,3
3697,"['AY0', 'G', 'SH']","['AY', 'G', 'SH']",-1,VCC,3
3698,"['G', 'SH', 'ER0']","['G', 'SH', 'ER']",1,CCV,3
3699,"['ER0', 'G', 'SH']","['ER', 'G', 'SH']",-1,VCC,3
3700,"['G', 'SH', 'AO0']","['G', 'SH', 'AO']",1,CCV,3
3701,"['AO0', 'G', 'SH']","['AO', 'G', 'SH']",-1,VCC,3
3702,"['G', 'SH', 'UW0']","['G', 'SH', 'UW']",1,CCV,3
3703,"['UW0', 'G', 'SH']","['UW', 'G', 'SH']",-1,VCC,3
3704,"['G', 'SH', 'IH0']","['G', 'SH', 'IH']",1,CCV,3
3705,"['IH0', 'G', 'SH']","['IH', 'G', 'SH']",-1,VCC,3
3706,"['G', 'SH', 'EH0']","['G', 'SH', 'EH']",1,CCV,3
3707,"['EH0', 'G', 'SH']","['EH', 'G', 'SH']",-1,VCC,3
3708,"['G', 'SH', 'UH0']","['G', 'SH', 'UH']",1,CCV,3
3709,"['UH0', 'G', 'SH']","['UH', 'G', 'SH']",-1,VCC,3
3710,"['G', 'SH', 'IY0']","['G', 'SH', 'IY']",1,CCV,3
3711,"['IY0', 'G', 'SH']","['IY', 'G', 'SH']",-1,VCC,3
3712,"['G', 'SH', 'EY0']","['G', 'SH', 'EY']",1,CCV,3
3713,"['EY0', 'G', 'SH']","['EY', 'G', 'SH']",-1,VCC,3
3714,"['G', 'SH', 'OW0']","['G', 'SH', 'OW']",1,CCV,3
3715,"['OW0', 'G', 'SH']","['OW', 'G', 'SH']",-1,VCC,3
3716,"['G', 'SH', 'AE0']","['G', 'SH', 'AE']",1,CCV,3
3717,"['AE0', 'G', 'SH']","['AE', 'G', 'SH']",-1,VCC,3
3718,"['G', 'SH', 'AW0']","['G', 'SH', 'AW']",1,CCV,3
3719,"['AW0', 'G', 'SH']","['AW', 'G', 'SH']",-1,VCC,3
3720,"['G', 'Z', 'AH0']","['G', 'Z', 'AH']",1,CCV,3
3721,"['AH0', 'G', 'Z']","['AH', 'G', 'Z']",-1,VCC,3
3722,"['G', 'Z', 'OY0']","['G', 'Z', 'OY']",1,CCV,3
3723,"['OY0', 'G', 'Z']","['OY', 'G', 'Z']",-1,VCC,3
3724,"['G', 'Z', 'AA0']","['G', 'Z', 'AA']",1,CCV,3
3725,"['AA0', 'G', 'Z']","['AA', 'G', 'Z']",-1,VCC,3
3726,"['G', 'Z', 'AY0']","['G', 'Z', 'AY']",1,CCV,3
3727,"['AY0', 'G', 'Z']","['AY', 'G', 'Z']",-1,VCC,3
3728,"['G', 'Z', 'ER0']","['G', 'Z', 'ER']",1,CCV,3
3729,"['ER0', 'G', 'Z']","['ER', 'G', 'Z']",-1,VCC,3
3730,"['G', 'Z', 'AO0']","['G', 'Z', 'AO']",1,CCV,3
3731,"['AO0', 'G', 'Z']","['AO', 'G', 'Z']",-1,VCC,3
3732,"['G', 'Z', 'UW0']","['G', 'Z', 'UW']",1,CCV,3
3733,"['UW0', 'G', 'Z']","['UW', 'G', 'Z']",-1,VCC,3
3734,"['G', 'Z', 'IH0']","['G', 'Z', 'IH']",1,CCV,3
3735,"['IH0', 'G', 'Z']","['IH', 'G', 'Z']",-1,VCC,3
3736,"['G', 'Z', 'EH0']","['G', 'Z', 'EH']",1,CCV,3
3737,"['EH0', 'G', 'Z']","['EH', 'G', 'Z']",-1,VCC,3
3738,"['G', 'Z', 'UH0']","['G', 'Z', 'UH']",1,CCV,3
3739,"['UH0', 'G', 'Z']","['UH', 'G', 'Z']",-1,VCC,3
3740,"['G', 'Z', 'IY0']","['G', 'Z', 'IY']",1,CCV,3
3741,"['IY0', 'G', 'Z']","['IY', 'G', 'Z']",-1,VCC,3
3742,"['G', 'Z', 'EY0']","['G', 'Z', 'EY']",1,CCV,3
3743,"['EY0', 'G', 'Z']","['EY', 'G', 'Z']",-1,VCC,3
3744,"['G', 'Z', 'OW0']","['G', 'Z', 'OW']",1,CCV,3
3745,"['OW0', 'G', 'Z']","['OW', 'G', 'Z']",-1,VCC,3
3746,"['G', 'Z', 'AE0']","['G', 'Z', 'AE']",1,CCV,3
3747,"['AE0', 'G', 'Z']","['AE', 'G', 'Z']",-1,VCC,3
3748,"['G', 'Z', 'AW0']","['G', 'Z', 'AW']",1,CCV,3
3749,"['AW0', 'G', 'Z']","['AW', 'G', 'Z']",-1,VCC,3
3750,"['G', 'ZH', 'AH0']","['G', 'ZH', 'AH']",1,CCV,3
3751,"['AH0', 'G', 'ZH']","['AH', 'G', 'ZH']",-1,VCC,3
3752,"['G', 'ZH', 'OY0']","['G', 'ZH', 'OY']",1,CCV,3
3753,"['OY0', 'G', 'ZH']","['OY', 'G', 'ZH']",-1,VCC,3
3754,"['G', 'ZH', 'AA0']","['G', 'ZH', 'AA']",1,CCV,3
3755,"['AA0', 'G', 'ZH']","['AA', 'G', 'ZH']",-1,VCC,3
3756,"['G', 'ZH', 'AY0']","['G', 'ZH', 'AY']",1,CCV,3
3757,"['AY0', 'G', 'ZH']","['AY', 'G', 'ZH']",-1,VCC,3
3758,"['G', 'ZH', 'ER0']","['G', 'ZH', 'ER']",1,CCV,3
3759,"['ER0', 'G', 'ZH']","['ER', 'G', 'ZH']",-1,VCC,3
3760,"['G', 'ZH', 'AO0']","['G', 'ZH', 'AO']",1,CCV,3
3761,"['AO0', 'G', 'ZH']","['AO', 'G', 'ZH']",-1,VCC,3
3762,"['G', 'ZH', 'UW0']","['G', 'ZH', 'UW']",1,CCV,3
3763,"['UW0', 'G', 'ZH']","['UW', 'G', 'ZH']",-1,VCC,3
3764,"['G', 'ZH', 'IH0']","['G', 'ZH', 'IH']",1,CCV,3
3765,"['IH0', 'G', 'ZH']","['IH', 'G', 'ZH']",-1,VCC,3
3766,"['G', 'ZH', 'EH0']","['G', 'ZH', 'EH']",1,CCV,3
3767,"['EH0', 'G', 'ZH']","['EH', 'G', 'ZH']",-1,VCC,3
3768,"['G', 'ZH', 'UH0']","['G', 'ZH', 'UH']",1,CCV,3
3769,"['UH0', 'G', 'ZH']","['UH', 'G', 'ZH']",-1,VCC,3
3770,"['G', 'ZH', 'IY0']","['G', 'ZH', 'IY']",1,CCV,3
3771,"['IY0', 'G', 'ZH']","['IY', 'G', 'ZH']",-1,VCC,3
3772,"['G', 'ZH', 'EY0']","['G', 'ZH', 'EY']",1,CCV,3
3773,"['EY0', 'G', 'ZH']","['EY', 'G', 'ZH']",-1,VCC,3
3774,"['G', 'ZH', 'OW0']","['G', 'ZH', 'OW']",1,CCV,3
3775,"['OW0', 'G', 'ZH']","['OW', 'G', 'ZH']",-1,VCC,3
3776,"['G', 'ZH', 'AE0']","['G', 'ZH', 'AE']",1,CCV,3
3777,"['AE0', 'G', 'ZH']","['AE', 'G', 'ZH']",-1,VCC,3
3778,"['G', 'ZH', 'AW0']","['G', 'ZH', 'AW']",1,CCV,3
3779,"['AW0', 'G', 'ZH']","['AW', 'G', 'ZH']",-1,VCC,3
3780,"['G', 'V', 'AH0']","['G', 'V', 'AH']",1,CCV,3
3781,"['AH0', 'G', 'V']","['AH', 'G', 'V']",-1,VCC,3
3782,"['G', 'V', 'OY0']","['G', 'V', 'OY']",1,CCV,3
3783,"['OY0', 'G', 'V']","['OY', 'G', 'V']",-1,VCC,3
3784,"['G', 'V', 'AA0']","['G', 'V', 'AA']",1,CCV,3
3785,"['AA0', 'G', 'V']","['AA', 'G', 'V']",-1,VCC,3
3786,"['G', 'V', 'AY0']","['G', 'V', 'AY']",1,CCV,3
3787,"['AY0', 'G', 'V']","['AY', 'G', 'V']",-1,VCC,3
3788,"['G', 'V', 'ER0']","['G', 'V', 'ER']",1,CCV,3
3789,"['ER0', 'G', 'V']","['ER', 'G', 'V']",-1,VCC,3
3790,"['G', 'V', 'AO0']","['G', 'V', 'AO']",1,CCV,3
3791,"['AO0', 'G', 'V']","['AO', 'G', 'V']",-1,VCC,3
3792,"['G', 'V', 'UW0']","['G', 'V', 'UW']",1,CCV,3
3793,"['UW0', 'G', 'V']","['UW', 'G', 'V']",-1,VCC,3
3794,"['G', 'V', 'IH0']","['G', 'V', 'IH']",1,CCV,3
3795,"['IH0', 'G', 'V']","['IH', 'G', 'V']",-1,VCC,3
3796,"['G', 'V', 'EH0']","['G', 'V', 'EH']",1,CCV,3
3797,"['EH0', 'G', 'V']","['EH', 'G', 'V']",-1,VCC,3
3798,"['G', 'V', 'UH0']","['G', 'V', 'UH']",1,CCV,3
3799,"['UH0', 'G', 'V']","['UH', 'G', 'V']",-1,VCC,3
3800,"['G', 'V', 'IY0']","['G', 'V', 'IY']",1,CCV,3
3801,"['IY0', 'G', 'V']","['IY', 'G', 'V']",-1,VCC,3
3802,"['G', 'V', 'EY0']","['G', 'V', 'EY']",1,CCV,3
3803,"['EY0', 'G', 'V']","['EY', 'G', 'V']",-1,VCC,3
3804,"['G', 'V', 'OW0']","['G', 'V', 'OW']",1,CCV,3
3805,"['OW0', 'G', 'V']","['OW', 'G', 'V']",-1,VCC,3
3806,"['G', 'V', 'AE0']","['G', 'V', 'AE']",1,CCV,3
3807,"['AE0', 'G', 'V']","['AE', 'G', 'V']",-1,VCC,3
3808,"['G', 'V', 'AW0']","['G', 'V', 'AW']",1,CCV,3
3809,"['AW0', 'G', 'V']","['AW', 'G', 'V']",-1,VCC,3
3810,"['G', 'DH', 'AH0']","['G', 'DH', 'AH']",1,CCV,3
3811,"['AH0', 'G', 'DH']","['AH', 'G', 'DH']",-1,VCC,3
3812,"['G', 'DH', 'OY0']","['G', 'DH', 'OY']",1,CCV,3
3813,"['OY0', 'G', 'DH']","['OY', 'G', 'DH']",-1,VCC,3
3814,"['G', 'DH', 'AA0']","['G', 'DH', 'AA']",1,CCV,3
3815,"['AA0', 'G', 'DH']","['AA', 'G', 'DH']",-1,VCC,3
3816,"['G', 'DH', 'AY0']","['G', 'DH', 'AY']",1,CCV,3
3817,"['AY0', 'G', 'DH']","['AY', 'G', 'DH']",-1,VCC,3
3818,"['G', 'DH', 'ER0']","['G', 'DH', 'ER']",1,CCV,3
3819,"['ER0', 'G', 'DH']","['ER', 'G', 'DH']",-1,VCC,3
3820,"['G', 'DH', 'AO0']","['G', 'DH', 'AO']",1,CCV,3
3821,"['AO0', 'G', 'DH']","['AO', 'G', 'DH']",-1,VCC,3
3822,"['G', 'DH', 'UW0']","['G', 'DH', 'UW']",1,CCV,3
3823,"['UW0', 'G', 'DH']","['UW', 'G', 'DH']",-1,VCC,3
3824,"['G', 'DH', 'IH0']","['G', 'DH', 'IH']",1,CCV,3
3825,"['IH0', 'G', 'DH']","['IH', 'G', 'DH']",-1,VCC,3
3826,"['G', 'DH', 'EH0']","['G', 'DH', 'EH']",1,CCV,3
3827,"['EH0', 'G', 'DH']","['EH', 'G', 'DH']",-1,VCC,3
3828,"['G', 'DH', 'UH0']","['G', 'DH', 'UH']",1,CCV,3
3829,"['UH0', 'G', 'DH']","['UH', 'G', 'DH']",-1,VCC,3
3830,"['G', 'DH', 'IY0']","['G', 'DH', 'IY']",1,CCV,3
3831,"['IY0', 'G', 'DH']","['IY', 'G', 'DH']",-1,VCC,3
3832,"['G', 'DH', 'EY0']","['G', 'DH', 'EY']",1,CCV,3
3833,"['EY0', 'G', 'DH']","['EY', 'G', 'DH']",-1,VCC,3
3834,"['G', 'DH', 'OW0']","['G', 'DH', 'OW']",1,CCV,3
3835,"['OW0', 'G', 'DH']","['OW', 'G', 'DH']",-1,VCC,3
3836,"['G', 'DH', 'AE0']","['G', 'DH', 'AE']",1,CCV,3
3837,"['AE0', 'G', 'DH']","['AE', 'G', 'DH']",-1,VCC,3
3838,"['G', 'DH', 'AW0']","['G', 'DH', 'AW']",1,CCV,3
3839,"['AW0', 'G', 'DH']","['AW', 'G', 'DH']",-1,VCC,3
3840,"['G', 'HH', 'AH0']","['G', 'HH', 'AH']",1,CCV,3
3841,"['AH0', 'G', 'HH']","['AH', 'G', 'HH']",-1,VCC,3
3842,"['G', 'HH', 'OY0']","['G', 'HH', 'OY']",1,CCV,3
3843,"['OY0', 'G', 'HH']","['OY', 'G', 'HH']",-1,VCC,3
3844,"['G', 'HH', 'AA0']","['G', 'HH', 'AA']",1,CCV,3
3845,"['AA0', 'G', 'HH']","['AA', 'G', 'HH']",-1,VCC,3
3846,"['G', 'HH', 'AY0']","['G', 'HH', 'AY']",1,CCV,3
3847,"['AY0', 'G', 'HH']","['AY', 'G', 'HH']",-1,VCC,3
3848,"['G', 'HH', 'ER0']","['G', 'HH', 'ER']",1,CCV,3
3849,"['ER0', 'G', 'HH']","['ER', 'G', 'HH']",-1,VCC,3
3850,"['G', 'HH', 'AO0']","['G', 'HH', 'AO']",1,CCV,3
3851,"['AO0', 'G', 'HH']","['AO', 'G', 'HH']",-1,VCC,3
3852,"['G', 'HH', 'UW0']","['G', 'HH', 'UW']",1,CCV,3
3853,"['UW0', 'G', 'HH']","['UW', 'G', 'HH']",-1,VCC,3
3854,"['G', 'HH', 'IH0']","['G', 'HH', 'IH']",1,CCV,3
3855,"['IH0', 'G', 'HH']","['IH', 'G', 'HH']",-1,VCC,3
3856,"['G', 'HH', 'EH0']","['G', 'HH', 'EH']",1,CCV,3
3857,"['EH0', 'G', 'HH']","['EH', 'G', 'HH']",-1,VCC,3
3858,"['G', 'HH', 'UH0']","['G', 'HH', 'UH']",1,CCV,3
3859,"['UH0', 'G', 'HH']","['UH', 'G', 'HH']",-1,VCC,3
3860,"['G', 'HH', 'IY0']","['G', 'HH', 'IY']",1,CCV,3
3861,"['IY0', 'G', 'HH']","['IY', 'G', 'HH']",-1,VCC,3
3862,"['G', 'HH', 'EY0']","['G', 'HH', 'EY']",1,CCV,3
3863,"['EY0', 'G', 'HH']","['EY', 'G', 'HH']",-1,VCC,3
3864,"['G', 'HH', 'OW0']","['G', 'HH', 'OW']",1,CCV,3
3865,"['OW0', 'G', 'HH']","['OW', 'G', 'HH']",-1,VCC,3
3866,"['G', 'HH', 'AE0']","['G', 'HH', 'AE']",1,CCV,3
3867,"['AE0', 'G', 'HH']","['AE', 'G', 'HH']",-1,VCC,3
3868,"['G', 'HH', 'AW0']","['G', 'HH', 'AW']",1,CCV,3
3869,"['AW0', 'G', 'HH']","['AW', 'G', 'HH']",-1,VCC,3
3870,"['G', 'CH', 'AH0']","['G', 'CH', 'AH']",2,CCV,3
3871,"['AH0', 'G', 'CH']","['AH', 'G', 'CH']",-2,VCC,3
3872,"['G', 'CH', 'OY0']","['G', 'CH', 'OY']",2,CCV,3
3873,"['OY0', 'G', 'CH']","['OY', 'G', 'CH']",-2,VCC,3
3874,"['G', 'CH', 'AA0']","['G', 'CH', 'AA']",2,CCV,3
3875,"['AA0', 'G', 'CH']","['AA', 'G', 'CH']",-2,VCC,3
3876,"['G', 'CH', 'AY0']","['G', 'CH', 'AY']",2,CCV,3
3877,"['AY0', 'G', 'CH']","['AY', 'G', 'CH']",-2,VCC,3
3878,"['G', 'CH', 'ER0']","['G', 'CH', 'ER']",2,CCV,3
3879,"['ER0', 'G', 'CH']","['ER', 'G', 'CH']",-2,VCC,3
3880,"['G', 'CH', 'AO0']","['G', 'CH', 'AO']",2,CCV,3
3881,"['AO0', 'G', 'CH']","['AO', 'G', 'CH']",-2,VCC,3
3882,"['G', 'CH', 'UW0']","['G', 'CH', 'UW']",2,CCV,3
3883,"['UW0', 'G', 'CH']","['UW', 'G', 'CH']",-2,VCC,3
3884,"['G', 'CH', 'IH0']","['G', 'CH', 'IH']",2,CCV,3
3885,"['IH0', 'G', 'CH']","['IH', 'G', 'CH']",-2,VCC,3
3886,"['G', 'CH', 'EH0']","['G', 'CH', 'EH']",2,CCV,3
3887,"['EH0', 'G', 'CH']","['EH', 'G', 'CH']",-2,VCC,3
3888,"['G', 'CH', 'UH0']","['G', 'CH', 'UH']",2,CCV,3
3889,"['UH0', 'G', 'CH']","['UH', 'G', 'CH']",-2,VCC,3
3890,"['G', 'CH', 'IY0']","['G', 'CH', 'IY']",2,CCV,3
3891,"['IY0', 'G', 'CH']","['IY', 'G', 'CH']",-2,VCC,3
3892,"['G', 'CH', 'EY0']","['G', 'CH', 'EY']",2,CCV,3
3893,"['EY0', 'G', 'CH']","['EY', 'G', 'CH']",-2,VCC,3
3894,"['G', 'CH', 'OW0']","['G', 'CH', 'OW']",2,CCV,3
3895,"['OW0', 'G', 'CH']","['OW', 'G', 'CH']",-2,VCC,3
3896,"['G', 'CH', 'AE0']","['G', 'CH', 'AE']",2,CCV,3
3897,"['AE0', 'G', 'CH']","['AE', 'G', 'CH']",-2,VCC,3
3898,"['G', 'CH', 'AW0']","['G', 'CH', 'AW']",2,CCV,3
3899,"['AW0', 'G', 'CH']","['AW', 'G', 'CH']",-2,VCC,3
3900,"['G', 'JH', 'AH0']","['G', 'JH', 'AH']",2,CCV,3
3901,"['AH0', 'G', 'JH']","['AH', 'G', 'JH']",-2,VCC,3
3902,"['G', 'JH', 'OY0']","['G', 'JH', 'OY']",2,CCV,3
3903,"['OY0', 'G', 'JH']","['OY', 'G', 'JH']",-2,VCC,3
3904,"['G', 'JH', 'AA0']","['G', 'JH', 'AA']",2,CCV,3
3905,"['AA0', 'G', 'JH']","['AA', 'G', 'JH']",-2,VCC,3
3906,"['G', 'JH', 'AY0']","['G', 'JH', 'AY']",2,CCV,3
3907,"['AY0', 'G', 'JH']","['AY', 'G', 'JH']",-2,VCC,3
3908,"['G', 'JH', 'ER0']","['G', 'JH', 'ER']",2,CCV,3
3909,"['ER0', 'G', 'JH']","['ER', 'G', 'JH']",-2,VCC,3
3910,"['G', 'JH', 'AO0']","['G', 'JH', 'AO']",2,CCV,3
3911,"['AO0', 'G', 'JH']","['AO', 'G', 'JH']",-2,VCC,3
3912,"['G', 'JH', 'UW0']","['G', 'JH', 'UW']",2,CCV,3
3913,"['UW0', 'G', 'JH']","['UW', 'G', 'JH']",-2,VCC,3
3914,"['G', 'JH', 'IH0']","['G', 'JH', 'IH']",2,CCV,3
3915,"['IH0', 'G', 'JH']","['IH', 'G', 'JH']",-2,VCC,3
3916,"['G', 'JH', 'EH0']","['G', 'JH', 'EH']",2,CCV,3
3917,"['EH0', 'G', 'JH']","['EH', 'G', 'JH']",-2,VCC,3
3918,"['G', 'JH', 'UH0']","['G', 'JH', 'UH']",2,CCV,3
3919,"['UH0', 'G', 'JH']","['UH', 'G', 'JH']",-2,VCC,3
3920,"['G', 'JH', 'IY0']","['G', 'JH', 'IY']",2,CCV,3
3921,"['IY0', 'G', 'JH']","['IY', 'G', 'JH']",-2,VCC,3
3922,"['G', 'JH', 'EY0']","['G', 'JH', 'EY']",2,CCV,3
3923,"['EY0', 'G', 'JH']","['EY', 'G', 'JH']",-2,VCC,3
3924,"['G', 'JH', 'OW0']","['G', 'JH', 'OW']",2,CCV,3
3925,"['OW0', 'G', 'JH']","['OW', 'G', 'JH']",-2,VCC,3
3926,"['G', 'JH', 'AE0']","['G', 'JH', 'AE']",2,CCV,3
3927,"['AE0', 'G', 'JH']","['AE', 'G', 'JH']",-2,VCC,3
3928,"['G', 'JH', 'AW0']","['G', 'JH', 'AW']",2,CCV,3
3929,"['AW0', 'G', 'JH']","['AW', 'G', 'JH']",-2,VCC,3
3930,"['G', 'M', 'AH0']","['G', 'M', 'AH']",3,CCV,3
3931,"['AH0', 'G', 'M']","['AH', 'G', 'M']",-3,VCC,3
3932,"['G', 'M', 'OY0']","['G', 'M', 'OY']",3,CCV,3
3933,"['OY0', 'G', 'M']","['OY', 'G', 'M']",-3,VCC,3
3934,"['G', 'M', 'AA0']","['G', 'M', 'AA']",3,CCV,3
3935,"['AA0', 'G', 'M']","['AA', 'G', 'M']",-3,VCC,3
3936,"['G', 'M', 'AY0']","['G', 'M', 'AY']",3,CCV,3
3937,"['AY0', 'G', 'M']","['AY', 'G', 'M']",-3,VCC,3
3938,"['G', 'M', 'ER0']","['G', 'M', 'ER']",3,CCV,3
3939,"['ER0', 'G', 'M']","['ER', 'G', 'M']",-3,VCC,3
3940,"['G', 'M', 'AO0']","['G', 'M', 'AO']",3,CCV,3
3941,"['AO0', 'G', 'M']","['AO', 'G', 'M']",-3,VCC,3
3942,"['G', 'M', 'UW0']","['G', 'M', 'UW']",3,CCV,3
3943,"['UW0', 'G', 'M']","['UW', 'G', 'M']",-3,VCC,3
3944,"['G', 'M', 'IH0']","['G', 'M', 'IH']",3,CCV,3
3945,"['IH0', 'G', 'M']","['IH', 'G', 'M']",-3,VCC,3
3946,"['G', 'M', 'EH0']","['G', 'M', 'EH']",3,CCV,3
3947,"['EH0', 'G', 'M']","['EH', 'G', 'M']",-3,VCC,3
3948,"['G', 'M', 'UH0']","['G', 'M', 'UH']",3,CCV,3
3949,"['UH0', 'G', 'M']","['UH', 'G', 'M']",-3,VCC,3
3950,"['G', 'M', 'IY0']","['G', 'M', 'IY']",3,CCV,3
3951,"['IY0', 'G', 'M']","['IY', 'G', 'M']",-3,VCC,3
3952,"['G', 'M', 'EY0']","['G', 'M', 'EY']",3,CCV,3
3953,"['EY0', 'G', 'M']","['EY', 'G', 'M']",-3,VCC,3
3954,"['G', 'M', 'OW0']","['G', 'M', 'OW']",3,CCV,3
3955,"['OW0', 'G', 'M']","['OW', 'G', 'M']",-3,VCC,3
3956,"['G', 'M', 'AE0']","['G', 'M', 'AE']",3,CCV,3
3957,"['AE0', 'G', 'M']","['AE', 'G', 'M']",-3,VCC,3
3958,"['G', 'M', 'AW0']","['G', 'M', 'AW']",3,CCV,3
3959,"['AW0', 'G', 'M']","['AW', 'G', 'M']",-3,VCC,3
3960,"['G', 'N', 'AH0']","['G', 'N', 'AH']",3,CCV,3
3961,"['AH0', 'G', 'N']","['AH', 'G', 'N']",-3,VCC,3
3962,"['G', 'N', 'OY0']","['G', 'N', 'OY']",3,CCV,3
3963,"['OY0', 'G', 'N']","['OY', 'G', 'N']",-3,VCC,3
3964,"['G', 'N', 'AA0']","['G', 'N', 'AA']",3,CCV,3
3965,"['AA0', 'G', 'N']","['AA', 'G', 'N']",-3,VCC,3
3966,"['G', 'N', 'AY0']","['G', 'N', 'AY']",3,CCV,3
3967,"['AY0', 'G', 'N']","['AY', 'G', 'N']",-3,VCC,3
3968,"['G', 'N', 'ER0']","['G', 'N', 'ER']",3,CCV,3
3969,"['ER0', 'G', 'N']","['ER', 'G', 'N']",-3,VCC,3
3970,"['G', 'N', 'AO0']","['G', 'N', 'AO']",3,CCV,3
3971,"['AO0', 'G', 'N']","['AO', 'G', 'N']",-3,VCC,3
3972,"['G', 'N', 'UW0']","['G', 'N', 'UW']",3,CCV,3
3973,"['UW0', 'G', 'N']","['UW', 'G', 'N']",-3,VCC,3
3974,"['G', 'N', 'IH0']","['G', 'N', 'IH']",3,CCV,3
3975,"['IH0', 'G', 'N']","['IH', 'G', 'N']",-3,VCC,3
3976,"['G', 'N', 'EH0']","['G', 'N', 'EH']",3,CCV,3
3977,"['EH0', 'G', 'N']","['EH', 'G', 'N']",-3,VCC,3
3978,"['G', 'N', 'UH0']","['G', 'N', 'UH']",3,CCV,3
3979,"['UH0', 'G', 'N']","['UH', 'G', 'N']",-3,VCC,3
3980,"['G', 'N', 'IY0']","['G', 'N', 'IY']",3,CCV,3
3981,"['IY0', 'G', 'N']","['IY', 'G', 'N']",-3,VCC,3
3982,"['G', 'N', 'EY0']","['G', 'N', 'EY']",3,CCV,3
3983,"['EY0', 'G', 'N']","['EY', 'G', 'N']",-3,VCC,3
3984,"['G', 'N', 'OW0']","['G', 'N', 'OW']",3,CCV,3
3985,"['OW0', 'G', 'N']","['OW', 'G', 'N']",-3,VCC,3
3986,"['G', 'N', 'AE0']","['G', 'N', 'AE']",3,CCV,3
3987,"['AE0', 'G', 'N']","['AE', 'G', 'N']",-3,VCC,3
3988,"['G', 'N', 'AW0']","['G', 'N', 'AW']",3,CCV,3
3989,"['AW0', 'G', 'N']","['AW', 'G', 'N']",-3,VCC,3
3990,"['G', 'NG', 'AH0']","['G', 'NG', 'AH']",3,CCV,3
3991,"['AH0', 'G', 'NG']","['AH', 'G', 'NG']",-3,VCC,3
3992,"['G', 'NG', 'OY0']","['G', 'NG', 'OY']",3,CCV,3
3993,"['OY0', 'G', 'NG']","['OY', 'G', 'NG']",-3,VCC,3
3994,"['G', 'NG', 'AA0']","['G', 'NG', 'AA']",3,CCV,3
3995,"['AA0', 'G', 'NG']","['AA', 'G', 'NG']",-3,VCC,3
3996,"['G', 'NG', 'AY0']","['G', 'NG', 'AY']",3,CCV,3
3997,"['AY0', 'G', 'NG']","['AY', 'G', 'NG']",-3,VCC,3
3998,"['G', 'NG', 'ER0']","['G', 'NG', 'ER']",3,CCV,3
3999,"['ER0', 'G', 'NG']","['ER', 'G', 'NG']",-3,VCC,3
4000,"['G', 'NG', 'AO0']","['G', 'NG', 'AO']",3,CCV,3
4001,"['AO0', 'G', 'NG']","['AO', 'G', 'NG']",-3,VCC,3
4002,"['G', 'NG', 'UW0']","['G', 'NG', 'UW']",3,CCV,3
4003,"['UW0', 'G', 'NG']","['UW', 'G', 'NG']",-3,VCC,3
4004,"['G', 'NG', 'IH0']","['G', 'NG', 'IH']",3,CCV,3
4005,"['IH0', 'G', 'NG']","['IH', 'G', 'NG']",-3,VCC,3
4006,"['G', 'NG', 'EH0']","['G', 'NG', 'EH']",3,CCV,3
4007,"['EH0', 'G', 'NG']","['EH', 'G', 'NG']",-3,VCC,3
4008,"['G', 'NG', 'UH0']","['G', 'NG', 'UH']",3,CCV,3
4009,"['UH0', 'G', 'NG']","['UH', 'G', 'NG']",-3,VCC,3
4010,"['G', 'NG', 'IY0']","['G', 'NG', 'IY']",3,CCV,3
4011,"['IY0', 'G', 'NG']","['IY', 'G', 'NG']",-3,VCC,3
4012,"['G', 'NG', 'EY0']","['G', 'NG', 'EY']",3,CCV,3
4013,"['EY0', 'G', 'NG']","['EY', 'G', 'NG']",-3,VCC,3
4014,"['G', 'NG', 'OW0']","['G', 'NG', 'OW']",3,CCV,3
4015,"['OW0', 'G', 'NG']","['OW', 'G', 'NG']",-3,VCC,3
4016,"['G', 'NG', 'AE0']","['G', 'NG', 'AE']",3,CCV,3
4017,"['AE0', 'G', 'NG']","['AE', 'G', 'NG']",-3,VCC,3
4018,"['G', 'NG', 'AW0']","['G', 'NG', 'AW']",3,CCV,3
4019,"['AW0', 'G', 'NG']","['AW', 'G', 'NG']",-3,VCC,3
4020,"['G', 'L', 'AH0']","['G', 'L', 'AH']",4,CCV,3
4021,"['AH0', 'G', 'L']","['AH', 'G', 'L']",-4,VCC,3
4022,"['G', 'L', 'OY0']","['G', 'L', 'OY']",4,CCV,3
4023,"['OY0', 'G', 'L']","['OY', 'G', 'L']",-4,VCC,3
4024,"['G', 'L', 'AA0']","['G', 'L', 'AA']",4,CCV,3
4025,"['AA0', 'G', 'L']","['AA', 'G', 'L']",-4,VCC,3
4026,"['G', 'L', 'AY0']","['G', 'L', 'AY']",4,CCV,3
4027,"['AY0', 'G', 'L']","['AY', 'G', 'L']",-4,VCC,3
4028,"['G', 'L', 'ER0']","['G', 'L', 'ER']",4,CCV,3
4029,"['ER0', 'G', 'L']","['ER', 'G', 'L']",-4,VCC,3
4030,"['G', 'L', 'AO0']","['G', 'L', 'AO']",4,CCV,3
4031,"['AO0', 'G', 'L']","['AO', 'G', 'L']",-4,VCC,3
4032,"['G', 'L', 'UW0']","['G', 'L', 'UW']",4,CCV,3
4033,"['UW0', 'G', 'L']","['UW', 'G', 'L']",-4,VCC,3
4034,"['G', 'L', 'IH0']","['G', 'L', 'IH']",4,CCV,3
4035,"['IH0', 'G', 'L']","['IH', 'G', 'L']",-4,VCC,3
4036,"['G', 'L', 'EH0']","['G', 'L', 'EH']",4,CCV,3
4037,"['EH0', 'G', 'L']","['EH', 'G', 'L']",-4,VCC,3
4038,"['G', 'L', 'UH0']","['G', 'L', 'UH']",4,CCV,3
4039,"['UH0', 'G', 'L']","['UH', 'G', 'L']",-4,VCC,3
4040,"['G', 'L', 'IY0']","['G', 'L', 'IY']",4,CCV,3
4041,"['IY0', 'G', 'L']","['IY', 'G', 'L']",-4,VCC,3
4042,"['G', 'L', 'EY0']","['G', 'L', 'EY']",4,CCV,3
4043,"['EY0', 'G', 'L']","['EY', 'G', 'L']",-4,VCC,3
4044,"['G', 'L', 'OW0']","['G', 'L', 'OW']",4,CCV,3
4045,"['OW0', 'G', 'L']","['OW', 'G', 'L']",-4,VCC,3
4046,"['G', 'L', 'AE0']","['G', 'L', 'AE']",4,CCV,3
4047,"['AE0', 'G', 'L']","['AE', 'G', 'L']",-4,VCC,3
4048,"['G', 'L', 'AW0']","['G', 'L', 'AW']",4,CCV,3
4049,"['AW0', 'G', 'L']","['AW', 'G', 'L']",-4,VCC,3
4050,"['G', 'R', 'AH0']","['G', 'R', 'AH']",4,CCV,3
4051,"['AH0', 'G', 'R']","['AH', 'G', 'R']",-4,VCC,3
4052,"['G', 'R', 'OY0']","['G', 'R', 'OY']",4,CCV,3
4053,"['OY0', 'G', 'R']","['OY', 'G', 'R']",-4,VCC,3
4054,"['G', 'R', 'AA0']","['G', 'R', 'AA']",4,CCV,3
4055,"['AA0', 'G', 'R']","['AA', 'G', 'R']",-4,VCC,3
4056,"['G', 'R', 'AY0']","['G', 'R', 'AY']",4,CCV,3
4057,"['AY0', 'G', 'R']","['AY', 'G', 'R']",-4,VCC,3
4058,"['G', 'R', 'ER0']","['G', 'R', 'ER']",4,CCV,3
4059,"['ER0', 'G', 'R']","['ER', 'G', 'R']",-4,VCC,3
4060,"['G', 'R', 'AO0']","['G', 'R', 'AO']",4,CCV,3
4061,"['AO0', 'G', 'R']","['AO', 'G', 'R']",-4,VCC,3
4062,"['G', 'R', 'UW0']","['G', 'R', 'UW']",4,CCV,3
4063,"['UW0', 'G', 'R']","['UW', 'G', 'R']",-4,VCC,3
4064,"['G', 'R', 'IH0']","['G', 'R', 'IH']",4,CCV,3
4065,"['IH0', 'G', 'R']","['IH', 'G', 'R']",-4,VCC,3
4066,"['G', 'R', 'EH0']","['G', 'R', 'EH']",4,CCV,3
4067,"['EH0', 'G', 'R']","['EH', 'G', 'R']",-4,VCC,3
4068,"['G', 'R', 'UH0']","['G', 'R', 'UH']",4,CCV,3
4069,"['UH0', 'G', 'R']","['UH', 'G', 'R']",-4,VCC,3
4070,"['G', 'R', 'IY0']","['G', 'R', 'IY']",4,CCV,3
4071,"['IY0', 'G', 'R']","['IY', 'G', 'R']",-4,VCC,3
4072,"['G', 'R', 'EY0']","['G', 'R', 'EY']",4,CCV,3
4073,"['EY0', 'G', 'R']","['EY', 'G', 'R']",-4,VCC,3
4074,"['G', 'R', 'OW0']","['G', 'R', 'OW']",4,CCV,3
4075,"['OW0', 'G', 'R']","['OW', 'G', 'R']",-4,VCC,3
4076,"['G', 'R', 'AE0']","['G', 'R', 'AE']",4,CCV,3
4077,"['AE0', 'G', 'R']","['AE', 'G', 'R']",-4,VCC,3
4078,"['G', 'R', 'AW0']","['G', 'R', 'AW']",4,CCV,3
4079,"['AW0', 'G', 'R']","['AW', 'G', 'R']",-4,VCC,3
4080,"['G', 'W', 'AH0']","['G', 'W', 'AH']",5,CCV,3
4081,"['AH0', 'G', 'W']","['AH', 'G', 'W']",-5,VCC,3
4082,"['G', 'W', 'OY0']","['G', 'W', 'OY']",5,CCV,3
4083,"['OY0', 'G', 'W']","['OY', 'G', 'W']",-5,VCC,3
4084,"['G', 'W', 'AA0']","['G', 'W', 'AA']",5,CCV,3
4085,"['AA0', 'G', 'W']","['AA', 'G', 'W']",-5,VCC,3
4086,"['G', 'W', 'AY0']","['G', 'W', 'AY']",5,CCV,3
4087,"['AY0', 'G', 'W']","['AY', 'G', 'W']",-5,VCC,3
4088,"['G', 'W', 'ER0']","['G', 'W', 'ER']",5,CCV,3
4089,"['ER0', 'G', 'W']","['ER', 'G', 'W']",-5,VCC,3
4090,"['G', 'W', 'AO0']","['G', 'W', 'AO']",5,CCV,3
4091,"['AO0', 'G', 'W']","['AO', 'G', 'W']",-5,VCC,3
4092,"['G', 'W', 'UW0']","['G', 'W', 'UW']",5,CCV,3
4093,"['UW0', 'G', 'W']","['UW', 'G', 'W']",-5,VCC,3
4094,"['G', 'W', 'IH0']","['G', 'W', 'IH']",5,CCV,3
4095,"['IH0', 'G', 'W']","['IH', 'G', 'W']",-5,VCC,3
4096,"['G', 'W', 'EH0']","['G', 'W', 'EH']",5,CCV,3
4097,"['EH0', 'G', 'W']","['EH', 'G', 'W']",-5,VCC,3
4098,"['G', 'W', 'UH0']","['G', 'W', 'UH']",5,CCV,3
4099,"['UH0', 'G', 'W']","['UH', 'G', 'W']",-5,VCC,3
4100,"['G', 'W', 'IY0']","['G', 'W', 'IY']",5,CCV,3
4101,"['IY0', 'G', 'W']","['IY', 'G', 'W']",-5,VCC,3
4102,"['G', 'W', 'EY0']","['G', 'W', 'EY']",5,CCV,3
4103,"['EY0', 'G', 'W']","['EY', 'G', 'W']",-5,VCC,3
4104,"['G', 'W', 'OW0']","['G', 'W', 'OW']",5,CCV,3
4105,"['OW0', 'G', 'W']","['OW', 'G', 'W']",-5,VCC,3
4106,"['G', 'W', 'AE0']","['G', 'W', 'AE']",5,CCV,3
4107,"['AE0', 'G', 'W']","['AE', 'G', 'W']",-5,VCC,3
4108,"['G', 'W', 'AW0']","['G', 'W', 'AW']",5,CCV,3
4109,"['AW0', 'G', 'W']","['AW', 'G', 'W']",-5,VCC,3
4110,"['G', 'Y', 'AH0']","['G', 'Y', 'AH']",5,CCV,3
4111,"['AH0', 'G', 'Y']","['AH', 'G', 'Y']",-5,VCC,3
4112,"['G', 'Y', 'OY0']","['G', 'Y', 'OY']",5,CCV,3
4113,"['OY0', 'G', 'Y']","['OY', 'G', 'Y']",-5,VCC,3
4114,"['G', 'Y', 'AA0']","['G', 'Y', 'AA']",5,CCV,3
4115,"['AA0', 'G', 'Y']","['AA', 'G', 'Y']",-5,VCC,3
4116,"['G', 'Y', 'AY0']","['G', 'Y', 'AY']",5,CCV,3
4117,"['AY0', 'G', 'Y']","['AY', 'G', 'Y']",-5,VCC,3
4118,"['G', 'Y', 'ER0']","['G', 'Y', 'ER']",5,CCV,3
4119,"['ER0', 'G', 'Y']","['ER', 'G', 'Y']",-5,VCC,3
4120,"['G', 'Y', 'AO0']","['G', 'Y', 'AO']",5,CCV,3
4121,"['AO0', 'G', 'Y']","['AO', 'G', 'Y']",-5,VCC,3
4122,"['G', 'Y', 'UW0']","['G', 'Y', 'UW']",5,CCV,3
4123,"['UW0', 'G', 'Y']","['UW', 'G', 'Y']",-5,VCC,3
4124,"['G', 'Y', 'IH0']","['G', 'Y', 'IH']",5,CCV,3
4125,"['IH0', 'G', 'Y']","['IH', 'G', 'Y']",-5,VCC,3
4126,"['G', 'Y', 'EH0']","['G', 'Y', 'EH']",5,CCV,3
4127,"['EH0', 'G', 'Y']","['EH', 'G', 'Y']",-5,VCC,3
4128,"['G', 'Y', 'UH0']","['G', 'Y', 'UH']",5,CCV,3
4129,"['UH0', 'G', 'Y']","['UH', 'G', 'Y']",-5,VCC,3
4130,"['G', 'Y', 'IY0']","['G', 'Y', 'IY']",5,CCV,3
4131,"['IY0', 'G', 'Y']","['IY', 'G', 'Y']",-5,VCC,3
4132,"['G', 'Y', 'EY0']","['G', 'Y', 'EY']",5,CCV,3
4133,"['EY0', 'G', 'Y']","['EY', 'G', 'Y']",-5,VCC,3
4134,"['G', 'Y', 'OW0']","['G', 'Y', 'OW']",5,CCV,3
4135,"['OW0', 'G', 'Y']","['OW', 'G', 'Y']",-5,VCC,3
4136,"['G', 'Y', 'AE0']","['G', 'Y', 'AE']",5,CCV,3
4137,"['AE0', 'G', 'Y']","['AE', 'G', 'Y']",-5,VCC,3
4138,"['G', 'Y', 'AW0']","['G', 'Y', 'AW']",5,CCV,3
4139,"['AW0', 'G', 'Y']","['AW', 'G', 'Y']",-5,VCC,3
4140,"['F', 'P', 'AH0']","['F', 'P', 'AH']",-1,CCV,3
4141,"['AH0', 'F', 'P']","['AH', 'F', 'P']",1,VCC,3
4142,"['F', 'P', 'OY0']","['F', 'P', 'OY']",-1,CCV,3
4143,"['OY0', 'F', 'P']","['OY', 'F', 'P']",1,VCC,3
4144,"['F', 'P', 'AA0']","['F', 'P', 'AA']",-1,CCV,3
4145,"['AA0', 'F', 'P']","['AA', 'F', 'P']",1,VCC,3
4146,"['F', 'P', 'AY0']","['F', 'P', 'AY']",-1,CCV,3
4147,"['AY0', 'F', 'P']","['AY', 'F', 'P']",1,VCC,3
4148,"['F', 'P', 'ER0']","['F', 'P', 'ER']",-1,CCV,3
4149,"['ER0', 'F', 'P']","['ER', 'F', 'P']",1,VCC,3
4150,"['F', 'P', 'AO0']","['F', 'P', 'AO']",-1,CCV,3
4151,"['AO0', 'F', 'P']","['AO', 'F', 'P']",1,VCC,3
4152,"['F', 'P', 'UW0']","['F', 'P', 'UW']",-1,CCV,3
4153,"['UW0', 'F', 'P']","['UW', 'F', 'P']",1,VCC,3
4154,"['F', 'P', 'IH0']","['F', 'P', 'IH']",-1,CCV,3
4155,"['IH0', 'F', 'P']","['IH', 'F', 'P']",1,VCC,3
4156,"['F', 'P', 'EH0']","['F', 'P', 'EH']",-1,CCV,3
4157,"['EH0', 'F', 'P']","['EH', 'F', 'P']",1,VCC,3
4158,"['F', 'P', 'UH0']","['F', 'P', 'UH']",-1,CCV,3
4159,"['UH0', 'F', 'P']","['UH', 'F', 'P']",1,VCC,3
4160,"['F', 'P', 'IY0']","['F', 'P', 'IY']",-1,CCV,3
4161,"['IY0', 'F', 'P']","['IY', 'F', 'P']",1,VCC,3
4162,"['F', 'P', 'EY0']","['F', 'P', 'EY']",-1,CCV,3
4163,"['EY0', 'F', 'P']","['EY', 'F', 'P']",1,VCC,3
4164,"['F', 'P', 'OW0']","['F', 'P', 'OW']",-1,CCV,3
4165,"['OW0', 'F', 'P']","['OW', 'F', 'P']",1,VCC,3
4166,"['F', 'P', 'AE0']","['F', 'P', 'AE']",-1,CCV,3
4167,"['AE0', 'F', 'P']","['AE', 'F', 'P']",1,VCC,3
4168,"['F', 'P', 'AW0']","['F', 'P', 'AW']",-1,CCV,3
4169,"['AW0', 'F', 'P']","['AW', 'F', 'P']",1,VCC,3
4170,"['F', 'T', 'AH0']","['F', 'T', 'AH']",-1,CCV,3
4171,"['AH0', 'F', 'T']","['AH', 'F', 'T']",1,VCC,3
4172,"['F', 'T', 'OY0']","['F', 'T', 'OY']",-1,CCV,3
4173,"['OY0', 'F', 'T']","['OY', 'F', 'T']",1,VCC,3
4174,"['F', 'T', 'AA0']","['F', 'T', 'AA']",-1,CCV,3
4175,"['AA0', 'F', 'T']","['AA', 'F', 'T']",1,VCC,3
4176,"['F', 'T', 'AY0']","['F', 'T', 'AY']",-1,CCV,3
4177,"['AY0', 'F', 'T']","['AY', 'F', 'T']",1,VCC,3
4178,"['F', 'T', 'ER0']","['F', 'T', 'ER']",-1,CCV,3
4179,"['ER0', 'F', 'T']","['ER', 'F', 'T']",1,VCC,3
4180,"['F', 'T', 'AO0']","['F', 'T', 'AO']",-1,CCV,3
4181,"['AO0', 'F', 'T']","['AO', 'F', 'T']",1,VCC,3
4182,"['F', 'T', 'UW0']","['F', 'T', 'UW']",-1,CCV,3
4183,"['UW0', 'F', 'T']","['UW', 'F', 'T']",1,VCC,3
4184,"['F', 'T', 'IH0']","['F', 'T', 'IH']",-1,CCV,3
4185,"['IH0', 'F', 'T']","['IH', 'F', 'T']",1,VCC,3
4186,"['F', 'T', 'EH0']","['F', 'T', 'EH']",-1,CCV,3
4187,"['EH0', 'F', 'T']","['EH', 'F', 'T']",1,VCC,3
4188,"['F', 'T', 'UH0']","['F', 'T', 'UH']",-1,CCV,3
4189,"['UH0', 'F', 'T']","['UH', 'F', 'T']",1,VCC,3
4190,"['F', 'T', 'IY0']","['F', 'T', 'IY']",-1,CCV,3
4191,"['IY0', 'F', 'T']","['IY', 'F', 'T']",1,VCC,3
4192,"['F', 'T', 'EY0']","['F', 'T', 'EY']",-1,CCV,3
4193,"['EY0', 'F', 'T']","['EY', 'F', 'T']",1,VCC,3
4194,"['F', 'T', 'OW0']","['F', 'T', 'OW']",-1,CCV,3
4195,"['OW0', 'F', 'T']","['OW', 'F', 'T']",1,VCC,3
4196,"['F', 'T', 'AE0']","['F', 'T', 'AE']",-1,CCV,3
4197,"['AE0', 'F', 'T']","['AE', 'F', 'T']",1,VCC,3
4198,"['F', 'T', 'AW0']","['F', 'T', 'AW']",-1,CCV,3
4199,"['AW0', 'F', 'T']","['AW', 'F', 'T']",1,VCC,3
4200,"['F', 'K', 'AH0']","['F', 'K', 'AH']",-1,CCV,3
4201,"['AH0', 'F', 'K']","['AH', 'F', 'K']",1,VCC,3
4202,"['F', 'K', 'OY0']","['F', 'K', 'OY']",-1,CCV,3
4203,"['OY0', 'F', 'K']","['OY', 'F', 'K']",1,VCC,3
4204,"['F', 'K', 'AA0']","['F', 'K', 'AA']",-1,CCV,3
4205,"['AA0', 'F', 'K']","['AA', 'F', 'K']",1,VCC,3
4206,"['F', 'K', 'AY0']","['F', 'K', 'AY']",-1,CCV,3
4207,"['AY0', 'F', 'K']","['AY', 'F', 'K']",1,VCC,3
4208,"['F', 'K', 'ER0']","['F', 'K', 'ER']",-1,CCV,3
4209,"['ER0', 'F', 'K']","['ER', 'F', 'K']",1,VCC,3
4210,"['F', 'K', 'AO0']","['F', 'K', 'AO']",-1,CCV,3
4211,"['AO0', 'F', 'K']","['AO', 'F', 'K']",1,VCC,3
4212,"['F', 'K', 'UW0']","['F', 'K', 'UW']",-1,CCV,3
4213,"['UW0', 'F', 'K']","['UW', 'F', 'K']",1,VCC,3
4214,"['F', 'K', 'IH0']","['F', 'K', 'IH']",-1,CCV,3
4215,"['IH0', 'F', 'K']","['IH', 'F', 'K']",1,VCC,3
4216,"['F', 'K', 'EH0']","['F', 'K', 'EH']",-1,CCV,3
4217,"['EH0', 'F', 'K']","['EH', 'F', 'K']",1,VCC,3
4218,"['F', 'K', 'UH0']","['F', 'K', 'UH']",-1,CCV,3
4219,"['UH0', 'F', 'K']","['UH', 'F', 'K']",1,VCC,3
4220,"['F', 'K', 'IY0']","['F', 'K', 'IY']",-1,CCV,3
4221,"['IY0', 'F', 'K']","['IY', 'F', 'K']",1,VCC,3
4222,"['F', 'K', 'EY0']","['F', 'K', 'EY']",-1,CCV,3
4223,"['EY0', 'F', 'K']","['EY', 'F', 'K']",1,VCC,3
4224,"['F', 'K', 'OW0']","['F', 'K', 'OW']",-1,CCV,3
4225,"['OW0', 'F', 'K']","['OW', 'F', 'K']",1,VCC,3
4226,"['F', 'K', 'AE0']","['F', 'K', 'AE']",-1,CCV,3
4227,"['AE0', 'F', 'K']","['AE', 'F', 'K']",1,VCC,3
4228,"['F', 'K', 'AW0']","['F', 'K', 'AW']",-1,CCV,3
4229,"['AW0', 'F', 'K']","['AW', 'F', 'K']",1,VCC,3
4230,"['F', 'B', 'AH0']","['F', 'B', 'AH']",-1,CCV,3
4231,"['AH0', 'F', 'B']","['AH', 'F', 'B']",1,VCC,3
4232,"['F', 'B', 'OY0']","['F', 'B', 'OY']",-1,CCV,3
4233,"['OY0', 'F', 'B']","['OY', 'F', 'B']",1,VCC,3
4234,"['F', 'B', 'AA0']","['F', 'B', 'AA']",-1,CCV,3
4235,"['AA0', 'F', 'B']","['AA', 'F', 'B']",1,VCC,3
4236,"['F', 'B', 'AY0']","['F', 'B', 'AY']",-1,CCV,3
4237,"['AY0', 'F', 'B']","['AY', 'F', 'B']",1,VCC,3
4238,"['F', 'B', 'ER0']","['F', 'B', 'ER']",-1,CCV,3
4239,"['ER0', 'F', 'B']","['ER', 'F', 'B']",1,VCC,3
4240,"['F', 'B', 'AO0']","['F', 'B', 'AO']",-1,CCV,3
4241,"['AO0', 'F', 'B']","['AO', 'F', 'B']",1,VCC,3
4242,"['F', 'B', 'UW0']","['F', 'B', 'UW']",-1,CCV,3
4243,"['UW0', 'F', 'B']","['UW', 'F', 'B']",1,VCC,3
4244,"['F', 'B', 'IH0']","['F', 'B', 'IH']",-1,CCV,3
4245,"['IH0', 'F', 'B']","['IH', 'F', 'B']",1,VCC,3
4246,"['F', 'B', 'EH0']","['F', 'B', 'EH']",-1,CCV,3
4247,"['EH0', 'F', 'B']","['EH', 'F', 'B']",1,VCC,3
4248,"['F', 'B', 'UH0']","['F', 'B', 'UH']",-1,CCV,3
4249,"['UH0', 'F', 'B']","['UH', 'F', 'B']",1,VCC,3
4250,"['F', 'B', 'IY0']","['F', 'B', 'IY']",-1,CCV,3
4251,"['IY0', 'F', 'B']","['IY', 'F', 'B']",1,VCC,3
4252,"['F', 'B', 'EY0']","['F', 'B', 'EY']",-1,CCV,3
4253,"['EY0', 'F', 'B']","['EY', 'F', 'B']",1,VCC,3
4254,"['F', 'B', 'OW0']","['F', 'B', 'OW']",-1,CCV,3
4255,"['OW0', 'F', 'B']","['OW', 'F', 'B']",1,VCC,3
4256,"['F', 'B', 'AE0']","['F', 'B', 'AE']",-1,CCV,3
4257,"['AE0', 'F', 'B']","['AE', 'F', 'B']",1,VCC,3
4258,"['F', 'B', 'AW0']","['F', 'B', 'AW']",-1,CCV,3
4259,"['AW0', 'F', 'B']","['AW', 'F', 'B']",1,VCC,3
4260,"['F', 'D', 'AH0']","['F', 'D', 'AH']",-1,CCV,3
4261,"['AH0', 'F', 'D']","['AH', 'F', 'D']",1,VCC,3
4262,"['F', 'D', 'OY0']","['F', 'D', 'OY']",-1,CCV,3
4263,"['OY0', 'F', 'D']","['OY', 'F', 'D']",1,VCC,3
4264,"['F', 'D', 'AA0']","['F', 'D', 'AA']",-1,CCV,3
4265,"['AA0', 'F', 'D']","['AA', 'F', 'D']",1,VCC,3
4266,"['F', 'D', 'AY0']","['F', 'D', 'AY']",-1,CCV,3
4267,"['AY0', 'F', 'D']","['AY', 'F', 'D']",1,VCC,3
4268,"['F', 'D', 'ER0']","['F', 'D', 'ER']",-1,CCV,3
4269,"['ER0', 'F', 'D']","['ER', 'F', 'D']",1,VCC,3
4270,"['F', 'D', 'AO0']","['F', 'D', 'AO']",-1,CCV,3
4271,"['AO0', 'F', 'D']","['AO', 'F', 'D']",1,VCC,3
4272,"['F', 'D', 'UW0']","['F', 'D', 'UW']",-1,CCV,3
4273,"['UW0', 'F', 'D']","['UW', 'F', 'D']",1,VCC,3
4274,"['F', 'D', 'IH0']","['F', 'D', 'IH']",-1,CCV,3
4275,"['IH0', 'F', 'D']","['IH', 'F', 'D']",1,VCC,3
4276,"['F', 'D', 'EH0']","['F', 'D', 'EH']",-1,CCV,3
4277,"['EH0', 'F', 'D']","['EH', 'F', 'D']",1,VCC,3
4278,"['F', 'D', 'UH0']","['F', 'D', 'UH']",-1,CCV,3
4279,"['UH0', 'F', 'D']","['UH', 'F', 'D']",1,VCC,3
4280,"['F', 'D', 'IY0']","['F', 'D', 'IY']",-1,CCV,3
4281,"['IY0', 'F', 'D']","['IY', 'F', 'D']",1,VCC,3
4282,"['F', 'D', 'EY0']","['F', 'D', 'EY']",-1,CCV,3
4283,"['EY0', 'F', 'D']","['EY', 'F', 'D']",1,VCC,3
4284,"['F', 'D', 'OW0']","['F', 'D', 'OW']",-1,CCV,3
4285,"['OW0', 'F', 'D']","['OW', 'F', 'D']",1,VCC,3
4286,"['F', 'D', 'AE0']","['F', 'D', 'AE']",-1,CCV,3
4287,"['AE0', 'F', 'D']","['AE', 'F', 'D']",1,VCC,3
4288,"['F', 'D', 'AW0']","['F', 'D', 'AW']",-1,CCV,3
4289,"['AW0', 'F', 'D']","['AW', 'F', 'D']",1,VCC,3
4290,"['F', 'G', 'AH0']","['F', 'G', 'AH']",-1,CCV,3
4291,"['AH0', 'F', 'G']","['AH', 'F', 'G']",1,VCC,3
4292,"['F', 'G', 'OY0']","['F', 'G', 'OY']",-1,CCV,3
4293,"['OY0', 'F', 'G']","['OY', 'F', 'G']",1,VCC,3
4294,"['F', 'G', 'AA0']","['F', 'G', 'AA']",-1,CCV,3
4295,"['AA0', 'F', 'G']","['AA', 'F', 'G']",1,VCC,3
4296,"['F', 'G', 'AY0']","['F', 'G', 'AY']",-1,CCV,3
4297,"['AY0', 'F', 'G']","['AY', 'F', 'G']",1,VCC,3
4298,"['F', 'G', 'ER0']","['F', 'G', 'ER']",-1,CCV,3
4299,"['ER0', 'F', 'G']","['ER', 'F', 'G']",1,VCC,3
4300,"['F', 'G', 'AO0']","['F', 'G', 'AO']",-1,CCV,3
4301,"['AO0', 'F', 'G']","['AO', 'F', 'G']",1,VCC,3
4302,"['F', 'G', 'UW0']","['F', 'G', 'UW']",-1,CCV,3
4303,"['UW0', 'F', 'G']","['UW', 'F', 'G']",1,VCC,3
4304,"['F', 'G', 'IH0']","['F', 'G', 'IH']",-1,CCV,3
4305,"['IH0', 'F', 'G']","['IH', 'F', 'G']",1,VCC,3
4306,"['F', 'G', 'EH0']","['F', 'G', 'EH']",-1,CCV,3
4307,"['EH0', 'F', 'G']","['EH', 'F', 'G']",1,VCC,3
4308,"['F', 'G', 'UH0']","['F', 'G', 'UH']",-1,CCV,3
4309,"['UH0', 'F', 'G']","['UH', 'F', 'G']",1,VCC,3
4310,"['F', 'G', 'IY0']","['F', 'G', 'IY']",-1,CCV,3
4311,"['IY0', 'F', 'G']","['IY', 'F', 'G']",1,VCC,3
4312,"['F', 'G', 'EY0']","['F', 'G', 'EY']",-1,CCV,3
4313,"['EY0', 'F', 'G']","['EY', 'F', 'G']",1,VCC,3
4314,"['F', 'G', 'OW0']","['F', 'G', 'OW']",-1,CCV,3
4315,"['OW0', 'F', 'G']","['OW', 'F', 'G']",1,VCC,3
4316,"['F', 'G', 'AE0']","['F', 'G', 'AE']",-1,CCV,3
4317,"['AE0', 'F', 'G']","['AE', 'F', 'G']",1,VCC,3
4318,"['F', 'G', 'AW0']","['F', 'G', 'AW']",-1,CCV,3
4319,"['AW0', 'F', 'G']","['AW', 'F', 'G']",1,VCC,3
4320,"['F', 'TH', 'AH0']","['F', 'TH', 'AH']",0,CCV,3
4321,"['AH0', 'F', 'TH']","['AH', 'F', 'TH']",0,VCC,3
4322,"['F', 'TH', 'OY0']","['F', 'TH', 'OY']",0,CCV,3
4323,"['OY0', 'F', 'TH']","['OY', 'F', 'TH']",0,VCC,3
4324,"['F', 'TH', 'AA0']","['F', 'TH', 'AA']",0,CCV,3
4325,"['AA0', 'F', 'TH']","['AA', 'F', 'TH']",0,VCC,3
4326,"['F', 'TH', 'AY0']","['F', 'TH', 'AY']",0,CCV,3
4327,"['AY0', 'F', 'TH']","['AY', 'F', 'TH']",0,VCC,3
4328,"['F', 'TH', 'ER0']","['F', 'TH', 'ER']",0,CCV,3
4329,"['ER0', 'F', 'TH']","['ER', 'F', 'TH']",0,VCC,3
4330,"['F', 'TH', 'AO0']","['F', 'TH', 'AO']",0,CCV,3
4331,"['AO0', 'F', 'TH']","['AO', 'F', 'TH']",0,VCC,3
4332,"['F', 'TH', 'UW0']","['F', 'TH', 'UW']",0,CCV,3
4333,"['UW0', 'F', 'TH']","['UW', 'F', 'TH']",0,VCC,3
4334,"['F', 'TH', 'IH0']","['F', 'TH', 'IH']",0,CCV,3
4335,"['IH0', 'F', 'TH']","['IH', 'F', 'TH']",0,VCC,3
4336,"['F', 'TH', 'EH0']","['F', 'TH', 'EH']",0,CCV,3
4337,"['EH0', 'F', 'TH']","['EH', 'F', 'TH']",0,VCC,3
4338,"['F', 'TH', 'UH0']","['F', 'TH', 'UH']",0,CCV,3
4339,"['UH0', 'F', 'TH']","['UH', 'F', 'TH']",0,VCC,3
4340,"['F', 'TH', 'IY0']","['F', 'TH', 'IY']",0,CCV,3
4341,"['IY0', 'F', 'TH']","['IY', 'F', 'TH']",0,VCC,3
4342,"['F', 'TH', 'EY0']","['F', 'TH', 'EY']",0,CCV,3
4343,"['EY0', 'F', 'TH']","['EY', 'F', 'TH']",0,VCC,3
4344,"['F', 'TH', 'OW0']","['F', 'TH', 'OW']",0,CCV,3
4345,"['OW0', 'F', 'TH']","['OW', 'F', 'TH']",0,VCC,3
4346,"['F', 'TH', 'AE0']","['F', 'TH', 'AE']",0,CCV,3
4347,"['AE0', 'F', 'TH']","['AE', 'F', 'TH']",0,VCC,3
4348,"['F', 'TH', 'AW0']","['F', 'TH', 'AW']",0,CCV,3
4349,"['AW0', 'F', 'TH']","['AW', 'F', 'TH']",0,VCC,3
4350,"['F', 'S', 'AH0']","['F', 'S', 'AH']",0,CCV,3
4351,"['AH0', 'F', 'S']","['AH', 'F', 'S']",0,VCC,3
4352,"['F', 'S', 'OY0']","['F', 'S', 'OY']",0,CCV,3
4353,"['OY0', 'F', 'S']","['OY', 'F', 'S']",0,VCC,3
4354,"['F', 'S', 'AA0']","['F', 'S', 'AA']",0,CCV,3
4355,"['AA0', 'F', 'S']","['AA', 'F', 'S']",0,VCC,3
4356,"['F', 'S', 'AY0']","['F', 'S', 'AY']",0,CCV,3
4357,"['AY0', 'F', 'S']","['AY', 'F', 'S']",0,VCC,3
4358,"['F', 'S', 'ER0']","['F', 'S', 'ER']",0,CCV,3
4359,"['ER0', 'F', 'S']","['ER', 'F', 'S']",0,VCC,3
4360,"['F', 'S', 'AO0']","['F', 'S', 'AO']",0,CCV,3
4361,"['AO0', 'F', 'S']","['AO', 'F', 'S']",0,VCC,3
4362,"['F', 'S', 'UW0']","['F', 'S', 'UW']",0,CCV,3
4363,"['UW0', 'F', 'S']","['UW', 'F', 'S']",0,VCC,3
4364,"['F', 'S', 'IH0']","['F', 'S', 'IH']",0,CCV,3
4365,"['IH0', 'F', 'S']","['IH', 'F', 'S']",0,VCC,3
4366,"['F', 'S', 'EH0']","['F', 'S', 'EH']",0,CCV,3
4367,"['EH0', 'F', 'S']","['EH', 'F', 'S']",0,VCC,3
4368,"['F', 'S', 'UH0']","['F', 'S', 'UH']",0,CCV,3
4369,"['UH0', 'F', 'S']","['UH', 'F', 'S']",0,VCC,3
4370,"['F', 'S', 'IY0']","['F', 'S', 'IY']",0,CCV,3
4371,"['IY0', 'F', 'S']","['IY', 'F', 'S']",0,VCC,3
4372,"['F', 'S', 'EY0']","['F', 'S', 'EY']",0,CCV,3
4373,"['EY0', 'F', 'S']","['EY', 'F', 'S']",0,VCC,3
4374,"['F', 'S', 'OW0']","['F', 'S', 'OW']",0,CCV,3
4375,"['OW0', 'F', 'S']","['OW', 'F', 'S']",0,VCC,3
4376,"['F', 'S', 'AE0']","['F', 'S', 'AE']",0,CCV,3
4377,"['AE0', 'F', 'S']","['AE', 'F', 'S']",0,VCC,3
4378,"['F', 'S', 'AW0']","['F', 'S', 'AW']",0,CCV,3
4379,"['AW0', 'F', 'S']","['AW', 'F', 'S']",0,VCC,3
4380,"['F', 'SH', 'AH0']","['F', 'SH', 'AH']",0,CCV,3
4381,"['AH0', 'F', 'SH']","['AH', 'F', 'SH']",0,VCC,3
4382,"['F', 'SH', 'OY0']","['F', 'SH', 'OY']",0,CCV,3
4383,"['OY0', 'F', 'SH']","['OY', 'F', 'SH']",0,VCC,3
4384,"['F', 'SH', 'AA0']","['F', 'SH', 'AA']",0,CCV,3
4385,"['AA0', 'F', 'SH']","['AA', 'F', 'SH']",0,VCC,3
4386,"['F', 'SH', 'AY0']","['F', 'SH', 'AY']",0,CCV,3
4387,"['AY0', 'F', 'SH']","['AY', 'F', 'SH']",0,VCC,3
4388,"['F', 'SH', 'ER0']","['F', 'SH', 'ER']",0,CCV,3
4389,"['ER0', 'F', 'SH']","['ER', 'F', 'SH']",0,VCC,3
4390,"['F', 'SH', 'AO0']","['F', 'SH', 'AO']",0,CCV,3
4391,"['AO0', 'F', 'SH']","['AO', 'F', 'SH']",0,VCC,3
4392,"['F', 'SH', 'UW0']","['F', 'SH', 'UW']",0,CCV,3
4393,"['UW0', 'F', 'SH']","['UW', 'F', 'SH']",0,VCC,3
4394,"['F', 'SH', 'IH0']","['F', 'SH', 'IH']",0,CCV,3
4395,"['IH0', 'F', 'SH']","['IH', 'F', 'SH']",0,VCC,3
4396,"['F', 'SH', 'EH0']","['F', 'SH', 'EH']",0,CCV,3
4397,"['EH0', 'F', 'SH']","['EH', 'F', 'SH']",0,VCC,3
4398,"['F', 'SH', 'UH0']","['F', 'SH', 'UH']",0,CCV,3
4399,"['UH0', 'F', 'SH']","['UH', 'F', 'SH']",0,VCC,3
4400,"['F', 'SH', 'IY0']","['F', 'SH', 'IY']",0,CCV,3
4401,"['IY0', 'F', 'SH']","['IY', 'F', 'SH']",0,VCC,3
4402,"['F', 'SH', 'EY0']","['F', 'SH', 'EY']",0,CCV,3
4403,"['EY0', 'F', 'SH']","['EY', 'F', 'SH']",0,VCC,3
4404,"['F', 'SH', 'OW0']","['F', 'SH', 'OW']",0,CCV,3
4405,"['OW0', 'F', 'SH']","['OW', 'F', 'SH']",0,VCC,3
4406,"['F', 'SH', 'AE0']","['F', 'SH', 'AE']",0,CCV,3
4407,"['AE0', 'F', 'SH']","['AE', 'F', 'SH']",0,VCC,3
4408,"['F', 'SH', 'AW0']","['F', 'SH', 'AW']",0,CCV,3
4409,"['AW0', 'F', 'SH']","['AW', 'F', 'SH']",0,VCC,3
4410,"['F', 'Z', 'AH0']","['F', 'Z', 'AH']",0,CCV,3
4411,"['AH0', 'F', 'Z']","['AH', 'F', 'Z']",0,VCC,3
4412,"['F', 'Z', 'OY0']","['F', 'Z', 'OY']",0,CCV,3
4413,"['OY0', 'F', 'Z']","['OY', 'F', 'Z']",0,VCC,3
4414,"['F', 'Z', 'AA0']","['F', 'Z', 'AA']",0,CCV,3
4415,"['AA0', 'F', 'Z']","['AA', 'F', 'Z']",0,VCC,3
4416,"['F', 'Z', 'AY0']","['F', 'Z', 'AY']",0,CCV,3
4417,"['AY0', 'F', 'Z']","['AY', 'F', 'Z']",0,VCC,3
4418,"['F', 'Z', 'ER0']","['F', 'Z', 'ER']",0,CCV,3
4419,"['ER0', 'F', 'Z']","['ER', 'F', 'Z']",0,VCC,3
4420,"['F', 'Z', 'AO0']","['F', 'Z', 'AO']",0,CCV,3
4421,"['AO0', 'F', 'Z']","['AO', 'F', 'Z']",0,VCC,3
4422,"['F', 'Z', 'UW0']","['F', 'Z', 'UW']",0,CCV,3
4423,"['UW0', 'F', 'Z']","['UW', 'F', 'Z']",0,VCC,3
4424,"['F', 'Z', 'IH0']","['F', 'Z', 'IH']",0,CCV,3
4425,"['IH0', 'F', 'Z']","['IH', 'F', 'Z']",0,VCC,3
4426,"['F', 'Z', 'EH0']","['F', 'Z', 'EH']",0,CCV,3
4427,"['EH0', 'F', 'Z']","['EH', 'F', 'Z']",0,VCC,3
4428,"['F', 'Z', 'UH0']","['F', 'Z', 'UH']",0,CCV,3
4429,"['UH0', 'F', 'Z']","['UH', 'F', 'Z']",0,VCC,3
4430,"['F', 'Z', 'IY0']","['F', 'Z', 'IY']",0,CCV,3
4431,"['IY0', 'F', 'Z']","['IY', 'F', 'Z']",0,VCC,3
4432,"['F', 'Z', 'EY0']","['F', 'Z', 'EY']",0,CCV,3
4433,"['EY0', 'F', 'Z']","['EY', 'F', 'Z']",0,VCC,3
4434,"['F', 'Z', 'OW0']","['F', 'Z', 'OW']",0,CCV,3
4435,"['OW0', 'F', 'Z']","['OW', 'F', 'Z']",0,VCC,3
4436,"['F', 'Z', 'AE0']","['F', 'Z', 'AE']",0,CCV,3
4437,"['AE0', 'F', 'Z']","['AE', 'F', 'Z']",0,VCC,3
4438,"['F', 'Z', 'AW0']","['F', 'Z', 'AW']",0,CCV,3
4439,"['AW0', 'F', 'Z']","['AW', 'F', 'Z']",0,VCC,3
4440,"['F', 'ZH', 'AH0']","['F', 'ZH', 'AH']",0,CCV,3
4441,"['AH0', 'F', 'ZH']","['AH', 'F', 'ZH']",0,VCC,3
4442,"['F', 'ZH', 'OY0']","['F', 'ZH', 'OY']",0,CCV,3
4443,"['OY0', 'F', 'ZH']","['OY', 'F', 'ZH']",0,VCC,3
4444,"['F', 'ZH', 'AA0']","['F', 'ZH', 'AA']",0,CCV,3
4445,"['AA0', 'F', 'ZH']","['AA', 'F', 'ZH']",0,VCC,3
4446,"['F', 'ZH', 'AY0']","['F', 'ZH', 'AY']",0,CCV,3
4447,"['AY0', 'F', 'ZH']","['AY', 'F', 'ZH']",0,VCC,3
4448,"['F', 'ZH', 'ER0']","['F', 'ZH', 'ER']",0,CCV,3
4449,"['ER0', 'F', 'ZH']","['ER', 'F', 'ZH']",0,VCC,3
4450,"['F', 'ZH', 'AO0']","['F', 'ZH', 'AO']",0,CCV,3
4451,"['AO0', 'F', 'ZH']","['AO', 'F', 'ZH']",0,VCC,3
4452,"['F', 'ZH', 'UW0']","['F', 'ZH', 'UW']",0,CCV,3
4453,"['UW0', 'F', 'ZH']","['UW', 'F', 'ZH']",0,VCC,3
4454,"['F', 'ZH', 'IH0']","['F', 'ZH', 'IH']",0,CCV,3
4455,"['IH0', 'F', 'ZH']","['IH', 'F', 'ZH']",0,VCC,3
4456,"['F', 'ZH', 'EH0']","['F', 'ZH', 'EH']",0,CCV,3
4457,"['EH0', 'F', 'ZH']","['EH', 'F', 'ZH']",0,VCC,3
4458,"['F', 'ZH', 'UH0']","['F', 'ZH', 'UH']",0,CCV,3
4459,"['UH0', 'F', 'ZH']","['UH', 'F', 'ZH']",0,VCC,3
4460,"['F', 'ZH', 'IY0']","['F', 'ZH', 'IY']",0,CCV,3
4461,"['IY0', 'F', 'ZH']","['IY', 'F', 'ZH']",0,VCC,3
4462,"['F', 'ZH', 'EY0']","['F', 'ZH', 'EY']",0,CCV,3
4463,"['EY0', 'F', 'ZH']","['EY', 'F', 'ZH']",0,VCC,3
4464,"['F', 'ZH', 'OW0']","['F', 'ZH', 'OW']",0,CCV,3
4465,"['OW0', 'F', 'ZH']","['OW', 'F', 'ZH']",0,VCC,3
4466,"['F', 'ZH', 'AE0']","['F', 'ZH', 'AE']",0,CCV,3
4467,"['AE0', 'F', 'ZH']","['AE', 'F', 'ZH']",0,VCC,3
4468,"['F', 'ZH', 'AW0']","['F', 'ZH', 'AW']",0,CCV,3
4469,"['AW0', 'F', 'ZH']","['AW', 'F', 'ZH']",0,VCC,3
4470,"['F', 'V', 'AH0']","['F', 'V', 'AH']",0,CCV,3
4471,"['AH0', 'F', 'V']","['AH', 'F', 'V']",0,VCC,3
4472,"['F', 'V', 'OY0']","['F', 'V', 'OY']",0,CCV,3
4473,"['OY0', 'F', 'V']","['OY', 'F', 'V']",0,VCC,3
4474,"['F', 'V', 'AA0']","['F', 'V', 'AA']",0,CCV,3
4475,"['AA0', 'F', 'V']","['AA', 'F', 'V']",0,VCC,3
4476,"['F', 'V', 'AY0']","['F', 'V', 'AY']",0,CCV,3
4477,"['AY0', 'F', 'V']","['AY', 'F', 'V']",0,VCC,3
4478,"['F', 'V', 'ER0']","['F', 'V', 'ER']",0,CCV,3
4479,"['ER0', 'F', 'V']","['ER', 'F', 'V']",0,VCC,3
4480,"['F', 'V', 'AO0']","['F', 'V', 'AO']",0,CCV,3
4481,"['AO0', 'F', 'V']","['AO', 'F', 'V']",0,VCC,3
4482,"['F', 'V', 'UW0']","['F', 'V', 'UW']",0,CCV,3
4483,"['UW0', 'F', 'V']","['UW', 'F', 'V']",0,VCC,3
4484,"['F', 'V', 'IH0']","['F', 'V', 'IH']",0,CCV,3
4485,"['IH0', 'F', 'V']","['IH', 'F', 'V']",0,VCC,3
4486,"['F', 'V', 'EH0']","['F', 'V', 'EH']",0,CCV,3
4487,"['EH0', 'F', 'V']","['EH', 'F', 'V']",0,VCC,3
4488,"['F', 'V', 'UH0']","['F', 'V', 'UH']",0,CCV,3
4489,"['UH0', 'F', 'V']","['UH', 'F', 'V']",0,VCC,3
4490,"['F', 'V', 'IY0']","['F', 'V', 'IY']",0,CCV,3
4491,"['IY0', 'F', 'V']","['IY', 'F', 'V']",0,VCC,3
4492,"['F', 'V', 'EY0']","['F', 'V', 'EY']",0,CCV,3
4493,"['EY0', 'F', 'V']","['EY', 'F', 'V']",0,VCC,3
4494,"['F', 'V', 'OW0']","['F', 'V', 'OW']",0,CCV,3
4495,"['OW0', 'F', 'V']","['OW', 'F', 'V']",0,VCC,3
4496,"['F', 'V', 'AE0']","['F', 'V', 'AE']",0,CCV,3
4497,"['AE0', 'F', 'V']","['AE', 'F', 'V']",0,VCC,3
4498,"['F', 'V', 'AW0']","['F', 'V', 'AW']",0,CCV,3
4499,"['AW0', 'F', 'V']","['AW', 'F', 'V']",0,VCC,3
4500,"['F', 'DH', 'AH0']","['F', 'DH', 'AH']",0,CCV,3
4501,"['AH0', 'F', 'DH']","['AH', 'F', 'DH']",0,VCC,3
4502,"['F', 'DH', 'OY0']","['F', 'DH', 'OY']",0,CCV,3
4503,"['OY0', 'F', 'DH']","['OY', 'F', 'DH']",0,VCC,3
4504,"['F', 'DH', 'AA0']","['F', 'DH', 'AA']",0,CCV,3
4505,"['AA0', 'F', 'DH']","['AA', 'F', 'DH']",0,VCC,3
4506,"['F', 'DH', 'AY0']","['F', 'DH', 'AY']",0,CCV,3
4507,"['AY0', 'F', 'DH']","['AY', 'F', 'DH']",0,VCC,3
4508,"['F', 'DH', 'ER0']","['F', 'DH', 'ER']",0,CCV,3
4509,"['ER0', 'F', 'DH']","['ER', 'F', 'DH']",0,VCC,3
4510,"['F', 'DH', 'AO0']","['F', 'DH', 'AO']",0,CCV,3
4511,"['AO0', 'F', 'DH']","['AO', 'F', 'DH']",0,VCC,3
4512,"['F', 'DH', 'UW0']","['F', 'DH', 'UW']",0,CCV,3
4513,"['UW0', 'F', 'DH']","['UW', 'F', 'DH']",0,VCC,3
4514,"['F', 'DH', 'IH0']","['F', 'DH', 'IH']",0,CCV,3
4515,"['IH0', 'F', 'DH']","['IH', 'F', 'DH']",0,VCC,3
4516,"['F', 'DH', 'EH0']","['F', 'DH', 'EH']",0,CCV,3
4517,"['EH0', 'F', 'DH']","['EH', 'F', 'DH']",0,VCC,3
4518,"['F', 'DH', 'UH0']","['F', 'DH', 'UH']",0,CCV,3
4519,"['UH0', 'F', 'DH']","['UH', 'F', 'DH']",0,VCC,3
4520,"['F', 'DH', 'IY0']","['F', 'DH', 'IY']",0,CCV,3
4521,"['IY0', 'F', 'DH']","['IY', 'F', 'DH']",0,VCC,3
4522,"['F', 'DH', 'EY0']","['F', 'DH', 'EY']",0,CCV,3
4523,"['EY0', 'F', 'DH']","['EY', 'F', 'DH']",0,VCC,3
4524,"['F', 'DH', 'OW0']","['F', 'DH', 'OW']",0,CCV,3
4525,"['OW0', 'F', 'DH']","['OW', 'F', 'DH']",0,VCC,3
4526,"['F', 'DH', 'AE0']","['F', 'DH', 'AE']",0,CCV,3
4527,"['AE0', 'F', 'DH']","['AE', 'F', 'DH']",0,VCC,3
4528,"['F', 'DH', 'AW0']","['F', 'DH', 'AW']",0,CCV,3
4529,"['AW0', 'F', 'DH']","['AW', 'F', 'DH']",0,VCC,3
4530,"['F', 'HH', 'AH0']","['F', 'HH', 'AH']",0,CCV,3
4531,"['AH0', 'F', 'HH']","['AH', 'F', 'HH']",0,VCC,3
4532,"['F', 'HH', 'OY0']","['F', 'HH', 'OY']",0,CCV,3
4533,"['OY0', 'F', 'HH']","['OY', 'F', 'HH']",0,VCC,3
4534,"['F', 'HH', 'AA0']","['F', 'HH', 'AA']",0,CCV,3
4535,"['AA0', 'F', 'HH']","['AA', 'F', 'HH']",0,VCC,3
4536,"['F', 'HH', 'AY0']","['F', 'HH', 'AY']",0,CCV,3
4537,"['AY0', 'F', 'HH']","['AY', 'F', 'HH']",0,VCC,3
4538,"['F', 'HH', 'ER0']","['F', 'HH', 'ER']",0,CCV,3
4539,"['ER0', 'F', 'HH']","['ER', 'F', 'HH']",0,VCC,3
4540,"['F', 'HH', 'AO0']","['F', 'HH', 'AO']",0,CCV,3
4541,"['AO0', 'F', 'HH']","['AO', 'F', 'HH']",0,VCC,3
4542,"['F', 'HH', 'UW0']","['F', 'HH', 'UW']",0,CCV,3
4543,"['UW0', 'F', 'HH']","['UW', 'F', 'HH']",0,VCC,3
4544,"['F', 'HH', 'IH0']","['F', 'HH', 'IH']",0,CCV,3
4545,"['IH0', 'F', 'HH']","['IH', 'F', 'HH']",0,VCC,3
4546,"['F', 'HH', 'EH0']","['F', 'HH', 'EH']",0,CCV,3
4547,"['EH0', 'F', 'HH']","['EH', 'F', 'HH']",0,VCC,3
4548,"['F', 'HH', 'UH0']","['F', 'HH', 'UH']",0,CCV,3
4549,"['UH0', 'F', 'HH']","['UH', 'F', 'HH']",0,VCC,3
4550,"['F', 'HH', 'IY0']","['F', 'HH', 'IY']",0,CCV,3
4551,"['IY0', 'F', 'HH']","['IY', 'F', 'HH']",0,VCC,3
4552,"['F', 'HH', 'EY0']","['F', 'HH', 'EY']",0,CCV,3
4553,"['EY0', 'F', 'HH']","['EY', 'F', 'HH']",0,VCC,3
4554,"['F', 'HH', 'OW0']","['F', 'HH', 'OW']",0,CCV,3
4555,"['OW0', 'F', 'HH']","['OW', 'F', 'HH']",0,VCC,3
4556,"['F', 'HH', 'AE0']","['F', 'HH', 'AE']",0,CCV,3
4557,"['AE0', 'F', 'HH']","['AE', 'F', 'HH']",0,VCC,3
4558,"['F', 'HH', 'AW0']","['F', 'HH', 'AW']",0,CCV,3
4559,"['AW0', 'F', 'HH']","['AW', 'F', 'HH']",0,VCC,3
4560,"['F', 'CH', 'AH0']","['F', 'CH', 'AH']",1,CCV,3
4561,"['AH0', 'F', 'CH']","['AH', 'F', 'CH']",-1,VCC,3
4562,"['F', 'CH', 'OY0']","['F', 'CH', 'OY']",1,CCV,3
4563,"['OY0', 'F', 'CH']","['OY', 'F', 'CH']",-1,VCC,3
4564,"['F', 'CH', 'AA0']","['F', 'CH', 'AA']",1,CCV,3
4565,"['AA0', 'F', 'CH']","['AA', 'F', 'CH']",-1,VCC,3
4566,"['F', 'CH', 'AY0']","['F', 'CH', 'AY']",1,CCV,3
4567,"['AY0', 'F', 'CH']","['AY', 'F', 'CH']",-1,VCC,3
4568,"['F', 'CH', 'ER0']","['F', 'CH', 'ER']",1,CCV,3
4569,"['ER0', 'F', 'CH']","['ER', 'F', 'CH']",-1,VCC,3
4570,"['F', 'CH', 'AO0']","['F', 'CH', 'AO']",1,CCV,3
4571,"['AO0', 'F', 'CH']","['AO', 'F', 'CH']",-1,VCC,3
4572,"['F', 'CH', 'UW0']","['F', 'CH', 'UW']",1,CCV,3
4573,"['UW0', 'F', 'CH']","['UW', 'F', 'CH']",-1,VCC,3
4574,"['F', 'CH', 'IH0']","['F', 'CH', 'IH']",1,CCV,3
4575,"['IH0', 'F', 'CH']","['IH', 'F', 'CH']",-1,VCC,3
4576,"['F', 'CH', 'EH0']","['F', 'CH', 'EH']",1,CCV,3
4577,"['EH0', 'F', 'CH']","['EH', 'F', 'CH']",-1,VCC,3
4578,"['F', 'CH', 'UH0']","['F', 'CH', 'UH']",1,CCV,3
4579,"['UH0', 'F', 'CH']","['UH', 'F', 'CH']",-1,VCC,3
4580,"['F', 'CH', 'IY0']","['F', 'CH', 'IY']",1,CCV,3
4581,"['IY0', 'F', 'CH']","['IY', 'F', 'CH']",-1,VCC,3
4582,"['F', 'CH', 'EY0']","['F', 'CH', 'EY']",1,CCV,3
4583,"['EY0', 'F', 'CH']","['EY', 'F', 'CH']",-1,VCC,3
4584,"['F', 'CH', 'OW0']","['F', 'CH', 'OW']",1,CCV,3
4585,"['OW0', 'F', 'CH']","['OW', 'F', 'CH']",-1,VCC,3
4586,"['F', 'CH', 'AE0']","['F', 'CH', 'AE']",1,CCV,3
4587,"['AE0', 'F', 'CH']","['AE', 'F', 'CH']",-1,VCC,3
4588,"['F', 'CH', 'AW0']","['F', 'CH', 'AW']",1,CCV,3
4589,"['AW0', 'F', 'CH']","['AW', 'F', 'CH']",-1,VCC,3
4590,"['F', 'JH', 'AH0']","['F', 'JH', 'AH']",1,CCV,3
4591,"['AH0', 'F', 'JH']","['AH', 'F', 'JH']",-1,VCC,3
4592,"['F', 'JH', 'OY0']","['F', 'JH', 'OY']",1,CCV,3
4593,"['OY0', 'F', 'JH']","['OY', 'F', 'JH']",-1,VCC,3
4594,"['F', 'JH', 'AA0']","['F', 'JH', 'AA']",1,CCV,3
4595,"['AA0', 'F', 'JH']","['AA', 'F', 'JH']",-1,VCC,3
4596,"['F', 'JH', 'AY0']","['F', 'JH', 'AY']",1,CCV,3
4597,"['AY0', 'F', 'JH']","['AY', 'F', 'JH']",-1,VCC,3
4598,"['F', 'JH', 'ER0']","['F', 'JH', 'ER']",1,CCV,3
4599,"['ER0', 'F', 'JH']","['ER', 'F', 'JH']",-1,VCC,3
4600,"['F', 'JH', 'AO0']","['F', 'JH', 'AO']",1,CCV,3
4601,"['AO0', 'F', 'JH']","['AO', 'F', 'JH']",-1,VCC,3
4602,"['F', 'JH', 'UW0']","['F', 'JH', 'UW']",1,CCV,3
4603,"['UW0', 'F', 'JH']","['UW', 'F', 'JH']",-1,VCC,3
4604,"['F', 'JH', 'IH0']","['F', 'JH', 'IH']",1,CCV,3
4605,"['IH0', 'F', 'JH']","['IH', 'F', 'JH']",-1,VCC,3
4606,"['F', 'JH', 'EH0']","['F', 'JH', 'EH']",1,CCV,3
4607,"['EH0', 'F', 'JH']","['EH', 'F', 'JH']",-1,VCC,3
4608,"['F', 'JH', 'UH0']","['F', 'JH', 'UH']",1,CCV,3
4609,"['UH0', 'F', 'JH']","['UH', 'F', 'JH']",-1,VCC,3
4610,"['F', 'JH', 'IY0']","['F', 'JH', 'IY']",1,CCV,3
4611,"['IY0', 'F', 'JH']","['IY', 'F', 'JH']",-1,VCC,3
4612,"['F', 'JH', 'EY0']","['F', 'JH', 'EY']",1,CCV,3
4613,"['EY0', 'F', 'JH']","['EY', 'F', 'JH']",-1,VCC,3
4614,"['F', 'JH', 'OW0']","['F', 'JH', 'OW']",1,CCV,3
4615,"['OW0', 'F', 'JH']","['OW', 'F', 'JH']",-1,VCC,3
4616,"['F', 'JH', 'AE0']","['F', 'JH', 'AE']",1,CCV,3
4617,"['AE0', 'F', 'JH']","['AE', 'F', 'JH']",-1,VCC,3
4618,"['F', 'JH', 'AW0']","['F', 'JH', 'AW']",1,CCV,3
4619,"['AW0', 'F', 'JH']","['AW', 'F', 'JH']",-1,VCC,3
4620,"['F', 'M', 'AH0']","['F', 'M', 'AH']",2,CCV,3
4621,"['AH0', 'F', 'M']","['AH', 'F', 'M']",-2,VCC,3
4622,"['F', 'M', 'OY0']","['F', 'M', 'OY']",2,CCV,3
4623,"['OY0', 'F', 'M']","['OY', 'F', 'M']",-2,VCC,3
4624,"['F', 'M', 'AA0']","['F', 'M', 'AA']",2,CCV,3
4625,"['AA0', 'F', 'M']","['AA', 'F', 'M']",-2,VCC,3
4626,"['F', 'M', 'AY0']","['F', 'M', 'AY']",2,CCV,3
4627,"['AY0', 'F', 'M']","['AY', 'F', 'M']",-2,VCC,3
4628,"['F', 'M', 'ER0']","['F', 'M', 'ER']",2,CCV,3
4629,"['ER0', 'F', 'M']","['ER', 'F', 'M']",-2,VCC,3
4630,"['F', 'M', 'AO0']","['F', 'M', 'AO']",2,CCV,3
4631,"['AO0', 'F', 'M']","['AO', 'F', 'M']",-2,VCC,3
4632,"['F', 'M', 'UW0']","['F', 'M', 'UW']",2,CCV,3
4633,"['UW0', 'F', 'M']","['UW', 'F', 'M']",-2,VCC,3
4634,"['F', 'M', 'IH0']","['F', 'M', 'IH']",2,CCV,3
4635,"['IH0', 'F', 'M']","['IH', 'F', 'M']",-2,VCC,3
4636,"['F', 'M', 'EH0']","['F', 'M', 'EH']",2,CCV,3
4637,"['EH0', 'F', 'M']","['EH', 'F', 'M']",-2,VCC,3
4638,"['F', 'M', 'UH0']","['F', 'M', 'UH']",2,CCV,3
4639,"['UH0', 'F', 'M']","['UH', 'F', 'M']",-2,VCC,3
4640,"['F', 'M', 'IY0']","['F', 'M', 'IY']",2,CCV,3
4641,"['IY0', 'F', 'M']","['IY', 'F', 'M']",-2,VCC,3
4642,"['F', 'M', 'EY0']","['F', 'M', 'EY']",2,CCV,3
4643,"['EY0', 'F', 'M']","['EY', 'F', 'M']",-2,VCC,3
4644,"['F', 'M', 'OW0']","['F', 'M', 'OW']",2,CCV,3
4645,"['OW0', 'F', 'M']","['OW', 'F', 'M']",-2,VCC,3
4646,"['F', 'M', 'AE0']","['F', 'M', 'AE']",2,CCV,3
4647,"['AE0', 'F', 'M']","['AE', 'F', 'M']",-2,VCC,3
4648,"['F', 'M', 'AW0']","['F', 'M', 'AW']",2,CCV,3
4649,"['AW0', 'F', 'M']","['AW', 'F', 'M']",-2,VCC,3
4650,"['F', 'N', 'AH0']","['F', 'N', 'AH']",2,CCV,3
4651,"['AH0', 'F', 'N']","['AH', 'F', 'N']",-2,VCC,3
4652,"['F', 'N', 'OY0']","['F', 'N', 'OY']",2,CCV,3
4653,"['OY0', 'F', 'N']","['OY', 'F', 'N']",-2,VCC,3
4654,"['F', 'N', 'AA0']","['F', 'N', 'AA']",2,CCV,3
4655,"['AA0', 'F', 'N']","['AA', 'F', 'N']",-2,VCC,3
4656,"['F', 'N', 'AY0']","['F', 'N', 'AY']",2,CCV,3
4657,"['AY0', 'F', 'N']","['AY', 'F', 'N']",-2,VCC,3
4658,"['F', 'N', 'ER0']","['F', 'N', 'ER']",2,CCV,3
4659,"['ER0', 'F', 'N']","['ER', 'F', 'N']",-2,VCC,3
4660,"['F', 'N', 'AO0']","['F', 'N', 'AO']",2,CCV,3
4661,"['AO0', 'F', 'N']","['AO', 'F', 'N']",-2,VCC,3
4662,"['F', 'N', 'UW0']","['F', 'N', 'UW']",2,CCV,3
4663,"['UW0', 'F', 'N']","['UW', 'F', 'N']",-2,VCC,3
4664,"['F', 'N', 'IH0']","['F', 'N', 'IH']",2,CCV,3
4665,"['IH0', 'F', 'N']","['IH', 'F', 'N']",-2,VCC,3
4666,"['F', 'N', 'EH0']","['F', 'N', 'EH']",2,CCV,3
4667,"['EH0', 'F', 'N']","['EH', 'F', 'N']",-2,VCC,3
4668,"['F', 'N', 'UH0']","['F', 'N', 'UH']",2,CCV,3
4669,"['UH0', 'F', 'N']","['UH', 'F', 'N']",-2,VCC,3
4670,"['F', 'N', 'IY0']","['F', 'N', 'IY']",2,CCV,3
4671,"['IY0', 'F', 'N']","['IY', 'F', 'N']",-2,VCC,3
4672,"['F', 'N', 'EY0']","['F', 'N', 'EY']",2,CCV,3
4673,"['EY0', 'F', 'N']","['EY', 'F', 'N']",-2,VCC,3
4674,"['F', 'N', 'OW0']","['F', 'N', 'OW']",2,CCV,3
4675,"['OW0', 'F', 'N']","['OW', 'F', 'N']",-2,VCC,3
4676,"['F', 'N', 'AE0']","['F', 'N', 'AE']",2,CCV,3
4677,"['AE0', 'F', 'N']","['AE', 'F', 'N']",-2,VCC,3
4678,"['F', 'N', 'AW0']","['F', 'N', 'AW']",2,CCV,3
4679,"['AW0', 'F', 'N']","['AW', 'F', 'N']",-2,VCC,3
4680,"['F', 'NG', 'AH0']","['F', 'NG', 'AH']",2,CCV,3
4681,"['AH0', 'F', 'NG']","['AH', 'F', 'NG']",-2,VCC,3
4682,"['F', 'NG', 'OY0']","['F', 'NG', 'OY']",2,CCV,3
4683,"['OY0', 'F', 'NG']","['OY', 'F', 'NG']",-2,VCC,3
4684,"['F', 'NG', 'AA0']","['F', 'NG', 'AA']",2,CCV,3
4685,"['AA0', 'F', 'NG']","['AA', 'F', 'NG']",-2,VCC,3
4686,"['F', 'NG', 'AY0']","['F', 'NG', 'AY']",2,CCV,3
4687,"['AY0', 'F', 'NG']","['AY', 'F', 'NG']",-2,VCC,3
4688,"['F', 'NG', 'ER0']","['F', 'NG', 'ER']",2,CCV,3
4689,"['ER0', 'F', 'NG']","['ER', 'F', 'NG']",-2,VCC,3
4690,"['F', 'NG', 'AO0']","['F', 'NG', 'AO']",2,CCV,3
4691,"['AO0', 'F', 'NG']","['AO', 'F', 'NG']",-2,VCC,3
4692,"['F', 'NG', 'UW0']","['F', 'NG', 'UW']",2,CCV,3
4693,"['UW0', 'F', 'NG']","['UW', 'F', 'NG']",-2,VCC,3
4694,"['F', 'NG', 'IH0']","['F', 'NG', 'IH']",2,CCV,3
4695,"['IH0', 'F', 'NG']","['IH', 'F', 'NG']",-2,VCC,3
4696,"['F', 'NG', 'EH0']","['F', 'NG', 'EH']",2,CCV,3
4697,"['EH0', 'F', 'NG']","['EH', 'F', 'NG']",-2,VCC,3
4698,"['F', 'NG', 'UH0']","['F', 'NG', 'UH']",2,CCV,3
4699,"['UH0', 'F', 'NG']","['UH', 'F', 'NG']",-2,VCC,3
4700,"['F', 'NG', 'IY0']","['F', 'NG', 'IY']",2,CCV,3
4701,"['IY0', 'F', 'NG']","['IY', 'F', 'NG']",-2,VCC,3
4702,"['F', 'NG', 'EY0']","['F', 'NG', 'EY']",2,CCV,3
4703,"['EY0', 'F', 'NG']","['EY', 'F', 'NG']",-2,VCC,3
4704,"['F', 'NG', 'OW0']","['F', 'NG', 'OW']",2,CCV,3
4705,"['OW0', 'F', 'NG']","['OW', 'F', 'NG']",-2,VCC,3
4706,"['F', 'NG', 'AE0']","['F', 'NG', 'AE']",2,CCV,3
4707,"['AE0', 'F', 'NG']","['AE', 'F', 'NG']",-2,VCC,3
4708,"['F', 'NG', 'AW0']","['F', 'NG', 'AW']",2,CCV,3
4709,"['AW0', 'F', 'NG']","['AW', 'F', 'NG']",-2,VCC,3
4710,"['F', 'L', 'AH0']","['F', 'L', 'AH']",3,CCV,3
4711,"['AH0', 'F', 'L']","['AH', 'F', 'L']",-3,VCC,3
4712,"['F', 'L', 'OY0']","['F', 'L', 'OY']",3,CCV,3
4713,"['OY0', 'F', 'L']","['OY', 'F', 'L']",-3,VCC,3
4714,"['F', 'L', 'AA0']","['F', 'L', 'AA']",3,CCV,3
4715,"['AA0', 'F', 'L']","['AA', 'F', 'L']",-3,VCC,3
4716,"['F', 'L', 'AY0']","['F', 'L', 'AY']",3,CCV,3
4717,"['AY0', 'F', 'L']","['AY', 'F', 'L']",-3,VCC,3
4718,"['F', 'L', 'ER0']","['F', 'L', 'ER']",3,CCV,3
4719,"['ER0', 'F', 'L']","['ER', 'F', 'L']",-3,VCC,3
4720,"['F', 'L', 'AO0']","['F', 'L', 'AO']",3,CCV,3
4721,"['AO0', 'F', 'L']","['AO', 'F', 'L']",-3,VCC,3
4722,"['F', 'L', 'UW0']","['F', 'L', 'UW']",3,CCV,3
4723,"['UW0', 'F', 'L']","['UW', 'F', 'L']",-3,VCC,3
4724,"['F', 'L', 'IH0']","['F', 'L', 'IH']",3,CCV,3
4725,"['IH0', 'F', 'L']","['IH', 'F', 'L']",-3,VCC,3
4726,"['F', 'L', 'EH0']","['F', 'L', 'EH']",3,CCV,3
4727,"['EH0', 'F', 'L']","['EH', 'F', 'L']",-3,VCC,3
4728,"['F', 'L', 'UH0']","['F', 'L', 'UH']",3,CCV,3
4729,"['UH0', 'F', 'L']","['UH', 'F', 'L']",-3,VCC,3
4730,"['F', 'L', 'IY0']","['F', 'L', 'IY']",3,CCV,3
4731,"['IY0', 'F', 'L']","['IY', 'F', 'L']",-3,VCC,3
4732,"['F', 'L', 'EY0']","['F', 'L', 'EY']",3,CCV,3
4733,"['EY0', 'F', 'L']","['EY', 'F', 'L']",-3,VCC,3
4734,"['F', 'L', 'OW0']","['F', 'L', 'OW']",3,CCV,3
4735,"['OW0', 'F', 'L']","['OW', 'F', 'L']",-3,VCC,3
4736,"['F', 'L', 'AE0']","['F', 'L', 'AE']",3,CCV,3
4737,"['AE0', 'F', 'L']","['AE', 'F', 'L']",-3,VCC,3
4738,"['F', 'L', 'AW0']","['F', 'L', 'AW']",3,CCV,3
4739,"['AW0', 'F', 'L']","['AW', 'F', 'L']",-3,VCC,3
4740,"['F', 'R', 'AH0']","['F', 'R', 'AH']",3,CCV,3
4741,"['AH0', 'F', 'R']","['AH', 'F', 'R']",-3,VCC,3
4742,"['F', 'R', 'OY0']","['F', 'R', 'OY']",3,CCV,3
4743,"['OY0', 'F', 'R']","['OY', 'F', 'R']",-3,VCC,3
4744,"['F', 'R', 'AA0']","['F', 'R', 'AA']",3,CCV,3
4745,"['AA0', 'F', 'R']","['AA', 'F', 'R']",-3,VCC,3
4746,"['F', 'R', 'AY0']","['F', 'R', 'AY']",3,CCV,3
4747,"['AY0', 'F', 'R']","['AY', 'F', 'R']",-3,VCC,3
4748,"['F', 'R', 'ER0']","['F', 'R', 'ER']",3,CCV,3
4749,"['ER0', 'F', 'R']","['ER', 'F', 'R']",-3,VCC,3
4750,"['F', 'R', 'AO0']","['F', 'R', 'AO']",3,CCV,3
4751,"['AO0', 'F', 'R']","['AO', 'F', 'R']",-3,VCC,3
4752,"['F', 'R', 'UW0']","['F', 'R', 'UW']",3,CCV,3
4753,"['UW0', 'F', 'R']","['UW', 'F', 'R']",-3,VCC,3
4754,"['F', 'R', 'IH0']","['F', 'R', 'IH']",3,CCV,3
4755,"['IH0', 'F', 'R']","['IH', 'F', 'R']",-3,VCC,3
4756,"['F', 'R', 'EH0']","['F', 'R', 'EH']",3,CCV,3
4757,"['EH0', 'F', 'R']","['EH', 'F', 'R']",-3,VCC,3
4758,"['F', 'R', 'UH0']","['F', 'R', 'UH']",3,CCV,3
4759,"['UH0', 'F', 'R']","['UH', 'F', 'R']",-3,VCC,3
4760,"['F', 'R', 'IY0']","['F', 'R', 'IY']",3,CCV,3
4761,"['IY0', 'F', 'R']","['IY', 'F', 'R']",-3,VCC,3
4762,"['F', 'R', 'EY0']","['F', 'R', 'EY']",3,CCV,3
4763,"['EY0', 'F', 'R']","['EY', 'F', 'R']",-3,VCC,3
4764,"['F', 'R', 'OW0']","['F', 'R', 'OW']",3,CCV,3
4765,"['OW0', 'F', 'R']","['OW', 'F', 'R']",-3,VCC,3
4766,"['F', 'R', 'AE0']","['F', 'R', 'AE']",3,CCV,3
4767,"['AE0', 'F', 'R']","['AE', 'F', 'R']",-3,VCC,3
4768,"['F', 'R', 'AW0']","['F', 'R', 'AW']",3,CCV,3
4769,"['AW0', 'F', 'R']","['AW', 'F', 'R']",-3,VCC,3
4770,"['F', 'W', 'AH0']","['F', 'W', 'AH']",4,CCV,3
4771,"['AH0', 'F', 'W']","['AH', 'F', 'W']",-4,VCC,3
4772,"['F', 'W', 'OY0']","['F', 'W', 'OY']",4,CCV,3
4773,"['OY0', 'F', 'W']","['OY', 'F', 'W']",-4,VCC,3
4774,"['F', 'W', 'AA0']","['F', 'W', 'AA']",4,CCV,3
4775,"['AA0', 'F', 'W']","['AA', 'F', 'W']",-4,VCC,3
4776,"['F', 'W', 'AY0']","['F', 'W', 'AY']",4,CCV,3
4777,"['AY0', 'F', 'W']","['AY', 'F', 'W']",-4,VCC,3
4778,"['F', 'W', 'ER0']","['F', 'W', 'ER']",4,CCV,3
4779,"['ER0', 'F', 'W']","['ER', 'F', 'W']",-4,VCC,3
4780,"['F', 'W', 'AO0']","['F', 'W', 'AO']",4,CCV,3
4781,"['AO0', 'F', 'W']","['AO', 'F', 'W']",-4,VCC,3
4782,"['F', 'W', 'UW0']","['F', 'W', 'UW']",4,CCV,3
4783,"['UW0', 'F', 'W']","['UW', 'F', 'W']",-4,VCC,3
4784,"['F', 'W', 'IH0']","['F', 'W', 'IH']",4,CCV,3
4785,"['IH0', 'F', 'W']","['IH', 'F', 'W']",-4,VCC,3
4786,"['F', 'W', 'EH0']","['F', 'W', 'EH']",4,CCV,3
4787,"['EH0', 'F', 'W']","['EH', 'F', 'W']",-4,VCC,3
4788,"['F', 'W', 'UH0']","['F', 'W', 'UH']",4,CCV,3
4789,"['UH0', 'F', 'W']","['UH', 'F', 'W']",-4,VCC,3
4790,"['F', 'W', 'IY0']","['F', 'W', 'IY']",4,CCV,3
4791,"['IY0', 'F', 'W']","['IY', 'F', 'W']",-4,VCC,3
4792,"['F', 'W', 'EY0']","['F', 'W', 'EY']",4,CCV,3
4793,"['EY0', 'F', 'W']","['EY', 'F', 'W']",-4,VCC,3
4794,"['F', 'W', 'OW0']","['F', 'W', 'OW']",4,CCV,3
4795,"['OW0', 'F', 'W']","['OW', 'F', 'W']",-4,VCC,3
4796,"['F', 'W', 'AE0']","['F', 'W', 'AE']",4,CCV,3
4797,"['AE0', 'F', 'W']","['AE', 'F', 'W']",-4,VCC,3
4798,"['F', 'W', 'AW0']","['F', 'W', 'AW']",4,CCV,3
4799,"['AW0', 'F', 'W']","['AW', 'F', 'W']",-4,VCC,3
4800,"['F', 'Y', 'AH0']","['F', 'Y', 'AH']",4,CCV,3
4801,"['AH0', 'F', 'Y']","['AH', 'F', 'Y']",-4,VCC,3
4802,"['F', 'Y', 'OY0']","['F', 'Y', 'OY']",4,CCV,3
4803,"['OY0', 'F', 'Y']","['OY', 'F', 'Y']",-4,VCC,3
4804,"['F', 'Y', 'AA0']","['F', 'Y', 'AA']",4,CCV,3
4805,"['AA0', 'F', 'Y']","['AA', 'F', 'Y']",-4,VCC,3
4806,"['F', 'Y', 'AY0']","['F', 'Y', 'AY']",4,CCV,3
4807,"['AY0', 'F', 'Y']","['AY', 'F', 'Y']",-4,VCC,3
4808,"['F', 'Y', 'ER0']","['F', 'Y', 'ER']",4,CCV,3
4809,"['ER0', 'F', 'Y']","['ER', 'F', 'Y']",-4,VCC,3
4810,"['F', 'Y', 'AO0']","['F', 'Y', 'AO']",4,CCV,3
4811,"['AO0', 'F', 'Y']","['AO', 'F', 'Y']",-4,VCC,3
4812,"['F', 'Y', 'UW0']","['F', 'Y', 'UW']",4,CCV,3
4813,"['UW0', 'F', 'Y']","['UW', 'F', 'Y']",-4,VCC,3
4814,"['F', 'Y', 'IH0']","['F', 'Y', 'IH']",4,CCV,3
4815,"['IH0', 'F', 'Y']","['IH', 'F', 'Y']",-4,VCC,3
4816,"['F', 'Y', 'EH0']","['F', 'Y', 'EH']",4,CCV,3
4817,"['EH0', 'F', 'Y']","['EH', 'F', 'Y']",-4,VCC,3
4818,"['F', 'Y', 'UH0']","['F', 'Y', 'UH']",4,CCV,3
4819,"['UH0', 'F', 'Y']","['UH', 'F', 'Y']",-4,VCC,3
4820,"['F', 'Y', 'IY0']","['F', 'Y', 'IY']",4,CCV,3
4821,"['IY0', 'F', 'Y']","['IY', 'F', 'Y']",-4,VCC,3
4822,"['F', 'Y', 'EY0']","['F', 'Y', 'EY']",4,CCV,3
4823,"['EY0', 'F', 'Y']","['EY', 'F', 'Y']",-4,VCC,3
4824,"['F', 'Y', 'OW0']","['F', 'Y', 'OW']",4,CCV,3
4825,"['OW0', 'F', 'Y']","['OW', 'F', 'Y']",-4,VCC,3
4826,"['F', 'Y', 'AE0']","['F', 'Y', 'AE']",4,CCV,3
4827,"['AE0', 'F', 'Y']","['AE', 'F', 'Y']",-4,VCC,3
4828,"['F', 'Y', 'AW0']","['F', 'Y', 'AW']",4,CCV,3
4829,"['AW0', 'F', 'Y']","['AW', 'F', 'Y']",-4,VCC,3
4830,"['TH', 'P', 'AH0']","['TH', 'P', 'AH']",-1,CCV,3
4831,"['AH0', 'TH', 'P']","['AH', 'TH', 'P']",1,VCC,3
4832,"['TH', 'P', 'OY0']","['TH', 'P', 'OY']",-1,CCV,3
4833,"['OY0', 'TH', 'P']","['OY', 'TH', 'P']",1,VCC,3
4834,"['TH', 'P', 'AA0']","['TH', 'P', 'AA']",-1,CCV,3
4835,"['AA0', 'TH', 'P']","['AA', 'TH', 'P']",1,VCC,3
4836,"['TH', 'P', 'AY0']","['TH', 'P', 'AY']",-1,CCV,3
4837,"['AY0', 'TH', 'P']","['AY', 'TH', 'P']",1,VCC,3
4838,"['TH', 'P', 'ER0']","['TH', 'P', 'ER']",-1,CCV,3
4839,"['ER0', 'TH', 'P']","['ER', 'TH', 'P']",1,VCC,3
4840,"['TH', 'P', 'AO0']","['TH', 'P', 'AO']",-1,CCV,3
4841,"['AO0', 'TH', 'P']","['AO', 'TH', 'P']",1,VCC,3
4842,"['TH', 'P', 'UW0']","['TH', 'P', 'UW']",-1,CCV,3
4843,"['UW0', 'TH', 'P']","['UW', 'TH', 'P']",1,VCC,3
4844,"['TH', 'P', 'IH0']","['TH', 'P', 'IH']",-1,CCV,3
4845,"['IH0', 'TH', 'P']","['IH', 'TH', 'P']",1,VCC,3
4846,"['TH', 'P', 'EH0']","['TH', 'P', 'EH']",-1,CCV,3
4847,"['EH0', 'TH', 'P']","['EH', 'TH', 'P']",1,VCC,3
4848,"['TH', 'P', 'UH0']","['TH', 'P', 'UH']",-1,CCV,3
4849,"['UH0', 'TH', 'P']","['UH', 'TH', 'P']",1,VCC,3
4850,"['TH', 'P', 'IY0']","['TH', 'P', 'IY']",-1,CCV,3
4851,"['IY0', 'TH', 'P']","['IY', 'TH', 'P']",1,VCC,3
4852,"['TH', 'P', 'EY0']","['TH', 'P', 'EY']",-1,CCV,3
4853,"['EY0', 'TH', 'P']","['EY', 'TH', 'P']",1,VCC,3
4854,"['TH', 'P', 'OW0']","['TH', 'P', 'OW']",-1,CCV,3
4855,"['OW0', 'TH', 'P']","['OW', 'TH', 'P']",1,VCC,3
4856,"['TH', 'P', 'AE0']","['TH', 'P', 'AE']",-1,CCV,3
4857,"['AE0', 'TH', 'P']","['AE', 'TH', 'P']",1,VCC,3
4858,"['TH', 'P', 'AW0']","['TH', 'P', 'AW']",-1,CCV,3
4859,"['AW0', 'TH', 'P']","['AW', 'TH', 'P']",1,VCC,3
4860,"['TH', 'T', 'AH0']","['TH', 'T', 'AH']",-1,CCV,3
4861,"['AH0', 'TH', 'T']","['AH', 'TH', 'T']",1,VCC,3
4862,"['TH', 'T', 'OY0']","['TH', 'T', 'OY']",-1,CCV,3
4863,"['OY0', 'TH', 'T']","['OY', 'TH', 'T']",1,VCC,3
4864,"['TH', 'T', 'AA0']","['TH', 'T', 'AA']",-1,CCV,3
4865,"['AA0', 'TH', 'T']","['AA', 'TH', 'T']",1,VCC,3
4866,"['TH', 'T', 'AY0']","['TH', 'T', 'AY']",-1,CCV,3
4867,"['AY0', 'TH', 'T']","['AY', 'TH', 'T']",1,VCC,3
4868,"['TH', 'T', 'ER0']","['TH', 'T', 'ER']",-1,CCV,3
4869,"['ER0', 'TH', 'T']","['ER', 'TH', 'T']",1,VCC,3
4870,"['TH', 'T', 'AO0']","['TH', 'T', 'AO']",-1,CCV,3
4871,"['AO0', 'TH', 'T']","['AO', 'TH', 'T']",1,VCC,3
4872,"['TH', 'T', 'UW0']","['TH', 'T', 'UW']",-1,CCV,3
4873,"['UW0', 'TH', 'T']","['UW', 'TH', 'T']",1,VCC,3
4874,"['TH', 'T', 'IH0']","['TH', 'T', 'IH']",-1,CCV,3
4875,"['IH0', 'TH', 'T']","['IH', 'TH', 'T']",1,VCC,3
4876,"['TH', 'T', 'EH0']","['TH', 'T', 'EH']",-1,CCV,3
4877,"['EH0', 'TH', 'T']","['EH', 'TH', 'T']",1,VCC,3
4878,"['TH', 'T', 'UH0']","['TH', 'T', 'UH']",-1,CCV,3
4879,"['UH0', 'TH', 'T']","['UH', 'TH', 'T']",1,VCC,3
4880,"['TH', 'T', 'IY0']","['TH', 'T', 'IY']",-1,CCV,3
4881,"['IY0', 'TH', 'T']","['IY', 'TH', 'T']",1,VCC,3
4882,"['TH', 'T', 'EY0']","['TH', 'T', 'EY']",-1,CCV,3
4883,"['EY0', 'TH', 'T']","['EY', 'TH', 'T']",1,VCC,3
4884,"['TH', 'T', 'OW0']","['TH', 'T', 'OW']",-1,CCV,3
4885,"['OW0', 'TH', 'T']","['OW', 'TH', 'T']",1,VCC,3
4886,"['TH', 'T', 'AE0']","['TH', 'T', 'AE']",-1,CCV,3
4887,"['AE0', 'TH', 'T']","['AE', 'TH', 'T']",1,VCC,3
4888,"['TH', 'T', 'AW0']","['TH', 'T', 'AW']",-1,CCV,3
4889,"['AW0', 'TH', 'T']","['AW', 'TH', 'T']",1,VCC,3
4890,"['TH', 'K', 'AH0']","['TH', 'K', 'AH']",-1,CCV,3
4891,"['AH0', 'TH', 'K']","['AH', 'TH', 'K']",1,VCC,3
4892,"['TH', 'K', 'OY0']","['TH', 'K', 'OY']",-1,CCV,3
4893,"['OY0', 'TH', 'K']","['OY', 'TH', 'K']",1,VCC,3
4894,"['TH', 'K', 'AA0']","['TH', 'K', 'AA']",-1,CCV,3
4895,"['AA0', 'TH', 'K']","['AA', 'TH', 'K']",1,VCC,3
4896,"['TH', 'K', 'AY0']","['TH', 'K', 'AY']",-1,CCV,3
4897,"['AY0', 'TH', 'K']","['AY', 'TH', 'K']",1,VCC,3
4898,"['TH', 'K', 'ER0']","['TH', 'K', 'ER']",-1,CCV,3
4899,"['ER0', 'TH', 'K']","['ER', 'TH', 'K']",1,VCC,3
4900,"['TH', 'K', 'AO0']","['TH', 'K', 'AO']",-1,CCV,3
4901,"['AO0', 'TH', 'K']","['AO', 'TH', 'K']",1,VCC,3
4902,"['TH', 'K', 'UW0']","['TH', 'K', 'UW']",-1,CCV,3
4903,"['UW0', 'TH', 'K']","['UW', 'TH', 'K']",1,VCC,3
4904,"['TH', 'K', 'IH0']","['TH', 'K', 'IH']",-1,CCV,3
4905,"['IH0', 'TH', 'K']","['IH', 'TH', 'K']",1,VCC,3
4906,"['TH', 'K', 'EH0']","['TH', 'K', 'EH']",-1,CCV,3
4907,"['EH0', 'TH', 'K']","['EH', 'TH', 'K']",1,VCC,3
4908,"['TH', 'K', 'UH0']","['TH', 'K', 'UH']",-1,CCV,3
4909,"['UH0', 'TH', 'K']","['UH', 'TH', 'K']",1,VCC,3
4910,"['TH', 'K', 'IY0']","['TH', 'K', 'IY']",-1,CCV,3
4911,"['IY0', 'TH', 'K']","['IY', 'TH', 'K']",1,VCC,3
4912,"['TH', 'K', 'EY0']","['TH', 'K', 'EY']",-1,CCV,3
4913,"['EY0', 'TH', 'K']","['EY', 'TH', 'K']",1,VCC,3
4914,"['TH', 'K', 'OW0']","['TH', 'K', 'OW']",-1,CCV,3
4915,"['OW0', 'TH', 'K']","['OW', 'TH', 'K']",1,VCC,3
4916,"['TH', 'K', 'AE0']","['TH', 'K', 'AE']",-1,CCV,3
4917,"['AE0', 'TH', 'K']","['AE', 'TH', 'K']",1,VCC,3
4918,"['TH', 'K', 'AW0']","['TH', 'K', 'AW']",-1,CCV,3
4919,"['AW0', 'TH', 'K']","['AW', 'TH', 'K']",1,VCC,3
4920,"['TH', 'B', 'AH0']","['TH', 'B', 'AH']",-1,CCV,3
4921,"['AH0', 'TH', 'B']","['AH', 'TH', 'B']",1,VCC,3
4922,"['TH', 'B', 'OY0']","['TH', 'B', 'OY']",-1,CCV,3
4923,"['OY0', 'TH', 'B']","['OY', 'TH', 'B']",1,VCC,3
4924,"['TH', 'B', 'AA0']","['TH', 'B', 'AA']",-1,CCV,3
4925,"['AA0', 'TH', 'B']","['AA', 'TH', 'B']",1,VCC,3
4926,"['TH', 'B', 'AY0']","['TH', 'B', 'AY']",-1,CCV,3
4927,"['AY0', 'TH', 'B']","['AY', 'TH', 'B']",1,VCC,3
4928,"['TH', 'B', 'ER0']","['TH', 'B', 'ER']",-1,CCV,3
4929,"['ER0', 'TH', 'B']","['ER', 'TH', 'B']",1,VCC,3
4930,"['TH', 'B', 'AO0']","['TH', 'B', 'AO']",-1,CCV,3
4931,"['AO0', 'TH', 'B']","['AO', 'TH', 'B']",1,VCC,3
4932,"['TH', 'B', 'UW0']","['TH', 'B', 'UW']",-1,CCV,3
4933,"['UW0', 'TH', 'B']","['UW', 'TH', 'B']",1,VCC,3
4934,"['TH', 'B', 'IH0']","['TH', 'B', 'IH']",-1,CCV,3
4935,"['IH0', 'TH', 'B']","['IH', 'TH', 'B']",1,VCC,3
4936,"['TH', 'B', 'EH0']","['TH', 'B', 'EH']",-1,CCV,3
4937,"['EH0', 'TH', 'B']","['EH', 'TH', 'B']",1,VCC,3
4938,"['TH', 'B', 'UH0']","['TH', 'B', 'UH']",-1,CCV,3
4939,"['UH0', 'TH', 'B']","['UH', 'TH', 'B']",1,VCC,3
4940,"['TH', 'B', 'IY0']","['TH', 'B', 'IY']",-1,CCV,3
4941,"['IY0', 'TH', 'B']","['IY', 'TH', 'B']",1,VCC,3
4942,"['TH', 'B', 'EY0']","['TH', 'B', 'EY']",-1,CCV,3
4943,"['EY0', 'TH', 'B']","['EY', 'TH', 'B']",1,VCC,3
4944,"['TH', 'B', 'OW0']","['TH', 'B', 'OW']",-1,CCV,3
4945,"['OW0', 'TH', 'B']","['OW', 'TH', 'B']",1,VCC,3
4946,"['TH', 'B', 'AE0']","['TH', 'B', 'AE']",-1,CCV,3
4947,"['AE0', 'TH', 'B']","['AE', 'TH', 'B']",1,VCC,3
4948,"['TH', 'B', 'AW0']","['TH', 'B', 'AW']",-1,CCV,3
4949,"['AW0', 'TH', 'B']","['AW', 'TH', 'B']",1,VCC,3
4950,"['TH', 'D', 'AH0']","['TH', 'D', 'AH']",-1,CCV,3
4951,"['AH0', 'TH', 'D']","['AH', 'TH', 'D']",1,VCC,3
4952,"['TH', 'D', 'OY0']","['TH', 'D', 'OY']",-1,CCV,3
4953,"['OY0', 'TH', 'D']","['OY', 'TH', 'D']",1,VCC,3
4954,"['TH', 'D', 'AA0']","['TH', 'D', 'AA']",-1,CCV,3
4955,"['AA0', 'TH', 'D']","['AA', 'TH', 'D']",1,VCC,3
4956,"['TH', 'D', 'AY0']","['TH', 'D', 'AY']",-1,CCV,3
4957,"['AY0', 'TH', 'D']","['AY', 'TH', 'D']",1,VCC,3
4958,"['TH', 'D', 'ER0']","['TH', 'D', 'ER']",-1,CCV,3
4959,"['ER0', 'TH', 'D']","['ER', 'TH', 'D']",1,VCC,3
4960,"['TH', 'D', 'AO0']","['TH', 'D', 'AO']",-1,CCV,3
4961,"['AO0', 'TH', 'D']","['AO', 'TH', 'D']",1,VCC,3
4962,"['TH', 'D', 'UW0']","['TH', 'D', 'UW']",-1,CCV,3
4963,"['UW0', 'TH', 'D']","['UW', 'TH', 'D']",1,VCC,3
4964,"['TH', 'D', 'IH0']","['TH', 'D', 'IH']",-1,CCV,3
4965,"['IH0', 'TH', 'D']","['IH', 'TH', 'D']",1,VCC,3
4966,"['TH', 'D', 'EH0']","['TH', 'D', 'EH']",-1,CCV,3
4967,"['EH0', 'TH', 'D']","['EH', 'TH', 'D']",1,VCC,3
4968,"['TH', 'D', 'UH0']","['TH', 'D', 'UH']",-1,CCV,3
4969,"['UH0', 'TH', 'D']","['UH', 'TH', 'D']",1,VCC,3
4970,"['TH', 'D', 'IY0']","['TH', 'D', 'IY']",-1,CCV,3
4971,"['IY0', 'TH', 'D']","['IY', 'TH', 'D']",1,VCC,3
4972,"['TH', 'D', 'EY0']","['TH', 'D', 'EY']",-1,CCV,3
4973,"['EY0', 'TH', 'D']","['EY', 'TH', 'D']",1,VCC,3
4974,"['TH', 'D', 'OW0']","['TH', 'D', 'OW']",-1,CCV,3
4975,"['OW0', 'TH', 'D']","['OW', 'TH', 'D']",1,VCC,3
4976,"['TH', 'D', 'AE0']","['TH', 'D', 'AE']",-1,CCV,3
4977,"['AE0', 'TH', 'D']","['AE', 'TH', 'D']",1,VCC,3
4978,"['TH', 'D', 'AW0']","['TH', 'D', 'AW']",-1,CCV,3
4979,"['AW0', 'TH', 'D']","['AW', 'TH', 'D']",1,VCC,3
4980,"['TH', 'G', 'AH0']","['TH', 'G', 'AH']",-1,CCV,3
4981,"['AH0', 'TH', 'G']","['AH', 'TH', 'G']",1,VCC,3
4982,"['TH', 'G', 'OY0']","['TH', 'G', 'OY']",-1,CCV,3
4983,"['OY0', 'TH', 'G']","['OY', 'TH', 'G']",1,VCC,3
4984,"['TH', 'G', 'AA0']","['TH', 'G', 'AA']",-1,CCV,3
4985,"['AA0', 'TH', 'G']","['AA', 'TH', 'G']",1,VCC,3
4986,"['TH', 'G', 'AY0']","['TH', 'G', 'AY']",-1,CCV,3
4987,"['AY0', 'TH', 'G']","['AY', 'TH', 'G']",1,VCC,3
4988,"['TH', 'G', 'ER0']","['TH', 'G', 'ER']",-1,CCV,3
4989,"['ER0', 'TH', 'G']","['ER', 'TH', 'G']",1,VCC,3
4990,"['TH', 'G', 'AO0']","['TH', 'G', 'AO']",-1,CCV,3
4991,"['AO0', 'TH', 'G']","['AO', 'TH', 'G']",1,VCC,3
4992,"['TH', 'G', 'UW0']","['TH', 'G', 'UW']",-1,CCV,3
4993,"['UW0', 'TH', 'G']","['UW', 'TH', 'G']",1,VCC,3
4994,"['TH', 'G', 'IH0']","['TH', 'G', 'IH']",-1,CCV,3
4995,"['IH0', 'TH', 'G']","['IH', 'TH', 'G']",1,VCC,3
4996,"['TH', 'G', 'EH0']","['TH', 'G', 'EH']",-1,CCV,3
4997,"['EH0', 'TH', 'G']","['EH', 'TH', 'G']",1,VCC,3
4998,"['TH', 'G', 'UH0']","['TH', 'G', 'UH']",-1,CCV,3
4999,"['UH0', 'TH', 'G']","['UH', 'TH', 'G']",1,VCC,3
5000,"['TH', 'G', 'IY0']","['TH', 'G', 'IY']",-1,CCV,3
5001,"['IY0', 'TH', 'G']","['IY', 'TH', 'G']",1,VCC,3
5002,"['TH', 'G', 'EY0']","['TH', 'G', 'EY']",-1,CCV,3
5003,"['EY0', 'TH', 'G']","['EY', 'TH', 'G']",1,VCC,3
5004,"['TH', 'G', 'OW0']","['TH', 'G', 'OW']",-1,CCV,3
5005,"['OW0', 'TH', 'G']","['OW', 'TH', 'G']",1,VCC,3
5006,"['TH', 'G', 'AE0']","['TH', 'G', 'AE']",-1,CCV,3
5007,"['AE0', 'TH', 'G']","['AE', 'TH', 'G']",1,VCC,3
5008,"['TH', 'G', 'AW0']","['TH', 'G', 'AW']",-1,CCV,3
5009,"['AW0', 'TH', 'G']","['AW', 'TH', 'G']",1,VCC,3
5010,"['TH', 'F', 'AH0']","['TH', 'F', 'AH']",0,CCV,3
5011,"['AH0', 'TH', 'F']","['AH', 'TH', 'F']",0,VCC,3
5012,"['TH', 'F', 'OY0']","['TH', 'F', 'OY']",0,CCV,3
5013,"['OY0', 'TH', 'F']","['OY', 'TH', 'F']",0,VCC,3
5014,"['TH', 'F', 'AA0']","['TH', 'F', 'AA']",0,CCV,3
5015,"['AA0', 'TH', 'F']","['AA', 'TH', 'F']",0,VCC,3
5016,"['TH', 'F', 'AY0']","['TH', 'F', 'AY']",0,CCV,3
5017,"['AY0', 'TH', 'F']","['AY', 'TH', 'F']",0,VCC,3
5018,"['TH', 'F', 'ER0']","['TH', 'F', 'ER']",0,CCV,3
5019,"['ER0', 'TH', 'F']","['ER', 'TH', 'F']",0,VCC,3
5020,"['TH', 'F', 'AO0']","['TH', 'F', 'AO']",0,CCV,3
5021,"['AO0', 'TH', 'F']","['AO', 'TH', 'F']",0,VCC,3
5022,"['TH', 'F', 'UW0']","['TH', 'F', 'UW']",0,CCV,3
5023,"['UW0', 'TH', 'F']","['UW', 'TH', 'F']",0,VCC,3
5024,"['TH', 'F', 'IH0']","['TH', 'F', 'IH']",0,CCV,3
5025,"['IH0', 'TH', 'F']","['IH', 'TH', 'F']",0,VCC,3
5026,"['TH', 'F', 'EH0']","['TH', 'F', 'EH']",0,CCV,3
5027,"['EH0', 'TH', 'F']","['EH', 'TH', 'F']",0,VCC,3
5028,"['TH', 'F', 'UH0']","['TH', 'F', 'UH']",0,CCV,3
5029,"['UH0', 'TH', 'F']","['UH', 'TH', 'F']",0,VCC,3
5030,"['TH', 'F', 'IY0']","['TH', 'F', 'IY']",0,CCV,3
5031,"['IY0', 'TH', 'F']","['IY', 'TH', 'F']",0,VCC,3
5032,"['TH', 'F', 'EY0']","['TH', 'F', 'EY']",0,CCV,3
5033,"['EY0', 'TH', 'F']","['EY', 'TH', 'F']",0,VCC,3
5034,"['TH', 'F', 'OW0']","['TH', 'F', 'OW']",0,CCV,3
5035,"['OW0', 'TH', 'F']","['OW', 'TH', 'F']",0,VCC,3
5036,"['TH', 'F', 'AE0']","['TH', 'F', 'AE']",0,CCV,3
5037,"['AE0', 'TH', 'F']","['AE', 'TH', 'F']",0,VCC,3
5038,"['TH', 'F', 'AW0']","['TH', 'F', 'AW']",0,CCV,3
5039,"['AW0', 'TH', 'F']","['AW', 'TH', 'F']",0,VCC,3
5040,"['TH', 'S', 'AH0']","['TH', 'S', 'AH']",0,CCV,3
5041,"['AH0', 'TH', 'S']","['AH', 'TH', 'S']",0,VCC,3
5042,"['TH', 'S', 'OY0']","['TH', 'S', 'OY']",0,CCV,3
5043,"['OY0', 'TH', 'S']","['OY', 'TH', 'S']",0,VCC,3
5044,"['TH', 'S', 'AA0']","['TH', 'S', 'AA']",0,CCV,3
5045,"['AA0', 'TH', 'S']","['AA', 'TH', 'S']",0,VCC,3
5046,"['TH', 'S', 'AY0']","['TH', 'S', 'AY']",0,CCV,3
5047,"['AY0', 'TH', 'S']","['AY', 'TH', 'S']",0,VCC,3
5048,"['TH', 'S', 'ER0']","['TH', 'S', 'ER']",0,CCV,3
5049,"['ER0', 'TH', 'S']","['ER', 'TH', 'S']",0,VCC,3
5050,"['TH', 'S', 'AO0']","['TH', 'S', 'AO']",0,CCV,3
5051,"['AO0', 'TH', 'S']","['AO', 'TH', 'S']",0,VCC,3
5052,"['TH', 'S', 'UW0']","['TH', 'S', 'UW']",0,CCV,3
5053,"['UW0', 'TH', 'S']","['UW', 'TH', 'S']",0,VCC,3
5054,"['TH', 'S', 'IH0']","['TH', 'S', 'IH']",0,CCV,3
5055,"['IH0', 'TH', 'S']","['IH', 'TH', 'S']",0,VCC,3
5056,"['TH', 'S', 'EH0']","['TH', 'S', 'EH']",0,CCV,3
5057,"['EH0', 'TH', 'S']","['EH', 'TH', 'S']",0,VCC,3
5058,"['TH', 'S', 'UH0']","['TH', 'S', 'UH']",0,CCV,3
5059,"['UH0', 'TH', 'S']","['UH', 'TH', 'S']",0,VCC,3
5060,"['TH', 'S', 'IY0']","['TH', 'S', 'IY']",0,CCV,3
5061,"['IY0', 'TH', 'S']","['IY', 'TH', 'S']",0,VCC,3
5062,"['TH', 'S', 'EY0']","['TH', 'S', 'EY']",0,CCV,3
5063,"['EY0', 'TH', 'S']","['EY', 'TH', 'S']",0,VCC,3
5064,"['TH', 'S', 'OW0']","['TH', 'S', 'OW']",0,CCV,3
5065,"['OW0', 'TH', 'S']","['OW', 'TH', 'S']",0,VCC,3
5066,"['TH', 'S', 'AE0']","['TH', 'S', 'AE']",0,CCV,3
5067,"['AE0', 'TH', 'S']","['AE', 'TH', 'S']",0,VCC,3
5068,"['TH', 'S', 'AW0']","['TH', 'S', 'AW']",0,CCV,3
5069,"['AW0', 'TH', 'S']","['AW', 'TH', 'S']",0,VCC,3
5070,"['TH', 'SH', 'AH0']","['TH', 'SH', 'AH']",0,CCV,3
5071,"['AH0', 'TH', 'SH']","['AH', 'TH', 'SH']",0,VCC,3
5072,"['TH', 'SH', 'OY0']","['TH', 'SH', 'OY']",0,CCV,3
5073,"['OY0', 'TH', 'SH']","['OY', 'TH', 'SH']",0,VCC,3
5074,"['TH', 'SH', 'AA0']","['TH', 'SH', 'AA']",0,CCV,3
5075,"['AA0', 'TH', 'SH']","['AA', 'TH', 'SH']",0,VCC,3
5076,"['TH', 'SH', 'AY0']","['TH', 'SH', 'AY']",0,CCV,3
5077,"['AY0', 'TH', 'SH']","['AY', 'TH', 'SH']",0,VCC,3
5078,"['TH', 'SH', 'ER0']","['TH', 'SH', 'ER']",0,CCV,3
5079,"['ER0', 'TH', 'SH']","['ER', 'TH', 'SH']",0,VCC,3
5080,"['TH', 'SH', 'AO0']","['TH', 'SH', 'AO']",0,CCV,3
5081,"['AO0', 'TH', 'SH']","['AO', 'TH', 'SH']",0,VCC,3
5082,"['TH', 'SH', 'UW0']","['TH', 'SH', 'UW']",0,CCV,3
5083,"['UW0', 'TH', 'SH']","['UW', 'TH', 'SH']",0,VCC,3
5084,"['TH', 'SH', 'IH0']","['TH', 'SH', 'IH']",0,CCV,3
5085,"['IH0', 'TH', 'SH']","['IH', 'TH', 'SH']",0,VCC,3
5086,"['TH', 'SH', 'EH0']","['TH', 'SH', 'EH']",0,CCV,3
5087,"['EH0', 'TH', 'SH']","['EH', 'TH', 'SH']",0,VCC,3
5088,"['TH', 'SH', 'UH0']","['TH', 'SH', 'UH']",0,CCV,3
5089,"['UH0', 'TH', 'SH']","['UH', 'TH', 'SH']",0,VCC,3
5090,"['TH', 'SH', 'IY0']","['TH', 'SH', 'IY']",0,CCV,3
5091,"['IY0', 'TH', 'SH']","['IY', 'TH', 'SH']",0,VCC,3
5092,"['TH', 'SH', 'EY0']","['TH', 'SH', 'EY']",0,CCV,3
5093,"['EY0', 'TH', 'SH']","['EY', 'TH', 'SH']",0,VCC,3
5094,"['TH', 'SH', 'OW0']","['TH', 'SH', 'OW']",0,CCV,3
5095,"['OW0', 'TH', 'SH']","['OW', 'TH', 'SH']",0,VCC,3
5096,"['TH', 'SH', 'AE0']","['TH', 'SH', 'AE']",0,CCV,3
5097,"['AE0', 'TH', 'SH']","['AE', 'TH', 'SH']",0,VCC,3
5098,"['TH', 'SH', 'AW0']","['TH', 'SH', 'AW']",0,CCV,3
5099,"['AW0', 'TH', 'SH']","['AW', 'TH', 'SH']",0,VCC,3
5100,"['TH', 'Z', 'AH0']","['TH', 'Z', 'AH']",0,CCV,3
5101,"['AH0', 'TH', 'Z']","['AH', 'TH', 'Z']",0,VCC,3
5102,"['TH', 'Z', 'OY0']","['TH', 'Z', 'OY']",0,CCV,3
5103,"['OY0', 'TH', 'Z']","['OY', 'TH', 'Z']",0,VCC,3
5104,"['TH', 'Z', 'AA0']","['TH', 'Z', 'AA']",0,CCV,3
5105,"['AA0', 'TH', 'Z']","['AA', 'TH', 'Z']",0,VCC,3
5106,"['TH', 'Z', 'AY0']","['TH', 'Z', 'AY']",0,CCV,3
5107,"['AY0', 'TH', 'Z']","['AY', 'TH', 'Z']",0,VCC,3
5108,"['TH', 'Z', 'ER0']","['TH', 'Z', 'ER']",0,CCV,3
5109,"['ER0', 'TH', 'Z']","['ER', 'TH', 'Z']",0,VCC,3
5110,"['TH', 'Z', 'AO0']","['TH', 'Z', 'AO']",0,CCV,3
5111,"['AO0', 'TH', 'Z']","['AO', 'TH', 'Z']",0,VCC,3
5112,"['TH', 'Z', 'UW0']","['TH', 'Z', 'UW']",0,CCV,3
5113,"['UW0', 'TH', 'Z']","['UW', 'TH', 'Z']",0,VCC,3
5114,"['TH', 'Z', 'IH0']","['TH', 'Z', 'IH']",0,CCV,3
5115,"['IH0', 'TH', 'Z']","['IH', 'TH', 'Z']",0,VCC,3
5116,"['TH', 'Z', 'EH0']","['TH', 'Z', 'EH']",0,CCV,3
5117,"['EH0', 'TH', 'Z']","['EH', 'TH', 'Z']",0,VCC,3
5118,"['TH', 'Z', 'UH0']","['TH', 'Z', 'UH']",0,CCV,3
5119,"['UH0', 'TH', 'Z']","['UH', 'TH', 'Z']",0,VCC,3
5120,"['TH', 'Z', 'IY0']","['TH', 'Z', 'IY']",0,CCV,3
5121,"['IY0', 'TH', 'Z']","['IY', 'TH', 'Z']",0,VCC,3
5122,"['TH', 'Z', 'EY0']","['TH', 'Z', 'EY']",0,CCV,3
5123,"['EY0', 'TH', 'Z']","['EY', 'TH', 'Z']",0,VCC,3
5124,"['TH', 'Z', 'OW0']","['TH', 'Z', 'OW']",0,CCV,3
5125,"['OW0', 'TH', 'Z']","['OW', 'TH', 'Z']",0,VCC,3
5126,"['TH', 'Z', 'AE0']","['TH', 'Z', 'AE']",0,CCV,3
5127,"['AE0', 'TH', 'Z']","['AE', 'TH', 'Z']",0,VCC,3
5128,"['TH', 'Z', 'AW0']","['TH', 'Z', 'AW']",0,CCV,3
5129,"['AW0', 'TH', 'Z']","['AW', 'TH', 'Z']",0,VCC,3
5130,"['TH', 'ZH', 'AH0']","['TH', 'ZH', 'AH']",0,CCV,3
5131,"['AH0', 'TH', 'ZH']","['AH', 'TH', 'ZH']",0,VCC,3
5132,"['TH', 'ZH', 'OY0']","['TH', 'ZH', 'OY']",0,CCV,3
5133,"['OY0', 'TH', 'ZH']","['OY', 'TH', 'ZH']",0,VCC,3
5134,"['TH', 'ZH', 'AA0']","['TH', 'ZH', 'AA']",0,CCV,3
5135,"['AA0', 'TH', 'ZH']","['AA', 'TH', 'ZH']",0,VCC,3
5136,"['TH', 'ZH', 'AY0']","['TH', 'ZH', 'AY']",0,CCV,3
5137,"['AY0', 'TH', 'ZH']","['AY', 'TH', 'ZH']",0,VCC,3
5138,"['TH', 'ZH', 'ER0']","['TH', 'ZH', 'ER']",0,CCV,3
5139,"['ER0', 'TH', 'ZH']","['ER', 'TH', 'ZH']",0,VCC,3
5140,"['TH', 'ZH', 'AO0']","['TH', 'ZH', 'AO']",0,CCV,3
5141,"['AO0', 'TH', 'ZH']","['AO', 'TH', 'ZH']",0,VCC,3
5142,"['TH', 'ZH', 'UW0']","['TH', 'ZH', 'UW']",0,CCV,3
5143,"['UW0', 'TH', 'ZH']","['UW', 'TH', 'ZH']",0,VCC,3
5144,"['TH', 'ZH', 'IH0']","['TH', 'ZH', 'IH']",0,CCV,3
5145,"['IH0', 'TH', 'ZH']","['IH', 'TH', 'ZH']",0,VCC,3
5146,"['TH', 'ZH', 'EH0']","['TH', 'ZH', 'EH']",0,CCV,3
5147,"['EH0', 'TH', 'ZH']","['EH', 'TH', 'ZH']",0,VCC,3
5148,"['TH', 'ZH', 'UH0']","['TH', 'ZH', 'UH']",0,CCV,3
5149,"['UH0', 'TH', 'ZH']","['UH', 'TH', 'ZH']",0,VCC,3
5150,"['TH', 'ZH', 'IY0']","['TH', 'ZH', 'IY']",0,CCV,3
5151,"['IY0', 'TH', 'ZH']","['IY', 'TH', 'ZH']",0,VCC,3
5152,"['TH', 'ZH', 'EY0']","['TH', 'ZH', 'EY']",0,CCV,3
5153,"['EY0', 'TH', 'ZH']","['EY', 'TH', 'ZH']",0,VCC,3
5154,"['TH', 'ZH', 'OW0']","['TH', 'ZH', 'OW']",0,CCV,3
5155,"['OW0', 'TH', 'ZH']","['OW', 'TH', 'ZH']",0,VCC,3
5156,"['TH', 'ZH', 'AE0']","['TH', 'ZH', 'AE']",0,CCV,3
5157,"['AE0', 'TH', 'ZH']","['AE', 'TH', 'ZH']",0,VCC,3
5158,"['TH', 'ZH', 'AW0']","['TH', 'ZH', 'AW']",0,CCV,3
5159,"['AW0', 'TH', 'ZH']","['AW', 'TH', 'ZH']",0,VCC,3
5160,"['TH', 'V', 'AH0']","['TH', 'V', 'AH']",0,CCV,3
5161,"['AH0', 'TH', 'V']","['AH', 'TH', 'V']",0,VCC,3
5162,"['TH', 'V', 'OY0']","['TH', 'V', 'OY']",0,CCV,3
5163,"['OY0', 'TH', 'V']","['OY', 'TH', 'V']",0,VCC,3
5164,"['TH', 'V', 'AA0']","['TH', 'V', 'AA']",0,CCV,3
5165,"['AA0', 'TH', 'V']","['AA', 'TH', 'V']",0,VCC,3
5166,"['TH', 'V', 'AY0']","['TH', 'V', 'AY']",0,CCV,3
5167,"['AY0', 'TH', 'V']","['AY', 'TH', 'V']",0,VCC,3
5168,"['TH', 'V', 'ER0']","['TH', 'V', 'ER']",0,CCV,3
5169,"['ER0', 'TH', 'V']","['ER', 'TH', 'V']",0,VCC,3
5170,"['TH', 'V', 'AO0']","['TH', 'V', 'AO']",0,CCV,3
5171,"['AO0', 'TH', 'V']","['AO', 'TH', 'V']",0,VCC,3
5172,"['TH', 'V', 'UW0']","['TH', 'V', 'UW']",0,CCV,3
5173,"['UW0', 'TH', 'V']","['UW', 'TH', 'V']",0,VCC,3
5174,"['TH', 'V', 'IH0']","['TH', 'V', 'IH']",0,CCV,3
5175,"['IH0', 'TH', 'V']","['IH', 'TH', 'V']",0,VCC,3
5176,"['TH', 'V', 'EH0']","['TH', 'V', 'EH']",0,CCV,3
5177,"['EH0', 'TH', 'V']","['EH', 'TH', 'V']",0,VCC,3
5178,"['TH', 'V', 'UH0']","['TH', 'V', 'UH']",0,CCV,3
5179,"['UH0', 'TH', 'V']","['UH', 'TH', 'V']",0,VCC,3
5180,"['TH', 'V', 'IY0']","['TH', 'V', 'IY']",0,CCV,3
5181,"['IY0', 'TH', 'V']","['IY', 'TH', 'V']",0,VCC,3
5182,"['TH', 'V', 'EY0']","['TH', 'V', 'EY']",0,CCV,3
5183,"['EY0', 'TH', 'V']","['EY', 'TH', 'V']",0,VCC,3
5184,"['TH', 'V', 'OW0']","['TH', 'V', 'OW']",0,CCV,3
5185,"['OW0', 'TH', 'V']","['OW', 'TH', 'V']",0,VCC,3
5186,"['TH', 'V', 'AE0']","['TH', 'V', 'AE']",0,CCV,3
5187,"['AE0', 'TH', 'V']","['AE', 'TH', 'V']",0,VCC,3
5188,"['TH', 'V', 'AW0']","['TH', 'V', 'AW']",0,CCV,3
5189,"['AW0', 'TH', 'V']","['AW', 'TH', 'V']",0,VCC,3
5190,"['TH', 'DH', 'AH0']","['TH', 'DH', 'AH']",0,CCV,3
5191,"['AH0', 'TH', 'DH']","['AH', 'TH', 'DH']",0,VCC,3
5192,"['TH', 'DH', 'OY0']","['TH', 'DH', 'OY']",0,CCV,3
5193,"['OY0', 'TH', 'DH']","['OY', 'TH', 'DH']",0,VCC,3
5194,"['TH', 'DH', 'AA0']","['TH', 'DH', 'AA']",0,CCV,3
5195,"['AA0', 'TH', 'DH']","['AA', 'TH', 'DH']",0,VCC,3
5196,"['TH', 'DH', 'AY0']","['TH', 'DH', 'AY']",0,CCV,3
5197,"['AY0', 'TH', 'DH']","['AY', 'TH', 'DH']",0,VCC,3
5198,"['TH', 'DH', 'ER0']","['TH', 'DH', 'ER']",0,CCV,3
5199,"['ER0', 'TH', 'DH']","['ER', 'TH', 'DH']",0,VCC,3
5200,"['TH', 'DH', 'AO0']","['TH', 'DH', 'AO']",0,CCV,3
5201,"['AO0', 'TH', 'DH']","['AO', 'TH', 'DH']",0,VCC,3
5202,"['TH', 'DH', 'UW0']","['TH', 'DH', 'UW']",0,CCV,3
5203,"['UW0', 'TH', 'DH']","['UW', 'TH', 'DH']",0,VCC,3
5204,"['TH', 'DH', 'IH0']","['TH', 'DH', 'IH']",0,CCV,3
5205,"['IH0', 'TH', 'DH']","['IH', 'TH', 'DH']",0,VCC,3
5206,"['TH', 'DH', 'EH0']","['TH', 'DH', 'EH']",0,CCV,3
5207,"['EH0', 'TH', 'DH']","['EH', 'TH', 'DH']",0,VCC,3
5208,"['TH', 'DH', 'UH0']","['TH', 'DH', 'UH']",0,CCV,3
5209,"['UH0', 'TH', 'DH']","['UH', 'TH', 'DH']",0,VCC,3
5210,"['TH', 'DH', 'IY0']","['TH', 'DH', 'IY']",0,CCV,3
5211,"['IY0', 'TH', 'DH']","['IY', 'TH', 'DH']",0,VCC,3
5212,"['TH', 'DH', 'EY0']","['TH', 'DH', 'EY']",0,CCV,3
5213,"['EY0', 'TH', 'DH']","['EY', 'TH', 'DH']",0,VCC,3
5214,"['TH', 'DH', 'OW0']","['TH', 'DH', 'OW']",0,CCV,3
5215,"['OW0', 'TH', 'DH']","['OW', 'TH', 'DH']",0,VCC,3
5216,"['TH', 'DH', 'AE0']","['TH', 'DH', 'AE']",0,CCV,3
5217,"['AE0', 'TH', 'DH']","['AE', 'TH', 'DH']",0,VCC,3
5218,"['TH', 'DH', 'AW0']","['TH', 'DH', 'AW']",0,CCV,3
5219,"['AW0', 'TH', 'DH']","['AW', 'TH', 'DH']",0,VCC,3
5220,"['TH', 'HH', 'AH0']","['TH', 'HH', 'AH']",0,CCV,3
5221,"['AH0', 'TH', 'HH']","['AH', 'TH', 'HH']",0,VCC,3
5222,"['TH', 'HH', 'OY0']","['TH', 'HH', 'OY']",0,CCV,3
5223,"['OY0', 'TH', 'HH']","['OY', 'TH', 'HH']",0,VCC,3
5224,"['TH', 'HH', 'AA0']","['TH', 'HH', 'AA']",0,CCV,3
5225,"['AA0', 'TH', 'HH']","['AA', 'TH', 'HH']",0,VCC,3
5226,"['TH', 'HH', 'AY0']","['TH', 'HH', 'AY']",0,CCV,3
5227,"['AY0', 'TH', 'HH']","['AY', 'TH', 'HH']",0,VCC,3
5228,"['TH', 'HH', 'ER0']","['TH', 'HH', 'ER']",0,CCV,3
5229,"['ER0', 'TH', 'HH']","['ER', 'TH', 'HH']",0,VCC,3
5230,"['TH', 'HH', 'AO0']","['TH', 'HH', 'AO']",0,CCV,3
5231,"['AO0', 'TH', 'HH']","['AO', 'TH', 'HH']",0,VCC,3
5232,"['TH', 'HH', 'UW0']","['TH', 'HH', 'UW']",0,CCV,3
5233,"['UW0', 'TH', 'HH']","['UW', 'TH', 'HH']",0,VCC,3
5234,"['TH', 'HH', 'IH0']","['TH', 'HH', 'IH']",0,CCV,3
5235,"['IH0', 'TH', 'HH']","['IH', 'TH', 'HH']",0,VCC,3
5236,"['TH', 'HH', 'EH0']","['TH', 'HH', 'EH']",0,CCV,3
5237,"['EH0', 'TH', 'HH']","['EH', 'TH', 'HH']",0,VCC,3
5238,"['TH', 'HH', 'UH0']","['TH', 'HH', 'UH']",0,CCV,3
5239,"['UH0', 'TH', 'HH']","['UH', 'TH', 'HH']",0,VCC,3
5240,"['TH', 'HH', 'IY0']","['TH', 'HH', 'IY']",0,CCV,3
5241,"['IY0', 'TH', 'HH']","['IY', 'TH', 'HH']",0,VCC,3
5242,"['TH', 'HH', 'EY0']","['TH', 'HH', 'EY']",0,CCV,3
5243,"['EY0', 'TH', 'HH']","['EY', 'TH', 'HH']",0,VCC,3
5244,"['TH', 'HH', 'OW0']","['TH', 'HH', 'OW']",0,CCV,3
5245,"['OW0', 'TH', 'HH']","['OW', 'TH', 'HH']",0,VCC,3
5246,"['TH', 'HH', 'AE0']","['TH', 'HH', 'AE']",0,CCV,3
5247,"['AE0', 'TH', 'HH']","['AE', 'TH', 'HH']",0,VCC,3
5248,"['TH', 'HH', 'AW0']","['TH', 'HH', 'AW']",0,CCV,3
5249,"['AW0', 'TH', 'HH']","['AW', 'TH', 'HH']",0,VCC,3
5250,"['TH', 'CH', 'AH0']","['TH', 'CH', 'AH']",1,CCV,3
5251,"['AH0', 'TH', 'CH']","['AH', 'TH', 'CH']",-1,VCC,3
5252,"['TH', 'CH', 'OY0']","['TH', 'CH', 'OY']",1,CCV,3
5253,"['OY0', 'TH', 'CH']","['OY', 'TH', 'CH']",-1,VCC,3
5254,"['TH', 'CH', 'AA0']","['TH', 'CH', 'AA']",1,CCV,3
5255,"['AA0', 'TH', 'CH']","['AA', 'TH', 'CH']",-1,VCC,3
5256,"['TH', 'CH', 'AY0']","['TH', 'CH', 'AY']",1,CCV,3
5257,"['AY0', 'TH', 'CH']","['AY', 'TH', 'CH']",-1,VCC,3
5258,"['TH', 'CH', 'ER0']","['TH', 'CH', 'ER']",1,CCV,3
5259,"['ER0', 'TH', 'CH']","['ER', 'TH', 'CH']",-1,VCC,3
5260,"['TH', 'CH', 'AO0']","['TH', 'CH', 'AO']",1,CCV,3
5261,"['AO0', 'TH', 'CH']","['AO', 'TH', 'CH']",-1,VCC,3
5262,"['TH', 'CH', 'UW0']","['TH', 'CH', 'UW']",1,CCV,3
5263,"['UW0', 'TH', 'CH']","['UW', 'TH', 'CH']",-1,VCC,3
5264,"['TH', 'CH', 'IH0']","['TH', 'CH', 'IH']",1,CCV,3
5265,"['IH0', 'TH', 'CH']","['IH', 'TH', 'CH']",-1,VCC,3
5266,"['TH', 'CH', 'EH0']","['TH', 'CH', 'EH']",1,CCV,3
5267,"['EH0', 'TH', 'CH']","['EH', 'TH', 'CH']",-1,VCC,3
5268,"['TH', 'CH', 'UH0']","['TH', 'CH', 'UH']",1,CCV,3
5269,"['UH0', 'TH', 'CH']","['UH', 'TH', 'CH']",-1,VCC,3
5270,"['TH', 'CH', 'IY0']","['TH', 'CH', 'IY']",1,CCV,3
5271,"['IY0', 'TH', 'CH']","['IY', 'TH', 'CH']",-1,VCC,3
5272,"['TH', 'CH', 'EY0']","['TH', 'CH', 'EY']",1,CCV,3
5273,"['EY0', 'TH', 'CH']","['EY', 'TH', 'CH']",-1,VCC,3
5274,"['TH', 'CH', 'OW0']","['TH', 'CH', 'OW']",1,CCV,3
5275,"['OW0', 'TH', 'CH']","['OW', 'TH', 'CH']",-1,VCC,3
5276,"['TH', 'CH', 'AE0']","['TH', 'CH', 'AE']",1,CCV,3
5277,"['AE0', 'TH', 'CH']","['AE', 'TH', 'CH']",-1,VCC,3
5278,"['TH', 'CH', 'AW0']","['TH', 'CH', 'AW']",1,CCV,3
5279,"['AW0', 'TH', 'CH']","['AW', 'TH', 'CH']",-1,VCC,3
5280,"['TH', 'JH', 'AH0']","['TH', 'JH', 'AH']",1,CCV,3
5281,"['AH0', 'TH', 'JH']","['AH', 'TH', 'JH']",-1,VCC,3
5282,"['TH', 'JH', 'OY0']","['TH', 'JH', 'OY']",1,CCV,3
5283,"['OY0', 'TH', 'JH']","['OY', 'TH', 'JH']",-1,VCC,3
5284,"['TH', 'JH', 'AA0']","['TH', 'JH', 'AA']",1,CCV,3
5285,"['AA0', 'TH', 'JH']","['AA', 'TH', 'JH']",-1,VCC,3
5286,"['TH', 'JH', 'AY0']","['TH', 'JH', 'AY']",1,CCV,3
5287,"['AY0', 'TH', 'JH']","['AY', 'TH', 'JH']",-1,VCC,3
5288,"['TH', 'JH', 'ER0']","['TH', 'JH', 'ER']",1,CCV,3
5289,"['ER0', 'TH', 'JH']","['ER', 'TH', 'JH']",-1,VCC,3
5290,"['TH', 'JH', 'AO0']","['TH', 'JH', 'AO']",1,CCV,3
5291,"['AO0', 'TH', 'JH']","['AO', 'TH', 'JH']",-1,VCC,3
5292,"['TH', 'JH', 'UW0']","['TH', 'JH', 'UW']",1,CCV,3
5293,"['UW0', 'TH', 'JH']","['UW', 'TH', 'JH']",-1,VCC,3
5294,"['TH', 'JH', 'IH0']","['TH', 'JH', 'IH']",1,CCV,3
5295,"['IH0', 'TH', 'JH']","['IH', 'TH', 'JH']",-1,VCC,3
5296,"['TH', 'JH', 'EH0']","['TH', 'JH', 'EH']",1,CCV,3
5297,"['EH0', 'TH', 'JH']","['EH', 'TH', 'JH']",-1,VCC,3
5298,"['TH', 'JH', 'UH0']","['TH', 'JH', 'UH']",1,CCV,3
5299,"['UH0', 'TH', 'JH']","['UH', 'TH', 'JH']",-1,VCC,3
5300,"['TH', 'JH', 'IY0']","['TH', 'JH', 'IY']",1,CCV,3
5301,"['IY0', 'TH', 'JH']","['IY', 'TH', 'JH']",-1,VCC,3
5302,"['TH', 'JH', 'EY0']","['TH', 'JH', 'EY']",1,CCV,3
5303,"['EY0', 'TH', 'JH']","['EY', 'TH', 'JH']",-1,VCC,3
5304,"['TH', 'JH', 'OW0']","['TH', 'JH', 'OW']",1,CCV,3
5305,"['OW0', 'TH', 'JH']","['OW', 'TH', 'JH']",-1,VCC,3
5306,"['TH', 'JH', 'AE0']","['TH', 'JH', 'AE']",1,CCV,3
5307,"['AE0', 'TH', 'JH']","['AE', 'TH', 'JH']",-1,VCC,3
5308,"['TH', 'JH', 'AW0']","['TH', 'JH', 'AW']",1,CCV,3
5309,"['AW0', 'TH', 'JH']","['AW', 'TH', 'JH']",-1,VCC,3
5310,"['TH', 'M', 'AH0']","['TH', 'M', 'AH']",2,CCV,3
5311,"['AH0', 'TH', 'M']","['AH', 'TH', 'M']",-2,VCC,3
5312,"['TH', 'M', 'OY0']","['TH', 'M', 'OY']",2,CCV,3
5313,"['OY0', 'TH', 'M']","['OY', 'TH', 'M']",-2,VCC,3
5314,"['TH', 'M', 'AA0']","['TH', 'M', 'AA']",2,CCV,3
5315,"['AA0', 'TH', 'M']","['AA', 'TH', 'M']",-2,VCC,3
5316,"['TH', 'M', 'AY0']","['TH', 'M', 'AY']",2,CCV,3
5317,"['AY0', 'TH', 'M']","['AY', 'TH', 'M']",-2,VCC,3
5318,"['TH', 'M', 'ER0']","['TH', 'M', 'ER']",2,CCV,3
5319,"['ER0', 'TH', 'M']","['ER', 'TH', 'M']",-2,VCC,3
5320,"['TH', 'M', 'AO0']","['TH', 'M', 'AO']",2,CCV,3
5321,"['AO0', 'TH', 'M']","['AO', 'TH', 'M']",-2,VCC,3
5322,"['TH', 'M', 'UW0']","['TH', 'M', 'UW']",2,CCV,3
5323,"['UW0', 'TH', 'M']","['UW', 'TH', 'M']",-2,VCC,3
5324,"['TH', 'M', 'IH0']","['TH', 'M', 'IH']",2,CCV,3
5325,"['IH0', 'TH', 'M']","['IH', 'TH', 'M']",-2,VCC,3
5326,"['TH', 'M', 'EH0']","['TH', 'M', 'EH']",2,CCV,3
5327,"['EH0', 'TH', 'M']","['EH', 'TH', 'M']",-2,VCC,3
5328,"['TH', 'M', 'UH0']","['TH', 'M', 'UH']",2,CCV,3
5329,"['UH0', 'TH', 'M']","['UH', 'TH', 'M']",-2,VCC,3
5330,"['TH', 'M', 'IY0']","['TH', 'M', 'IY']",2,CCV,3
5331,"['IY0', 'TH', 'M']","['IY', 'TH', 'M']",-2,VCC,3
5332,"['TH', 'M', 'EY0']","['TH', 'M', 'EY']",2,CCV,3
5333,"['EY0', 'TH', 'M']","['EY', 'TH', 'M']",-2,VCC,3
5334,"['TH', 'M', 'OW0']","['TH', 'M', 'OW']",2,CCV,3
5335,"['OW0', 'TH', 'M']","['OW', 'TH', 'M']",-2,VCC,3
5336,"['TH', 'M', 'AE0']","['TH', 'M', 'AE']",2,CCV,3
5337,"['AE0', 'TH', 'M']","['AE', 'TH', 'M']",-2,VCC,3
5338,"['TH', 'M', 'AW0']","['TH', 'M', 'AW']",2,CCV,3
5339,"['AW0', 'TH', 'M']","['AW', 'TH', 'M']",-2,VCC,3
5340,"['TH', 'N', 'AH0']","['TH', 'N', 'AH']",2,CCV,3
5341,"['AH0', 'TH', 'N']","['AH', 'TH', 'N']",-2,VCC,3
5342,"['TH', 'N', 'OY0']","['TH', 'N', 'OY']",2,CCV,3
5343,"['OY0', 'TH', 'N']","['OY', 'TH', 'N']",-2,VCC,3
5344,"['TH', 'N', 'AA0']","['TH', 'N', 'AA']",2,CCV,3
5345,"['AA0', 'TH', 'N']","['AA', 'TH', 'N']",-2,VCC,3
5346,"['TH', 'N', 'AY0']","['TH', 'N', 'AY']",2,CCV,3
5347,"['AY0', 'TH', 'N']","['AY', 'TH', 'N']",-2,VCC,3
5348,"['TH', 'N', 'ER0']","['TH', 'N', 'ER']",2,CCV,3
5349,"['ER0', 'TH', 'N']","['ER', 'TH', 'N']",-2,VCC,3
5350,"['TH', 'N', 'AO0']","['TH', 'N', 'AO']",2,CCV,3
5351,"['AO0', 'TH', 'N']","['AO', 'TH', 'N']",-2,VCC,3
5352,"['TH', 'N', 'UW0']","['TH', 'N', 'UW']",2,CCV,3
5353,"['UW0', 'TH', 'N']","['UW', 'TH', 'N']",-2,VCC,3
5354,"['TH', 'N', 'IH0']","['TH', 'N', 'IH']",2,CCV,3
5355,"['IH0', 'TH', 'N']","['IH', 'TH', 'N']",-2,VCC,3
5356,"['TH', 'N', 'EH0']","['TH', 'N', 'EH']",2,CCV,3
5357,"['EH0', 'TH', 'N']","['EH', 'TH', 'N']",-2,VCC,3
5358,"['TH', 'N', 'UH0']","['TH', 'N', 'UH']",2,CCV,3
5359,"['UH0', 'TH', 'N']","['UH', 'TH', 'N']",-2,VCC,3
5360,"['TH', 'N', 'IY0']","['TH', 'N', 'IY']",2,CCV,3
5361,"['IY0', 'TH', 'N']","['IY', 'TH', 'N']",-2,VCC,3
5362,"['TH', 'N', 'EY0']","['TH', 'N', 'EY']",2,CCV,3
5363,"['EY0', 'TH', 'N']","['EY', 'TH', 'N']",-2,VCC,3
5364,"['TH', 'N', 'OW0']","['TH', 'N', 'OW']",2,CCV,3
5365,"['OW0', 'TH', 'N']","['OW', 'TH', 'N']",-2,VCC,3
5366,"['TH', 'N', 'AE0']","['TH', 'N', 'AE']",2,CCV,3
5367,"['AE0', 'TH', 'N']","['AE', 'TH', 'N']",-2,VCC,3
5368,"['TH', 'N', 'AW0']","['TH', 'N', 'AW']",2,CCV,3
5369,"['AW0', 'TH', 'N']","['AW', 'TH', 'N']",-2,VCC,3
5370,"['TH', 'NG', 'AH0']","['TH', 'NG', 'AH']",2,CCV,3
5371,"['AH0', 'TH', 'NG']","['AH', 'TH', 'NG']",-2,VCC,3
5372,"['TH', 'NG', 'OY0']","['TH', 'NG', 'OY']",2,CCV,3
5373,"['OY0', 'TH', 'NG']","['OY', 'TH', 'NG']",-2,VCC,3
5374,"['TH', 'NG', 'AA0']","['TH', 'NG', 'AA']",2,CCV,3
5375,"['AA0', 'TH', 'NG']","['AA', 'TH', 'NG']",-2,VCC,3
5376,"['TH', 'NG', 'AY0']","['TH', 'NG', 'AY']",2,CCV,3
5377,"['AY0', 'TH', 'NG']","['AY', 'TH', 'NG']",-2,VCC,3
5378,"['TH', 'NG', 'ER0']","['TH', 'NG', 'ER']",2,CCV,3
5379,"['ER0', 'TH', 'NG']","['ER', 'TH', 'NG']",-2,VCC,3
5380,"['TH', 'NG', 'AO0']","['TH', 'NG', 'AO']",2,CCV,3
5381,"['AO0', 'TH', 'NG']","['AO', 'TH', 'NG']",-2,VCC,3
5382,"['TH', 'NG', 'UW0']","['TH', 'NG', 'UW']",2,CCV,3
5383,"['UW0', 'TH', 'NG']","['UW', 'TH', 'NG']",-2,VCC,3
5384,"['TH', 'NG', 'IH0']","['TH', 'NG', 'IH']",2,CCV,3
5385,"['IH0', 'TH', 'NG']","['IH', 'TH', 'NG']",-2,VCC,3
5386,"['TH', 'NG', 'EH0']","['TH', 'NG', 'EH']",2,CCV,3
5387,"['EH0', 'TH', 'NG']","['EH', 'TH', 'NG']",-2,VCC,3
5388,"['TH', 'NG', 'UH0']","['TH', 'NG', 'UH']",2,CCV,3
5389,"['UH0', 'TH', 'NG']","['UH', 'TH', 'NG']",-2,VCC,3
5390,"['TH', 'NG', 'IY0']","['TH', 'NG', 'IY']",2,CCV,3
5391,"['IY0', 'TH', 'NG']","['IY', 'TH', 'NG']",-2,VCC,3
5392,"['TH', 'NG', 'EY0']","['TH', 'NG', 'EY']",2,CCV,3
5393,"['EY0', 'TH', 'NG']","['EY', 'TH', 'NG']",-2,VCC,3
5394,"['TH', 'NG', 'OW0']","['TH', 'NG', 'OW']",2,CCV,3
5395,"['OW0', 'TH', 'NG']","['OW', 'TH', 'NG']",-2,VCC,3
5396,"['TH', 'NG', 'AE0']","['TH', 'NG', 'AE']",2,CCV,3
5397,"['AE0', 'TH', 'NG']","['AE', 'TH', 'NG']",-2,VCC,3
5398,"['TH', 'NG', 'AW0']","['TH', 'NG', 'AW']",2,CCV,3
5399,"['AW0', 'TH', 'NG']","['AW', 'TH', 'NG']",-2,VCC,3
5400,"['TH', 'L', 'AH0']","['TH', 'L', 'AH']",3,CCV,3
5401,"['AH0', 'TH', 'L']","['AH', 'TH', 'L']",-3,VCC,3
5402,"['TH', 'L', 'OY0']","['TH', 'L', 'OY']",3,CCV,3
5403,"['OY0', 'TH', 'L']","['OY', 'TH', 'L']",-3,VCC,3
5404,"['TH', 'L', 'AA0']","['TH', 'L', 'AA']",3,CCV,3
5405,"['AA0', 'TH', 'L']","['AA', 'TH', 'L']",-3,VCC,3
5406,"['TH', 'L', 'AY0']","['TH', 'L', 'AY']",3,CCV,3
5407,"['AY0', 'TH', 'L']","['AY', 'TH', 'L']",-3,VCC,3
5408,"['TH', 'L', 'ER0']","['TH', 'L', 'ER']",3,CCV,3
5409,"['ER0', 'TH', 'L']","['ER', 'TH', 'L']",-3,VCC,3
5410,"['TH', 'L', 'AO0']","['TH', 'L', 'AO']",3,CCV,3
5411,"['AO0', 'TH', 'L']","['AO', 'TH', 'L']",-3,VCC,3
5412,"['TH', 'L', 'UW0']","['TH', 'L', 'UW']",3,CCV,3
5413,"['UW0', 'TH', 'L']","['UW', 'TH', 'L']",-3,VCC,3
5414,"['TH', 'L', 'IH0']","['TH', 'L', 'IH']",3,CCV,3
5415,"['IH0', 'TH', 'L']","['IH', 'TH', 'L']",-3,VCC,3
5416,"['TH', 'L', 'EH0']","['TH', 'L', 'EH']",3,CCV,3
5417,"['EH0', 'TH', 'L']","['EH', 'TH', 'L']",-3,VCC,3
5418,"['TH', 'L', 'UH0']","['TH', 'L', 'UH']",3,CCV,3
5419,"['UH0', 'TH', 'L']","['UH', 'TH', 'L']",-3,VCC,3
5420,"['TH', 'L', 'IY0']","['TH', 'L', 'IY']",3,CCV,3
5421,"['IY0', 'TH', 'L']","['IY', 'TH', 'L']",-3,VCC,3
5422,"['TH', 'L', 'EY0']","['TH', 'L', 'EY']",3,CCV,3
5423,"['EY0', 'TH', 'L']","['EY', 'TH', 'L']",-3,VCC,3
5424,"['TH', 'L', 'OW0']","['TH', 'L', 'OW']",3,CCV,3
5425,"['OW0', 'TH', 'L']","['OW', 'TH', 'L']",-3,VCC,3
5426,"['TH', 'L', 'AE0']","['TH', 'L', 'AE']",3,CCV,3
5427,"['AE0', 'TH', 'L']","['AE', 'TH', 'L']",-3,VCC,3
5428,"['TH', 'L', 'AW0']","['TH', 'L', 'AW']",3,CCV,3
5429,"['AW0', 'TH', 'L']","['AW', 'TH', 'L']",-3,VCC,3
5430,"['TH', 'R', 'AH0']","['TH', 'R', 'AH']",3,CCV,3
5431,"['AH0', 'TH', 'R']","['AH', 'TH', 'R']",-3,VCC,3
5432,"['TH', 'R', 'OY0']","['TH', 'R', 'OY']",3,CCV,3
5433,"['OY0', 'TH', 'R']","['OY', 'TH', 'R']",-3,VCC,3
5434,"['TH', 'R', 'AA0']","['TH', 'R', 'AA']",3,CCV,3
5435,"['AA0', 'TH', 'R']","['AA', 'TH', 'R']",-3,VCC,3
5436,"['TH', 'R', 'AY0']","['TH', 'R', 'AY']",3,CCV,3
5437,"['AY0', 'TH', 'R']","['AY', 'TH', 'R']",-3,VCC,3
5438,"['TH', 'R', 'ER0']","['TH', 'R', 'ER']",3,CCV,3
5439,"['ER0', 'TH', 'R']","['ER', 'TH', 'R']",-3,VCC,3
5440,"['TH', 'R', 'AO0']","['TH', 'R', 'AO']",3,CCV,3
5441,"['AO0', 'TH', 'R']","['AO', 'TH', 'R']",-3,VCC,3
5442,"['TH', 'R', 'UW0']","['TH', 'R', 'UW']",3,CCV,3
5443,"['UW0', 'TH', 'R']","['UW', 'TH', 'R']",-3,VCC,3
5444,"['TH', 'R', 'IH0']","['TH', 'R', 'IH']",3,CCV,3
5445,"['IH0', 'TH', 'R']","['IH', 'TH', 'R']",-3,VCC,3
5446,"['TH', 'R', 'EH0']","['TH', 'R', 'EH']",3,CCV,3
5447,"['EH0', 'TH', 'R']","['EH', 'TH', 'R']",-3,VCC,3
5448,"['TH', 'R', 'UH0']","['TH', 'R', 'UH']",3,CCV,3
5449,"['UH0', 'TH', 'R']","['UH', 'TH', 'R']",-3,VCC,3
5450,"['TH', 'R', 'IY0']","['TH', 'R', 'IY']",3,CCV,3
5451,"['IY0', 'TH', 'R']","['IY', 'TH', 'R']",-3,VCC,3
5452,"['TH', 'R', 'EY0']","['TH', 'R', 'EY']",3,CCV,3
5453,"['EY0', 'TH', 'R']","['EY', 'TH', 'R']",-3,VCC,3
5454,"['TH', 'R', 'OW0']","['TH', 'R', 'OW']",3,CCV,3
5455,"['OW0', 'TH', 'R']","['OW', 'TH', 'R']",-3,VCC,3
5456,"['TH', 'R', 'AE0']","['TH', 'R', 'AE']",3,CCV,3
5457,"['AE0', 'TH', 'R']","['AE', 'TH', 'R']",-3,VCC,3
5458,"['TH', 'R', 'AW0']","['TH', 'R', 'AW']",3,CCV,3
5459,"['AW0', 'TH', 'R']","['AW', 'TH', 'R']",-3,VCC,3
5460,"['TH', 'W', 'AH0']","['TH', 'W', 'AH']",4,CCV,3
5461,"['AH0', 'TH', 'W']","['AH', 'TH', 'W']",-4,VCC,3
5462,"['TH', 'W', 'OY0']","['TH', 'W', 'OY']",4,CCV,3
5463,"['OY0', 'TH', 'W']","['OY', 'TH', 'W']",-4,VCC,3
5464,"['TH', 'W', 'AA0']","['TH', 'W', 'AA']",4,CCV,3
5465,"['AA0', 'TH', 'W']","['AA', 'TH', 'W']",-4,VCC,3
5466,"['TH', 'W', 'AY0']","['TH', 'W', 'AY']",4,CCV,3
5467,"['AY0', 'TH', 'W']","['AY', 'TH', 'W']",-4,VCC,3
5468,"['TH', 'W', 'ER0']","['TH', 'W', 'ER']",4,CCV,3
5469,"['ER0', 'TH', 'W']","['ER', 'TH', 'W']",-4,VCC,3
5470,"['TH', 'W', 'AO0']","['TH', 'W', 'AO']",4,CCV,3
5471,"['AO0', 'TH', 'W']","['AO', 'TH', 'W']",-4,VCC,3
5472,"['TH', 'W', 'UW0']","['TH', 'W', 'UW']",4,CCV,3
5473,"['UW0', 'TH', 'W']","['UW', 'TH', 'W']",-4,VCC,3
5474,"['TH', 'W', 'IH0']","['TH', 'W', 'IH']",4,CCV,3
5475,"['IH0', 'TH', 'W']","['IH', 'TH', 'W']",-4,VCC,3
5476,"['TH', 'W', 'EH0']","['TH', 'W', 'EH']",4,CCV,3
5477,"['EH0', 'TH', 'W']","['EH', 'TH', 'W']",-4,VCC,3
5478,"['TH', 'W', 'UH0']","['TH', 'W', 'UH']",4,CCV,3
5479,"['UH0', 'TH', 'W']","['UH', 'TH', 'W']",-4,VCC,3
5480,"['TH', 'W', 'IY0']","['TH', 'W', 'IY']",4,CCV,3
5481,"['IY0', 'TH', 'W']","['IY', 'TH', 'W']",-4,VCC,3
5482,"['TH', 'W', 'EY0']","['TH', 'W', 'EY']",4,CCV,3
5483,"['EY0', 'TH', 'W']","['EY', 'TH', 'W']",-4,VCC,3
5484,"['TH', 'W', 'OW0']","['TH', 'W', 'OW']",4,CCV,3
5485,"['OW0', 'TH', 'W']","['OW', 'TH', 'W']",-4,VCC,3
5486,"['TH', 'W', 'AE0']","['TH', 'W', 'AE']",4,CCV,3
5487,"['AE0', 'TH', 'W']","['AE', 'TH', 'W']",-4,VCC,3
5488,"['TH', 'W', 'AW0']","['TH', 'W', 'AW']",4,CCV,3
5489,"['AW0', 'TH', 'W']","['AW', 'TH', 'W']",-4,VCC,3
5490,"['TH', 'Y', 'AH0']","['TH', 'Y', 'AH']",4,CCV,3
5491,"['AH0', 'TH', 'Y']","['AH', 'TH', 'Y']",-4,VCC,3
5492,"['TH', 'Y', 'OY0']","['TH', 'Y', 'OY']",4,CCV,3
5493,"['OY0', 'TH', 'Y']","['OY', 'TH', 'Y']",-4,VCC,3
5494,"['TH', 'Y', 'AA0']","['TH', 'Y', 'AA']",4,CCV,3
5495,"['AA0', 'TH', 'Y']","['AA', 'TH', 'Y']",-4,VCC,3
5496,"['TH', 'Y', 'AY0']","['TH', 'Y', 'AY']",4,CCV,3
5497,"['AY0', 'TH', 'Y']","['AY', 'TH', 'Y']",-4,VCC,3
5498,"['TH', 'Y', 'ER0']","['TH', 'Y', 'ER']",4,CCV,3
5499,"['ER0', 'TH', 'Y']","['ER', 'TH', 'Y']",-4,VCC,3
5500,"['TH', 'Y', 'AO0']","['TH', 'Y', 'AO']",4,CCV,3
5501,"['AO0', 'TH', 'Y']","['AO', 'TH', 'Y']",-4,VCC,3
5502,"['TH', 'Y', 'UW0']","['TH', 'Y', 'UW']",4,CCV,3
5503,"['UW0', 'TH', 'Y']","['UW', 'TH', 'Y']",-4,VCC,3
5504,"['TH', 'Y', 'IH0']","['TH', 'Y', 'IH']",4,CCV,3
5505,"['IH0', 'TH', 'Y']","['IH', 'TH', 'Y']",-4,VCC,3
5506,"['TH', 'Y', 'EH0']","['TH', 'Y', 'EH']",4,CCV,3
5507,"['EH0', 'TH', 'Y']","['EH', 'TH', 'Y']",-4,VCC,3
5508,"['TH', 'Y', 'UH0']","['TH', 'Y', 'UH']",4,CCV,3
5509,"['UH0', 'TH', 'Y']","['UH', 'TH', 'Y']",-4,VCC,3
5510,"['TH', 'Y', 'IY0']","['TH', 'Y', 'IY']",4,CCV,3
5511,"['IY0', 'TH', 'Y']","['IY', 'TH', 'Y']",-4,VCC,3
5512,"['TH', 'Y', 'EY0']","['TH', 'Y', 'EY']",4,CCV,3
5513,"['EY0', 'TH', 'Y']","['EY', 'TH', 'Y']",-4,VCC,3
5514,"['TH', 'Y', 'OW0']","['TH', 'Y', 'OW']",4,CCV,3
5515,"['OW0', 'TH', 'Y']","['OW', 'TH', 'Y']",-4,VCC,3
5516,"['TH', 'Y', 'AE0']","['TH', 'Y', 'AE']",4,CCV,3
5517,"['AE0', 'TH', 'Y']","['AE', 'TH', 'Y']",-4,VCC,3
5518,"['TH', 'Y', 'AW0']","['TH', 'Y', 'AW']",4,CCV,3
5519,"['AW0', 'TH', 'Y']","['AW', 'TH', 'Y']",-4,VCC,3
5520,"['S', 'P', 'AH0']","['S', 'P', 'AH']",-1,CCV,3
5521,"['AH0', 'S', 'P']","['AH', 'S', 'P']",1,VCC,3
5522,"['S', 'P', 'OY0']","['S', 'P', 'OY']",-1,CCV,3
5523,"['OY0', 'S', 'P']","['OY', 'S', 'P']",1,VCC,3
5524,"['S', 'P', 'AA0']","['S', 'P', 'AA']",-1,CCV,3
5525,"['AA0', 'S', 'P']","['AA', 'S', 'P']",1,VCC,3
5526,"['S', 'P', 'AY0']","['S', 'P', 'AY']",-1,CCV,3
5527,"['AY0', 'S', 'P']","['AY', 'S', 'P']",1,VCC,3
5528,"['S', 'P', 'ER0']","['S', 'P', 'ER']",-1,CCV,3
5529,"['ER0', 'S', 'P']","['ER', 'S', 'P']",1,VCC,3
5530,"['S', 'P', 'AO0']","['S', 'P', 'AO']",-1,CCV,3
5531,"['AO0', 'S', 'P']","['AO', 'S', 'P']",1,VCC,3
5532,"['S', 'P', 'UW0']","['S', 'P', 'UW']",-1,CCV,3
5533,"['UW0', 'S', 'P']","['UW', 'S', 'P']",1,VCC,3
5534,"['S', 'P', 'IH0']","['S', 'P', 'IH']",-1,CCV,3
5535,"['IH0', 'S', 'P']","['IH', 'S', 'P']",1,VCC,3
5536,"['S', 'P', 'EH0']","['S', 'P', 'EH']",-1,CCV,3
5537,"['EH0', 'S', 'P']","['EH', 'S', 'P']",1,VCC,3
5538,"['S', 'P', 'UH0']","['S', 'P', 'UH']",-1,CCV,3
5539,"['UH0', 'S', 'P']","['UH', 'S', 'P']",1,VCC,3
5540,"['S', 'P', 'IY0']","['S', 'P', 'IY']",-1,CCV,3
5541,"['IY0', 'S', 'P']","['IY', 'S', 'P']",1,VCC,3
5542,"['S', 'P', 'EY0']","['S', 'P', 'EY']",-1,CCV,3
5543,"['EY0', 'S', 'P']","['EY', 'S', 'P']",1,VCC,3
5544,"['S', 'P', 'OW0']","['S', 'P', 'OW']",-1,CCV,3
5545,"['OW0', 'S', 'P']","['OW', 'S', 'P']",1,VCC,3
5546,"['S', 'P', 'AE0']","['S', 'P', 'AE']",-1,CCV,3
5547,"['AE0', 'S', 'P']","['AE', 'S', 'P']",1,VCC,3
5548,"['S', 'P', 'AW0']","['S', 'P', 'AW']",-1,CCV,3
5549,"['AW0', 'S', 'P']","['AW', 'S', 'P']",1,VCC,3
5550,"['S', 'T', 'AH0']","['S', 'T', 'AH']",-1,CCV,3
5551,"['AH0', 'S', 'T']","['AH', 'S', 'T']",1,VCC,3
5552,"['S', 'T', 'OY0']","['S', 'T', 'OY']",-1,CCV,3
5553,"['OY0', 'S', 'T']","['OY', 'S', 'T']",1,VCC,3
5554,"['S', 'T', 'AA0']","['S', 'T', 'AA']",-1,CCV,3
5555,"['AA0', 'S', 'T']","['AA', 'S', 'T']",1,VCC,3
5556,"['S', 'T', 'AY0']","['S', 'T', 'AY']",-1,CCV,3
5557,"['AY0', 'S', 'T']","['AY', 'S', 'T']",1,VCC,3
5558,"['S', 'T', 'ER0']","['S', 'T', 'ER']",-1,CCV,3
5559,"['ER0', 'S', 'T']","['ER', 'S', 'T']",1,VCC,3
5560,"['S', 'T', 'AO0']","['S', 'T', 'AO']",-1,CCV,3
5561,"['AO0', 'S', 'T']","['AO', 'S', 'T']",1,VCC,3
5562,"['S', 'T', 'UW0']","['S', 'T', 'UW']",-1,CCV,3
5563,"['UW0', 'S', 'T']","['UW', 'S', 'T']",1,VCC,3
5564,"['S', 'T', 'IH0']","['S', 'T', 'IH']",-1,CCV,3
5565,"['IH0', 'S', 'T']","['IH', 'S', 'T']",1,VCC,3
5566,"['S', 'T', 'EH0']","['S', 'T', 'EH']",-1,CCV,3
5567,"['EH0', 'S', 'T']","['EH', 'S', 'T']",1,VCC,3
5568,"['S', 'T', 'UH0']","['S', 'T', 'UH']",-1,CCV,3
5569,"['UH0', 'S', 'T']","['UH', 'S', 'T']",1,VCC,3
5570,"['S', 'T', 'IY0']","['S', 'T', 'IY']",-1,CCV,3
5571,"['IY0', 'S', 'T']","['IY', 'S', 'T']",1,VCC,3
5572,"['S', 'T', 'EY0']","['S', 'T', 'EY']",-1,CCV,3
5573,"['EY0', 'S', 'T']","['EY', 'S', 'T']",1,VCC,3
5574,"['S', 'T', 'OW0']","['S', 'T', 'OW']",-1,CCV,3
5575,"['OW0', 'S', 'T']","['OW', 'S', 'T']",1,VCC,3
5576,"['S', 'T', 'AE0']","['S', 'T', 'AE']",-1,CCV,3
5577,"['AE0', 'S', 'T']","['AE', 'S', 'T']",1,VCC,3
5578,"['S', 'T', 'AW0']","['S', 'T', 'AW']",-1,CCV,3
5579,"['AW0', 'S', 'T']","['AW', 'S', 'T']",1,VCC,3
5580,"['S', 'K', 'AH0']","['S', 'K', 'AH']",-1,CCV,3
5581,"['AH0', 'S', 'K']","['AH', 'S', 'K']",1,VCC,3
5582,"['S', 'K', 'OY0']","['S', 'K', 'OY']",-1,CCV,3
5583,"['OY0', 'S', 'K']","['OY', 'S', 'K']",1,VCC,3
5584,"['S', 'K', 'AA0']","['S', 'K', 'AA']",-1,CCV,3
5585,"['AA0', 'S', 'K']","['AA', 'S', 'K']",1,VCC,3
5586,"['S', 'K', 'AY0']","['S', 'K', 'AY']",-1,CCV,3
5587,"['AY0', 'S', 'K']","['AY', 'S', 'K']",1,VCC,3
5588,"['S', 'K', 'ER0']","['S', 'K', 'ER']",-1,CCV,3
5589,"['ER0', 'S', 'K']","['ER', 'S', 'K']",1,VCC,3
5590,"['S', 'K', 'AO0']","['S', 'K', 'AO']",-1,CCV,3
5591,"['AO0', 'S', 'K']","['AO', 'S', 'K']",1,VCC,3
5592,"['S', 'K', 'UW0']","['S', 'K', 'UW']",-1,CCV,3
5593,"['UW0', 'S', 'K']","['UW', 'S', 'K']",1,VCC,3
5594,"['S', 'K', 'IH0']","['S', 'K', 'IH']",-1,CCV,3
5595,"['IH0', 'S', 'K']","['IH', 'S', 'K']",1,VCC,3
5596,"['S', 'K', 'EH0']","['S', 'K', 'EH']",-1,CCV,3
5597,"['EH0', 'S', 'K']","['EH', 'S', 'K']",1,VCC,3
5598,"['S', 'K', 'UH0']","['S', 'K', 'UH']",-1,CCV,3
5599,"['UH0', 'S', 'K']","['UH', 'S', 'K']",1,VCC,3
5600,"['S', 'K', 'IY0']","['S', 'K', 'IY']",-1,CCV,3
5601,"['IY0', 'S', 'K']","['IY', 'S', 'K']",1,VCC,3
5602,"['S', 'K', 'EY0']","['S', 'K', 'EY']",-1,CCV,3
5603,"['EY0', 'S', 'K']","['EY', 'S', 'K']",1,VCC,3
5604,"['S', 'K', 'OW0']","['S', 'K', 'OW']",-1,CCV,3
5605,"['OW0', 'S', 'K']","['OW', 'S', 'K']",1,VCC,3
5606,"['S', 'K', 'AE0']","['S', 'K', 'AE']",-1,CCV,3
5607,"['AE0', 'S', 'K']","['AE', 'S', 'K']",1,VCC,3
5608,"['S', 'K', 'AW0']","['S', 'K', 'AW']",-1,CCV,3
5609,"['AW0', 'S', 'K']","['AW', 'S', 'K']",1,VCC,3
5610,"['S', 'B', 'AH0']","['S', 'B', 'AH']",-1,CCV,3
5611,"['AH0', 'S', 'B']","['AH', 'S', 'B']",1,VCC,3
5612,"['S', 'B', 'OY0']","['S', 'B', 'OY']",-1,CCV,3
5613,"['OY0', 'S', 'B']","['OY', 'S', 'B']",1,VCC,3
5614,"['S', 'B', 'AA0']","['S', 'B', 'AA']",-1,CCV,3
5615,"['AA0', 'S', 'B']","['AA', 'S', 'B']",1,VCC,3
5616,"['S', 'B', 'AY0']","['S', 'B', 'AY']",-1,CCV,3
5617,"['AY0', 'S', 'B']","['AY', 'S', 'B']",1,VCC,3
5618,"['S', 'B', 'ER0']","['S', 'B', 'ER']",-1,CCV,3
5619,"['ER0', 'S', 'B']","['ER', 'S', 'B']",1,VCC,3
5620,"['S', 'B', 'AO0']","['S', 'B', 'AO']",-1,CCV,3
5621,"['AO0', 'S', 'B']","['AO', 'S', 'B']",1,VCC,3
5622,"['S', 'B', 'UW0']","['S', 'B', 'UW']",-1,CCV,3
5623,"['UW0', 'S', 'B']","['UW', 'S', 'B']",1,VCC,3
5624,"['S', 'B', 'IH0']","['S', 'B', 'IH']",-1,CCV,3
5625,"['IH0', 'S', 'B']","['IH', 'S', 'B']",1,VCC,3
5626,"['S', 'B', 'EH0']","['S', 'B', 'EH']",-1,CCV,3
5627,"['EH0', 'S', 'B']","['EH', 'S', 'B']",1,VCC,3
5628,"['S', 'B', 'UH0']","['S', 'B', 'UH']",-1,CCV,3
5629,"['UH0', 'S', 'B']","['UH', 'S', 'B']",1,VCC,3
5630,"['S', 'B', 'IY0']","['S', 'B', 'IY']",-1,CCV,3
5631,"['IY0', 'S', 'B']","['IY', 'S', 'B']",1,VCC,3
5632,"['S', 'B', 'EY0']","['S', 'B', 'EY']",-1,CCV,3
5633,"['EY0', 'S', 'B']","['EY', 'S', 'B']",1,VCC,3
5634,"['S', 'B', 'OW0']","['S', 'B', 'OW']",-1,CCV,3
5635,"['OW0', 'S', 'B']","['OW', 'S', 'B']",1,VCC,3
5636,"['S', 'B', 'AE0']","['S', 'B', 'AE']",-1,CCV,3
5637,"['AE0', 'S', 'B']","['AE', 'S', 'B']",1,VCC,3
5638,"['S', 'B', 'AW0']","['S', 'B', 'AW']",-1,CCV,3
5639,"['AW0', 'S', 'B']","['AW', 'S', 'B']",1,VCC,3
5640,"['S', 'D', 'AH0']","['S', 'D', 'AH']",-1,CCV,3
5641,"['AH0', 'S', 'D']","['AH', 'S', 'D']",1,VCC,3
5642,"['S', 'D', 'OY0']","['S', 'D', 'OY']",-1,CCV,3
5643,"['OY0', 'S', 'D']","['OY', 'S', 'D']",1,VCC,3
5644,"['S', 'D', 'AA0']","['S', 'D', 'AA']",-1,CCV,3
5645,"['AA0', 'S', 'D']","['AA', 'S', 'D']",1,VCC,3
5646,"['S', 'D', 'AY0']","['S', 'D', 'AY']",-1,CCV,3
5647,"['AY0', 'S', 'D']","['AY', 'S', 'D']",1,VCC,3
5648,"['S', 'D', 'ER0']","['S', 'D', 'ER']",-1,CCV,3
5649,"['ER0', 'S', 'D']","['ER', 'S', 'D']",1,VCC,3
5650,"['S', 'D', 'AO0']","['S', 'D', 'AO']",-1,CCV,3
5651,"['AO0', 'S', 'D']","['AO', 'S', 'D']",1,VCC,3
5652,"['S', 'D', 'UW0']","['S', 'D', 'UW']",-1,CCV,3
5653,"['UW0', 'S', 'D']","['UW', 'S', 'D']",1,VCC,3
5654,"['S', 'D', 'IH0']","['S', 'D', 'IH']",-1,CCV,3
5655,"['IH0', 'S', 'D']","['IH', 'S', 'D']",1,VCC,3
5656,"['S', 'D', 'EH0']","['S', 'D', 'EH']",-1,CCV,3
5657,"['EH0', 'S', 'D']","['EH', 'S', 'D']",1,VCC,3
5658,"['S', 'D', 'UH0']","['S', 'D', 'UH']",-1,CCV,3
5659,"['UH0', 'S', 'D']","['UH', 'S', 'D']",1,VCC,3
5660,"['S', 'D', 'IY0']","['S', 'D', 'IY']",-1,CCV,3
5661,"['IY0', 'S', 'D']","['IY', 'S', 'D']",1,VCC,3
5662,"['S', 'D', 'EY0']","['S', 'D', 'EY']",-1,CCV,3
5663,"['EY0', 'S', 'D']","['EY', 'S', 'D']",1,VCC,3
5664,"['S', 'D', 'OW0']","['S', 'D', 'OW']",-1,CCV,3
5665,"['OW0', 'S', 'D']","['OW', 'S', 'D']",1,VCC,3
5666,"['S', 'D', 'AE0']","['S', 'D', 'AE']",-1,CCV,3
5667,"['AE0', 'S', 'D']","['AE', 'S', 'D']",1,VCC,3
5668,"['S', 'D', 'AW0']","['S', 'D', 'AW']",-1,CCV,3
5669,"['AW0', 'S', 'D']","['AW', 'S', 'D']",1,VCC,3
5670,"['S', 'G', 'AH0']","['S', 'G', 'AH']",-1,CCV,3
5671,"['AH0', 'S', 'G']","['AH', 'S', 'G']",1,VCC,3
5672,"['S', 'G', 'OY0']","['S', 'G', 'OY']",-1,CCV,3
5673,"['OY0', 'S', 'G']","['OY', 'S', 'G']",1,VCC,3
5674,"['S', 'G', 'AA0']","['S', 'G', 'AA']",-1,CCV,3
5675,"['AA0', 'S', 'G']","['AA', 'S', 'G']",1,VCC,3
5676,"['S', 'G', 'AY0']","['S', 'G', 'AY']",-1,CCV,3
5677,"['AY0', 'S', 'G']","['AY', 'S', 'G']",1,VCC,3
5678,"['S', 'G', 'ER0']","['S', 'G', 'ER']",-1,CCV,3
5679,"['ER0', 'S', 'G']","['ER', 'S', 'G']",1,VCC,3
5680,"['S', 'G', 'AO0']","['S', 'G', 'AO']",-1,CCV,3
5681,"['AO0', 'S', 'G']","['AO', 'S', 'G']",1,VCC,3
5682,"['S', 'G', 'UW0']","['S', 'G', 'UW']",-1,CCV,3
5683,"['UW0', 'S', 'G']","['UW', 'S', 'G']",1,VCC,3
5684,"['S', 'G', 'IH0']","['S', 'G', 'IH']",-1,CCV,3
5685,"['IH0', 'S', 'G']","['IH', 'S', 'G']",1,VCC,3
5686,"['S', 'G', 'EH0']","['S', 'G', 'EH']",-1,CCV,3
5687,"['EH0', 'S', 'G']","['EH', 'S', 'G']",1,VCC,3
5688,"['S', 'G', 'UH0']","['S', 'G', 'UH']",-1,CCV,3
5689,"['UH0', 'S', 'G']","['UH', 'S', 'G']",1,VCC,3
5690,"['S', 'G', 'IY0']","['S', 'G', 'IY']",-1,CCV,3
5691,"['IY0', 'S', 'G']","['IY', 'S', 'G']",1,VCC,3
5692,"['S', 'G', 'EY0']","['S', 'G', 'EY']",-1,CCV,3
5693,"['EY0', 'S', 'G']","['EY', 'S', 'G']",1,VCC,3
5694,"['S', 'G', 'OW0']","['S', 'G', 'OW']",-1,CCV,3
5695,"['OW0', 'S', 'G']","['OW', 'S', 'G']",1,VCC,3
5696,"['S', 'G', 'AE0']","['S', 'G', 'AE']",-1,CCV,3
5697,"['AE0', 'S', 'G']","['AE', 'S', 'G']",1,VCC,3
5698,"['S', 'G', 'AW0']","['S', 'G', 'AW']",-1,CCV,3
5699,"['AW0', 'S', 'G']","['AW', 'S', 'G']",1,VCC,3
5700,"['S', 'F', 'AH0']","['S', 'F', 'AH']",0,CCV,3
5701,"['AH0', 'S', 'F']","['AH', 'S', 'F']",0,VCC,3
5702,"['S', 'F', 'OY0']","['S', 'F', 'OY']",0,CCV,3
5703,"['OY0', 'S', 'F']","['OY', 'S', 'F']",0,VCC,3
5704,"['S', 'F', 'AA0']","['S', 'F', 'AA']",0,CCV,3
5705,"['AA0', 'S', 'F']","['AA', 'S', 'F']",0,VCC,3
5706,"['S', 'F', 'AY0']","['S', 'F', 'AY']",0,CCV,3
5707,"['AY0', 'S', 'F']","['AY', 'S', 'F']",0,VCC,3
5708,"['S', 'F', 'ER0']","['S', 'F', 'ER']",0,CCV,3
5709,"['ER0', 'S', 'F']","['ER', 'S', 'F']",0,VCC,3
5710,"['S', 'F', 'AO0']","['S', 'F', 'AO']",0,CCV,3
5711,"['AO0', 'S', 'F']","['AO', 'S', 'F']",0,VCC,3
5712,"['S', 'F', 'UW0']","['S', 'F', 'UW']",0,CCV,3
5713,"['UW0', 'S', 'F']","['UW', 'S', 'F']",0,VCC,3
5714,"['S', 'F', 'IH0']","['S', 'F', 'IH']",0,CCV,3
5715,"['IH0', 'S', 'F']","['IH', 'S', 'F']",0,VCC,3
5716,"['S', 'F', 'EH0']","['S', 'F', 'EH']",0,CCV,3
5717,"['EH0', 'S', 'F']","['EH', 'S', 'F']",0,VCC,3
5718,"['S', 'F', 'UH0']","['S', 'F', 'UH']",0,CCV,3
5719,"['UH0', 'S', 'F']","['UH', 'S', 'F']",0,VCC,3
5720,"['S', 'F', 'IY0']","['S', 'F', 'IY']",0,CCV,3
5721,"['IY0', 'S', 'F']","['IY', 'S', 'F']",0,VCC,3
5722,"['S', 'F', 'EY0']","['S', 'F', 'EY']",0,CCV,3
5723,"['EY0', 'S', 'F']","['EY', 'S', 'F']",0,VCC,3
5724,"['S', 'F', 'OW0']","['S', 'F', 'OW']",0,CCV,3
5725,"['OW0', 'S', 'F']","['OW', 'S', 'F']",0,VCC,3
5726,"['S', 'F', 'AE0']","['S', 'F', 'AE']",0,CCV,3
5727,"['AE0', 'S', 'F']","['AE', 'S', 'F']",0,VCC,3
5728,"['S', 'F', 'AW0']","['S', 'F', 'AW']",0,CCV,3
5729,"['AW0', 'S', 'F']","['AW', 'S', 'F']",0,VCC,3
5730,"['S', 'TH', 'AH0']","['S', 'TH', 'AH']",0,CCV,3
5731,"['AH0', 'S', 'TH']","['AH', 'S', 'TH']",0,VCC,3
5732,"['S', 'TH', 'OY0']","['S', 'TH', 'OY']",0,CCV,3
5733,"['OY0', 'S', 'TH']","['OY', 'S', 'TH']",0,VCC,3
5734,"['S', 'TH', 'AA0']","['S', 'TH', 'AA']",0,CCV,3
5735,"['AA0', 'S', 'TH']","['AA', 'S', 'TH']",0,VCC,3
5736,"['S', 'TH', 'AY0']","['S', 'TH', 'AY']",0,CCV,3
5737,"['AY0', 'S', 'TH']","['AY', 'S', 'TH']",0,VCC,3
5738,"['S', 'TH', 'ER0']","['S', 'TH', 'ER']",0,CCV,3
5739,"['ER0', 'S', 'TH']","['ER', 'S', 'TH']",0,VCC,3
5740,"['S', 'TH', 'AO0']","['S', 'TH', 'AO']",0,CCV,3
5741,"['AO0', 'S', 'TH']","['AO', 'S', 'TH']",0,VCC,3
5742,"['S', 'TH', 'UW0']","['S', 'TH', 'UW']",0,CCV,3
5743,"['UW0', 'S', 'TH']","['UW', 'S', 'TH']",0,VCC,3
5744,"['S', 'TH', 'IH0']","['S', 'TH', 'IH']",0,CCV,3
5745,"['IH0', 'S', 'TH']","['IH', 'S', 'TH']",0,VCC,3
5746,"['S', 'TH', 'EH0']","['S', 'TH', 'EH']",0,CCV,3
5747,"['EH0', 'S', 'TH']","['EH', 'S', 'TH']",0,VCC,3
5748,"['S', 'TH', 'UH0']","['S', 'TH', 'UH']",0,CCV,3
5749,"['UH0', 'S', 'TH']","['UH', 'S', 'TH']",0,VCC,3
5750,"['S', 'TH', 'IY0']","['S', 'TH', 'IY']",0,CCV,3
5751,"['IY0', 'S', 'TH']","['IY', 'S', 'TH']",0,VCC,3
5752,"['S', 'TH', 'EY0']","['S', 'TH', 'EY']",0,CCV,3
5753,"['EY0', 'S', 'TH']","['EY', 'S', 'TH']",0,VCC,3
5754,"['S', 'TH', 'OW0']","['S', 'TH', 'OW']",0,CCV,3
5755,"['OW0', 'S', 'TH']","['OW', 'S', 'TH']",0,VCC,3
5756,"['S', 'TH', 'AE0']","['S', 'TH', 'AE']",0,CCV,3
5757,"['AE0', 'S', 'TH']","['AE', 'S', 'TH']",0,VCC,3
5758,"['S', 'TH', 'AW0']","['S', 'TH', 'AW']",0,CCV,3
5759,"['AW0', 'S', 'TH']","['AW', 'S', 'TH']",0,VCC,3
5760,"['S', 'SH', 'AH0']","['S', 'SH', 'AH']",0,CCV,3
5761,"['AH0', 'S', 'SH']","['AH', 'S', 'SH']",0,VCC,3
5762,"['S', 'SH', 'OY0']","['S', 'SH', 'OY']",0,CCV,3
5763,"['OY0', 'S', 'SH']","['OY', 'S', 'SH']",0,VCC,3
5764,"['S', 'SH', 'AA0']","['S', 'SH', 'AA']",0,CCV,3
5765,"['AA0', 'S', 'SH']","['AA', 'S', 'SH']",0,VCC,3
5766,"['S', 'SH', 'AY0']","['S', 'SH', 'AY']",0,CCV,3
5767,"['AY0', 'S', 'SH']","['AY', 'S', 'SH']",0,VCC,3
5768,"['S', 'SH', 'ER0']","['S', 'SH', 'ER']",0,CCV,3
5769,"['ER0', 'S', 'SH']","['ER', 'S', 'SH']",0,VCC,3
5770,"['S', 'SH', 'AO0']","['S', 'SH', 'AO']",0,CCV,3
5771,"['AO0', 'S', 'SH']","['AO', 'S', 'SH']",0,VCC,3
5772,"['S', 'SH', 'UW0']","['S', 'SH', 'UW']",0,CCV,3
5773,"['UW0', 'S', 'SH']","['UW', 'S', 'SH']",0,VCC,3
5774,"['S', 'SH', 'IH0']","['S', 'SH', 'IH']",0,CCV,3
5775,"['IH0', 'S', 'SH']","['IH', 'S', 'SH']",0,VCC,3
5776,"['S', 'SH', 'EH0']","['S', 'SH', 'EH']",0,CCV,3
5777,"['EH0', 'S', 'SH']","['EH', 'S', 'SH']",0,VCC,3
5778,"['S', 'SH', 'UH0']","['S', 'SH', 'UH']",0,CCV,3
5779,"['UH0', 'S', 'SH']","['UH', 'S', 'SH']",0,VCC,3
5780,"['S', 'SH', 'IY0']","['S', 'SH', 'IY']",0,CCV,3
5781,"['IY0', 'S', 'SH']","['IY', 'S', 'SH']",0,VCC,3
5782,"['S', 'SH', 'EY0']","['S', 'SH', 'EY']",0,CCV,3
5783,"['EY0', 'S', 'SH']","['EY', 'S', 'SH']",0,VCC,3
5784,"['S', 'SH', 'OW0']","['S', 'SH', 'OW']",0,CCV,3
5785,"['OW0', 'S', 'SH']","['OW', 'S', 'SH']",0,VCC,3
5786,"['S', 'SH', 'AE0']","['S', 'SH', 'AE']",0,CCV,3
5787,"['AE0', 'S', 'SH']","['AE', 'S', 'SH']",0,VCC,3
5788,"['S', 'SH', 'AW0']","['S', 'SH', 'AW']",0,CCV,3
5789,"['AW0', 'S', 'SH']","['AW', 'S', 'SH']",0,VCC,3
5790,"['S', 'Z', 'AH0']","['S', 'Z', 'AH']",0,CCV,3
5791,"['AH0', 'S', 'Z']","['AH', 'S', 'Z']",0,VCC,3
5792,"['S', 'Z', 'OY0']","['S', 'Z', 'OY']",0,CCV,3
5793,"['OY0', 'S', 'Z']","['OY', 'S', 'Z']",0,VCC,3
5794,"['S', 'Z', 'AA0']","['S', 'Z', 'AA']",0,CCV,3
5795,"['AA0', 'S', 'Z']","['AA', 'S', 'Z']",0,VCC,3
5796,"['S', 'Z', 'AY0']","['S', 'Z', 'AY']",0,CCV,3
5797,"['AY0', 'S', 'Z']","['AY', 'S', 'Z']",0,VCC,3
5798,"['S', 'Z', 'ER0']","['S', 'Z', 'ER']",0,CCV,3
5799,"['ER0', 'S', 'Z']","['ER', 'S', 'Z']",0,VCC,3
5800,"['S', 'Z', 'AO0']","['S', 'Z', 'AO']",0,CCV,3
5801,"['AO0', 'S', 'Z']","['AO', 'S', 'Z']",0,VCC,3
5802,"['S', 'Z', 'UW0']","['S', 'Z', 'UW']",0,CCV,3
5803,"['UW0', 'S', 'Z']","['UW', 'S', 'Z']",0,VCC,3
5804,"['S', 'Z', 'IH0']","['S', 'Z', 'IH']",0,CCV,3
5805,"['IH0', 'S', 'Z']","['IH', 'S', 'Z']",0,VCC,3
5806,"['S', 'Z', 'EH0']","['S', 'Z', 'EH']",0,CCV,3
5807,"['EH0', 'S', 'Z']","['EH', 'S', 'Z']",0,VCC,3
5808,"['S', 'Z', 'UH0']","['S', 'Z', 'UH']",0,CCV,3
5809,"['UH0', 'S', 'Z']","['UH', 'S', 'Z']",0,VCC,3
5810,"['S', 'Z', 'IY0']","['S', 'Z', 'IY']",0,CCV,3
5811,"['IY0', 'S', 'Z']","['IY', 'S', 'Z']",0,VCC,3
5812,"['S', 'Z', 'EY0']","['S', 'Z', 'EY']",0,CCV,3
5813,"['EY0', 'S', 'Z']","['EY', 'S', 'Z']",0,VCC,3
5814,"['S', 'Z', 'OW0']","['S', 'Z', 'OW']",0,CCV,3
5815,"['OW0', 'S', 'Z']","['OW', 'S', 'Z']",0,VCC,3
5816,"['S', 'Z', 'AE0']","['S', 'Z', 'AE']",0,CCV,3
5817,"['AE0', 'S', 'Z']","['AE', 'S', 'Z']",0,VCC,3
5818,"['S', 'Z', 'AW0']","['S', 'Z', 'AW']",0,CCV,3
5819,"['AW0', 'S', 'Z']","['AW', 'S', 'Z']",0,VCC,3
5820,"['S', 'ZH', 'AH0']","['S', 'ZH', 'AH']",0,CCV,3
5821,"['AH0', 'S', 'ZH']","['AH', 'S', 'ZH']",0,VCC,3
5822,"['S', 'ZH', 'OY0']","['S', 'ZH', 'OY']",0,CCV,3
5823,"['OY0', 'S', 'ZH']","['OY', 'S', 'ZH']",0,VCC,3
5824,"['S', 'ZH', 'AA0']","['S', 'ZH', 'AA']",0,CCV,3
5825,"['AA0', 'S', 'ZH']","['AA', 'S', 'ZH']",0,VCC,3
5826,"['S', 'ZH', 'AY0']","['S', 'ZH', 'AY']",0,CCV,3
5827,"['AY0', 'S', 'ZH']","['AY', 'S', 'ZH']",0,VCC,3
5828,"['S', 'ZH', 'ER0']","['S', 'ZH', 'ER']",0,CCV,3
5829,"['ER0', 'S', 'ZH']","['ER', 'S', 'ZH']",0,VCC,3
5830,"['S', 'ZH', 'AO0']","['S', 'ZH', 'AO']",0,CCV,3
5831,"['AO0', 'S', 'ZH']","['AO', 'S', 'ZH']",0,VCC,3
5832,"['S', 'ZH', 'UW0']","['S', 'ZH', 'UW']",0,CCV,3
5833,"['UW0', 'S', 'ZH']","['UW', 'S', 'ZH']",0,VCC,3
5834,"['S', 'ZH', 'IH0']","['S', 'ZH', 'IH']",0,CCV,3
5835,"['IH0', 'S', 'ZH']","['IH', 'S', 'ZH']",0,VCC,3
5836,"['S', 'ZH', 'EH0']","['S', 'ZH', 'EH']",0,CCV,3
5837,"['EH0', 'S', 'ZH']","['EH', 'S', 'ZH']",0,VCC,3
5838,"['S', 'ZH', 'UH0']","['S', 'ZH', 'UH']",0,CCV,3
5839,"['UH0', 'S', 'ZH']","['UH', 'S', 'ZH']",0,VCC,3
5840,"['S', 'ZH', 'IY0']","['S', 'ZH', 'IY']",0,CCV,3
5841,"['IY0', 'S', 'ZH']","['IY', 'S', 'ZH']",0,VCC,3
5842,"['S', 'ZH', 'EY0']","['S', 'ZH', 'EY']",0,CCV,3
5843,"['EY0', 'S', 'ZH']","['EY', 'S', 'ZH']",0,VCC,3
5844,"['S', 'ZH', 'OW0']","['S', 'ZH', 'OW']",0,CCV,3
5845,"['OW0', 'S', 'ZH']","['OW', 'S', 'ZH']",0,VCC,3
5846,"['S', 'ZH', 'AE0']","['S', 'ZH', 'AE']",0,CCV,3
5847,"['AE0', 'S', 'ZH']","['AE', 'S', 'ZH']",0,VCC,3
5848,"['S', 'ZH', 'AW0']","['S', 'ZH', 'AW']",0,CCV,3
5849,"['AW0', 'S', 'ZH']","['AW', 'S', 'ZH']",0,VCC,3
5850,"['S', 'V', 'AH0']","['S', 'V', 'AH']",0,CCV,3
5851,"['AH0', 'S', 'V']","['AH', 'S', 'V']",0,VCC,3
5852,"['S', 'V', 'OY0']","['S', 'V', 'OY']",0,CCV,3
5853,"['OY0', 'S', 'V']","['OY', 'S', 'V']",0,VCC,3
5854,"['S', 'V', 'AA0']","['S', 'V', 'AA']",0,CCV,3
5855,"['AA0', 'S', 'V']","['AA', 'S', 'V']",0,VCC,3
5856,"['S', 'V', 'AY0']","['S', 'V', 'AY']",0,CCV,3
5857,"['AY0', 'S', 'V']","['AY', 'S', 'V']",0,VCC,3
5858,"['S', 'V', 'ER0']","['S', 'V', 'ER']",0,CCV,3
5859,"['ER0', 'S', 'V']","['ER', 'S', 'V']",0,VCC,3
5860,"['S', 'V', 'AO0']","['S', 'V', 'AO']",0,CCV,3
5861,"['AO0', 'S', 'V']","['AO', 'S', 'V']",0,VCC,3
5862,"['S', 'V', 'UW0']","['S', 'V', 'UW']",0,CCV,3
5863,"['UW0', 'S', 'V']","['UW', 'S', 'V']",0,VCC,3
5864,"['S', 'V', 'IH0']","['S', 'V', 'IH']",0,CCV,3
5865,"['IH0', 'S', 'V']","['IH', 'S', 'V']",0,VCC,3
5866,"['S', 'V', 'EH0']","['S', 'V', 'EH']",0,CCV,3
5867,"['EH0', 'S', 'V']","['EH', 'S', 'V']",0,VCC,3
5868,"['S', 'V', 'UH0']","['S', 'V', 'UH']",0,CCV,3
5869,"['UH0', 'S', 'V']","['UH', 'S', 'V']",0,VCC,3
5870,"['S', 'V', 'IY0']","['S', 'V', 'IY']",0,CCV,3
5871,"['IY0', 'S', 'V']","['IY', 'S', 'V']",0,VCC,3
5872,"['S', 'V', 'EY0']","['S', 'V', 'EY']",0,CCV,3
5873,"['EY0', 'S', 'V']","['EY', 'S', 'V']",0,VCC,3
5874,"['S', 'V', 'OW0']","['S', 'V', 'OW']",0,CCV,3
5875,"['OW0', 'S', 'V']","['OW', 'S', 'V']",0,VCC,3
5876,"['S', 'V', 'AE0']","['S', 'V', 'AE']",0,CCV,3
5877,"['AE0', 'S', 'V']","['AE', 'S', 'V']",0,VCC,3
5878,"['S', 'V', 'AW0']","['S', 'V', 'AW']",0,CCV,3
5879,"['AW0', 'S', 'V']","['AW', 'S', 'V']",0,VCC,3
5880,"['S', 'DH', 'AH0']","['S', 'DH', 'AH']",0,CCV,3
5881,"['AH0', 'S', 'DH']","['AH', 'S', 'DH']",0,VCC,3
5882,"['S', 'DH', 'OY0']","['S', 'DH', 'OY']",0,CCV,3
5883,"['OY0', 'S', 'DH']","['OY', 'S', 'DH']",0,VCC,3
5884,"['S', 'DH', 'AA0']","['S', 'DH', 'AA']",0,CCV,3
5885,"['AA0', 'S', 'DH']","['AA', 'S', 'DH']",0,VCC,3
5886,"['S', 'DH', 'AY0']","['S', 'DH', 'AY']",0,CCV,3
5887,"['AY0', 'S', 'DH']","['AY', 'S', 'DH']",0,VCC,3
5888,"['S', 'DH', 'ER0']","['S', 'DH', 'ER']",0,CCV,3
5889,"['ER0', 'S', 'DH']","['ER', 'S', 'DH']",0,VCC,3
5890,"['S', 'DH', 'AO0']","['S', 'DH', 'AO']",0,CCV,3
5891,"['AO0', 'S', 'DH']","['AO', 'S', 'DH']",0,VCC,3
5892,"['S', 'DH', 'UW0']","['S', 'DH', 'UW']",0,CCV,3
5893,"['UW0', 'S', 'DH']","['UW', 'S', 'DH']",0,VCC,3
5894,"['S', 'DH', 'IH0']","['S', 'DH', 'IH']",0,CCV,3
5895,"['IH0', 'S', 'DH']","['IH', 'S', 'DH']",0,VCC,3
5896,"['S', 'DH', 'EH0']","['S', 'DH', 'EH']",0,CCV,3
5897,"['EH0', 'S', 'DH']","['EH', 'S', 'DH']",0,VCC,3
5898,"['S', 'DH', 'UH0']","['S', 'DH', 'UH']",0,CCV,3
5899,"['UH0', 'S', 'DH']","['UH', 'S', 'DH']",0,VCC,3
5900,"['S', 'DH', 'IY0']","['S', 'DH', 'IY']",0,CCV,3
5901,"['IY0', 'S', 'DH']","['IY', 'S', 'DH']",0,VCC,3
5902,"['S', 'DH', 'EY0']","['S', 'DH', 'EY']",0,CCV,3
5903,"['EY0', 'S', 'DH']","['EY', 'S', 'DH']",0,VCC,3
5904,"['S', 'DH', 'OW0']","['S', 'DH', 'OW']",0,CCV,3
5905,"['OW0', 'S', 'DH']","['OW', 'S', 'DH']",0,VCC,3
5906,"['S', 'DH', 'AE0']","['S', 'DH', 'AE']",0,CCV,3
5907,"['AE0', 'S', 'DH']","['AE', 'S', 'DH']",0,VCC,3
5908,"['S', 'DH', 'AW0']","['S', 'DH', 'AW']",0,CCV,3
5909,"['AW0', 'S', 'DH']","['AW', 'S', 'DH']",0,VCC,3
5910,"['S', 'HH', 'AH0']","['S', 'HH', 'AH']",0,CCV,3
5911,"['AH0', 'S', 'HH']","['AH', 'S', 'HH']",0,VCC,3
5912,"['S', 'HH', 'OY0']","['S', 'HH', 'OY']",0,CCV,3
5913,"['OY0', 'S', 'HH']","['OY', 'S', 'HH']",0,VCC,3
5914,"['S', 'HH', 'AA0']","['S', 'HH', 'AA']",0,CCV,3
5915,"['AA0', 'S', 'HH']","['AA', 'S', 'HH']",0,VCC,3
5916,"['S', 'HH', 'AY0']","['S', 'HH', 'AY']",0,CCV,3
5917,"['AY0', 'S', 'HH']","['AY', 'S', 'HH']",0,VCC,3
5918,"['S', 'HH', 'ER0']","['S', 'HH', 'ER']",0,CCV,3
5919,"['ER0', 'S', 'HH']","['ER', 'S', 'HH']",0,VCC,3
5920,"['S', 'HH', 'AO0']","['S', 'HH', 'AO']",0,CCV,3
5921,"['AO0', 'S', 'HH']","['AO', 'S', 'HH']",0,VCC,3
5922,"['S', 'HH', 'UW0']","['S', 'HH', 'UW']",0,CCV,3
5923,"['UW0', 'S', 'HH']","['UW', 'S', 'HH']",0,VCC,3
5924,"['S', 'HH', 'IH0']","['S', 'HH', 'IH']",0,CCV,3
5925,"['IH0', 'S', 'HH']","['IH', 'S', 'HH']",0,VCC,3
5926,"['S', 'HH', 'EH0']","['S', 'HH', 'EH']",0,CCV,3
5927,"['EH0', 'S', 'HH']","['EH', 'S', 'HH']",0,VCC,3
5928,"['S', 'HH', 'UH0']","['S', 'HH', 'UH']",0,CCV,3
5929,"['UH0', 'S', 'HH']","['UH', 'S', 'HH']",0,VCC,3
5930,"['S', 'HH', 'IY0']","['S', 'HH', 'IY']",0,CCV,3
5931,"['IY0', 'S', 'HH']","['IY', 'S', 'HH']",0,VCC,3
5932,"['S', 'HH', 'EY0']","['S', 'HH', 'EY']",0,CCV,3
5933,"['EY0', 'S', 'HH']","['EY', 'S', 'HH']",0,VCC,3
5934,"['S', 'HH', 'OW0']","['S', 'HH', 'OW']",0,CCV,3
5935,"['OW0', 'S', 'HH']","['OW', 'S', 'HH']",0,VCC,3
5936,"['S', 'HH', 'AE0']","['S', 'HH', 'AE']",0,CCV,3
5937,"['AE0', 'S', 'HH']","['AE', 'S', 'HH']",0,VCC,3
5938,"['S', 'HH', 'AW0']","['S', 'HH', 'AW']",0,CCV,3
5939,"['AW0', 'S', 'HH']","['AW', 'S', 'HH']",0,VCC,3
5940,"['S', 'CH', 'AH0']","['S', 'CH', 'AH']",1,CCV,3
5941,"['AH0', 'S', 'CH']","['AH', 'S', 'CH']",-1,VCC,3
5942,"['S', 'CH', 'OY0']","['S', 'CH', 'OY']",1,CCV,3
5943,"['OY0', 'S', 'CH']","['OY', 'S', 'CH']",-1,VCC,3
5944,"['S', 'CH', 'AA0']","['S', 'CH', 'AA']",1,CCV,3
5945,"['AA0', 'S', 'CH']","['AA', 'S', 'CH']",-1,VCC,3
5946,"['S', 'CH', 'AY0']","['S', 'CH', 'AY']",1,CCV,3
5947,"['AY0', 'S', 'CH']","['AY', 'S', 'CH']",-1,VCC,3
5948,"['S', 'CH', 'ER0']","['S', 'CH', 'ER']",1,CCV,3
5949,"['ER0', 'S', 'CH']","['ER', 'S', 'CH']",-1,VCC,3
5950,"['S', 'CH', 'AO0']","['S', 'CH', 'AO']",1,CCV,3
5951,"['AO0', 'S', 'CH']","['AO', 'S', 'CH']",-1,VCC,3
5952,"['S', 'CH', 'UW0']","['S', 'CH', 'UW']",1,CCV,3
5953,"['UW0', 'S', 'CH']","['UW', 'S', 'CH']",-1,VCC,3
5954,"['S', 'CH', 'IH0']","['S', 'CH', 'IH']",1,CCV,3
5955,"['IH0', 'S', 'CH']","['IH', 'S', 'CH']",-1,VCC,3
5956,"['S', 'CH', 'EH0']","['S', 'CH', 'EH']",1,CCV,3
5957,"['EH0', 'S', 'CH']","['EH', 'S', 'CH']",-1,VCC,3
5958,"['S', 'CH', 'UH0']","['S', 'CH', 'UH']",1,CCV,3
5959,"['UH0', 'S', 'CH']","['UH', 'S', 'CH']",-1,VCC,3
5960,"['S', 'CH', 'IY0']","['S', 'CH', 'IY']",1,CCV,3
5961,"['IY0', 'S', 'CH']","['IY', 'S', 'CH']",-1,VCC,3
5962,"['S', 'CH', 'EY0']","['S', 'CH', 'EY']",1,CCV,3
5963,"['EY0', 'S', 'CH']","['EY', 'S', 'CH']",-1,VCC,3
5964,"['S', 'CH', 'OW0']","['S', 'CH', 'OW']",1,CCV,3
5965,"['OW0', 'S', 'CH']","['OW', 'S', 'CH']",-1,VCC,3
5966,"['S', 'CH', 'AE0']","['S', 'CH', 'AE']",1,CCV,3
5967,"['AE0', 'S', 'CH']","['AE', 'S', 'CH']",-1,VCC,3
5968,"['S', 'CH', 'AW0']","['S', 'CH', 'AW']",1,CCV,3
5969,"['AW0', 'S', 'CH']","['AW', 'S', 'CH']",-1,VCC,3
5970,"['S', 'JH', 'AH0']","['S', 'JH', 'AH']",1,CCV,3
5971,"['AH0', 'S', 'JH']","['AH', 'S', 'JH']",-1,VCC,3
5972,"['S', 'JH', 'OY0']","['S', 'JH', 'OY']",1,CCV,3
5973,"['OY0', 'S', 'JH']","['OY', 'S', 'JH']",-1,VCC,3
5974,"['S', 'JH', 'AA0']","['S', 'JH', 'AA']",1,CCV,3
5975,"['AA0', 'S', 'JH']","['AA', 'S', 'JH']",-1,VCC,3
5976,"['S', 'JH', 'AY0']","['S', 'JH', 'AY']",1,CCV,3
5977,"['AY0', 'S', 'JH']","['AY', 'S', 'JH']",-1,VCC,3
5978,"['S', 'JH', 'ER0']","['S', 'JH', 'ER']",1,CCV,3
5979,"['ER0', 'S', 'JH']","['ER', 'S', 'JH']",-1,VCC,3
5980,"['S', 'JH', 'AO0']","['S', 'JH', 'AO']",1,CCV,3
5981,"['AO0', 'S', 'JH']","['AO', 'S', 'JH']",-1,VCC,3
5982,"['S', 'JH', 'UW0']","['S', 'JH', 'UW']",1,CCV,3
5983,"['UW0', 'S', 'JH']","['UW', 'S', 'JH']",-1,VCC,3
5984,"['S', 'JH', 'IH0']","['S', 'JH', 'IH']",1,CCV,3
5985,"['IH0', 'S', 'JH']","['IH', 'S', 'JH']",-1,VCC,3
5986,"['S', 'JH', 'EH0']","['S', 'JH', 'EH']",1,CCV,3
5987,"['EH0', 'S', 'JH']","['EH', 'S', 'JH']",-1,VCC,3
5988,"['S', 'JH', 'UH0']","['S', 'JH', 'UH']",1,CCV,3
5989,"['UH0', 'S', 'JH']","['UH', 'S', 'JH']",-1,VCC,3
5990,"['S', 'JH', 'IY0']","['S', 'JH', 'IY']",1,CCV,3
5991,"['IY0', 'S', 'JH']","['IY', 'S', 'JH']",-1,VCC,3
5992,"['S', 'JH', 'EY0']","['S', 'JH', 'EY']",1,CCV,3
5993,"['EY0', 'S', 'JH']","['EY', 'S', 'JH']",-1,VCC,3
5994,"['S', 'JH', 'OW0']","['S', 'JH', 'OW']",1,CCV,3
5995,"['OW0', 'S', 'JH']","['OW', 'S', 'JH']",-1,VCC,3
5996,"['S', 'JH', 'AE0']","['S', 'JH', 'AE']",1,CCV,3
5997,"['AE0', 'S', 'JH']","['AE', 'S', 'JH']",-1,VCC,3
5998,"['S', 'JH', 'AW0']","['S', 'JH', 'AW']",1,CCV,3
5999,"['AW0', 'S', 'JH']","['AW', 'S', 'JH']",-1,VCC,3
6000,"['S', 'M', 'AH0']","['S', 'M', 'AH']",2,CCV,3
6001,"['AH0', 'S', 'M']","['AH', 'S', 'M']",-2,VCC,3
6002,"['S', 'M', 'OY0']","['S', 'M', 'OY']",2,CCV,3
6003,"['OY0', 'S', 'M']","['OY', 'S', 'M']",-2,VCC,3
6004,"['S', 'M', 'AA0']","['S', 'M', 'AA']",2,CCV,3
6005,"['AA0', 'S', 'M']","['AA', 'S', 'M']",-2,VCC,3
6006,"['S', 'M', 'AY0']","['S', 'M', 'AY']",2,CCV,3
6007,"['AY0', 'S', 'M']","['AY', 'S', 'M']",-2,VCC,3
6008,"['S', 'M', 'ER0']","['S', 'M', 'ER']",2,CCV,3
6009,"['ER0', 'S', 'M']","['ER', 'S', 'M']",-2,VCC,3
6010,"['S', 'M', 'AO0']","['S', 'M', 'AO']",2,CCV,3
6011,"['AO0', 'S', 'M']","['AO', 'S', 'M']",-2,VCC,3
6012,"['S', 'M', 'UW0']","['S', 'M', 'UW']",2,CCV,3
6013,"['UW0', 'S', 'M']","['UW', 'S', 'M']",-2,VCC,3
6014,"['S', 'M', 'IH0']","['S', 'M', 'IH']",2,CCV,3
6015,"['IH0', 'S', 'M']","['IH', 'S', 'M']",-2,VCC,3
6016,"['S', 'M', 'EH0']","['S', 'M', 'EH']",2,CCV,3
6017,"['EH0', 'S', 'M']","['EH', 'S', 'M']",-2,VCC,3
6018,"['S', 'M', 'UH0']","['S', 'M', 'UH']",2,CCV,3
6019,"['UH0', 'S', 'M']","['UH', 'S', 'M']",-2,VCC,3
6020,"['S', 'M', 'IY0']","['S', 'M', 'IY']",2,CCV,3
6021,"['IY0', 'S', 'M']","['IY', 'S', 'M']",-2,VCC,3
6022,"['S', 'M', 'EY0']","['S', 'M', 'EY']",2,CCV,3
6023,"['EY0', 'S', 'M']","['EY', 'S', 'M']",-2,VCC,3
6024,"['S', 'M', 'OW0']","['S', 'M', 'OW']",2,CCV,3
6025,"['OW0', 'S', 'M']","['OW', 'S', 'M']",-2,VCC,3
6026,"['S', 'M', 'AE0']","['S', 'M', 'AE']",2,CCV,3
6027,"['AE0', 'S', 'M']","['AE', 'S', 'M']",-2,VCC,3
6028,"['S', 'M', 'AW0']","['S', 'M', 'AW']",2,CCV,3
6029,"['AW0', 'S', 'M']","['AW', 'S', 'M']",-2,VCC,3
6030,"['S', 'N', 'AH0']","['S', 'N', 'AH']",2,CCV,3
6031,"['AH0', 'S', 'N']","['AH', 'S', 'N']",-2,VCC,3
6032,"['S', 'N', 'OY0']","['S', 'N', 'OY']",2,CCV,3
6033,"['OY0', 'S', 'N']","['OY', 'S', 'N']",-2,VCC,3
6034,"['S', 'N', 'AA0']","['S', 'N', 'AA']",2,CCV,3
6035,"['AA0', 'S', 'N']","['AA', 'S', 'N']",-2,VCC,3
6036,"['S', 'N', 'AY0']","['S', 'N', 'AY']",2,CCV,3
6037,"['AY0', 'S', 'N']","['AY', 'S', 'N']",-2,VCC,3
6038,"['S', 'N', 'ER0']","['S', 'N', 'ER']",2,CCV,3
6039,"['ER0', 'S', 'N']","['ER', 'S', 'N']",-2,VCC,3
6040,"['S', 'N', 'AO0']","['S', 'N', 'AO']",2,CCV,3
6041,"['AO0', 'S', 'N']","['AO', 'S', 'N']",-2,VCC,3
6042,"['S', 'N', 'UW0']","['S', 'N', 'UW']",2,CCV,3
6043,"['UW0', 'S', 'N']","['UW', 'S', 'N']",-2,VCC,3
6044,"['S', 'N', 'IH0']","['S', 'N', 'IH']",2,CCV,3
6045,"['IH0', 'S', 'N']","['IH', 'S', 'N']",-2,VCC,3
6046,"['S', 'N', 'EH0']","['S', 'N', 'EH']",2,CCV,3
6047,"['EH0', 'S', 'N']","['EH', 'S', 'N']",-2,VCC,3
6048,"['S', 'N', 'UH0']","['S', 'N', 'UH']",2,CCV,3
6049,"['UH0', 'S', 'N']","['UH', 'S', 'N']",-2,VCC,3
6050,"['S', 'N', 'IY0']","['S', 'N', 'IY']",2,CCV,3
6051,"['IY0', 'S', 'N']","['IY', 'S', 'N']",-2,VCC,3
6052,"['S', 'N', 'EY0']","['S', 'N', 'EY']",2,CCV,3
6053,"['EY0', 'S', 'N']","['EY', 'S', 'N']",-2,VCC,3
6054,"['S', 'N', 'OW0']","['S', 'N', 'OW']",2,CCV,3
6055,"['OW0', 'S', 'N']","['OW', 'S', 'N']",-2,VCC,3
6056,"['S', 'N', 'AE0']","['S', 'N', 'AE']",2,CCV,3
6057,"['AE0', 'S', 'N']","['AE', 'S', 'N']",-2,VCC,3
6058,"['S', 'N', 'AW0']","['S', 'N', 'AW']",2,CCV,3
6059,"['AW0', 'S', 'N']","['AW', 'S', 'N']",-2,VCC,3
6060,"['S', 'NG', 'AH0']","['S', 'NG', 'AH']",2,CCV,3
6061,"['AH0', 'S', 'NG']","['AH', 'S', 'NG']",-2,VCC,3
6062,"['S', 'NG', 'OY0']","['S', 'NG', 'OY']",2,CCV,3
6063,"['OY0', 'S', 'NG']","['OY', 'S', 'NG']",-2,VCC,3
6064,"['S', 'NG', 'AA0']","['S', 'NG', 'AA']",2,CCV,3
6065,"['AA0', 'S', 'NG']","['AA', 'S', 'NG']",-2,VCC,3
6066,"['S', 'NG', 'AY0']","['S', 'NG', 'AY']",2,CCV,3
6067,"['AY0', 'S', 'NG']","['AY', 'S', 'NG']",-2,VCC,3
6068,"['S', 'NG', 'ER0']","['S', 'NG', 'ER']",2,CCV,3
6069,"['ER0', 'S', 'NG']","['ER', 'S', 'NG']",-2,VCC,3
6070,"['S', 'NG', 'AO0']","['S', 'NG', 'AO']",2,CCV,3
6071,"['AO0', 'S', 'NG']","['AO', 'S', 'NG']",-2,VCC,3
6072,"['S', 'NG', 'UW0']","['S', 'NG', 'UW']",2,CCV,3
6073,"['UW0', 'S', 'NG']","['UW', 'S', 'NG']",-2,VCC,3
6074,"['S', 'NG', 'IH0']","['S', 'NG', 'IH']",2,CCV,3
6075,"['IH0', 'S', 'NG']","['IH', 'S', 'NG']",-2,VCC,3
6076,"['S', 'NG', 'EH0']","['S', 'NG', 'EH']",2,CCV,3
6077,"['EH0', 'S', 'NG']","['EH', 'S', 'NG']",-2,VCC,3
6078,"['S', 'NG', 'UH0']","['S', 'NG', 'UH']",2,CCV,3
6079,"['UH0', 'S', 'NG']","['UH', 'S', 'NG']",-2,VCC,3
6080,"['S', 'NG', 'IY0']","['S', 'NG', 'IY']",2,CCV,3
6081,"['IY0', 'S', 'NG']","['IY', 'S', 'NG']",-2,VCC,3
6082,"['S', 'NG', 'EY0']","['S', 'NG', 'EY']",2,CCV,3
6083,"['EY0', 'S', 'NG']","['EY', 'S', 'NG']",-2,VCC,3
6084,"['S', 'NG', 'OW0']","['S', 'NG', 'OW']",2,CCV,3
6085,"['OW0', 'S', 'NG']","['OW', 'S', 'NG']",-2,VCC,3
6086,"['S', 'NG', 'AE0']","['S', 'NG', 'AE']",2,CCV,3
6087,"['AE0', 'S', 'NG']","['AE', 'S', 'NG']",-2,VCC,3
6088,"['S', 'NG', 'AW0']","['S', 'NG', 'AW']",2,CCV,3
6089,"['AW0', 'S', 'NG']","['AW', 'S', 'NG']",-2,VCC,3
6090,"['S', 'L', 'AH0']","['S', 'L', 'AH']",3,CCV,3
6091,"['AH0', 'S', 'L']","['AH', 'S', 'L']",-3,VCC,3
6092,"['S', 'L', 'OY0']","['S', 'L', 'OY']",3,CCV,3
6093,"['OY0', 'S', 'L']","['OY', 'S', 'L']",-3,VCC,3
6094,"['S', 'L', 'AA0']","['S', 'L', 'AA']",3,CCV,3
6095,"['AA0', 'S', 'L']","['AA', 'S', 'L']",-3,VCC,3
6096,"['S', 'L', 'AY0']","['S', 'L', 'AY']",3,CCV,3
6097,"['AY0', 'S', 'L']","['AY', 'S', 'L']",-3,VCC,3
6098,"['S', 'L', 'ER0']","['S', 'L', 'ER']",3,CCV,3
6099,"['ER0', 'S', 'L']","['ER', 'S', 'L']",-3,VCC,3
6100,"['S', 'L', 'AO0']","['S', 'L', 'AO']",3,CCV,3
6101,"['AO0', 'S', 'L']","['AO', 'S', 'L']",-3,VCC,3
6102,"['S', 'L', 'UW0']","['S', 'L', 'UW']",3,CCV,3
6103,"['UW0', 'S', 'L']","['UW', 'S', 'L']",-3,VCC,3
6104,"['S', 'L', 'IH0']","['S', 'L', 'IH']",3,CCV,3
6105,"['IH0', 'S', 'L']","['IH', 'S', 'L']",-3,VCC,3
6106,"['S', 'L', 'EH0']","['S', 'L', 'EH']",3,CCV,3
6107,"['EH0', 'S', 'L']","['EH', 'S', 'L']",-3,VCC,3
6108,"['S', 'L', 'UH0']","['S', 'L', 'UH']",3,CCV,3
6109,"['UH0', 'S', 'L']","['UH', 'S', 'L']",-3,VCC,3
6110,"['S', 'L', 'IY0']","['S', 'L', 'IY']",3,CCV,3
6111,"['IY0', 'S', 'L']","['IY', 'S', 'L']",-3,VCC,3
6112,"['S', 'L', 'EY0']","['S', 'L', 'EY']",3,CCV,3
6113,"['EY0', 'S', 'L']","['EY', 'S', 'L']",-3,VCC,3
6114,"['S', 'L', 'OW0']","['S', 'L', 'OW']",3,CCV,3
6115,"['OW0', 'S', 'L']","['OW', 'S', 'L']",-3,VCC,3
6116,"['S', 'L', 'AE0']","['S', 'L', 'AE']",3,CCV,3
6117,"['AE0', 'S', 'L']","['AE', 'S', 'L']",-3,VCC,3
6118,"['S', 'L', 'AW0']","['S', 'L', 'AW']",3,CCV,3
6119,"['AW0', 'S', 'L']","['AW', 'S', 'L']",-3,VCC,3
6120,"['S', 'R', 'AH0']","['S', 'R', 'AH']",3,CCV,3
6121,"['AH0', 'S', 'R']","['AH', 'S', 'R']",-3,VCC,3
6122,"['S', 'R', 'OY0']","['S', 'R', 'OY']",3,CCV,3
6123,"['OY0', 'S', 'R']","['OY', 'S', 'R']",-3,VCC,3
6124,"['S', 'R', 'AA0']","['S', 'R', 'AA']",3,CCV,3
6125,"['AA0', 'S', 'R']","['AA', 'S', 'R']",-3,VCC,3
6126,"['S', 'R', 'AY0']","['S', 'R', 'AY']",3,CCV,3
6127,"['AY0', 'S', 'R']","['AY', 'S', 'R']",-3,VCC,3
6128,"['S', 'R', 'ER0']","['S', 'R', 'ER']",3,CCV,3
6129,"['ER0', 'S', 'R']","['ER', 'S', 'R']",-3,VCC,3
6130,"['S', 'R', 'AO0']","['S', 'R', 'AO']",3,CCV,3
6131,"['AO0', 'S', 'R']","['AO', 'S', 'R']",-3,VCC,3
6132,"['S', 'R', 'UW0']","['S', 'R', 'UW']",3,CCV,3
6133,"['UW0', 'S', 'R']","['UW', 'S', 'R']",-3,VCC,3
6134,"['S', 'R', 'IH0']","['S', 'R', 'IH']",3,CCV,3
6135,"['IH0', 'S', 'R']","['IH', 'S', 'R']",-3,VCC,3
6136,"['S', 'R', 'EH0']","['S', 'R', 'EH']",3,CCV,3
6137,"['EH0', 'S', 'R']","['EH', 'S', 'R']",-3,VCC,3
6138,"['S', 'R', 'UH0']","['S', 'R', 'UH']",3,CCV,3
6139,"['UH0', 'S', 'R']","['UH', 'S', 'R']",-3,VCC,3
6140,"['S', 'R', 'IY0']","['S', 'R', 'IY']",3,CCV,3
6141,"['IY0', 'S', 'R']","['IY', 'S', 'R']",-3,VCC,3
6142,"['S', 'R', 'EY0']","['S', 'R', 'EY']",3,CCV,3
6143,"['EY0', 'S', 'R']","['EY', 'S', 'R']",-3,VCC,3
6144,"['S', 'R', 'OW0']","['S', 'R', 'OW']",3,CCV,3
6145,"['OW0', 'S', 'R']","['OW', 'S', 'R']",-3,VCC,3
6146,"['S', 'R', 'AE0']","['S', 'R', 'AE']",3,CCV,3
6147,"['AE0', 'S', 'R']","['AE', 'S', 'R']",-3,VCC,3
6148,"['S', 'R', 'AW0']","['S', 'R', 'AW']",3,CCV,3
6149,"['AW0', 'S', 'R']","['AW', 'S', 'R']",-3,VCC,3
6150,"['S', 'W', 'AH0']","['S', 'W', 'AH']",4,CCV,3
6151,"['AH0', 'S', 'W']","['AH', 'S', 'W']",-4,VCC,3
6152,"['S', 'W', 'OY0']","['S', 'W', 'OY']",4,CCV,3
6153,"['OY0', 'S', 'W']","['OY', 'S', 'W']",-4,VCC,3
6154,"['S', 'W', 'AA0']","['S', 'W', 'AA']",4,CCV,3
6155,"['AA0', 'S', 'W']","['AA', 'S', 'W']",-4,VCC,3
6156,"['S', 'W', 'AY0']","['S', 'W', 'AY']",4,CCV,3
6157,"['AY0', 'S', 'W']","['AY', 'S', 'W']",-4,VCC,3
6158,"['S', 'W', 'ER0']","['S', 'W', 'ER']",4,CCV,3
6159,"['ER0', 'S', 'W']","['ER', 'S', 'W']",-4,VCC,3
6160,"['S', 'W', 'AO0']","['S', 'W', 'AO']",4,CCV,3
6161,"['AO0', 'S', 'W']","['AO', 'S', 'W']",-4,VCC,3
6162,"['S', 'W', 'UW0']","['S', 'W', 'UW']",4,CCV,3
6163,"['UW0', 'S', 'W']","['UW', 'S', 'W']",-4,VCC,3
6164,"['S', 'W', 'IH0']","['S', 'W', 'IH']",4,CCV,3
6165,"['IH0', 'S', 'W']","['IH', 'S', 'W']",-4,VCC,3
6166,"['S', 'W', 'EH0']","['S', 'W', 'EH']",4,CCV,3
6167,"['EH0', 'S', 'W']","['EH', 'S', 'W']",-4,VCC,3
6168,"['S', 'W', 'UH0']","['S', 'W', 'UH']",4,CCV,3
6169,"['UH0', 'S', 'W']","['UH', 'S', 'W']",-4,VCC,3
6170,"['S', 'W', 'IY0']","['S', 'W', 'IY']",4,CCV,3
6171,"['IY0', 'S', 'W']","['IY', 'S', 'W']",-4,VCC,3
6172,"['S', 'W', 'EY0']","['S', 'W', 'EY']",4,CCV,3
6173,"['EY0', 'S', 'W']","['EY', 'S', 'W']",-4,VCC,3
6174,"['S', 'W', 'OW0']","['S', 'W', 'OW']",4,CCV,3
6175,"['OW0', 'S', 'W']","['OW', 'S', 'W']",-4,VCC,3
6176,"['S', 'W', 'AE0']","['S', 'W', 'AE']",4,CCV,3
6177,"['AE0', 'S', 'W']","['AE', 'S', 'W']",-4,VCC,3
6178,"['S', 'W', 'AW0']","['S', 'W', 'AW']",4,CCV,3
6179,"['AW0', 'S', 'W']","['AW', 'S', 'W']",-4,VCC,3
6180,"['S', 'Y', 'AH0']","['S', 'Y', 'AH']",4,CCV,3
6181,"['AH0', 'S', 'Y']","['AH', 'S', 'Y']",-4,VCC,3
6182,"['S', 'Y', 'OY0']","['S', 'Y', 'OY']",4,CCV,3
6183,"['OY0', 'S', 'Y']","['OY', 'S', 'Y']",-4,VCC,3
6184,"['S', 'Y', 'AA0']","['S', 'Y', 'AA']",4,CCV,3
6185,"['AA0', 'S', 'Y']","['AA', 'S', 'Y']",-4,VCC,3
6186,"['S', 'Y', 'AY0']","['S', 'Y', 'AY']",4,CCV,3
6187,"['AY0', 'S', 'Y']","['AY', 'S', 'Y']",-4,VCC,3
6188,"['S', 'Y', 'ER0']","['S', 'Y', 'ER']",4,CCV,3
6189,"['ER0', 'S', 'Y']","['ER', 'S', 'Y']",-4,VCC,3
6190,"['S', 'Y', 'AO0']","['S', 'Y', 'AO']",4,CCV,3
6191,"['AO0', 'S', 'Y']","['AO', 'S', 'Y']",-4,VCC,3
6192,"['S', 'Y', 'UW0']","['S', 'Y', 'UW']",4,CCV,3
6193,"['UW0', 'S', 'Y']","['UW', 'S', 'Y']",-4,VCC,3
6194,"['S', 'Y', 'IH0']","['S', 'Y', 'IH']",4,CCV,3
6195,"['IH0', 'S', 'Y']","['IH', 'S', 'Y']",-4,VCC,3
6196,"['S', 'Y', 'EH0']","['S', 'Y', 'EH']",4,CCV,3
6197,"['EH0', 'S', 'Y']","['EH', 'S', 'Y']",-4,VCC,3
6198,"['S', 'Y', 'UH0']","['S', 'Y', 'UH']",4,CCV,3
6199,"['UH0', 'S', 'Y']","['UH', 'S', 'Y']",-4,VCC,3
6200,"['S', 'Y', 'IY0']","['S', 'Y', 'IY']",4,CCV,3
6201,"['IY0', 'S', 'Y']","['IY', 'S', 'Y']",-4,VCC,3
6202,"['S', 'Y', 'EY0']","['S', 'Y', 'EY']",4,CCV,3
6203,"['EY0', 'S', 'Y']","['EY', 'S', 'Y']",-4,VCC,3
6204,"['S', 'Y', 'OW0']","['S', 'Y', 'OW']",4,CCV,3
6205,"['OW0', 'S', 'Y']","['OW', 'S', 'Y']",-4,VCC,3
6206,"['S', 'Y', 'AE0']","['S', 'Y', 'AE']",4,CCV,3
6207,"['AE0', 'S', 'Y']","['AE', 'S', 'Y']",-4,VCC,3
6208,"['S', 'Y', 'AW0']","['S', 'Y', 'AW']",4,CCV,3
6209,"['AW0', 'S', 'Y']","['AW', 'S', 'Y']",-4,VCC,3
6210,"['SH', 'P', 'AH0']","['SH', 'P', 'AH']",-1,CCV,3
6211,"['AH0', 'SH', 'P']","['AH', 'SH', 'P']",1,VCC,3
6212,"['SH', 'P', 'OY0']","['SH', 'P', 'OY']",-1,CCV,3
6213,"['OY0', 'SH', 'P']","['OY', 'SH', 'P']",1,VCC,3
6214,"['SH', 'P', 'AA0']","['SH', 'P', 'AA']",-1,CCV,3
6215,"['AA0', 'SH', 'P']","['AA', 'SH', 'P']",1,VCC,3
6216,"['SH', 'P', 'AY0']","['SH', 'P', 'AY']",-1,CCV,3
6217,"['AY0', 'SH', 'P']","['AY', 'SH', 'P']",1,VCC,3
6218,"['SH', 'P', 'ER0']","['SH', 'P', 'ER']",-1,CCV,3
6219,"['ER0', 'SH', 'P']","['ER', 'SH', 'P']",1,VCC,3
6220,"['SH', 'P', 'AO0']","['SH', 'P', 'AO']",-1,CCV,3
6221,"['AO0', 'SH', 'P']","['AO', 'SH', 'P']",1,VCC,3
6222,"['SH', 'P', 'UW0']","['SH', 'P', 'UW']",-1,CCV,3
6223,"['UW0', 'SH', 'P']","['UW', 'SH', 'P']",1,VCC,3
6224,"['SH', 'P', 'IH0']","['SH', 'P', 'IH']",-1,CCV,3
6225,"['IH0', 'SH', 'P']","['IH', 'SH', 'P']",1,VCC,3
6226,"['SH', 'P', 'EH0']","['SH', 'P', 'EH']",-1,CCV,3
6227,"['EH0', 'SH', 'P']","['EH', 'SH', 'P']",1,VCC,3
6228,"['SH', 'P', 'UH0']","['SH', 'P', 'UH']",-1,CCV,3
6229,"['UH0', 'SH', 'P']","['UH', 'SH', 'P']",1,VCC,3
6230,"['SH', 'P', 'IY0']","['SH', 'P', 'IY']",-1,CCV,3
6231,"['IY0', 'SH', 'P']","['IY', 'SH', 'P']",1,VCC,3
6232,"['SH', 'P', 'EY0']","['SH', 'P', 'EY']",-1,CCV,3
6233,"['EY0', 'SH', 'P']","['EY', 'SH', 'P']",1,VCC,3
6234,"['SH', 'P', 'OW0']","['SH', 'P', 'OW']",-1,CCV,3
6235,"['OW0', 'SH', 'P']","['OW', 'SH', 'P']",1,VCC,3
6236,"['SH', 'P', 'AE0']","['SH', 'P', 'AE']",-1,CCV,3
6237,"['AE0', 'SH', 'P']","['AE', 'SH', 'P']",1,VCC,3
6238,"['SH', 'P', 'AW0']","['SH', 'P', 'AW']",-1,CCV,3
6239,"['AW0', 'SH', 'P']","['AW', 'SH', 'P']",1,VCC,3
6240,"['SH', 'T', 'AH0']","['SH', 'T', 'AH']",-1,CCV,3
6241,"['AH0', 'SH', 'T']","['AH', 'SH', 'T']",1,VCC,3
6242,"['SH', 'T', 'OY0']","['SH', 'T', 'OY']",-1,CCV,3
6243,"['OY0', 'SH', 'T']","['OY', 'SH', 'T']",1,VCC,3
6244,"['SH', 'T', 'AA0']","['SH', 'T', 'AA']",-1,CCV,3
6245,"['AA0', 'SH', 'T']","['AA', 'SH', 'T']",1,VCC,3
6246,"['SH', 'T', 'AY0']","['SH', 'T', 'AY']",-1,CCV,3
6247,"['AY0', 'SH', 'T']","['AY', 'SH', 'T']",1,VCC,3
6248,"['SH', 'T', 'ER0']","['SH', 'T', 'ER']",-1,CCV,3
6249,"['ER0', 'SH', 'T']","['ER', 'SH', 'T']",1,VCC,3
6250,"['SH', 'T', 'AO0']","['SH', 'T', 'AO']",-1,CCV,3
6251,"['AO0', 'SH', 'T']","['AO', 'SH', 'T']",1,VCC,3
6252,"['SH', 'T', 'UW0']","['SH', 'T', 'UW']",-1,CCV,3
6253,"['UW0', 'SH', 'T']","['UW', 'SH', 'T']",1,VCC,3
6254,"['SH', 'T', 'IH0']","['SH', 'T', 'IH']",-1,CCV,3
6255,"['IH0', 'SH', 'T']","['IH', 'SH', 'T']",1,VCC,3
6256,"['SH', 'T', 'EH0']","['SH', 'T', 'EH']",-1,CCV,3
6257,"['EH0', 'SH', 'T']","['EH', 'SH', 'T']",1,VCC,3
6258,"['SH', 'T', 'UH0']","['SH', 'T', 'UH']",-1,CCV,3
6259,"['UH0', 'SH', 'T']","['UH', 'SH', 'T']",1,VCC,3
6260,"['SH', 'T', 'IY0']","['SH', 'T', 'IY']",-1,CCV,3
6261,"['IY0', 'SH', 'T']","['IY', 'SH', 'T']",1,VCC,3
6262,"['SH', 'T', 'EY0']","['SH', 'T', 'EY']",-1,CCV,3
6263,"['EY0', 'SH', 'T']","['EY', 'SH', 'T']",1,VCC,3
6264,"['SH', 'T', 'OW0']","['SH', 'T', 'OW']",-1,CCV,3
6265,"['OW0', 'SH', 'T']","['OW', 'SH', 'T']",1,VCC,3
6266,"['SH', 'T', 'AE0']","['SH', 'T', 'AE']",-1,CCV,3
6267,"['AE0', 'SH', 'T']","['AE', 'SH', 'T']",1,VCC,3
6268,"['SH', 'T', 'AW0']","['SH', 'T', 'AW']",-1,CCV,3
6269,"['AW0', 'SH', 'T']","['AW', 'SH', 'T']",1,VCC,3
6270,"['SH', 'K', 'AH0']","['SH', 'K', 'AH']",-1,CCV,3
6271,"['AH0', 'SH', 'K']","['AH', 'SH', 'K']",1,VCC,3
6272,"['SH', 'K', 'OY0']","['SH', 'K', 'OY']",-1,CCV,3
6273,"['OY0', 'SH', 'K']","['OY', 'SH', 'K']",1,VCC,3
6274,"['SH', 'K', 'AA0']","['SH', 'K', 'AA']",-1,CCV,3
6275,"['AA0', 'SH', 'K']","['AA', 'SH', 'K']",1,VCC,3
6276,"['SH', 'K', 'AY0']","['SH', 'K', 'AY']",-1,CCV,3
6277,"['AY0', 'SH', 'K']","['AY', 'SH', 'K']",1,VCC,3
6278,"['SH', 'K', 'ER0']","['SH', 'K', 'ER']",-1,CCV,3
6279,"['ER0', 'SH', 'K']","['ER', 'SH', 'K']",1,VCC,3
6280,"['SH', 'K', 'AO0']","['SH', 'K', 'AO']",-1,CCV,3
6281,"['AO0', 'SH', 'K']","['AO', 'SH', 'K']",1,VCC,3
6282,"['SH', 'K', 'UW0']","['SH', 'K', 'UW']",-1,CCV,3
6283,"['UW0', 'SH', 'K']","['UW', 'SH', 'K']",1,VCC,3
6284,"['SH', 'K', 'IH0']","['SH', 'K', 'IH']",-1,CCV,3
6285,"['IH0', 'SH', 'K']","['IH', 'SH', 'K']",1,VCC,3
6286,"['SH', 'K', 'EH0']","['SH', 'K', 'EH']",-1,CCV,3
6287,"['EH0', 'SH', 'K']","['EH', 'SH', 'K']",1,VCC,3
6288,"['SH', 'K', 'UH0']","['SH', 'K', 'UH']",-1,CCV,3
6289,"['UH0', 'SH', 'K']","['UH', 'SH', 'K']",1,VCC,3
6290,"['SH', 'K', 'IY0']","['SH', 'K', 'IY']",-1,CCV,3
6291,"['IY0', 'SH', 'K']","['IY', 'SH', 'K']",1,VCC,3
6292,"['SH', 'K', 'EY0']","['SH', 'K', 'EY']",-1,CCV,3
6293,"['EY0', 'SH', 'K']","['EY', 'SH', 'K']",1,VCC,3
6294,"['SH', 'K', 'OW0']","['SH', 'K', 'OW']",-1,CCV,3
6295,"['OW0', 'SH', 'K']","['OW', 'SH', 'K']",1,VCC,3
6296,"['SH', 'K', 'AE0']","['SH', 'K', 'AE']",-1,CCV,3
6297,"['AE0', 'SH', 'K']","['AE', 'SH', 'K']",1,VCC,3
6298,"['SH', 'K', 'AW0']","['SH', 'K', 'AW']",-1,CCV,3
6299,"['AW0', 'SH', 'K']","['AW', 'SH', 'K']",1,VCC,3
6300,"['SH', 'B', 'AH0']","['SH', 'B', 'AH']",-1,CCV,3
6301,"['AH0', 'SH', 'B']","['AH', 'SH', 'B']",1,VCC,3
6302,"['SH', 'B', 'OY0']","['SH', 'B', 'OY']",-1,CCV,3
6303,"['OY0', 'SH', 'B']","['OY', 'SH', 'B']",1,VCC,3
6304,"['SH', 'B', 'AA0']","['SH', 'B', 'AA']",-1,CCV,3
6305,"['AA0', 'SH', 'B']","['AA', 'SH', 'B']",1,VCC,3
6306,"['SH', 'B', 'AY0']","['SH', 'B', 'AY']",-1,CCV,3
6307,"['AY0', 'SH', 'B']","['AY', 'SH', 'B']",1,VCC,3
6308,"['SH', 'B', 'ER0']","['SH', 'B', 'ER']",-1,CCV,3
6309,"['ER0', 'SH', 'B']","['ER', 'SH', 'B']",1,VCC,3
6310,"['SH', 'B', 'AO0']","['SH', 'B', 'AO']",-1,CCV,3
6311,"['AO0', 'SH', 'B']","['AO', 'SH', 'B']",1,VCC,3
6312,"['SH', 'B', 'UW0']","['SH', 'B', 'UW']",-1,CCV,3
6313,"['UW0', 'SH', 'B']","['UW', 'SH', 'B']",1,VCC,3
6314,"['SH', 'B', 'IH0']","['SH', 'B', 'IH']",-1,CCV,3
6315,"['IH0', 'SH', 'B']","['IH', 'SH', 'B']",1,VCC,3
6316,"['SH', 'B', 'EH0']","['SH', 'B', 'EH']",-1,CCV,3
6317,"['EH0', 'SH', 'B']","['EH', 'SH', 'B']",1,VCC,3
6318,"['SH', 'B', 'UH0']","['SH', 'B', 'UH']",-1,CCV,3
6319,"['UH0', 'SH', 'B']","['UH', 'SH', 'B']",1,VCC,3
6320,"['SH', 'B', 'IY0']","['SH', 'B', 'IY']",-1,CCV,3
6321,"['IY0', 'SH', 'B']","['IY', 'SH', 'B']",1,VCC,3
6322,"['SH', 'B', 'EY0']","['SH', 'B', 'EY']",-1,CCV,3
6323,"['EY0', 'SH', 'B']","['EY', 'SH', 'B']",1,VCC,3
6324,"['SH', 'B', 'OW0']","['SH', 'B', 'OW']",-1,CCV,3
6325,"['OW0', 'SH', 'B']","['OW', 'SH', 'B']",1,VCC,3
6326,"['SH', 'B', 'AE0']","['SH', 'B', 'AE']",-1,CCV,3
6327,"['AE0', 'SH', 'B']","['AE', 'SH', 'B']",1,VCC,3
6328,"['SH', 'B', 'AW0']","['SH', 'B', 'AW']",-1,CCV,3
6329,"['AW0', 'SH', 'B']","['AW', 'SH', 'B']",1,VCC,3
6330,"['SH', 'D', 'AH0']","['SH', 'D', 'AH']",-1,CCV,3
6331,"['AH0', 'SH', 'D']","['AH', 'SH', 'D']",1,VCC,3
6332,"['SH', 'D', 'OY0']","['SH', 'D', 'OY']",-1,CCV,3
6333,"['OY0', 'SH', 'D']","['OY', 'SH', 'D']",1,VCC,3
6334,"['SH', 'D', 'AA0']","['SH', 'D', 'AA']",-1,CCV,3
6335,"['AA0', 'SH', 'D']","['AA', 'SH', 'D']",1,VCC,3
6336,"['SH', 'D', 'AY0']","['SH', 'D', 'AY']",-1,CCV,3
6337,"['AY0', 'SH', 'D']","['AY', 'SH', 'D']",1,VCC,3
6338,"['SH', 'D', 'ER0']","['SH', 'D', 'ER']",-1,CCV,3
6339,"['ER0', 'SH', 'D']","['ER', 'SH', 'D']",1,VCC,3
6340,"['SH', 'D', 'AO0']","['SH', 'D', 'AO']",-1,CCV,3
6341,"['AO0', 'SH', 'D']","['AO', 'SH', 'D']",1,VCC,3
6342,"['SH', 'D', 'UW0']","['SH', 'D', 'UW']",-1,CCV,3
6343,"['UW0', 'SH', 'D']","['UW', 'SH', 'D']",1,VCC,3
6344,"['SH', 'D', 'IH0']","['SH', 'D', 'IH']",-1,CCV,3
6345,"['IH0', 'SH', 'D']","['IH', 'SH', 'D']",1,VCC,3
6346,"['SH', 'D', 'EH0']","['SH', 'D', 'EH']",-1,CCV,3
6347,"['EH0', 'SH', 'D']","['EH', 'SH', 'D']",1,VCC,3
6348,"['SH', 'D', 'UH0']","['SH', 'D', 'UH']",-1,CCV,3
6349,"['UH0', 'SH', 'D']","['UH', 'SH', 'D']",1,VCC,3
6350,"['SH', 'D', 'IY0']","['SH', 'D', 'IY']",-1,CCV,3
6351,"['IY0', 'SH', 'D']","['IY', 'SH', 'D']",1,VCC,3
6352,"['SH', 'D', 'EY0']","['SH', 'D', 'EY']",-1,CCV,3
6353,"['EY0', 'SH', 'D']","['EY', 'SH', 'D']",1,VCC,3
6354,"['SH', 'D', 'OW0']","['SH', 'D', 'OW']",-1,CCV,3
6355,"['OW0', 'SH', 'D']","['OW', 'SH', 'D']",1,VCC,3
6356,"['SH', 'D', 'AE0']","['SH', 'D', 'AE']",-1,CCV,3
6357,"['AE0', 'SH', 'D']","['AE', 'SH', 'D']",1,VCC,3
6358,"['SH', 'D', 'AW0']","['SH', 'D', 'AW']",-1,CCV,3
6359,"['AW0', 'SH', 'D']","['AW', 'SH', 'D']",1,VCC,3
6360,"['SH', 'G', 'AH0']","['SH', 'G', 'AH']",-1,CCV,3
6361,"['AH0', 'SH', 'G']","['AH', 'SH', 'G']",1,VCC,3
6362,"['SH', 'G', 'OY0']","['SH', 'G', 'OY']",-1,CCV,3
6363,"['OY0', 'SH', 'G']","['OY', 'SH', 'G']",1,VCC,3
6364,"['SH', 'G', 'AA0']","['SH', 'G', 'AA']",-1,CCV,3
6365,"['AA0', 'SH', 'G']","['AA', 'SH', 'G']",1,VCC,3
6366,"['SH', 'G', 'AY0']","['SH', 'G', 'AY']",-1,CCV,3
6367,"['AY0', 'SH', 'G']","['AY', 'SH', 'G']",1,VCC,3
6368,"['SH', 'G', 'ER0']","['SH', 'G', 'ER']",-1,CCV,3
6369,"['ER0', 'SH', 'G']","['ER', 'SH', 'G']",1,VCC,3
6370,"['SH', 'G', 'AO0']","['SH', 'G', 'AO']",-1,CCV,3
6371,"['AO0', 'SH', 'G']","['AO', 'SH', 'G']",1,VCC,3
6372,"['SH', 'G', 'UW0']","['SH', 'G', 'UW']",-1,CCV,3
6373,"['UW0', 'SH', 'G']","['UW', 'SH', 'G']",1,VCC,3
6374,"['SH', 'G', 'IH0']","['SH', 'G', 'IH']",-1,CCV,3
6375,"['IH0', 'SH', 'G']","['IH', 'SH', 'G']",1,VCC,3
6376,"['SH', 'G', 'EH0']","['SH', 'G', 'EH']",-1,CCV,3
6377,"['EH0', 'SH', 'G']","['EH', 'SH', 'G']",1,VCC,3
6378,"['SH', 'G', 'UH0']","['SH', 'G', 'UH']",-1,CCV,3
6379,"['UH0', 'SH', 'G']","['UH', 'SH', 'G']",1,VCC,3
6380,"['SH', 'G', 'IY0']","['SH', 'G', 'IY']",-1,CCV,3
6381,"['IY0', 'SH', 'G']","['IY', 'SH', 'G']",1,VCC,3
6382,"['SH', 'G', 'EY0']","['SH', 'G', 'EY']",-1,CCV,3
6383,"['EY0', 'SH', 'G']","['EY', 'SH', 'G']",1,VCC,3
6384,"['SH', 'G', 'OW0']","['SH', 'G', 'OW']",-1,CCV,3
6385,"['OW0', 'SH', 'G']","['OW', 'SH', 'G']",1,VCC,3
6386,"['SH', 'G', 'AE0']","['SH', 'G', 'AE']",-1,CCV,3
6387,"['AE0', 'SH', 'G']","['AE', 'SH', 'G']",1,VCC,3
6388,"['SH', 'G', 'AW0']","['SH', 'G', 'AW']",-1,CCV,3
6389,"['AW0', 'SH', 'G']","['AW', 'SH', 'G']",1,VCC,3
6390,"['SH', 'F', 'AH0']","['SH', 'F', 'AH']",0,CCV,3
6391,"['AH0', 'SH', 'F']","['AH', 'SH', 'F']",0,VCC,3
6392,"['SH', 'F', 'OY0']","['SH', 'F', 'OY']",0,CCV,3
6393,"['OY0', 'SH', 'F']","['OY', 'SH', 'F']",0,VCC,3
6394,"['SH', 'F', 'AA0']","['SH', 'F', 'AA']",0,CCV,3
6395,"['AA0', 'SH', 'F']","['AA', 'SH', 'F']",0,VCC,3
6396,"['SH', 'F', 'AY0']","['SH', 'F', 'AY']",0,CCV,3
6397,"['AY0', 'SH', 'F']","['AY', 'SH', 'F']",0,VCC,3
6398,"['SH', 'F', 'ER0']","['SH', 'F', 'ER']",0,CCV,3
6399,"['ER0', 'SH', 'F']","['ER', 'SH', 'F']",0,VCC,3
6400,"['SH', 'F', 'AO0']","['SH', 'F', 'AO']",0,CCV,3
6401,"['AO0', 'SH', 'F']","['AO', 'SH', 'F']",0,VCC,3
6402,"['SH', 'F', 'UW0']","['SH', 'F', 'UW']",0,CCV,3
6403,"['UW0', 'SH', 'F']","['UW', 'SH', 'F']",0,VCC,3
6404,"['SH', 'F', 'IH0']","['SH', 'F', 'IH']",0,CCV,3
6405,"['IH0', 'SH', 'F']","['IH', 'SH', 'F']",0,VCC,3
6406,"['SH', 'F', 'EH0']","['SH', 'F', 'EH']",0,CCV,3
6407,"['EH0', 'SH', 'F']","['EH', 'SH', 'F']",0,VCC,3
6408,"['SH', 'F', 'UH0']","['SH', 'F', 'UH']",0,CCV,3
6409,"['UH0', 'SH', 'F']","['UH', 'SH', 'F']",0,VCC,3
6410,"['SH', 'F', 'IY0']","['SH', 'F', 'IY']",0,CCV,3
6411,"['IY0', 'SH', 'F']","['IY', 'SH', 'F']",0,VCC,3
6412,"['SH', 'F', 'EY0']","['SH', 'F', 'EY']",0,CCV,3
6413,"['EY0', 'SH', 'F']","['EY', 'SH', 'F']",0,VCC,3
6414,"['SH', 'F', 'OW0']","['SH', 'F', 'OW']",0,CCV,3
6415,"['OW0', 'SH', 'F']","['OW', 'SH', 'F']",0,VCC,3
6416,"['SH', 'F', 'AE0']","['SH', 'F', 'AE']",0,CCV,3
6417,"['AE0', 'SH', 'F']","['AE', 'SH', 'F']",0,VCC,3
6418,"['SH', 'F', 'AW0']","['SH', 'F', 'AW']",0,CCV,3
6419,"['AW0', 'SH', 'F']","['AW', 'SH', 'F']",0,VCC,3
6420,"['SH', 'TH', 'AH0']","['SH', 'TH', 'AH']",0,CCV,3
6421,"['AH0', 'SH', 'TH']","['AH', 'SH', 'TH']",0,VCC,3
6422,"['SH', 'TH', 'OY0']","['SH', 'TH', 'OY']",0,CCV,3
6423,"['OY0', 'SH', 'TH']","['OY', 'SH', 'TH']",0,VCC,3
6424,"['SH', 'TH', 'AA0']","['SH', 'TH', 'AA']",0,CCV,3
6425,"['AA0', 'SH', 'TH']","['AA', 'SH', 'TH']",0,VCC,3
6426,"['SH', 'TH', 'AY0']","['SH', 'TH', 'AY']",0,CCV,3
6427,"['AY0', 'SH', 'TH']","['AY', 'SH', 'TH']",0,VCC,3
6428,"['SH', 'TH', 'ER0']","['SH', 'TH', 'ER']",0,CCV,3
6429,"['ER0', 'SH', 'TH']","['ER', 'SH', 'TH']",0,VCC,3
6430,"['SH', 'TH', 'AO0']","['SH', 'TH', 'AO']",0,CCV,3
6431,"['AO0', 'SH', 'TH']","['AO', 'SH', 'TH']",0,VCC,3
6432,"['SH', 'TH', 'UW0']","['SH', 'TH', 'UW']",0,CCV,3
6433,"['UW0', 'SH', 'TH']","['UW', 'SH', 'TH']",0,VCC,3
6434,"['SH', 'TH', 'IH0']","['SH', 'TH', 'IH']",0,CCV,3
6435,"['IH0', 'SH', 'TH']","['IH', 'SH', 'TH']",0,VCC,3
6436,"['SH', 'TH', 'EH0']","['SH', 'TH', 'EH']",0,CCV,3
6437,"['EH0', 'SH', 'TH']","['EH', 'SH', 'TH']",0,VCC,3
6438,"['SH', 'TH', 'UH0']","['SH', 'TH', 'UH']",0,CCV,3
6439,"['UH0', 'SH', 'TH']","['UH', 'SH', 'TH']",0,VCC,3
6440,"['SH', 'TH', 'IY0']","['SH', 'TH', 'IY']",0,CCV,3
6441,"['IY0', 'SH', 'TH']","['IY', 'SH', 'TH']",0,VCC,3
6442,"['SH', 'TH', 'EY0']","['SH', 'TH', 'EY']",0,CCV,3
6443,"['EY0', 'SH', 'TH']","['EY', 'SH', 'TH']",0,VCC,3
6444,"['SH', 'TH', 'OW0']","['SH', 'TH', 'OW']",0,CCV,3
6445,"['OW0', 'SH', 'TH']","['OW', 'SH', 'TH']",0,VCC,3
6446,"['SH', 'TH', 'AE0']","['SH', 'TH', 'AE']",0,CCV,3
6447,"['AE0', 'SH', 'TH']","['AE', 'SH', 'TH']",0,VCC,3
6448,"['SH', 'TH', 'AW0']","['SH', 'TH', 'AW']",0,CCV,3
6449,"['AW0', 'SH', 'TH']","['AW', 'SH', 'TH']",0,VCC,3
6450,"['SH', 'S', 'AH0']","['SH', 'S', 'AH']",0,CCV,3
6451,"['AH0', 'SH', 'S']","['AH', 'SH', 'S']",0,VCC,3
6452,"['SH', 'S', 'OY0']","['SH', 'S', 'OY']",0,CCV,3
6453,"['OY0', 'SH', 'S']","['OY', 'SH', 'S']",0,VCC,3
6454,"['SH', 'S', 'AA0']","['SH', 'S', 'AA']",0,CCV,3
6455,"['AA0', 'SH', 'S']","['AA', 'SH', 'S']",0,VCC,3
6456,"['SH', 'S', 'AY0']","['SH', 'S', 'AY']",0,CCV,3
6457,"['AY0', 'SH', 'S']","['AY', 'SH', 'S']",0,VCC,3
6458,"['SH', 'S', 'ER0']","['SH', 'S', 'ER']",0,CCV,3
6459,"['ER0', 'SH', 'S']","['ER', 'SH', 'S']",0,VCC,3
6460,"['SH', 'S', 'AO0']","['SH', 'S', 'AO']",0,CCV,3
6461,"['AO0', 'SH', 'S']","['AO', 'SH', 'S']",0,VCC,3
6462,"['SH', 'S', 'UW0']","['SH', 'S', 'UW']",0,CCV,3
6463,"['UW0', 'SH', 'S']","['UW', 'SH', 'S']",0,VCC,3
6464,"['SH', 'S', 'IH0']","['SH', 'S', 'IH']",0,CCV,3
6465,"['IH0', 'SH', 'S']","['IH', 'SH', 'S']",0,VCC,3
6466,"['SH', 'S', 'EH0']","['SH', 'S', 'EH']",0,CCV,3
6467,"['EH0', 'SH', 'S']","['EH', 'SH', 'S']",0,VCC,3
6468,"['SH', 'S', 'UH0']","['SH', 'S', 'UH']",0,CCV,3
6469,"['UH0', 'SH', 'S']","['UH', 'SH', 'S']",0,VCC,3
6470,"['SH', 'S', 'IY0']","['SH', 'S', 'IY']",0,CCV,3
6471,"['IY0', 'SH', 'S']","['IY', 'SH', 'S']",0,VCC,3
6472,"['SH', 'S', 'EY0']","['SH', 'S', 'EY']",0,CCV,3
6473,"['EY0', 'SH', 'S']","['EY', 'SH', 'S']",0,VCC,3
6474,"['SH', 'S', 'OW0']","['SH', 'S', 'OW']",0,CCV,3
6475,"['OW0', 'SH', 'S']","['OW', 'SH', 'S']",0,VCC,3
6476,"['SH', 'S', 'AE0']","['SH', 'S', 'AE']",0,CCV,3
6477,"['AE0', 'SH', 'S']","['AE', 'SH', 'S']",0,VCC,3
6478,"['SH', 'S', 'AW0']","['SH', 'S', 'AW']",0,CCV,3
6479,"['AW0', 'SH', 'S']","['AW', 'SH', 'S']",0,VCC,3
6480,"['SH', 'Z', 'AH0']","['SH', 'Z', 'AH']",0,CCV,3
6481,"['AH0', 'SH', 'Z']","['AH', 'SH', 'Z']",0,VCC,3
6482,"['SH', 'Z', 'OY0']","['SH', 'Z', 'OY']",0,CCV,3
6483,"['OY0', 'SH', 'Z']","['OY', 'SH', 'Z']",0,VCC,3
6484,"['SH', 'Z', 'AA0']","['SH', 'Z', 'AA']",0,CCV,3
6485,"['AA0', 'SH', 'Z']","['AA', 'SH', 'Z']",0,VCC,3
6486,"['SH', 'Z', 'AY0']","['SH', 'Z', 'AY']",0,CCV,3
6487,"['AY0', 'SH', 'Z']","['AY', 'SH', 'Z']",0,VCC,3
6488,"['SH', 'Z', 'ER0']","['SH', 'Z', 'ER']",0,CCV,3
6489,"['ER0', 'SH', 'Z']","['ER', 'SH', 'Z']",0,VCC,3
6490,"['SH', 'Z', 'AO0']","['SH', 'Z', 'AO']",0,CCV,3
6491,"['AO0', 'SH', 'Z']","['AO', 'SH', 'Z']",0,VCC,3
6492,"['SH', 'Z', 'UW0']","['SH', 'Z', 'UW']",0,CCV,3
6493,"['UW0', 'SH', 'Z']","['UW', 'SH', 'Z']",0,VCC,3
6494,"['SH', 'Z', 'IH0']","['SH', 'Z', 'IH']",0,CCV,3
6495,"['IH0', 'SH', 'Z']","['IH', 'SH', 'Z']",0,VCC,3
6496,"['SH', 'Z', 'EH0']","['SH', 'Z', 'EH']",0,CCV,3
6497,"['EH0', 'SH', 'Z']","['EH', 'SH', 'Z']",0,VCC,3
6498,"['SH', 'Z', 'UH0']","['SH', 'Z', 'UH']",0,CCV,3
6499,"['UH0', 'SH', 'Z']","['UH', 'SH', 'Z']",0,VCC,3
6500,"['SH', 'Z', 'IY0']","['SH', 'Z', 'IY']",0,CCV,3
6501,"['IY0', 'SH', 'Z']","['IY', 'SH', 'Z']",0,VCC,3
6502,"['SH', 'Z', 'EY0']","['SH', 'Z', 'EY']",0,CCV,3
6503,"['EY0', 'SH', 'Z']","['EY', 'SH', 'Z']",0,VCC,3
6504,"['SH', 'Z', 'OW0']","['SH', 'Z', 'OW']",0,CCV,3
6505,"['OW0', 'SH', 'Z']","['OW', 'SH', 'Z']",0,VCC,3
6506,"['SH', 'Z', 'AE0']","['SH', 'Z', 'AE']",0,CCV,3
6507,"['AE0', 'SH', 'Z']","['AE', 'SH', 'Z']",0,VCC,3
6508,"['SH', 'Z', 'AW0']","['SH', 'Z', 'AW']",0,CCV,3
6509,"['AW0', 'SH', 'Z']","['AW', 'SH', 'Z']",0,VCC,3
6510,"['SH', 'ZH', 'AH0']","['SH', 'ZH', 'AH']",0,CCV,3
6511,"['AH0', 'SH', 'ZH']","['AH', 'SH', 'ZH']",0,VCC,3
6512,"['SH', 'ZH', 'OY0']","['SH', 'ZH', 'OY']",0,CCV,3
6513,"['OY0', 'SH', 'ZH']","['OY', 'SH', 'ZH']",0,VCC,3
6514,"['SH', 'ZH', 'AA0']","['SH', 'ZH', 'AA']",0,CCV,3
6515,"['AA0', 'SH', 'ZH']","['AA', 'SH', 'ZH']",0,VCC,3
6516,"['SH', 'ZH', 'AY0']","['SH', 'ZH', 'AY']",0,CCV,3
6517,"['AY0', 'SH', 'ZH']","['AY', 'SH', 'ZH']",0,VCC,3
6518,"['SH', 'ZH', 'ER0']","['SH', 'ZH', 'ER']",0,CCV,3
6519,"['ER0', 'SH', 'ZH']","['ER', 'SH', 'ZH']",0,VCC,3
6520,"['SH', 'ZH', 'AO0']","['SH', 'ZH', 'AO']",0,CCV,3
6521,"['AO0', 'SH', 'ZH']","['AO', 'SH', 'ZH']",0,VCC,3
6522,"['SH', 'ZH', 'UW0']","['SH', 'ZH', 'UW']",0,CCV,3
6523,"['UW0', 'SH', 'ZH']","['UW', 'SH', 'ZH']",0,VCC,3
6524,"['SH', 'ZH', 'IH0']","['SH', 'ZH', 'IH']",0,CCV,3
6525,"['IH0', 'SH', 'ZH']","['IH', 'SH', 'ZH']",0,VCC,3
6526,"['SH', 'ZH', 'EH0']","['SH', 'ZH', 'EH']",0,CCV,3
6527,"['EH0', 'SH', 'ZH']","['EH', 'SH', 'ZH']",0,VCC,3
6528,"['SH', 'ZH', 'UH0']","['SH', 'ZH', 'UH']",0,CCV,3
6529,"['UH0', 'SH', 'ZH']","['UH', 'SH', 'ZH']",0,VCC,3
6530,"['SH', 'ZH', 'IY0']","['SH', 'ZH', 'IY']",0,CCV,3
6531,"['IY0', 'SH', 'ZH']","['IY', 'SH', 'ZH']",0,VCC,3
6532,"['SH', 'ZH', 'EY0']","['SH', 'ZH', 'EY']",0,CCV,3
6533,"['EY0', 'SH', 'ZH']","['EY', 'SH', 'ZH']",0,VCC,3
6534,"['SH', 'ZH', 'OW0']","['SH', 'ZH', 'OW']",0,CCV,3
6535,"['OW0', 'SH', 'ZH']","['OW', 'SH', 'ZH']",0,VCC,3
6536,"['SH', 'ZH', 'AE0']","['SH', 'ZH', 'AE']",0,CCV,3
6537,"['AE0', 'SH', 'ZH']","['AE', 'SH', 'ZH']",0,VCC,3
6538,"['SH', 'ZH', 'AW0']","['SH', 'ZH', 'AW']",0,CCV,3
6539,"['AW0', 'SH', 'ZH']","['AW', 'SH', 'ZH']",0,VCC,3
6540,"['SH', 'V', 'AH0']","['SH', 'V', 'AH']",0,CCV,3
6541,"['AH0', 'SH', 'V']","['AH', 'SH', 'V']",0,VCC,3
6542,"['SH', 'V', 'OY0']","['SH', 'V', 'OY']",0,CCV,3
6543,"['OY0', 'SH', 'V']","['OY', 'SH', 'V']",0,VCC,3
6544,"['SH', 'V', 'AA0']","['SH', 'V', 'AA']",0,CCV,3
6545,"['AA0', 'SH', 'V']","['AA', 'SH', 'V']",0,VCC,3
6546,"['SH', 'V', 'AY0']","['SH', 'V', 'AY']",0,CCV,3
6547,"['AY0', 'SH', 'V']","['AY', 'SH', 'V']",0,VCC,3
6548,"['SH', 'V', 'ER0']","['SH', 'V', 'ER']",0,CCV,3
6549,"['ER0', 'SH', 'V']","['ER', 'SH', 'V']",0,VCC,3
6550,"['SH', 'V', 'AO0']","['SH', 'V', 'AO']",0,CCV,3
6551,"['AO0', 'SH', 'V']","['AO', 'SH', 'V']",0,VCC,3
6552,"['SH', 'V', 'UW0']","['SH', 'V', 'UW']",0,CCV,3
6553,"['UW0', 'SH', 'V']","['UW', 'SH', 'V']",0,VCC,3
6554,"['SH', 'V', 'IH0']","['SH', 'V', 'IH']",0,CCV,3
6555,"['IH0', 'SH', 'V']","['IH', 'SH', 'V']",0,VCC,3
6556,"['SH', 'V', 'EH0']","['SH', 'V', 'EH']",0,CCV,3
6557,"['EH0', 'SH', 'V']","['EH', 'SH', 'V']",0,VCC,3
6558,"['SH', 'V', 'UH0']","['SH', 'V', 'UH']",0,CCV,3
6559,"['UH0', 'SH', 'V']","['UH', 'SH', 'V']",0,VCC,3
6560,"['SH', 'V', 'IY0']","['SH', 'V', 'IY']",0,CCV,3
6561,"['IY0', 'SH', 'V']","['IY', 'SH', 'V']",0,VCC,3
6562,"['SH', 'V', 'EY0']","['SH', 'V', 'EY']",0,CCV,3
6563,"['EY0', 'SH', 'V']","['EY', 'SH', 'V']",0,VCC,3
6564,"['SH', 'V', 'OW0']","['SH', 'V', 'OW']",0,CCV,3
6565,"['OW0', 'SH', 'V']","['OW', 'SH', 'V']",0,VCC,3
6566,"['SH', 'V', 'AE0']","['SH', 'V', 'AE']",0,CCV,3
6567,"['AE0', 'SH', 'V']","['AE', 'SH', 'V']",0,VCC,3
6568,"['SH', 'V', 'AW0']","['SH', 'V', 'AW']",0,CCV,3
6569,"['AW0', 'SH', 'V']","['AW', 'SH', 'V']",0,VCC,3
6570,"['SH', 'DH', 'AH0']","['SH', 'DH', 'AH']",0,CCV,3
6571,"['AH0', 'SH', 'DH']","['AH', 'SH', 'DH']",0,VCC,3
6572,"['SH', 'DH', 'OY0']","['SH', 'DH', 'OY']",0,CCV,3
6573,"['OY0', 'SH', 'DH']","['OY', 'SH', 'DH']",0,VCC,3
6574,"['SH', 'DH', 'AA0']","['SH', 'DH', 'AA']",0,CCV,3
6575,"['AA0', 'SH', 'DH']","['AA', 'SH', 'DH']",0,VCC,3
6576,"['SH', 'DH', 'AY0']","['SH', 'DH', 'AY']",0,CCV,3
6577,"['AY0', 'SH', 'DH']","['AY', 'SH', 'DH']",0,VCC,3
6578,"['SH', 'DH', 'ER0']","['SH', 'DH', 'ER']",0,CCV,3
6579,"['ER0', 'SH', 'DH']","['ER', 'SH', 'DH']",0,VCC,3
6580,"['SH', 'DH', 'AO0']","['SH', 'DH', 'AO']",0,CCV,3
6581,"['AO0', 'SH', 'DH']","['AO', 'SH', 'DH']",0,VCC,3
6582,"['SH', 'DH', 'UW0']","['SH', 'DH', 'UW']",0,CCV,3
6583,"['UW0', 'SH', 'DH']","['UW', 'SH', 'DH']",0,VCC,3
6584,"['SH', 'DH', 'IH0']","['SH', 'DH', 'IH']",0,CCV,3
6585,"['IH0', 'SH', 'DH']","['IH', 'SH', 'DH']",0,VCC,3
6586,"['SH', 'DH', 'EH0']","['SH', 'DH', 'EH']",0,CCV,3
6587,"['EH0', 'SH', 'DH']","['EH', 'SH', 'DH']",0,VCC,3
6588,"['SH', 'DH', 'UH0']","['SH', 'DH', 'UH']",0,CCV,3
6589,"['UH0', 'SH', 'DH']","['UH', 'SH', 'DH']",0,VCC,3
6590,"['SH', 'DH', 'IY0']","['SH', 'DH', 'IY']",0,CCV,3
6591,"['IY0', 'SH', 'DH']","['IY', 'SH', 'DH']",0,VCC,3
6592,"['SH', 'DH', 'EY0']","['SH', 'DH', 'EY']",0,CCV,3
6593,"['EY0', 'SH', 'DH']","['EY', 'SH', 'DH']",0,VCC,3
6594,"['SH', 'DH', 'OW0']","['SH', 'DH', 'OW']",0,CCV,3
6595,"['OW0', 'SH', 'DH']","['OW', 'SH', 'DH']",0,VCC,3
6596,"['SH', 'DH', 'AE0']","['SH', 'DH', 'AE']",0,CCV,3
6597,"['AE0', 'SH', 'DH']","['AE', 'SH', 'DH']",0,VCC,3
6598,"['SH', 'DH', 'AW0']","['SH', 'DH', 'AW']",0,CCV,3
6599,"['AW0', 'SH', 'DH']","['AW', 'SH', 'DH']",0,VCC,3
6600,"['SH', 'HH', 'AH0']","['SH', 'HH', 'AH']",0,CCV,3
6601,"['AH0', 'SH', 'HH']","['AH', 'SH', 'HH']",0,VCC,3
6602,"['SH', 'HH', 'OY0']","['SH', 'HH', 'OY']",0,CCV,3
6603,"['OY0', 'SH', 'HH']","['OY', 'SH', 'HH']",0,VCC,3
6604,"['SH', 'HH', 'AA0']","['SH', 'HH', 'AA']",0,CCV,3
6605,"['AA0', 'SH', 'HH']","['AA', 'SH', 'HH']",0,VCC,3
6606,"['SH', 'HH', 'AY0']","['SH', 'HH', 'AY']",0,CCV,3
6607,"['AY0', 'SH', 'HH']","['AY', 'SH', 'HH']",0,VCC,3
6608,"['SH', 'HH', 'ER0']","['SH', 'HH', 'ER']",0,CCV,3
6609,"['ER0', 'SH', 'HH']","['ER', 'SH', 'HH']",0,VCC,3
6610,"['SH', 'HH', 'AO0']","['SH', 'HH', 'AO']",0,CCV,3
6611,"['AO0', 'SH', 'HH']","['AO', 'SH', 'HH']",0,VCC,3
6612,"['SH', 'HH', 'UW0']","['SH', 'HH', 'UW']",0,CCV,3
6613,"['UW0', 'SH', 'HH']","['UW', 'SH', 'HH']",0,VCC,3
6614,"['SH', 'HH', 'IH0']","['SH', 'HH', 'IH']",0,CCV,3
6615,"['IH0', 'SH', 'HH']","['IH', 'SH', 'HH']",0,VCC,3
6616,"['SH', 'HH', 'EH0']","['SH', 'HH', 'EH']",0,CCV,3
6617,"['EH0', 'SH', 'HH']","['EH', 'SH', 'HH']",0,VCC,3
6618,"['SH', 'HH', 'UH0']","['SH', 'HH', 'UH']",0,CCV,3
6619,"['UH0', 'SH', 'HH']","['UH', 'SH', 'HH']",0,VCC,3
6620,"['SH', 'HH', 'IY0']","['SH', 'HH', 'IY']",0,CCV,3
6621,"['IY0', 'SH', 'HH']","['IY', 'SH', 'HH']",0,VCC,3
6622,"['SH', 'HH', 'EY0']","['SH', 'HH', 'EY']",0,CCV,3
6623,"['EY0', 'SH', 'HH']","['EY', 'SH', 'HH']",0,VCC,3
6624,"['SH', 'HH', 'OW0']","['SH', 'HH', 'OW']",0,CCV,3
6625,"['OW0', 'SH', 'HH']","['OW', 'SH', 'HH']",0,VCC,3
6626,"['SH', 'HH', 'AE0']","['SH', 'HH', 'AE']",0,CCV,3
6627,"['AE0', 'SH', 'HH']","['AE', 'SH', 'HH']",0,VCC,3
6628,"['SH', 'HH', 'AW0']","['SH', 'HH', 'AW']",0,CCV,3
6629,"['AW0', 'SH', 'HH']","['AW', 'SH', 'HH']",0,VCC,3
6630,"['SH', 'CH', 'AH0']","['SH', 'CH', 'AH']",1,CCV,3
6631,"['AH0', 'SH', 'CH']","['AH', 'SH', 'CH']",-1,VCC,3
6632,"['SH', 'CH', 'OY0']","['SH', 'CH', 'OY']",1,CCV,3
6633,"['OY0', 'SH', 'CH']","['OY', 'SH', 'CH']",-1,VCC,3
6634,"['SH', 'CH', 'AA0']","['SH', 'CH', 'AA']",1,CCV,3
6635,"['AA0', 'SH', 'CH']","['AA', 'SH', 'CH']",-1,VCC,3
6636,"['SH', 'CH', 'AY0']","['SH', 'CH', 'AY']",1,CCV,3
6637,"['AY0', 'SH', 'CH']","['AY', 'SH', 'CH']",-1,VCC,3
6638,"['SH', 'CH', 'ER0']","['SH', 'CH', 'ER']",1,CCV,3
6639,"['ER0', 'SH', 'CH']","['ER', 'SH', 'CH']",-1,VCC,3
6640,"['SH', 'CH', 'AO0']","['SH', 'CH', 'AO']",1,CCV,3
6641,"['AO0', 'SH', 'CH']","['AO', 'SH', 'CH']",-1,VCC,3
6642,"['SH', 'CH', 'UW0']","['SH', 'CH', 'UW']",1,CCV,3
6643,"['UW0', 'SH', 'CH']","['UW', 'SH', 'CH']",-1,VCC,3
6644,"['SH', 'CH', 'IH0']","['SH', 'CH', 'IH']",1,CCV,3
6645,"['IH0', 'SH', 'CH']","['IH', 'SH', 'CH']",-1,VCC,3
6646,"['SH', 'CH', 'EH0']","['SH', 'CH', 'EH']",1,CCV,3
6647,"['EH0', 'SH', 'CH']","['EH', 'SH', 'CH']",-1,VCC,3
6648,"['SH', 'CH', 'UH0']","['SH', 'CH', 'UH']",1,CCV,3
6649,"['UH0', 'SH', 'CH']","['UH', 'SH', 'CH']",-1,VCC,3
6650,"['SH', 'CH', 'IY0']","['SH', 'CH', 'IY']",1,CCV,3
6651,"['IY0', 'SH', 'CH']","['IY', 'SH', 'CH']",-1,VCC,3
6652,"['SH', 'CH', 'EY0']","['SH', 'CH', 'EY']",1,CCV,3
6653,"['EY0', 'SH', 'CH']","['EY', 'SH', 'CH']",-1,VCC,3
6654,"['SH', 'CH', 'OW0']","['SH', 'CH', 'OW']",1,CCV,3
6655,"['OW0', 'SH', 'CH']","['OW', 'SH', 'CH']",-1,VCC,3
6656,"['SH', 'CH', 'AE0']","['SH', 'CH', 'AE']",1,CCV,3
6657,"['AE0', 'SH', 'CH']","['AE', 'SH', 'CH']",-1,VCC,3
6658,"['SH', 'CH', 'AW0']","['SH', 'CH', 'AW']",1,CCV,3
6659,"['AW0', 'SH', 'CH']","['AW', 'SH', 'CH']",-1,VCC,3
6660,"['SH', 'JH', 'AH0']","['SH', 'JH', 'AH']",1,CCV,3
6661,"['AH0', 'SH', 'JH']","['AH', 'SH', 'JH']",-1,VCC,3
6662,"['SH', 'JH', 'OY0']","['SH', 'JH', 'OY']",1,CCV,3
6663,"['OY0', 'SH', 'JH']","['OY', 'SH', 'JH']",-1,VCC,3
6664,"['SH', 'JH', 'AA0']","['SH', 'JH', 'AA']",1,CCV,3
6665,"['AA0', 'SH', 'JH']","['AA', 'SH', 'JH']",-1,VCC,3
6666,"['SH', 'JH', 'AY0']","['SH', 'JH', 'AY']",1,CCV,3
6667,"['AY0', 'SH', 'JH']","['AY', 'SH', 'JH']",-1,VCC,3
6668,"['SH', 'JH', 'ER0']","['SH', 'JH', 'ER']",1,CCV,3
6669,"['ER0', 'SH', 'JH']","['ER', 'SH', 'JH']",-1,VCC,3
6670,"['SH', 'JH', 'AO0']","['SH', 'JH', 'AO']",1,CCV,3
6671,"['AO0', 'SH', 'JH']","['AO', 'SH', 'JH']",-1,VCC,3
6672,"['SH', 'JH', 'UW0']","['SH', 'JH', 'UW']",1,CCV,3
6673,"['UW0', 'SH', 'JH']","['UW', 'SH', 'JH']",-1,VCC,3
6674,"['SH', 'JH', 'IH0']","['SH', 'JH', 'IH']",1,CCV,3
6675,"['IH0', 'SH', 'JH']","['IH', 'SH', 'JH']",-1,VCC,3
6676,"['SH', 'JH', 'EH0']","['SH', 'JH', 'EH']",1,CCV,3
6677,"['EH0', 'SH', 'JH']","['EH', 'SH', 'JH']",-1,VCC,3
6678,"['SH', 'JH', 'UH0']","['SH', 'JH', 'UH']",1,CCV,3
6679,"['UH0', 'SH', 'JH']","['UH', 'SH', 'JH']",-1,VCC,3
6680,"['SH', 'JH', 'IY0']","['SH', 'JH', 'IY']",1,CCV,3
6681,"['IY0', 'SH', 'JH']","['IY', 'SH', 'JH']",-1,VCC,3
6682,"['SH', 'JH', 'EY0']","['SH', 'JH', 'EY']",1,CCV,3
6683,"['EY0', 'SH', 'JH']","['EY', 'SH', 'JH']",-1,VCC,3
6684,"['SH', 'JH', 'OW0']","['SH', 'JH', 'OW']",1,CCV,3
6685,"['OW0', 'SH', 'JH']","['OW', 'SH', 'JH']",-1,VCC,3
6686,"['SH', 'JH', 'AE0']","['SH', 'JH', 'AE']",1,CCV,3
6687,"['AE0', 'SH', 'JH']","['AE', 'SH', 'JH']",-1,VCC,3
6688,"['SH', 'JH', 'AW0']","['SH', 'JH', 'AW']",1,CCV,3
6689,"['AW0', 'SH', 'JH']","['AW', 'SH', 'JH']",-1,VCC,3
6690,"['SH', 'M', 'AH0']","['SH', 'M', 'AH']",2,CCV,3
6691,"['AH0', 'SH', 'M']","['AH', 'SH', 'M']",-2,VCC,3
6692,"['SH', 'M', 'OY0']","['SH', 'M', 'OY']",2,CCV,3
6693,"['OY0', 'SH', 'M']","['OY', 'SH', 'M']",-2,VCC,3
6694,"['SH', 'M', 'AA0']","['SH', 'M', 'AA']",2,CCV,3
6695,"['AA0', 'SH', 'M']","['AA', 'SH', 'M']",-2,VCC,3
6696,"['SH', 'M', 'AY0']","['SH', 'M', 'AY']",2,CCV,3
6697,"['AY0', 'SH', 'M']","['AY', 'SH', 'M']",-2,VCC,3
6698,"['SH', 'M', 'ER0']","['SH', 'M', 'ER']",2,CCV,3
6699,"['ER0', 'SH', 'M']","['ER', 'SH', 'M']",-2,VCC,3
6700,"['SH', 'M', 'AO0']","['SH', 'M', 'AO']",2,CCV,3
6701,"['AO0', 'SH', 'M']","['AO', 'SH', 'M']",-2,VCC,3
6702,"['SH', 'M', 'UW0']","['SH', 'M', 'UW']",2,CCV,3
6703,"['UW0', 'SH', 'M']","['UW', 'SH', 'M']",-2,VCC,3
6704,"['SH', 'M', 'IH0']","['SH', 'M', 'IH']",2,CCV,3
6705,"['IH0', 'SH', 'M']","['IH', 'SH', 'M']",-2,VCC,3
6706,"['SH', 'M', 'EH0']","['SH', 'M', 'EH']",2,CCV,3
6707,"['EH0', 'SH', 'M']","['EH', 'SH', 'M']",-2,VCC,3
6708,"['SH', 'M', 'UH0']","['SH', 'M', 'UH']",2,CCV,3
6709,"['UH0', 'SH', 'M']","['UH', 'SH', 'M']",-2,VCC,3
6710,"['SH', 'M', 'IY0']","['SH', 'M', 'IY']",2,CCV,3
6711,"['IY0', 'SH', 'M']","['IY', 'SH', 'M']",-2,VCC,3
6712,"['SH', 'M', 'EY0']","['SH', 'M', 'EY']",2,CCV,3
6713,"['EY0', 'SH', 'M']","['EY', 'SH', 'M']",-2,VCC,3
6714,"['SH', 'M', 'OW0']","['SH', 'M', 'OW']",2,CCV,3
6715,"['OW0', 'SH', 'M']","['OW', 'SH', 'M']",-2,VCC,3
6716,"['SH', 'M', 'AE0']","['SH', 'M', 'AE']",2,CCV,3
6717,"['AE0', 'SH', 'M']","['AE', 'SH', 'M']",-2,VCC,3
6718,"['SH', 'M', 'AW0']","['SH', 'M', 'AW']",2,CCV,3
6719,"['AW0', 'SH', 'M']","['AW', 'SH', 'M']",-2,VCC,3
6720,"['SH', 'N', 'AH0']","['SH', 'N', 'AH']",2,CCV,3
6721,"['AH0', 'SH', 'N']","['AH', 'SH', 'N']",-2,VCC,3
6722,"['SH', 'N', 'OY0']","['SH', 'N', 'OY']",2,CCV,3
6723,"['OY0', 'SH', 'N']","['OY', 'SH', 'N']",-2,VCC,3
6724,"['SH', 'N', 'AA0']","['SH', 'N', 'AA']",2,CCV,3
6725,"['AA0', 'SH', 'N']","['AA', 'SH', 'N']",-2,VCC,3
6726,"['SH', 'N', 'AY0']","['SH', 'N', 'AY']",2,CCV,3
6727,"['AY0', 'SH', 'N']","['AY', 'SH', 'N']",-2,VCC,3
6728,"['SH', 'N', 'ER0']","['SH', 'N', 'ER']",2,CCV,3
6729,"['ER0', 'SH', 'N']","['ER', 'SH', 'N']",-2,VCC,3
6730,"['SH', 'N', 'AO0']","['SH', 'N', 'AO']",2,CCV,3
6731,"['AO0', 'SH', 'N']","['AO', 'SH', 'N']",-2,VCC,3
6732,"['SH', 'N', 'UW0']","['SH', 'N', 'UW']",2,CCV,3
6733,"['UW0', 'SH', 'N']","['UW', 'SH', 'N']",-2,VCC,3
6734,"['SH', 'N', 'IH0']","['SH', 'N', 'IH']",2,CCV,3
6735,"['IH0', 'SH', 'N']","['IH', 'SH', 'N']",-2,VCC,3
6736,"['SH', 'N', 'EH0']","['SH', 'N', 'EH']",2,CCV,3
6737,"['EH0', 'SH', 'N']","['EH', 'SH', 'N']",-2,VCC,3
6738,"['SH', 'N', 'UH0']","['SH', 'N', 'UH']",2,CCV,3
6739,"['UH0', 'SH', 'N']","['UH', 'SH', 'N']",-2,VCC,3
6740,"['SH', 'N', 'IY0']","['SH', 'N', 'IY']",2,CCV,3
6741,"['IY0', 'SH', 'N']","['IY', 'SH', 'N']",-2,VCC,3
6742,"['SH', 'N', 'EY0']","['SH', 'N', 'EY']",2,CCV,3
6743,"['EY0', 'SH', 'N']","['EY', 'SH', 'N']",-2,VCC,3
6744,"['SH', 'N', 'OW0']","['SH', 'N', 'OW']",2,CCV,3
6745,"['OW0', 'SH', 'N']","['OW', 'SH', 'N']",-2,VCC,3
6746,"['SH', 'N', 'AE0']","['SH', 'N', 'AE']",2,CCV,3
6747,"['AE0', 'SH', 'N']","['AE', 'SH', 'N']",-2,VCC,3
6748,"['SH', 'N', 'AW0']","['SH', 'N', 'AW']",2,CCV,3
6749,"['AW0', 'SH', 'N']","['AW', 'SH', 'N']",-2,VCC,3
6750,"['SH', 'NG', 'AH0']","['SH', 'NG', 'AH']",2,CCV,3
6751,"['AH0', 'SH', 'NG']","['AH', 'SH', 'NG']",-2,VCC,3
6752,"['SH', 'NG', 'OY0']","['SH', 'NG', 'OY']",2,CCV,3
6753,"['OY0', 'SH', 'NG']","['OY', 'SH', 'NG']",-2,VCC,3
6754,"['SH', 'NG', 'AA0']","['SH', 'NG', 'AA']",2,CCV,3
6755,"['AA0', 'SH', 'NG']","['AA', 'SH', 'NG']",-2,VCC,3
6756,"['SH', 'NG', 'AY0']","['SH', 'NG', 'AY']",2,CCV,3
6757,"['AY0', 'SH', 'NG']","['AY', 'SH', 'NG']",-2,VCC,3
6758,"['SH', 'NG', 'ER0']","['SH', 'NG', 'ER']",2,CCV,3
6759,"['ER0', 'SH', 'NG']","['ER', 'SH', 'NG']",-2,VCC,3
6760,"['SH', 'NG', 'AO0']","['SH', 'NG', 'AO']",2,CCV,3
6761,"['AO0', 'SH', 'NG']","['AO', 'SH', 'NG']",-2,VCC,3
6762,"['SH', 'NG', 'UW0']","['SH', 'NG', 'UW']",2,CCV,3
6763,"['UW0', 'SH', 'NG']","['UW', 'SH', 'NG']",-2,VCC,3
6764,"['SH', 'NG', 'IH0']","['SH', 'NG', 'IH']",2,CCV,3
6765,"['IH0', 'SH', 'NG']","['IH', 'SH', 'NG']",-2,VCC,3
6766,"['SH', 'NG', 'EH0']","['SH', 'NG', 'EH']",2,CCV,3
6767,"['EH0', 'SH', 'NG']","['EH', 'SH', 'NG']",-2,VCC,3
6768,"['SH', 'NG', 'UH0']","['SH', 'NG', 'UH']",2,CCV,3
6769,"['UH0', 'SH', 'NG']","['UH', 'SH', 'NG']",-2,VCC,3
6770,"['SH', 'NG', 'IY0']","['SH', 'NG', 'IY']",2,CCV,3
6771,"['IY0', 'SH', 'NG']","['IY', 'SH', 'NG']",-2,VCC,3
6772,"['SH', 'NG', 'EY0']","['SH', 'NG', 'EY']",2,CCV,3
6773,"['EY0', 'SH', 'NG']","['EY', 'SH', 'NG']",-2,VCC,3
6774,"['SH', 'NG', 'OW0']","['SH', 'NG', 'OW']",2,CCV,3
6775,"['OW0', 'SH', 'NG']","['OW', 'SH', 'NG']",-2,VCC,3
6776,"['SH', 'NG', 'AE0']","['SH', 'NG', 'AE']",2,CCV,3
6777,"['AE0', 'SH', 'NG']","['AE', 'SH', 'NG']",-2,VCC,3
6778,"['SH', 'NG', 'AW0']","['SH', 'NG', 'AW']",2,CCV,3
6779,"['AW0', 'SH', 'NG']","['AW', 'SH', 'NG']",-2,VCC,3
6780,"['SH', 'L', 'AH0']","['SH', 'L', 'AH']",3,CCV,3
6781,"['AH0', 'SH', 'L']","['AH', 'SH', 'L']",-3,VCC,3
6782,"['SH', 'L', 'OY0']","['SH', 'L', 'OY']",3,CCV,3
6783,"['OY0', 'SH', 'L']","['OY', 'SH', 'L']",-3,VCC,3
6784,"['SH', 'L', 'AA0']","['SH', 'L', 'AA']",3,CCV,3
6785,"['AA0', 'SH', 'L']","['AA', 'SH', 'L']",-3,VCC,3
6786,"['SH', 'L', 'AY0']","['SH', 'L', 'AY']",3,CCV,3
6787,"['AY0', 'SH', 'L']","['AY', 'SH', 'L']",-3,VCC,3
6788,"['SH', 'L', 'ER0']","['SH', 'L', 'ER']",3,CCV,3
6789,"['ER0', 'SH', 'L']","['ER', 'SH', 'L']",-3,VCC,3
6790,"['SH', 'L', 'AO0']","['SH', 'L', 'AO']",3,CCV,3
6791,"['AO0', 'SH', 'L']","['AO', 'SH', 'L']",-3,VCC,3
6792,"['SH', 'L', 'UW0']","['SH', 'L', 'UW']",3,CCV,3
6793,"['UW0', 'SH', 'L']","['UW', 'SH', 'L']",-3,VCC,3
6794,"['SH', 'L', 'IH0']","['SH', 'L', 'IH']",3,CCV,3
6795,"['IH0', 'SH', 'L']","['IH', 'SH', 'L']",-3,VCC,3
6796,"['SH', 'L', 'EH0']","['SH', 'L', 'EH']",3,CCV,3
6797,"['EH0', 'SH', 'L']","['EH', 'SH', 'L']",-3,VCC,3
6798,"['SH', 'L', 'UH0']","['SH', 'L', 'UH']",3,CCV,3
6799,"['UH0', 'SH', 'L']","['UH', 'SH', 'L']",-3,VCC,3
6800,"['SH', 'L', 'IY0']","['SH', 'L', 'IY']",3,CCV,3
6801,"['IY0', 'SH', 'L']","['IY', 'SH', 'L']",-3,VCC,3
6802,"['SH', 'L', 'EY0']","['SH', 'L', 'EY']",3,CCV,3
6803,"['EY0', 'SH', 'L']","['EY', 'SH', 'L']",-3,VCC,3
6804,"['SH', 'L', 'OW0']","['SH', 'L', 'OW']",3,CCV,3
6805,"['OW0', 'SH', 'L']","['OW', 'SH', 'L']",-3,VCC,3
6806,"['SH', 'L', 'AE0']","['SH', 'L', 'AE']",3,CCV,3
6807,"['AE0', 'SH', 'L']","['AE', 'SH', 'L']",-3,VCC,3
6808,"['SH', 'L', 'AW0']","['SH', 'L', 'AW']",3,CCV,3
6809,"['AW0', 'SH', 'L']","['AW', 'SH', 'L']",-3,VCC,3
6810,"['SH', 'R', 'AH0']","['SH', 'R', 'AH']",3,CCV,3
6811,"['AH0', 'SH', 'R']","['AH', 'SH', 'R']",-3,VCC,3
6812,"['SH', 'R', 'OY0']","['SH', 'R', 'OY']",3,CCV,3
6813,"['OY0', 'SH', 'R']","['OY', 'SH', 'R']",-3,VCC,3
6814,"['SH', 'R', 'AA0']","['SH', 'R', 'AA']",3,CCV,3
6815,"['AA0', 'SH', 'R']","['AA', 'SH', 'R']",-3,VCC,3
6816,"['SH', 'R', 'AY0']","['SH', 'R', 'AY']",3,CCV,3
6817,"['AY0', 'SH', 'R']","['AY', 'SH', 'R']",-3,VCC,3
6818,"['SH', 'R', 'ER0']","['SH', 'R', 'ER']",3,CCV,3
6819,"['ER0', 'SH', 'R']","['ER', 'SH', 'R']",-3,VCC,3
6820,"['SH', 'R', 'AO0']","['SH', 'R', 'AO']",3,CCV,3
6821,"['AO0', 'SH', 'R']","['AO', 'SH', 'R']",-3,VCC,3
6822,"['SH', 'R', 'UW0']","['SH', 'R', 'UW']",3,CCV,3
6823,"['UW0', 'SH', 'R']","['UW', 'SH', 'R']",-3,VCC,3
6824,"['SH', 'R', 'IH0']","['SH', 'R', 'IH']",3,CCV,3
6825,"['IH0', 'SH', 'R']","['IH', 'SH', 'R']",-3,VCC,3
6826,"['SH', 'R', 'EH0']","['SH', 'R', 'EH']",3,CCV,3
6827,"['EH0', 'SH', 'R']","['EH', 'SH', 'R']",-3,VCC,3
6828,"['SH', 'R', 'UH0']","['SH', 'R', 'UH']",3,CCV,3
6829,"['UH0', 'SH', 'R']","['UH', 'SH', 'R']",-3,VCC,3
6830,"['SH', 'R', 'IY0']","['SH', 'R', 'IY']",3,CCV,3
6831,"['IY0', 'SH', 'R']","['IY', 'SH', 'R']",-3,VCC,3
6832,"['SH', 'R', 'EY0']","['SH', 'R', 'EY']",3,CCV,3
6833,"['EY0', 'SH', 'R']","['EY', 'SH', 'R']",-3,VCC,3
6834,"['SH', 'R', 'OW0']","['SH', 'R', 'OW']",3,CCV,3
6835,"['OW0', 'SH', 'R']","['OW', 'SH', 'R']",-3,VCC,3
6836,"['SH', 'R', 'AE0']","['SH', 'R', 'AE']",3,CCV,3
6837,"['AE0', 'SH', 'R']","['AE', 'SH', 'R']",-3,VCC,3
6838,"['SH', 'R', 'AW0']","['SH', 'R', 'AW']",3,CCV,3
6839,"['AW0', 'SH', 'R']","['AW', 'SH', 'R']",-3,VCC,3
6840,"['SH', 'W', 'AH0']","['SH', 'W', 'AH']",4,CCV,3
6841,"['AH0', 'SH', 'W']","['AH', 'SH', 'W']",-4,VCC,3
6842,"['SH', 'W', 'OY0']","['SH', 'W', 'OY']",4,CCV,3
6843,"['OY0', 'SH', 'W']","['OY', 'SH', 'W']",-4,VCC,3
6844,"['SH', 'W', 'AA0']","['SH', 'W', 'AA']",4,CCV,3
6845,"['AA0', 'SH', 'W']","['AA', 'SH', 'W']",-4,VCC,3
6846,"['SH', 'W', 'AY0']","['SH', 'W', 'AY']",4,CCV,3
6847,"['AY0', 'SH', 'W']","['AY', 'SH', 'W']",-4,VCC,3
6848,"['SH', 'W', 'ER0']","['SH', 'W', 'ER']",4,CCV,3
6849,"['ER0', 'SH', 'W']","['ER', 'SH', 'W']",-4,VCC,3
6850,"['SH', 'W', 'AO0']","['SH', 'W', 'AO']",4,CCV,3
6851,"['AO0', 'SH', 'W']","['AO', 'SH', 'W']",-4,VCC,3
6852,"['SH', 'W', 'UW0']","['SH', 'W', 'UW']",4,CCV,3
6853,"['UW0', 'SH', 'W']","['UW', 'SH', 'W']",-4,VCC,3
6854,"['SH', 'W', 'IH0']","['SH', 'W', 'IH']",4,CCV,3
6855,"['IH0', 'SH', 'W']","['IH', 'SH', 'W']",-4,VCC,3
6856,"['SH', 'W', 'EH0']","['SH', 'W', 'EH']",4,CCV,3
6857,"['EH0', 'SH', 'W']","['EH', 'SH', 'W']",-4,VCC,3
6858,"['SH', 'W', 'UH0']","['SH', 'W', 'UH']",4,CCV,3
6859,"['UH0', 'SH', 'W']","['UH', 'SH', 'W']",-4,VCC,3
6860,"['SH', 'W', 'IY0']","['SH', 'W', 'IY']",4,CCV,3
6861,"['IY0', 'SH', 'W']","['IY', 'SH', 'W']",-4,VCC,3
6862,"['SH', 'W', 'EY0']","['SH', 'W', 'EY']",4,CCV,3
6863,"['EY0', 'SH', 'W']","['EY', 'SH', 'W']",-4,VCC,3
6864,"['SH', 'W', 'OW0']","['SH', 'W', 'OW']",4,CCV,3
6865,"['OW0', 'SH', 'W']","['OW', 'SH', 'W']",-4,VCC,3
6866,"['SH', 'W', 'AE0']","['SH', 'W', 'AE']",4,CCV,3
6867,"['AE0', 'SH', 'W']","['AE', 'SH', 'W']",-4,VCC,3
6868,"['SH', 'W', 'AW0']","['SH', 'W', 'AW']",4,CCV,3
6869,"['AW0', 'SH', 'W']","['AW', 'SH', 'W']",-4,VCC,3
6870,"['SH', 'Y', 'AH0']","['SH', 'Y', 'AH']",4,CCV,3
6871,"['AH0', 'SH', 'Y']","['AH', 'SH', 'Y']",-4,VCC,3
6872,"['SH', 'Y', 'OY0']","['SH', 'Y', 'OY']",4,CCV,3
6873,"['OY0', 'SH', 'Y']","['OY', 'SH', 'Y']",-4,VCC,3
6874,"['SH', 'Y', 'AA0']","['SH', 'Y', 'AA']",4,CCV,3
6875,"['AA0', 'SH', 'Y']","['AA', 'SH', 'Y']",-4,VCC,3
6876,"['SH', 'Y', 'AY0']","['SH', 'Y', 'AY']",4,CCV,3
6877,"['AY0', 'SH', 'Y']","['AY', 'SH', 'Y']",-4,VCC,3
6878,"['SH', 'Y', 'ER0']","['SH', 'Y', 'ER']",4,CCV,3
6879,"['ER0', 'SH', 'Y']","['ER', 'SH', 'Y']",-4,VCC,3
6880,"['SH', 'Y', 'AO0']","['SH', 'Y', 'AO']",4,CCV,3
6881,"['AO0', 'SH', 'Y']","['AO', 'SH', 'Y']",-4,VCC,3
6882,"['SH', 'Y', 'UW0']","['SH', 'Y', 'UW']",4,CCV,3
6883,"['UW0', 'SH', 'Y']","['UW', 'SH', 'Y']",-4,VCC,3
6884,"['SH', 'Y', 'IH0']","['SH', 'Y', 'IH']",4,CCV,3
6885,"['IH0', 'SH', 'Y']","['IH', 'SH', 'Y']",-4,VCC,3
6886,"['SH', 'Y', 'EH0']","['SH', 'Y', 'EH']",4,CCV,3
6887,"['EH0', 'SH', 'Y']","['EH', 'SH', 'Y']",-4,VCC,3
6888,"['SH', 'Y', 'UH0']","['SH', 'Y', 'UH']",4,CCV,3
6889,"['UH0', 'SH', 'Y']","['UH', 'SH', 'Y']",-4,VCC,3
6890,"['SH', 'Y', 'IY0']","['SH', 'Y', 'IY']",4,CCV,3
6891,"['IY0', 'SH', 'Y']","['IY', 'SH', 'Y']",-4,VCC,3
6892,"['SH', 'Y', 'EY0']","['SH', 'Y', 'EY']",4,CCV,3
6893,"['EY0', 'SH', 'Y']","['EY', 'SH', 'Y']",-4,VCC,3
6894,"['SH', 'Y', 'OW0']","['SH', 'Y', 'OW']",4,CCV,3
6895,"['OW0', 'SH', 'Y']","['OW', 'SH', 'Y']",-4,VCC,3
6896,"['SH', 'Y', 'AE0']","['SH', 'Y', 'AE']",4,CCV,3
6897,"['AE0', 'SH', 'Y']","['AE', 'SH', 'Y']",-4,VCC,3
6898,"['SH', 'Y', 'AW0']","['SH', 'Y', 'AW']",4,CCV,3
6899,"['AW0', 'SH', 'Y']","['AW', 'SH', 'Y']",-4,VCC,3
6900,"['Z', 'P', 'AH0']","['Z', 'P', 'AH']",-1,CCV,3
6901,"['AH0', 'Z', 'P']","['AH', 'Z', 'P']",1,VCC,3
6902,"['Z', 'P', 'OY0']","['Z', 'P', 'OY']",-1,CCV,3
6903,"['OY0', 'Z', 'P']","['OY', 'Z', 'P']",1,VCC,3
6904,"['Z', 'P', 'AA0']","['Z', 'P', 'AA']",-1,CCV,3
6905,"['AA0', 'Z', 'P']","['AA', 'Z', 'P']",1,VCC,3
6906,"['Z', 'P', 'AY0']","['Z', 'P', 'AY']",-1,CCV,3
6907,"['AY0', 'Z', 'P']","['AY', 'Z', 'P']",1,VCC,3
6908,"['Z', 'P', 'ER0']","['Z', 'P', 'ER']",-1,CCV,3
6909,"['ER0', 'Z', 'P']","['ER', 'Z', 'P']",1,VCC,3
6910,"['Z', 'P', 'AO0']","['Z', 'P', 'AO']",-1,CCV,3
6911,"['AO0', 'Z', 'P']","['AO', 'Z', 'P']",1,VCC,3
6912,"['Z', 'P', 'UW0']","['Z', 'P', 'UW']",-1,CCV,3
6913,"['UW0', 'Z', 'P']","['UW', 'Z', 'P']",1,VCC,3
6914,"['Z', 'P', 'IH0']","['Z', 'P', 'IH']",-1,CCV,3
6915,"['IH0', 'Z', 'P']","['IH', 'Z', 'P']",1,VCC,3
6916,"['Z', 'P', 'EH0']","['Z', 'P', 'EH']",-1,CCV,3
6917,"['EH0', 'Z', 'P']","['EH', 'Z', 'P']",1,VCC,3
6918,"['Z', 'P', 'UH0']","['Z', 'P', 'UH']",-1,CCV,3
6919,"['UH0', 'Z', 'P']","['UH', 'Z', 'P']",1,VCC,3
6920,"['Z', 'P', 'IY0']","['Z', 'P', 'IY']",-1,CCV,3
6921,"['IY0', 'Z', 'P']","['IY', 'Z', 'P']",1,VCC,3
6922,"['Z', 'P', 'EY0']","['Z', 'P', 'EY']",-1,CCV,3
6923,"['EY0', 'Z', 'P']","['EY', 'Z', 'P']",1,VCC,3
6924,"['Z', 'P', 'OW0']","['Z', 'P', 'OW']",-1,CCV,3
6925,"['OW0', 'Z', 'P']","['OW', 'Z', 'P']",1,VCC,3
6926,"['Z', 'P', 'AE0']","['Z', 'P', 'AE']",-1,CCV,3
6927,"['AE0', 'Z', 'P']","['AE', 'Z', 'P']",1,VCC,3
6928,"['Z', 'P', 'AW0']","['Z', 'P', 'AW']",-1,CCV,3
6929,"['AW0', 'Z', 'P']","['AW', 'Z', 'P']",1,VCC,3
6930,"['Z', 'T', 'AH0']","['Z', 'T', 'AH']",-1,CCV,3
6931,"['AH0', 'Z', 'T']","['AH', 'Z', 'T']",1,VCC,3
6932,"['Z', 'T', 'OY0']","['Z', 'T', 'OY']",-1,CCV,3
6933,"['OY0', 'Z', 'T']","['OY', 'Z', 'T']",1,VCC,3
6934,"['Z', 'T', 'AA0']","['Z', 'T', 'AA']",-1,CCV,3
6935,"['AA0', 'Z', 'T']","['AA', 'Z', 'T']",1,VCC,3
6936,"['Z', 'T', 'AY0']","['Z', 'T', 'AY']",-1,CCV,3
6937,"['AY0', 'Z', 'T']","['AY', 'Z', 'T']",1,VCC,3
6938,"['Z', 'T', 'ER0']","['Z', 'T', 'ER']",-1,CCV,3
6939,"['ER0', 'Z', 'T']","['ER', 'Z', 'T']",1,VCC,3
6940,"['Z', 'T', 'AO0']","['Z', 'T', 'AO']",-1,CCV,3
6941,"['AO0', 'Z', 'T']","['AO', 'Z', 'T']",1,VCC,3
6942,"['Z', 'T', 'UW0']","['Z', 'T', 'UW']",-1,CCV,3
6943,"['UW0', 'Z', 'T']","['UW', 'Z', 'T']",1,VCC,3
6944,"['Z', 'T', 'IH0']","['Z', 'T', 'IH']",-1,CCV,3
6945,"['IH0', 'Z', 'T']","['IH', 'Z', 'T']",1,VCC,3
6946,"['Z', 'T', 'EH0']","['Z', 'T', 'EH']",-1,CCV,3
6947,"['EH0', 'Z', 'T']","['EH', 'Z', 'T']",1,VCC,3
6948,"['Z', 'T', 'UH0']","['Z', 'T', 'UH']",-1,CCV,3
6949,"['UH0', 'Z', 'T']","['UH', 'Z', 'T']",1,VCC,3
6950,"['Z', 'T', 'IY0']","['Z', 'T', 'IY']",-1,CCV,3
6951,"['IY0', 'Z', 'T']","['IY', 'Z', 'T']",1,VCC,3
6952,"['Z', 'T', 'EY0']","['Z', 'T', 'EY']",-1,CCV,3
6953,"['EY0', 'Z', 'T']","['EY', 'Z', 'T']",1,VCC,3
6954,"['Z', 'T', 'OW0']","['Z', 'T', 'OW']",-1,CCV,3
6955,"['OW0', 'Z', 'T']","['OW', 'Z', 'T']",1,VCC,3
6956,"['Z', 'T', 'AE0']","['Z', 'T', 'AE']",-1,CCV,3
6957,"['AE0', 'Z', 'T']","['AE', 'Z', 'T']",1,VCC,3
6958,"['Z', 'T', 'AW0']","['Z', 'T', 'AW']",-1,CCV,3
6959,"['AW0', 'Z', 'T']","['AW', 'Z', 'T']",1,VCC,3
6960,"['Z', 'K', 'AH0']","['Z', 'K', 'AH']",-1,CCV,3
6961,"['AH0', 'Z', 'K']","['AH', 'Z', 'K']",1,VCC,3
6962,"['Z', 'K', 'OY0']","['Z', 'K', 'OY']",-1,CCV,3
6963,"['OY0', 'Z', 'K']","['OY', 'Z', 'K']",1,VCC,3
6964,"['Z', 'K', 'AA0']","['Z', 'K', 'AA']",-1,CCV,3
6965,"['AA0', 'Z', 'K']","['AA', 'Z', 'K']",1,VCC,3
6966,"['Z', 'K', 'AY0']","['Z', 'K', 'AY']",-1,CCV,3
6967,"['AY0', 'Z', 'K']","['AY', 'Z', 'K']",1,VCC,3
6968,"['Z', 'K', 'ER0']","['Z', 'K', 'ER']",-1,CCV,3
6969,"['ER0', 'Z', 'K']","['ER', 'Z', 'K']",1,VCC,3
6970,"['Z', 'K', 'AO0']","['Z', 'K', 'AO']",-1,CCV,3
6971,"['AO0', 'Z', 'K']","['AO', 'Z', 'K']",1,VCC,3
6972,"['Z', 'K', 'UW0']","['Z', 'K', 'UW']",-1,CCV,3
6973,"['UW0', 'Z', 'K']","['UW', 'Z', 'K']",1,VCC,3
6974,"['Z', 'K', 'IH0']","['Z', 'K', 'IH']",-1,CCV,3
6975,"['IH0', 'Z', 'K']","['IH', 'Z', 'K']",1,VCC,3
6976,"['Z', 'K', 'EH0']","['Z', 'K', 'EH']",-1,CCV,3
6977,"['EH0', 'Z', 'K']","['EH', 'Z', 'K']",1,VCC,3
6978,"['Z', 'K', 'UH0']","['Z', 'K', 'UH']",-1,CCV,3
6979,"['UH0', 'Z', 'K']","['UH', 'Z', 'K']",1,VCC,3
6980,"['Z', 'K', 'IY0']","['Z', 'K', 'IY']",-1,CCV,3
6981,"['IY0', 'Z', 'K']","['IY', 'Z', 'K']",1,VCC,3
6982,"['Z', 'K', 'EY0']","['Z', 'K', 'EY']",-1,CCV,3
6983,"['EY0', 'Z', 'K']","['EY', 'Z', 'K']",1,VCC,3
6984,"['Z', 'K', 'OW0']","['Z', 'K', 'OW']",-1,CCV,3
6985,"['OW0', 'Z', 'K']","['OW', 'Z', 'K']",1,VCC,3
6986,"['Z', 'K', 'AE0']","['Z', 'K', 'AE']",-1,CCV,3
6987,"['AE0', 'Z', 'K']","['AE', 'Z', 'K']",1,VCC,3
6988,"['Z', 'K', 'AW0']","['Z', 'K', 'AW']",-1,CCV,3
6989,"['AW0', 'Z', 'K']","['AW', 'Z', 'K']",1,VCC,3
6990,"['Z', 'B', 'AH0']","['Z', 'B', 'AH']",-1,CCV,3
6991,"['AH0', 'Z', 'B']","['AH', 'Z', 'B']",1,VCC,3
6992,"['Z', 'B', 'OY0']","['Z', 'B', 'OY']",-1,CCV,3
6993,"['OY0', 'Z', 'B']","['OY', 'Z', 'B']",1,VCC,3
6994,"['Z', 'B', 'AA0']","['Z', 'B', 'AA']",-1,CCV,3
6995,"['AA0', 'Z', 'B']","['AA', 'Z', 'B']",1,VCC,3
6996,"['Z', 'B', 'AY0']","['Z', 'B', 'AY']",-1,CCV,3
6997,"['AY0', 'Z', 'B']","['AY', 'Z', 'B']",1,VCC,3
6998,"['Z', 'B', 'ER0']","['Z', 'B', 'ER']",-1,CCV,3
6999,"['ER0', 'Z', 'B']","['ER', 'Z', 'B']",1,VCC,3
7000,"['Z', 'B', 'AO0']","['Z', 'B', 'AO']",-1,CCV,3
7001,"['AO0', 'Z', 'B']","['AO', 'Z', 'B']",1,VCC,3
7002,"['Z', 'B', 'UW0']","['Z', 'B', 'UW']",-1,CCV,3
7003,"['UW0', 'Z', 'B']","['UW', 'Z', 'B']",1,VCC,3
7004,"['Z', 'B', 'IH0']","['Z', 'B', 'IH']",-1,CCV,3
7005,"['IH0', 'Z', 'B']","['IH', 'Z', 'B']",1,VCC,3
7006,"['Z', 'B', 'EH0']","['Z', 'B', 'EH']",-1,CCV,3
7007,"['EH0', 'Z', 'B']","['EH', 'Z', 'B']",1,VCC,3
7008,"['Z', 'B', 'UH0']","['Z', 'B', 'UH']",-1,CCV,3
7009,"['UH0', 'Z', 'B']","['UH', 'Z', 'B']",1,VCC,3
7010,"['Z', 'B', 'IY0']","['Z', 'B', 'IY']",-1,CCV,3
7011,"['IY0', 'Z', 'B']","['IY', 'Z', 'B']",1,VCC,3
7012,"['Z', 'B', 'EY0']","['Z', 'B', 'EY']",-1,CCV,3
7013,"['EY0', 'Z', 'B']","['EY', 'Z', 'B']",1,VCC,3
7014,"['Z', 'B', 'OW0']","['Z', 'B', 'OW']",-1,CCV,3
7015,"['OW0', 'Z', 'B']","['OW', 'Z', 'B']",1,VCC,3
7016,"['Z', 'B', 'AE0']","['Z', 'B', 'AE']",-1,CCV,3
7017,"['AE0', 'Z', 'B']","['AE', 'Z', 'B']",1,VCC,3
7018,"['Z', 'B', 'AW0']","['Z', 'B', 'AW']",-1,CCV,3
7019,"['AW0', 'Z', 'B']","['AW', 'Z', 'B']",1,VCC,3
7020,"['Z', 'D', 'AH0']","['Z', 'D', 'AH']",-1,CCV,3
7021,"['AH0', 'Z', 'D']","['AH', 'Z', 'D']",1,VCC,3
7022,"['Z', 'D', 'OY0']","['Z', 'D', 'OY']",-1,CCV,3
7023,"['OY0', 'Z', 'D']","['OY', 'Z', 'D']",1,VCC,3
7024,"['Z', 'D', 'AA0']","['Z', 'D', 'AA']",-1,CCV,3
7025,"['AA0', 'Z', 'D']","['AA', 'Z', 'D']",1,VCC,3
7026,"['Z', 'D', 'AY0']","['Z', 'D', 'AY']",-1,CCV,3
7027,"['AY0', 'Z', 'D']","['AY', 'Z', 'D']",1,VCC,3
7028,"['Z', 'D', 'ER0']","['Z', 'D', 'ER']",-1,CCV,3
7029,"['ER0', 'Z', 'D']","['ER', 'Z', 'D']",1,VCC,3
7030,"['Z', 'D', 'AO0']","['Z', 'D', 'AO']",-1,CCV,3
7031,"['AO0', 'Z', 'D']","['AO', 'Z', 'D']",1,VCC,3
7032,"['Z', 'D', 'UW0']","['Z', 'D', 'UW']",-1,CCV,3
7033,"['UW0', 'Z', 'D']","['UW', 'Z', 'D']",1,VCC,3
7034,"['Z', 'D', 'IH0']","['Z', 'D', 'IH']",-1,CCV,3
7035,"['IH0', 'Z', 'D']","['IH', 'Z', 'D']",1,VCC,3
7036,"['Z', 'D', 'EH0']","['Z', 'D', 'EH']",-1,CCV,3
7037,"['EH0', 'Z', 'D']","['EH', 'Z', 'D']",1,VCC,3
7038,"['Z', 'D', 'UH0']","['Z', 'D', 'UH']",-1,CCV,3
7039,"['UH0', 'Z', 'D']","['UH', 'Z', 'D']",1,VCC,3
7040,"['Z', 'D', 'IY0']","['Z', 'D', 'IY']",-1,CCV,3
7041,"['IY0', 'Z', 'D']","['IY', 'Z', 'D']",1,VCC,3
7042,"['Z', 'D', 'EY0']","['Z', 'D', 'EY']",-1,CCV,3
7043,"['EY0', 'Z', 'D']","['EY', 'Z', 'D']",1,VCC,3
7044,"['Z', 'D', 'OW0']","['Z', 'D', 'OW']",-1,CCV,3
7045,"['OW0', 'Z', 'D']","['OW', 'Z', 'D']",1,VCC,3
7046,"['Z', 'D', 'AE0']","['Z', 'D', 'AE']",-1,CCV,3
7047,"['AE0', 'Z', 'D']","['AE', 'Z', 'D']",1,VCC,3
7048,"['Z', 'D', 'AW0']","['Z', 'D', 'AW']",-1,CCV,3
7049,"['AW0', 'Z', 'D']","['AW', 'Z', 'D']",1,VCC,3
7050,"['Z', 'G', 'AH0']","['Z', 'G', 'AH']",-1,CCV,3
7051,"['AH0', 'Z', 'G']","['AH', 'Z', 'G']",1,VCC,3
7052,"['Z', 'G', 'OY0']","['Z', 'G', 'OY']",-1,CCV,3
7053,"['OY0', 'Z', 'G']","['OY', 'Z', 'G']",1,VCC,3
7054,"['Z', 'G', 'AA0']","['Z', 'G', 'AA']",-1,CCV,3
7055,"['AA0', 'Z', 'G']","['AA', 'Z', 'G']",1,VCC,3
7056,"['Z', 'G', 'AY0']","['Z', 'G', 'AY']",-1,CCV,3
7057,"['AY0', 'Z', 'G']","['AY', 'Z', 'G']",1,VCC,3
7058,"['Z', 'G', 'ER0']","['Z', 'G', 'ER']",-1,CCV,3
7059,"['ER0', 'Z', 'G']","['ER', 'Z', 'G']",1,VCC,3
7060,"['Z', 'G', 'AO0']","['Z', 'G', 'AO']",-1,CCV,3
7061,"['AO0', 'Z', 'G']","['AO', 'Z', 'G']",1,VCC,3
7062,"['Z', 'G', 'UW0']","['Z', 'G', 'UW']",-1,CCV,3
7063,"['UW0', 'Z', 'G']","['UW', 'Z', 'G']",1,VCC,3
7064,"['Z', 'G', 'IH0']","['Z', 'G', 'IH']",-1,CCV,3
7065,"['IH0', 'Z', 'G']","['IH', 'Z', 'G']",1,VCC,3
7066,"['Z', 'G', 'EH0']","['Z', 'G', 'EH']",-1,CCV,3
7067,"['EH0', 'Z', 'G']","['EH', 'Z', 'G']",1,VCC,3
7068,"['Z', 'G', 'UH0']","['Z', 'G', 'UH']",-1,CCV,3
7069,"['UH0', 'Z', 'G']","['UH', 'Z', 'G']",1,VCC,3
7070,"['Z', 'G', 'IY0']","['Z', 'G', 'IY']",-1,CCV,3
7071,"['IY0', 'Z', 'G']","['IY', 'Z', 'G']",1,VCC,3
7072,"['Z', 'G', 'EY0']","['Z', 'G', 'EY']",-1,CCV,3
7073,"['EY0', 'Z', 'G']","['EY', 'Z', 'G']",1,VCC,3
7074,"['Z', 'G', 'OW0']","['Z', 'G', 'OW']",-1,CCV,3
7075,"['OW0', 'Z', 'G']","['OW', 'Z', 'G']",1,VCC,3
7076,"['Z', 'G', 'AE0']","['Z', 'G', 'AE']",-1,CCV,3
7077,"['AE0', 'Z', 'G']","['AE', 'Z', 'G']",1,VCC,3
7078,"['Z', 'G', 'AW0']","['Z', 'G', 'AW']",-1,CCV,3
7079,"['AW0', 'Z', 'G']","['AW', 'Z', 'G']",1,VCC,3
7080,"['Z', 'F', 'AH0']","['Z', 'F', 'AH']",0,CCV,3
7081,"['AH0', 'Z', 'F']","['AH', 'Z', 'F']",0,VCC,3
7082,"['Z', 'F', 'OY0']","['Z', 'F', 'OY']",0,CCV,3
7083,"['OY0', 'Z', 'F']","['OY', 'Z', 'F']",0,VCC,3
7084,"['Z', 'F', 'AA0']","['Z', 'F', 'AA']",0,CCV,3
7085,"['AA0', 'Z', 'F']","['AA', 'Z', 'F']",0,VCC,3
7086,"['Z', 'F', 'AY0']","['Z', 'F', 'AY']",0,CCV,3
7087,"['AY0', 'Z', 'F']","['AY', 'Z', 'F']",0,VCC,3
7088,"['Z', 'F', 'ER0']","['Z', 'F', 'ER']",0,CCV,3
7089,"['ER0', 'Z', 'F']","['ER', 'Z', 'F']",0,VCC,3
7090,"['Z', 'F', 'AO0']","['Z', 'F', 'AO']",0,CCV,3
7091,"['AO0', 'Z', 'F']","['AO', 'Z', 'F']",0,VCC,3
7092,"['Z', 'F', 'UW0']","['Z', 'F', 'UW']",0,CCV,3
7093,"['UW0', 'Z', 'F']","['UW', 'Z', 'F']",0,VCC,3
7094,"['Z', 'F', 'IH0']","['Z', 'F', 'IH']",0,CCV,3
7095,"['IH0', 'Z', 'F']","['IH', 'Z', 'F']",0,VCC,3
7096,"['Z', 'F', 'EH0']","['Z', 'F', 'EH']",0,CCV,3
7097,"['EH0', 'Z', 'F']","['EH', 'Z', 'F']",0,VCC,3
7098,"['Z', 'F', 'UH0']","['Z', 'F', 'UH']",0,CCV,3
7099,"['UH0', 'Z', 'F']","['UH', 'Z', 'F']",0,VCC,3
7100,"['Z', 'F', 'IY0']","['Z', 'F', 'IY']",0,CCV,3
7101,"['IY0', 'Z', 'F']","['IY', 'Z', 'F']",0,VCC,3
7102,"['Z', 'F', 'EY0']","['Z', 'F', 'EY']",0,CCV,3
7103,"['EY0', 'Z', 'F']","['EY', 'Z', 'F']",0,VCC,3
7104,"['Z', 'F', 'OW0']","['Z', 'F', 'OW']",0,CCV,3
7105,"['OW0', 'Z', 'F']","['OW', 'Z', 'F']",0,VCC,3
7106,"['Z', 'F', 'AE0']","['Z', 'F', 'AE']",0,CCV,3
7107,"['AE0', 'Z', 'F']","['AE', 'Z', 'F']",0,VCC,3
7108,"['Z', 'F', 'AW0']","['Z', 'F', 'AW']",0,CCV,3
7109,"['AW0', 'Z', 'F']","['AW', 'Z', 'F']",0,VCC,3
7110,"['Z', 'TH', 'AH0']","['Z', 'TH', 'AH']",0,CCV,3
7111,"['AH0', 'Z', 'TH']","['AH', 'Z', 'TH']",0,VCC,3
7112,"['Z', 'TH', 'OY0']","['Z', 'TH', 'OY']",0,CCV,3
7113,"['OY0', 'Z', 'TH']","['OY', 'Z', 'TH']",0,VCC,3
7114,"['Z', 'TH', 'AA0']","['Z', 'TH', 'AA']",0,CCV,3
7115,"['AA0', 'Z', 'TH']","['AA', 'Z', 'TH']",0,VCC,3
7116,"['Z', 'TH', 'AY0']","['Z', 'TH', 'AY']",0,CCV,3
7117,"['AY0', 'Z', 'TH']","['AY', 'Z', 'TH']",0,VCC,3
7118,"['Z', 'TH', 'ER0']","['Z', 'TH', 'ER']",0,CCV,3
7119,"['ER0', 'Z', 'TH']","['ER', 'Z', 'TH']",0,VCC,3
7120,"['Z', 'TH', 'AO0']","['Z', 'TH', 'AO']",0,CCV,3
7121,"['AO0', 'Z', 'TH']","['AO', 'Z', 'TH']",0,VCC,3
7122,"['Z', 'TH', 'UW0']","['Z', 'TH', 'UW']",0,CCV,3
7123,"['UW0', 'Z', 'TH']","['UW', 'Z', 'TH']",0,VCC,3
7124,"['Z', 'TH', 'IH0']","['Z', 'TH', 'IH']",0,CCV,3
7125,"['IH0', 'Z', 'TH']","['IH', 'Z', 'TH']",0,VCC,3
7126,"['Z', 'TH', 'EH0']","['Z', 'TH', 'EH']",0,CCV,3
7127,"['EH0', 'Z', 'TH']","['EH', 'Z', 'TH']",0,VCC,3
7128,"['Z', 'TH', 'UH0']","['Z', 'TH', 'UH']",0,CCV,3
7129,"['UH0', 'Z', 'TH']","['UH', 'Z', 'TH']",0,VCC,3
7130,"['Z', 'TH', 'IY0']","['Z', 'TH', 'IY']",0,CCV,3
7131,"['IY0', 'Z', 'TH']","['IY', 'Z', 'TH']",0,VCC,3
7132,"['Z', 'TH', 'EY0']","['Z', 'TH', 'EY']",0,CCV,3
7133,"['EY0', 'Z', 'TH']","['EY', 'Z', 'TH']",0,VCC,3
7134,"['Z', 'TH', 'OW0']","['Z', 'TH', 'OW']",0,CCV,3
7135,"['OW0', 'Z', 'TH']","['OW', 'Z', 'TH']",0,VCC,3
7136,"['Z', 'TH', 'AE0']","['Z', 'TH', 'AE']",0,CCV,3
7137,"['AE0', 'Z', 'TH']","['AE', 'Z', 'TH']",0,VCC,3
7138,"['Z', 'TH', 'AW0']","['Z', 'TH', 'AW']",0,CCV,3
7139,"['AW0', 'Z', 'TH']","['AW', 'Z', 'TH']",0,VCC,3
7140,"['Z', 'S', 'AH0']","['Z', 'S', 'AH']",0,CCV,3
7141,"['AH0', 'Z', 'S']","['AH', 'Z', 'S']",0,VCC,3
7142,"['Z', 'S', 'OY0']","['Z', 'S', 'OY']",0,CCV,3
7143,"['OY0', 'Z', 'S']","['OY', 'Z', 'S']",0,VCC,3
7144,"['Z', 'S', 'AA0']","['Z', 'S', 'AA']",0,CCV,3
7145,"['AA0', 'Z', 'S']","['AA', 'Z', 'S']",0,VCC,3
7146,"['Z', 'S', 'AY0']","['Z', 'S', 'AY']",0,CCV,3
7147,"['AY0', 'Z', 'S']","['AY', 'Z', 'S']",0,VCC,3
7148,"['Z', 'S', 'ER0']","['Z', 'S', 'ER']",0,CCV,3
7149,"['ER0', 'Z', 'S']","['ER', 'Z', 'S']",0,VCC,3
7150,"['Z', 'S', 'AO0']","['Z', 'S', 'AO']",0,CCV,3
7151,"['AO0', 'Z', 'S']","['AO', 'Z', 'S']",0,VCC,3
7152,"['Z', 'S', 'UW0']","['Z', 'S', 'UW']",0,CCV,3
7153,"['UW0', 'Z', 'S']","['UW', 'Z', 'S']",0,VCC,3
7154,"['Z', 'S', 'IH0']","['Z', 'S', 'IH']",0,CCV,3
7155,"['IH0', 'Z', 'S']","['IH', 'Z', 'S']",0,VCC,3
7156,"['Z', 'S', 'EH0']","['Z', 'S', 'EH']",0,CCV,3
7157,"['EH0', 'Z', 'S']","['EH', 'Z', 'S']",0,VCC,3
7158,"['Z', 'S', 'UH0']","['Z', 'S', 'UH']",0,CCV,3
7159,"['UH0', 'Z', 'S']","['UH', 'Z', 'S']",0,VCC,3
7160,"['Z', 'S', 'IY0']","['Z', 'S', 'IY']",0,CCV,3
7161,"['IY0', 'Z', 'S']","['IY', 'Z', 'S']",0,VCC,3
7162,"['Z', 'S', 'EY0']","['Z', 'S', 'EY']",0,CCV,3
7163,"['EY0', 'Z', 'S']","['EY', 'Z', 'S']",0,VCC,3
7164,"['Z', 'S', 'OW0']","['Z', 'S', 'OW']",0,CCV,3
7165,"['OW0', 'Z', 'S']","['OW', 'Z', 'S']",0,VCC,3
7166,"['Z', 'S', 'AE0']","['Z', 'S', 'AE']",0,CCV,3
7167,"['AE0', 'Z', 'S']","['AE', 'Z', 'S']",0,VCC,3
7168,"['Z', 'S', 'AW0']","['Z', 'S', 'AW']",0,CCV,3
7169,"['AW0', 'Z', 'S']","['AW', 'Z', 'S']",0,VCC,3
7170,"['Z', 'SH', 'AH0']","['Z', 'SH', 'AH']",0,CCV,3
7171,"['AH0', 'Z', 'SH']","['AH', 'Z', 'SH']",0,VCC,3
7172,"['Z', 'SH', 'OY0']","['Z', 'SH', 'OY']",0,CCV,3
7173,"['OY0', 'Z', 'SH']","['OY', 'Z', 'SH']",0,VCC,3
7174,"['Z', 'SH', 'AA0']","['Z', 'SH', 'AA']",0,CCV,3
7175,"['AA0', 'Z', 'SH']","['AA', 'Z', 'SH']",0,VCC,3
7176,"['Z', 'SH', 'AY0']","['Z', 'SH', 'AY']",0,CCV,3
7177,"['AY0', 'Z', 'SH']","['AY', 'Z', 'SH']",0,VCC,3
7178,"['Z', 'SH', 'ER0']","['Z', 'SH', 'ER']",0,CCV,3
7179,"['ER0', 'Z', 'SH']","['ER', 'Z', 'SH']",0,VCC,3
7180,"['Z', 'SH', 'AO0']","['Z', 'SH', 'AO']",0,CCV,3
7181,"['AO0', 'Z', 'SH']","['AO', 'Z', 'SH']",0,VCC,3
7182,"['Z', 'SH', 'UW0']","['Z', 'SH', 'UW']",0,CCV,3
7183,"['UW0', 'Z', 'SH']","['UW', 'Z', 'SH']",0,VCC,3
7184,"['Z', 'SH', 'IH0']","['Z', 'SH', 'IH']",0,CCV,3
7185,"['IH0', 'Z', 'SH']","['IH', 'Z', 'SH']",0,VCC,3
7186,"['Z', 'SH', 'EH0']","['Z', 'SH', 'EH']",0,CCV,3
7187,"['EH0', 'Z', 'SH']","['EH', 'Z', 'SH']",0,VCC,3
7188,"['Z', 'SH', 'UH0']","['Z', 'SH', 'UH']",0,CCV,3
7189,"['UH0', 'Z', 'SH']","['UH', 'Z', 'SH']",0,VCC,3
7190,"['Z', 'SH', 'IY0']","['Z', 'SH', 'IY']",0,CCV,3
7191,"['IY0', 'Z', 'SH']","['IY', 'Z', 'SH']",0,VCC,3
7192,"['Z', 'SH', 'EY0']","['Z', 'SH', 'EY']",0,CCV,3
7193,"['EY0', 'Z', 'SH']","['EY', 'Z', 'SH']",0,VCC,3
7194,"['Z', 'SH', 'OW0']","['Z', 'SH', 'OW']",0,CCV,3
7195,"['OW0', 'Z', 'SH']","['OW', 'Z', 'SH']",0,VCC,3
7196,"['Z', 'SH', 'AE0']","['Z', 'SH', 'AE']",0,CCV,3
7197,"['AE0', 'Z', 'SH']","['AE', 'Z', 'SH']",0,VCC,3
7198,"['Z', 'SH', 'AW0']","['Z', 'SH', 'AW']",0,CCV,3
7199,"['AW0', 'Z', 'SH']","['AW', 'Z', 'SH']",0,VCC,3
7200,"['Z', 'ZH', 'AH0']","['Z', 'ZH', 'AH']",0,CCV,3
7201,"['AH0', 'Z', 'ZH']","['AH', 'Z', 'ZH']",0,VCC,3
7202,"['Z', 'ZH', 'OY0']","['Z', 'ZH', 'OY']",0,CCV,3
7203,"['OY0', 'Z', 'ZH']","['OY', 'Z', 'ZH']",0,VCC,3
7204,"['Z', 'ZH', 'AA0']","['Z', 'ZH', 'AA']",0,CCV,3
7205,"['AA0', 'Z', 'ZH']","['AA', 'Z', 'ZH']",0,VCC,3
7206,"['Z', 'ZH', 'AY0']","['Z', 'ZH', 'AY']",0,CCV,3
7207,"['AY0', 'Z', 'ZH']","['AY', 'Z', 'ZH']",0,VCC,3
7208,"['Z', 'ZH', 'ER0']","['Z', 'ZH', 'ER']",0,CCV,3
7209,"['ER0', 'Z', 'ZH']","['ER', 'Z', 'ZH']",0,VCC,3
7210,"['Z', 'ZH', 'AO0']","['Z', 'ZH', 'AO']",0,CCV,3
7211,"['AO0', 'Z', 'ZH']","['AO', 'Z', 'ZH']",0,VCC,3
7212,"['Z', 'ZH', 'UW0']","['Z', 'ZH', 'UW']",0,CCV,3
7213,"['UW0', 'Z', 'ZH']","['UW', 'Z', 'ZH']",0,VCC,3
7214,"['Z', 'ZH', 'IH0']","['Z', 'ZH', 'IH']",0,CCV,3
7215,"['IH0', 'Z', 'ZH']","['IH', 'Z', 'ZH']",0,VCC,3
7216,"['Z', 'ZH', 'EH0']","['Z', 'ZH', 'EH']",0,CCV,3
7217,"['EH0', 'Z', 'ZH']","['EH', 'Z', 'ZH']",0,VCC,3
7218,"['Z', 'ZH', 'UH0']","['Z', 'ZH', 'UH']",0,CCV,3
7219,"['UH0', 'Z', 'ZH']","['UH', 'Z', 'ZH']",0,VCC,3
7220,"['Z', 'ZH', 'IY0']","['Z', 'ZH', 'IY']",0,CCV,3
7221,"['IY0', 'Z', 'ZH']","['IY', 'Z', 'ZH']",0,VCC,3
7222,"['Z', 'ZH', 'EY0']","['Z', 'ZH', 'EY']",0,CCV,3
7223,"['EY0', 'Z', 'ZH']","['EY', 'Z', 'ZH']",0,VCC,3
7224,"['Z', 'ZH', 'OW0']","['Z', 'ZH', 'OW']",0,CCV,3
7225,"['OW0', 'Z', 'ZH']","['OW', 'Z', 'ZH']",0,VCC,3
7226,"['Z', 'ZH', 'AE0']","['Z', 'ZH', 'AE']",0,CCV,3
7227,"['AE0', 'Z', 'ZH']","['AE', 'Z', 'ZH']",0,VCC,3
7228,"['Z', 'ZH', 'AW0']","['Z', 'ZH', 'AW']",0,CCV,3
7229,"['AW0', 'Z', 'ZH']","['AW', 'Z', 'ZH']",0,VCC,3
7230,"['Z', 'V', 'AH0']","['Z', 'V', 'AH']",0,CCV,3
7231,"['AH0', 'Z', 'V']","['AH', 'Z', 'V']",0,VCC,3
7232,"['Z', 'V', 'OY0']","['Z', 'V', 'OY']",0,CCV,3
7233,"['OY0', 'Z', 'V']","['OY', 'Z', 'V']",0,VCC,3
7234,"['Z', 'V', 'AA0']","['Z', 'V', 'AA']",0,CCV,3
7235,"['AA0', 'Z', 'V']","['AA', 'Z', 'V']",0,VCC,3
7236,"['Z', 'V', 'AY0']","['Z', 'V', 'AY']",0,CCV,3
7237,"['AY0', 'Z', 'V']","['AY', 'Z', 'V']",0,VCC,3
7238,"['Z', 'V', 'ER0']","['Z', 'V', 'ER']",0,CCV,3
7239,"['ER0', 'Z', 'V']","['ER', 'Z', 'V']",0,VCC,3
7240,"['Z', 'V', 'AO0']","['Z', 'V', 'AO']",0,CCV,3
7241,"['AO0', 'Z', 'V']","['AO', 'Z', 'V']",0,VCC,3
7242,"['Z', 'V', 'UW0']","['Z', 'V', 'UW']",0,CCV,3
7243,"['UW0', 'Z', 'V']","['UW', 'Z', 'V']",0,VCC,3
7244,"['Z', 'V', 'IH0']","['Z', 'V', 'IH']",0,CCV,3
7245,"['IH0', 'Z', 'V']","['IH', 'Z', 'V']",0,VCC,3
7246,"['Z', 'V', 'EH0']","['Z', 'V', 'EH']",0,CCV,3
7247,"['EH0', 'Z', 'V']","['EH', 'Z', 'V']",0,VCC,3
7248,"['Z', 'V', 'UH0']","['Z', 'V', 'UH']",0,CCV,3
7249,"['UH0', 'Z', 'V']","['UH', 'Z', 'V']",0,VCC,3
7250,"['Z', 'V', 'IY0']","['Z', 'V', 'IY']",0,CCV,3
7251,"['IY0', 'Z', 'V']","['IY', 'Z', 'V']",0,VCC,3
7252,"['Z', 'V', 'EY0']","['Z', 'V', 'EY']",0,CCV,3
7253,"['EY0', 'Z', 'V']","['EY', 'Z', 'V']",0,VCC,3
7254,"['Z', 'V', 'OW0']","['Z', 'V', 'OW']",0,CCV,3
7255,"['OW0', 'Z', 'V']","['OW', 'Z', 'V']",0,VCC,3
7256,"['Z', 'V', 'AE0']","['Z', 'V', 'AE']",0,CCV,3
7257,"['AE0', 'Z', 'V']","['AE', 'Z', 'V']",0,VCC,3
7258,"['Z', 'V', 'AW0']","['Z', 'V', 'AW']",0,CCV,3
7259,"['AW0', 'Z', 'V']","['AW', 'Z', 'V']",0,VCC,3
7260,"['Z', 'DH', 'AH0']","['Z', 'DH', 'AH']",0,CCV,3
7261,"['AH0', 'Z', 'DH']","['AH', 'Z', 'DH']",0,VCC,3
7262,"['Z', 'DH', 'OY0']","['Z', 'DH', 'OY']",0,CCV,3
7263,"['OY0', 'Z', 'DH']","['OY', 'Z', 'DH']",0,VCC,3
7264,"['Z', 'DH', 'AA0']","['Z', 'DH', 'AA']",0,CCV,3
7265,"['AA0', 'Z', 'DH']","['AA', 'Z', 'DH']",0,VCC,3
7266,"['Z', 'DH', 'AY0']","['Z', 'DH', 'AY']",0,CCV,3
7267,"['AY0', 'Z', 'DH']","['AY', 'Z', 'DH']",0,VCC,3
7268,"['Z', 'DH', 'ER0']","['Z', 'DH', 'ER']",0,CCV,3
7269,"['ER0', 'Z', 'DH']","['ER', 'Z', 'DH']",0,VCC,3
7270,"['Z', 'DH', 'AO0']","['Z', 'DH', 'AO']",0,CCV,3
7271,"['AO0', 'Z', 'DH']","['AO', 'Z', 'DH']",0,VCC,3
7272,"['Z', 'DH', 'UW0']","['Z', 'DH', 'UW']",0,CCV,3
7273,"['UW0', 'Z', 'DH']","['UW', 'Z', 'DH']",0,VCC,3
7274,"['Z', 'DH', 'IH0']","['Z', 'DH', 'IH']",0,CCV,3
7275,"['IH0', 'Z', 'DH']","['IH', 'Z', 'DH']",0,VCC,3
7276,"['Z', 'DH', 'EH0']","['Z', 'DH', 'EH']",0,CCV,3
7277,"['EH0', 'Z', 'DH']","['EH', 'Z', 'DH']",0,VCC,3
7278,"['Z', 'DH', 'UH0']","['Z', 'DH', 'UH']",0,CCV,3
7279,"['UH0', 'Z', 'DH']","['UH', 'Z', 'DH']",0,VCC,3
7280,"['Z', 'DH', 'IY0']","['Z', 'DH', 'IY']",0,CCV,3
7281,"['IY0', 'Z', 'DH']","['IY', 'Z', 'DH']",0,VCC,3
7282,"['Z', 'DH', 'EY0']","['Z', 'DH', 'EY']",0,CCV,3
7283,"['EY0', 'Z', 'DH']","['EY', 'Z', 'DH']",0,VCC,3
7284,"['Z', 'DH', 'OW0']","['Z', 'DH', 'OW']",0,CCV,3
7285,"['OW0', 'Z', 'DH']","['OW', 'Z', 'DH']",0,VCC,3
7286,"['Z', 'DH', 'AE0']","['Z', 'DH', 'AE']",0,CCV,3
7287,"['AE0', 'Z', 'DH']","['AE', 'Z', 'DH']",0,VCC,3
7288,"['Z', 'DH', 'AW0']","['Z', 'DH', 'AW']",0,CCV,3
7289,"['AW0', 'Z', 'DH']","['AW', 'Z', 'DH']",0,VCC,3
7290,"['Z', 'HH', 'AH0']","['Z', 'HH', 'AH']",0,CCV,3
7291,"['AH0', 'Z', 'HH']","['AH', 'Z', 'HH']",0,VCC,3
7292,"['Z', 'HH', 'OY0']","['Z', 'HH', 'OY']",0,CCV,3
7293,"['OY0', 'Z', 'HH']","['OY', 'Z', 'HH']",0,VCC,3
7294,"['Z', 'HH', 'AA0']","['Z', 'HH', 'AA']",0,CCV,3
7295,"['AA0', 'Z', 'HH']","['AA', 'Z', 'HH']",0,VCC,3
7296,"['Z', 'HH', 'AY0']","['Z', 'HH', 'AY']",0,CCV,3
7297,"['AY0', 'Z', 'HH']","['AY', 'Z', 'HH']",0,VCC,3
7298,"['Z', 'HH', 'ER0']","['Z', 'HH', 'ER']",0,CCV,3
7299,"['ER0', 'Z', 'HH']","['ER', 'Z', 'HH']",0,VCC,3
7300,"['Z', 'HH', 'AO0']","['Z', 'HH', 'AO']",0,CCV,3
7301,"['AO0', 'Z', 'HH']","['AO', 'Z', 'HH']",0,VCC,3
7302,"['Z', 'HH', 'UW0']","['Z', 'HH', 'UW']",0,CCV,3
7303,"['UW0', 'Z', 'HH']","['UW', 'Z', 'HH']",0,VCC,3
7304,"['Z', 'HH', 'IH0']","['Z', 'HH', 'IH']",0,CCV,3
7305,"['IH0', 'Z', 'HH']","['IH', 'Z', 'HH']",0,VCC,3
7306,"['Z', 'HH', 'EH0']","['Z', 'HH', 'EH']",0,CCV,3
7307,"['EH0', 'Z', 'HH']","['EH', 'Z', 'HH']",0,VCC,3
7308,"['Z', 'HH', 'UH0']","['Z', 'HH', 'UH']",0,CCV,3
7309,"['UH0', 'Z', 'HH']","['UH', 'Z', 'HH']",0,VCC,3
7310,"['Z', 'HH', 'IY0']","['Z', 'HH', 'IY']",0,CCV,3
7311,"['IY0', 'Z', 'HH']","['IY', 'Z', 'HH']",0,VCC,3
7312,"['Z', 'HH', 'EY0']","['Z', 'HH', 'EY']",0,CCV,3
7313,"['EY0', 'Z', 'HH']","['EY', 'Z', 'HH']",0,VCC,3
7314,"['Z', 'HH', 'OW0']","['Z', 'HH', 'OW']",0,CCV,3
7315,"['OW0', 'Z', 'HH']","['OW', 'Z', 'HH']",0,VCC,3
7316,"['Z', 'HH', 'AE0']","['Z', 'HH', 'AE']",0,CCV,3
7317,"['AE0', 'Z', 'HH']","['AE', 'Z', 'HH']",0,VCC,3
7318,"['Z', 'HH', 'AW0']","['Z', 'HH', 'AW']",0,CCV,3
7319,"['AW0', 'Z', 'HH']","['AW', 'Z', 'HH']",0,VCC,3
7320,"['Z', 'CH', 'AH0']","['Z', 'CH', 'AH']",1,CCV,3
7321,"['AH0', 'Z', 'CH']","['AH', 'Z', 'CH']",-1,VCC,3
7322,"['Z', 'CH', 'OY0']","['Z', 'CH', 'OY']",1,CCV,3
7323,"['OY0', 'Z', 'CH']","['OY', 'Z', 'CH']",-1,VCC,3
7324,"['Z', 'CH', 'AA0']","['Z', 'CH', 'AA']",1,CCV,3
7325,"['AA0', 'Z', 'CH']","['AA', 'Z', 'CH']",-1,VCC,3
7326,"['Z', 'CH', 'AY0']","['Z', 'CH', 'AY']",1,CCV,3
7327,"['AY0', 'Z', 'CH']","['AY', 'Z', 'CH']",-1,VCC,3
7328,"['Z', 'CH', 'ER0']","['Z', 'CH', 'ER']",1,CCV,3
7329,"['ER0', 'Z', 'CH']","['ER', 'Z', 'CH']",-1,VCC,3
7330,"['Z', 'CH', 'AO0']","['Z', 'CH', 'AO']",1,CCV,3
7331,"['AO0', 'Z', 'CH']","['AO', 'Z', 'CH']",-1,VCC,3
7332,"['Z', 'CH', 'UW0']","['Z', 'CH', 'UW']",1,CCV,3
7333,"['UW0', 'Z', 'CH']","['UW', 'Z', 'CH']",-1,VCC,3
7334,"['Z', 'CH', 'IH0']","['Z', 'CH', 'IH']",1,CCV,3
7335,"['IH0', 'Z', 'CH']","['IH', 'Z', 'CH']",-1,VCC,3
7336,"['Z', 'CH', 'EH0']","['Z', 'CH', 'EH']",1,CCV,3
7337,"['EH0', 'Z', 'CH']","['EH', 'Z', 'CH']",-1,VCC,3
7338,"['Z', 'CH', 'UH0']","['Z', 'CH', 'UH']",1,CCV,3
7339,"['UH0', 'Z', 'CH']","['UH', 'Z', 'CH']",-1,VCC,3
7340,"['Z', 'CH', 'IY0']","['Z', 'CH', 'IY']",1,CCV,3
7341,"['IY0', 'Z', 'CH']","['IY', 'Z', 'CH']",-1,VCC,3
7342,"['Z', 'CH', 'EY0']","['Z', 'CH', 'EY']",1,CCV,3
7343,"['EY0', 'Z', 'CH']","['EY', 'Z', 'CH']",-1,VCC,3
7344,"['Z', 'CH', 'OW0']","['Z', 'CH', 'OW']",1,CCV,3
7345,"['OW0', 'Z', 'CH']","['OW', 'Z', 'CH']",-1,VCC,3
7346,"['Z', 'CH', 'AE0']","['Z', 'CH', 'AE']",1,CCV,3
7347,"['AE0', 'Z', 'CH']","['AE', 'Z', 'CH']",-1,VCC,3
7348,"['Z', 'CH', 'AW0']","['Z', 'CH', 'AW']",1,CCV,3
7349,"['AW0', 'Z', 'CH']","['AW', 'Z', 'CH']",-1,VCC,3
7350,"['Z', 'JH', 'AH0']","['Z', 'JH', 'AH']",1,CCV,3
7351,"['AH0', 'Z', 'JH']","['AH', 'Z', 'JH']",-1,VCC,3
7352,"['Z', 'JH', 'OY0']","['Z', 'JH', 'OY']",1,CCV,3
7353,"['OY0', 'Z', 'JH']","['OY', 'Z', 'JH']",-1,VCC,3
7354,"['Z', 'JH', 'AA0']","['Z', 'JH', 'AA']",1,CCV,3
7355,"['AA0', 'Z', 'JH']","['AA', 'Z', 'JH']",-1,VCC,3
7356,"['Z', 'JH', 'AY0']","['Z', 'JH', 'AY']",1,CCV,3
7357,"['AY0', 'Z', 'JH']","['AY', 'Z', 'JH']",-1,VCC,3
7358,"['Z', 'JH', 'ER0']","['Z', 'JH', 'ER']",1,CCV,3
7359,"['ER0', 'Z', 'JH']","['ER', 'Z', 'JH']",-1,VCC,3
7360,"['Z', 'JH', 'AO0']","['Z', 'JH', 'AO']",1,CCV,3
7361,"['AO0', 'Z', 'JH']","['AO', 'Z', 'JH']",-1,VCC,3
7362,"['Z', 'JH', 'UW0']","['Z', 'JH', 'UW']",1,CCV,3
7363,"['UW0', 'Z', 'JH']","['UW', 'Z', 'JH']",-1,VCC,3
7364,"['Z', 'JH', 'IH0']","['Z', 'JH', 'IH']",1,CCV,3
7365,"['IH0', 'Z', 'JH']","['IH', 'Z', 'JH']",-1,VCC,3
7366,"['Z', 'JH', 'EH0']","['Z', 'JH', 'EH']",1,CCV,3
7367,"['EH0', 'Z', 'JH']","['EH', 'Z', 'JH']",-1,VCC,3
7368,"['Z', 'JH', 'UH0']","['Z', 'JH', 'UH']",1,CCV,3
7369,"['UH0', 'Z', 'JH']","['UH', 'Z', 'JH']",-1,VCC,3
7370,"['Z', 'JH', 'IY0']","['Z', 'JH', 'IY']",1,CCV,3
7371,"['IY0', 'Z', 'JH']","['IY', 'Z', 'JH']",-1,VCC,3
7372,"['Z', 'JH', 'EY0']","['Z', 'JH', 'EY']",1,CCV,3
7373,"['EY0', 'Z', 'JH']","['EY', 'Z', 'JH']",-1,VCC,3
7374,"['Z', 'JH', 'OW0']","['Z', 'JH', 'OW']",1,CCV,3
7375,"['OW0', 'Z', 'JH']","['OW', 'Z', 'JH']",-1,VCC,3
7376,"['Z', 'JH', 'AE0']","['Z', 'JH', 'AE']",1,CCV,3
7377,"['AE0', 'Z', 'JH']","['AE', 'Z', 'JH']",-1,VCC,3
7378,"['Z', 'JH', 'AW0']","['Z', 'JH', 'AW']",1,CCV,3
7379,"['AW0', 'Z', 'JH']","['AW', 'Z', 'JH']",-1,VCC,3
7380,"['Z', 'M', 'AH0']","['Z', 'M', 'AH']",2,CCV,3
7381,"['AH0', 'Z', 'M']","['AH', 'Z', 'M']",-2,VCC,3
7382,"['Z', 'M', 'OY0']","['Z', 'M', 'OY']",2,CCV,3
7383,"['OY0', 'Z', 'M']","['OY', 'Z', 'M']",-2,VCC,3
7384,"['Z', 'M', 'AA0']","['Z', 'M', 'AA']",2,CCV,3
7385,"['AA0', 'Z', 'M']","['AA', 'Z', 'M']",-2,VCC,3
7386,"['Z', 'M', 'AY0']","['Z', 'M', 'AY']",2,CCV,3
7387,"['AY0', 'Z', 'M']","['AY', 'Z', 'M']",-2,VCC,3
7388,"['Z', 'M', 'ER0']","['Z', 'M', 'ER']",2,CCV,3
7389,"['ER0', 'Z', 'M']","['ER', 'Z', 'M']",-2,VCC,3
7390,"['Z', 'M', 'AO0']","['Z', 'M', 'AO']",2,CCV,3
7391,"['AO0', 'Z', 'M']","['AO', 'Z', 'M']",-2,VCC,3
7392,"['Z', 'M', 'UW0']","['Z', 'M', 'UW']",2,CCV,3
7393,"['UW0', 'Z', 'M']","['UW', 'Z', 'M']",-2,VCC,3
7394,"['Z', 'M', 'IH0']","['Z', 'M', 'IH']",2,CCV,3
7395,"['IH0', 'Z', 'M']","['IH', 'Z', 'M']",-2,VCC,3
7396,"['Z', 'M', 'EH0']","['Z', 'M', 'EH']",2,CCV,3
7397,"['EH0', 'Z', 'M']","['EH', 'Z', 'M']",-2,VCC,3
7398,"['Z', 'M', 'UH0']","['Z', 'M', 'UH']",2,CCV,3
7399,"['UH0', 'Z', 'M']","['UH', 'Z', 'M']",-2,VCC,3
7400,"['Z', 'M', 'IY0']","['Z', 'M', 'IY']",2,CCV,3
7401,"['IY0', 'Z', 'M']","['IY', 'Z', 'M']",-2,VCC,3
7402,"['Z', 'M', 'EY0']","['Z', 'M', 'EY']",2,CCV,3
7403,"['EY0', 'Z', 'M']","['EY', 'Z', 'M']",-2,VCC,3
7404,"['Z', 'M', 'OW0']","['Z', 'M', 'OW']",2,CCV,3
7405,"['OW0', 'Z', 'M']","['OW', 'Z', 'M']",-2,VCC,3
7406,"['Z', 'M', 'AE0']","['Z', 'M', 'AE']",2,CCV,3
7407,"['AE0', 'Z', 'M']","['AE', 'Z', 'M']",-2,VCC,3
7408,"['Z', 'M', 'AW0']","['Z', 'M', 'AW']",2,CCV,3
7409,"['AW0', 'Z', 'M']","['AW', 'Z', 'M']",-2,VCC,3
7410,"['Z', 'N', 'AH0']","['Z', 'N', 'AH']",2,CCV,3
7411,"['AH0', 'Z', 'N']","['AH', 'Z', 'N']",-2,VCC,3
7412,"['Z', 'N', 'OY0']","['Z', 'N', 'OY']",2,CCV,3
7413,"['OY0', 'Z', 'N']","['OY', 'Z', 'N']",-2,VCC,3
7414,"['Z', 'N', 'AA0']","['Z', 'N', 'AA']",2,CCV,3
7415,"['AA0', 'Z', 'N']","['AA', 'Z', 'N']",-2,VCC,3
7416,"['Z', 'N', 'AY0']","['Z', 'N', 'AY']",2,CCV,3
7417,"['AY0', 'Z', 'N']","['AY', 'Z', 'N']",-2,VCC,3
7418,"['Z', 'N', 'ER0']","['Z', 'N', 'ER']",2,CCV,3
7419,"['ER0', 'Z', 'N']","['ER', 'Z', 'N']",-2,VCC,3
7420,"['Z', 'N', 'AO0']","['Z', 'N', 'AO']",2,CCV,3
7421,"['AO0', 'Z', 'N']","['AO', 'Z', 'N']",-2,VCC,3
7422,"['Z', 'N', 'UW0']","['Z', 'N', 'UW']",2,CCV,3
7423,"['UW0', 'Z', 'N']","['UW', 'Z', 'N']",-2,VCC,3
7424,"['Z', 'N', 'IH0']","['Z', 'N', 'IH']",2,CCV,3
7425,"['IH0', 'Z', 'N']","['IH', 'Z', 'N']",-2,VCC,3
7426,"['Z', 'N', 'EH0']","['Z', 'N', 'EH']",2,CCV,3
7427,"['EH0', 'Z', 'N']","['EH', 'Z', 'N']",-2,VCC,3
7428,"['Z', 'N', 'UH0']","['Z', 'N', 'UH']",2,CCV,3
7429,"['UH0', 'Z', 'N']","['UH', 'Z', 'N']",-2,VCC,3
7430,"['Z', 'N', 'IY0']","['Z', 'N', 'IY']",2,CCV,3
7431,"['IY0', 'Z', 'N']","['IY', 'Z', 'N']",-2,VCC,3
7432,"['Z', 'N', 'EY0']","['Z', 'N', 'EY']",2,CCV,3
7433,"['EY0', 'Z', 'N']","['EY', 'Z', 'N']",-2,VCC,3
7434,"['Z', 'N', 'OW0']","['Z', 'N', 'OW']",2,CCV,3
7435,"['OW0', 'Z', 'N']","['OW', 'Z', 'N']",-2,VCC,3
7436,"['Z', 'N', 'AE0']","['Z', 'N', 'AE']",2,CCV,3
7437,"['AE0', 'Z', 'N']","['AE', 'Z', 'N']",-2,VCC,3
7438,"['Z', 'N', 'AW0']","['Z', 'N', 'AW']",2,CCV,3
7439,"['AW0', 'Z', 'N']","['AW', 'Z', 'N']",-2,VCC,3
7440,"['Z', 'NG', 'AH0']","['Z', 'NG', 'AH']",2,CCV,3
7441,"['AH0', 'Z', 'NG']","['AH', 'Z', 'NG']",-2,VCC,3
7442,"['Z', 'NG', 'OY0']","['Z', 'NG', 'OY']",2,CCV,3
7443,"['OY0', 'Z', 'NG']","['OY', 'Z', 'NG']",-2,VCC,3
7444,"['Z', 'NG', 'AA0']","['Z', 'NG', 'AA']",2,CCV,3
7445,"['AA0', 'Z', 'NG']","['AA', 'Z', 'NG']",-2,VCC,3
7446,"['Z', 'NG', 'AY0']","['Z', 'NG', 'AY']",2,CCV,3
7447,"['AY0', 'Z', 'NG']","['AY', 'Z', 'NG']",-2,VCC,3
7448,"['Z', 'NG', 'ER0']","['Z', 'NG', 'ER']",2,CCV,3
7449,"['ER0', 'Z', 'NG']","['ER', 'Z', 'NG']",-2,VCC,3
7450,"['Z', 'NG', 'AO0']","['Z', 'NG', 'AO']",2,CCV,3
7451,"['AO0', 'Z', 'NG']","['AO', 'Z', 'NG']",-2,VCC,3
7452,"['Z', 'NG', 'UW0']","['Z', 'NG', 'UW']",2,CCV,3
7453,"['UW0', 'Z', 'NG']","['UW', 'Z', 'NG']",-2,VCC,3
7454,"['Z', 'NG', 'IH0']","['Z', 'NG', 'IH']",2,CCV,3
7455,"['IH0', 'Z', 'NG']","['IH', 'Z', 'NG']",-2,VCC,3
7456,"['Z', 'NG', 'EH0']","['Z', 'NG', 'EH']",2,CCV,3
7457,"['EH0', 'Z', 'NG']","['EH', 'Z', 'NG']",-2,VCC,3
7458,"['Z', 'NG', 'UH0']","['Z', 'NG', 'UH']",2,CCV,3
7459,"['UH0', 'Z', 'NG']","['UH', 'Z', 'NG']",-2,VCC,3
7460,"['Z', 'NG', 'IY0']","['Z', 'NG', 'IY']",2,CCV,3
7461,"['IY0', 'Z', 'NG']","['IY', 'Z', 'NG']",-2,VCC,3
7462,"['Z', 'NG', 'EY0']","['Z', 'NG', 'EY']",2,CCV,3
7463,"['EY0', 'Z', 'NG']","['EY', 'Z', 'NG']",-2,VCC,3
7464,"['Z', 'NG', 'OW0']","['Z', 'NG', 'OW']",2,CCV,3
7465,"['OW0', 'Z', 'NG']","['OW', 'Z', 'NG']",-2,VCC,3
7466,"['Z', 'NG', 'AE0']","['Z', 'NG', 'AE']",2,CCV,3
7467,"['AE0', 'Z', 'NG']","['AE', 'Z', 'NG']",-2,VCC,3
7468,"['Z', 'NG', 'AW0']","['Z', 'NG', 'AW']",2,CCV,3
7469,"['AW0', 'Z', 'NG']","['AW', 'Z', 'NG']",-2,VCC,3
7470,"['Z', 'L', 'AH0']","['Z', 'L', 'AH']",3,CCV,3
7471,"['AH0', 'Z', 'L']","['AH', 'Z', 'L']",-3,VCC,3
7472,"['Z', 'L', 'OY0']","['Z', 'L', 'OY']",3,CCV,3
7473,"['OY0', 'Z', 'L']","['OY', 'Z', 'L']",-3,VCC,3
7474,"['Z', 'L', 'AA0']","['Z', 'L', 'AA']",3,CCV,3
7475,"['AA0', 'Z', 'L']","['AA', 'Z', 'L']",-3,VCC,3
7476,"['Z', 'L', 'AY0']","['Z', 'L', 'AY']",3,CCV,3
7477,"['AY0', 'Z', 'L']","['AY', 'Z', 'L']",-3,VCC,3
7478,"['Z', 'L', 'ER0']","['Z', 'L', 'ER']",3,CCV,3
7479,"['ER0', 'Z', 'L']","['ER', 'Z', 'L']",-3,VCC,3
7480,"['Z', 'L', 'AO0']","['Z', 'L', 'AO']",3,CCV,3
7481,"['AO0', 'Z', 'L']","['AO', 'Z', 'L']",-3,VCC,3
7482,"['Z', 'L', 'UW0']","['Z', 'L', 'UW']",3,CCV,3
7483,"['UW0', 'Z', 'L']","['UW', 'Z', 'L']",-3,VCC,3
7484,"['Z', 'L', 'IH0']","['Z', 'L', 'IH']",3,CCV,3
7485,"['IH0', 'Z', 'L']","['IH', 'Z', 'L']",-3,VCC,3
7486,"['Z', 'L', 'EH0']","['Z', 'L', 'EH']",3,CCV,3
7487,"['EH0', 'Z', 'L']","['EH', 'Z', 'L']",-3,VCC,3
7488,"['Z', 'L', 'UH0']","['Z', 'L', 'UH']",3,CCV,3
7489,"['UH0', 'Z', 'L']","['UH', 'Z', 'L']",-3,VCC,3
7490,"['Z', 'L', 'IY0']","['Z', 'L', 'IY']",3,CCV,3
7491,"['IY0', 'Z', 'L']","['IY', 'Z', 'L']",-3,VCC,3
7492,"['Z', 'L', 'EY0']","['Z', 'L', 'EY']",3,CCV,3
7493,"['EY0', 'Z', 'L']","['EY', 'Z', 'L']",-3,VCC,3
7494,"['Z', 'L', 'OW0']","['Z', 'L', 'OW']",3,CCV,3
7495,"['OW0', 'Z', 'L']","['OW', 'Z', 'L']",-3,VCC,3
7496,"['Z', 'L', 'AE0']","['Z', 'L', 'AE']",3,CCV,3
7497,"['AE0', 'Z', 'L']","['AE', 'Z', 'L']",-3,VCC,3
7498,"['Z', 'L', 'AW0']","['Z', 'L', 'AW']",3,CCV,3
7499,"['AW0', 'Z', 'L']","['AW', 'Z', 'L']",-3,VCC,3
7500,"['Z', 'R', 'AH0']","['Z', 'R', 'AH']",3,CCV,3
7501,"['AH0', 'Z', 'R']","['AH', 'Z', 'R']",-3,VCC,3
7502,"['Z', 'R', 'OY0']","['Z', 'R', 'OY']",3,CCV,3
7503,"['OY0', 'Z', 'R']","['OY', 'Z', 'R']",-3,VCC,3
7504,"['Z', 'R', 'AA0']","['Z', 'R', 'AA']",3,CCV,3
7505,"['AA0', 'Z', 'R']","['AA', 'Z', 'R']",-3,VCC,3
7506,"['Z', 'R', 'AY0']","['Z', 'R', 'AY']",3,CCV,3
7507,"['AY0', 'Z', 'R']","['AY', 'Z', 'R']",-3,VCC,3
7508,"['Z', 'R', 'ER0']","['Z', 'R', 'ER']",3,CCV,3
7509,"['ER0', 'Z', 'R']","['ER', 'Z', 'R']",-3,VCC,3
7510,"['Z', 'R', 'AO0']","['Z', 'R', 'AO']",3,CCV,3
7511,"['AO0', 'Z', 'R']","['AO', 'Z', 'R']",-3,VCC,3
7512,"['Z', 'R', 'UW0']","['Z', 'R', 'UW']",3,CCV,3
7513,"['UW0', 'Z', 'R']","['UW', 'Z', 'R']",-3,VCC,3
7514,"['Z', 'R', 'IH0']","['Z', 'R', 'IH']",3,CCV,3
7515,"['IH0', 'Z', 'R']","['IH', 'Z', 'R']",-3,VCC,3
7516,"['Z', 'R', 'EH0']","['Z', 'R', 'EH']",3,CCV,3
7517,"['EH0', 'Z', 'R']","['EH', 'Z', 'R']",-3,VCC,3
7518,"['Z', 'R', 'UH0']","['Z', 'R', 'UH']",3,CCV,3
7519,"['UH0', 'Z', 'R']","['UH', 'Z', 'R']",-3,VCC,3
7520,"['Z', 'R', 'IY0']","['Z', 'R', 'IY']",3,CCV,3
7521,"['IY0', 'Z', 'R']","['IY', 'Z', 'R']",-3,VCC,3
7522,"['Z', 'R', 'EY0']","['Z', 'R', 'EY']",3,CCV,3
7523,"['EY0', 'Z', 'R']","['EY', 'Z', 'R']",-3,VCC,3
7524,"['Z', 'R', 'OW0']","['Z', 'R', 'OW']",3,CCV,3
7525,"['OW0', 'Z', 'R']","['OW', 'Z', 'R']",-3,VCC,3
7526,"['Z', 'R', 'AE0']","['Z', 'R', 'AE']",3,CCV,3
7527,"['AE0', 'Z', 'R']","['AE', 'Z', 'R']",-3,VCC,3
7528,"['Z', 'R', 'AW0']","['Z', 'R', 'AW']",3,CCV,3
7529,"['AW0', 'Z', 'R']","['AW', 'Z', 'R']",-3,VCC,3
7530,"['Z', 'W', 'AH0']","['Z', 'W', 'AH']",4,CCV,3
7531,"['AH0', 'Z', 'W']","['AH', 'Z', 'W']",-4,VCC,3
7532,"['Z', 'W', 'OY0']","['Z', 'W', 'OY']",4,CCV,3
7533,"['OY0', 'Z', 'W']","['OY', 'Z', 'W']",-4,VCC,3
7534,"['Z', 'W', 'AA0']","['Z', 'W', 'AA']",4,CCV,3
7535,"['AA0', 'Z', 'W']","['AA', 'Z', 'W']",-4,VCC,3
7536,"['Z', 'W', 'AY0']","['Z', 'W', 'AY']",4,CCV,3
7537,"['AY0', 'Z', 'W']","['AY', 'Z', 'W']",-4,VCC,3
7538,"['Z', 'W', 'ER0']","['Z', 'W', 'ER']",4,CCV,3
7539,"['ER0', 'Z', 'W']","['ER', 'Z', 'W']",-4,VCC,3
7540,"['Z', 'W', 'AO0']","['Z', 'W', 'AO']",4,CCV,3
7541,"['AO0', 'Z', 'W']","['AO', 'Z', 'W']",-4,VCC,3
7542,"['Z', 'W', 'UW0']","['Z', 'W', 'UW']",4,CCV,3
7543,"['UW0', 'Z', 'W']","['UW', 'Z', 'W']",-4,VCC,3
7544,"['Z', 'W', 'IH0']","['Z', 'W', 'IH']",4,CCV,3
7545,"['IH0', 'Z', 'W']","['IH', 'Z', 'W']",-4,VCC,3
7546,"['Z', 'W', 'EH0']","['Z', 'W', 'EH']",4,CCV,3
7547,"['EH0', 'Z', 'W']","['EH', 'Z', 'W']",-4,VCC,3
7548,"['Z', 'W', 'UH0']","['Z', 'W', 'UH']",4,CCV,3
7549,"['UH0', 'Z', 'W']","['UH', 'Z', 'W']",-4,VCC,3
7550,"['Z', 'W', 'IY0']","['Z', 'W', 'IY']",4,CCV,3
7551,"['IY0', 'Z', 'W']","['IY', 'Z', 'W']",-4,VCC,3
7552,"['Z', 'W', 'EY0']","['Z', 'W', 'EY']",4,CCV,3
7553,"['EY0', 'Z', 'W']","['EY', 'Z', 'W']",-4,VCC,3
7554,"['Z', 'W', 'OW0']","['Z', 'W', 'OW']",4,CCV,3
7555,"['OW0', 'Z', 'W']","['OW', 'Z', 'W']",-4,VCC,3
7556,"['Z', 'W', 'AE0']","['Z', 'W', 'AE']",4,CCV,3
7557,"['AE0', 'Z', 'W']","['AE', 'Z', 'W']",-4,VCC,3
7558,"['Z', 'W', 'AW0']","['Z', 'W', 'AW']",4,CCV,3
7559,"['AW0', 'Z', 'W']","['AW', 'Z', 'W']",-4,VCC,3
7560,"['Z', 'Y', 'AH0']","['Z', 'Y', 'AH']",4,CCV,3
7561,"['AH0', 'Z', 'Y']","['AH', 'Z', 'Y']",-4,VCC,3
7562,"['Z', 'Y', 'OY0']","['Z', 'Y', 'OY']",4,CCV,3
7563,"['OY0', 'Z', 'Y']","['OY', 'Z', 'Y']",-4,VCC,3
7564,"['Z', 'Y', 'AA0']","['Z', 'Y', 'AA']",4,CCV,3
7565,"['AA0', 'Z', 'Y']","['AA', 'Z', 'Y']",-4,VCC,3
7566,"['Z', 'Y', 'AY0']","['Z', 'Y', 'AY']",4,CCV,3
7567,"['AY0', 'Z', 'Y']","['AY', 'Z', 'Y']",-4,VCC,3
7568,"['Z', 'Y', 'ER0']","['Z', 'Y', 'ER']",4,CCV,3
7569,"['ER0', 'Z', 'Y']","['ER', 'Z', 'Y']",-4,VCC,3
7570,"['Z', 'Y', 'AO0']","['Z', 'Y', 'AO']",4,CCV,3
7571,"['AO0', 'Z', 'Y']","['AO', 'Z', 'Y']",-4,VCC,3
7572,"['Z', 'Y', 'UW0']","['Z', 'Y', 'UW']",4,CCV,3
7573,"['UW0', 'Z', 'Y']","['UW', 'Z', 'Y']",-4,VCC,3
7574,"['Z', 'Y', 'IH0']","['Z', 'Y', 'IH']",4,CCV,3
7575,"['IH0', 'Z', 'Y']","['IH', 'Z', 'Y']",-4,VCC,3
7576,"['Z', 'Y', 'EH0']","['Z', 'Y', 'EH']",4,CCV,3
7577,"['EH0', 'Z', 'Y']","['EH', 'Z', 'Y']",-4,VCC,3
7578,"['Z', 'Y', 'UH0']","['Z', 'Y', 'UH']",4,CCV,3
7579,"['UH0', 'Z', 'Y']","['UH', 'Z', 'Y']",-4,VCC,3
7580,"['Z', 'Y', 'IY0']","['Z', 'Y', 'IY']",4,CCV,3
7581,"['IY0', 'Z', 'Y']","['IY', 'Z', 'Y']",-4,VCC,3
7582,"['Z', 'Y', 'EY0']","['Z', 'Y', 'EY']",4,CCV,3
7583,"['EY0', 'Z', 'Y']","['EY', 'Z', 'Y']",-4,VCC,3
7584,"['Z', 'Y', 'OW0']","['Z', 'Y', 'OW']",4,CCV,3
7585,"['OW0', 'Z', 'Y']","['OW', 'Z', 'Y']",-4,VCC,3
7586,"['Z', 'Y', 'AE0']","['Z', 'Y', 'AE']",4,CCV,3
7587,"['AE0', 'Z', 'Y']","['AE', 'Z', 'Y']",-4,VCC,3
7588,"['Z', 'Y', 'AW0']","['Z', 'Y', 'AW']",4,CCV,3
7589,"['AW0', 'Z', 'Y']","['AW', 'Z', 'Y']",-4,VCC,3
7590,"['ZH', 'P', 'AH0']","['ZH', 'P', 'AH']",-1,CCV,3
7591,"['AH0', 'ZH', 'P']","['AH', 'ZH', 'P']",1,VCC,3
7592,"['ZH', 'P', 'OY0']","['ZH', 'P', 'OY']",-1,CCV,3
7593,"['OY0', 'ZH', 'P']","['OY', 'ZH', 'P']",1,VCC,3
7594,"['ZH', 'P', 'AA0']","['ZH', 'P', 'AA']",-1,CCV,3
7595,"['AA0', 'ZH', 'P']","['AA', 'ZH', 'P']",1,VCC,3
7596,"['ZH', 'P', 'AY0']","['ZH', 'P', 'AY']",-1,CCV,3
7597,"['AY0', 'ZH', 'P']","['AY', 'ZH', 'P']",1,VCC,3
7598,"['ZH', 'P', 'ER0']","['ZH', 'P', 'ER']",-1,CCV,3
7599,"['ER0', 'ZH', 'P']","['ER', 'ZH', 'P']",1,VCC,3
7600,"['ZH', 'P', 'AO0']","['ZH', 'P', 'AO']",-1,CCV,3
7601,"['AO0', 'ZH', 'P']","['AO', 'ZH', 'P']",1,VCC,3
7602,"['ZH', 'P', 'UW0']","['ZH', 'P', 'UW']",-1,CCV,3
7603,"['UW0', 'ZH', 'P']","['UW', 'ZH', 'P']",1,VCC,3
7604,"['ZH', 'P', 'IH0']","['ZH', 'P', 'IH']",-1,CCV,3
7605,"['IH0', 'ZH', 'P']","['IH', 'ZH', 'P']",1,VCC,3
7606,"['ZH', 'P', 'EH0']","['ZH', 'P', 'EH']",-1,CCV,3
7607,"['EH0', 'ZH', 'P']","['EH', 'ZH', 'P']",1,VCC,3
7608,"['ZH', 'P', 'UH0']","['ZH', 'P', 'UH']",-1,CCV,3
7609,"['UH0', 'ZH', 'P']","['UH', 'ZH', 'P']",1,VCC,3
7610,"['ZH', 'P', 'IY0']","['ZH', 'P', 'IY']",-1,CCV,3
7611,"['IY0', 'ZH', 'P']","['IY', 'ZH', 'P']",1,VCC,3
7612,"['ZH', 'P', 'EY0']","['ZH', 'P', 'EY']",-1,CCV,3
7613,"['EY0', 'ZH', 'P']","['EY', 'ZH', 'P']",1,VCC,3
7614,"['ZH', 'P', 'OW0']","['ZH', 'P', 'OW']",-1,CCV,3
7615,"['OW0', 'ZH', 'P']","['OW', 'ZH', 'P']",1,VCC,3
7616,"['ZH', 'P', 'AE0']","['ZH', 'P', 'AE']",-1,CCV,3
7617,"['AE0', 'ZH', 'P']","['AE', 'ZH', 'P']",1,VCC,3
7618,"['ZH', 'P', 'AW0']","['ZH', 'P', 'AW']",-1,CCV,3
7619,"['AW0', 'ZH', 'P']","['AW', 'ZH', 'P']",1,VCC,3
7620,"['ZH', 'T', 'AH0']","['ZH', 'T', 'AH']",-1,CCV,3
7621,"['AH0', 'ZH', 'T']","['AH', 'ZH', 'T']",1,VCC,3
7622,"['ZH', 'T', 'OY0']","['ZH', 'T', 'OY']",-1,CCV,3
7623,"['OY0', 'ZH', 'T']","['OY', 'ZH', 'T']",1,VCC,3
7624,"['ZH', 'T', 'AA0']","['ZH', 'T', 'AA']",-1,CCV,3
7625,"['AA0', 'ZH', 'T']","['AA', 'ZH', 'T']",1,VCC,3
7626,"['ZH', 'T', 'AY0']","['ZH', 'T', 'AY']",-1,CCV,3
7627,"['AY0', 'ZH', 'T']","['AY', 'ZH', 'T']",1,VCC,3
7628,"['ZH', 'T', 'ER0']","['ZH', 'T', 'ER']",-1,CCV,3
7629,"['ER0', 'ZH', 'T']","['ER', 'ZH', 'T']",1,VCC,3
7630,"['ZH', 'T', 'AO0']","['ZH', 'T', 'AO']",-1,CCV,3
7631,"['AO0', 'ZH', 'T']","['AO', 'ZH', 'T']",1,VCC,3
7632,"['ZH', 'T', 'UW0']","['ZH', 'T', 'UW']",-1,CCV,3
7633,"['UW0', 'ZH', 'T']","['UW', 'ZH', 'T']",1,VCC,3
7634,"['ZH', 'T', 'IH0']","['ZH', 'T', 'IH']",-1,CCV,3
7635,"['IH0', 'ZH', 'T']","['IH', 'ZH', 'T']",1,VCC,3
7636,"['ZH', 'T', 'EH0']","['ZH', 'T', 'EH']",-1,CCV,3
7637,"['EH0', 'ZH', 'T']","['EH', 'ZH', 'T']",1,VCC,3
7638,"['ZH', 'T', 'UH0']","['ZH', 'T', 'UH']",-1,CCV,3
7639,"['UH0', 'ZH', 'T']","['UH', 'ZH', 'T']",1,VCC,3
7640,"['ZH', 'T', 'IY0']","['ZH', 'T', 'IY']",-1,CCV,3
7641,"['IY0', 'ZH', 'T']","['IY', 'ZH', 'T']",1,VCC,3
7642,"['ZH', 'T', 'EY0']","['ZH', 'T', 'EY']",-1,CCV,3
7643,"['EY0', 'ZH', 'T']","['EY', 'ZH', 'T']",1,VCC,3
7644,"['ZH', 'T', 'OW0']","['ZH', 'T', 'OW']",-1,CCV,3
7645,"['OW0', 'ZH', 'T']","['OW', 'ZH', 'T']",1,VCC,3
7646,"['ZH', 'T', 'AE0']","['ZH', 'T', 'AE']",-1,CCV,3
7647,"['AE0', 'ZH', 'T']","['AE', 'ZH', 'T']",1,VCC,3
7648,"['ZH', 'T', 'AW0']","['ZH', 'T', 'AW']",-1,CCV,3
7649,"['AW0', 'ZH', 'T']","['AW', 'ZH', 'T']",1,VCC,3
7650,"['ZH', 'K', 'AH0']","['ZH', 'K', 'AH']",-1,CCV,3
7651,"['AH0', 'ZH', 'K']","['AH', 'ZH', 'K']",1,VCC,3
7652,"['ZH', 'K', 'OY0']","['ZH', 'K', 'OY']",-1,CCV,3
7653,"['OY0', 'ZH', 'K']","['OY', 'ZH', 'K']",1,VCC,3
7654,"['ZH', 'K', 'AA0']","['ZH', 'K', 'AA']",-1,CCV,3
7655,"['AA0', 'ZH', 'K']","['AA', 'ZH', 'K']",1,VCC,3
7656,"['ZH', 'K', 'AY0']","['ZH', 'K', 'AY']",-1,CCV,3
7657,"['AY0', 'ZH', 'K']","['AY', 'ZH', 'K']",1,VCC,3
7658,"['ZH', 'K', 'ER0']","['ZH', 'K', 'ER']",-1,CCV,3
7659,"['ER0', 'ZH', 'K']","['ER', 'ZH', 'K']",1,VCC,3
7660,"['ZH', 'K', 'AO0']","['ZH', 'K', 'AO']",-1,CCV,3
7661,"['AO0', 'ZH', 'K']","['AO', 'ZH', 'K']",1,VCC,3
7662,"['ZH', 'K', 'UW0']","['ZH', 'K', 'UW']",-1,CCV,3
7663,"['UW0', 'ZH', 'K']","['UW', 'ZH', 'K']",1,VCC,3
7664,"['ZH', 'K', 'IH0']","['ZH', 'K', 'IH']",-1,CCV,3
7665,"['IH0', 'ZH', 'K']","['IH', 'ZH', 'K']",1,VCC,3
7666,"['ZH', 'K', 'EH0']","['ZH', 'K', 'EH']",-1,CCV,3
7667,"['EH0', 'ZH', 'K']","['EH', 'ZH', 'K']",1,VCC,3
7668,"['ZH', 'K', 'UH0']","['ZH', 'K', 'UH']",-1,CCV,3
7669,"['UH0', 'ZH', 'K']","['UH', 'ZH', 'K']",1,VCC,3
7670,"['ZH', 'K', 'IY0']","['ZH', 'K', 'IY']",-1,CCV,3
7671,"['IY0', 'ZH', 'K']","['IY', 'ZH', 'K']",1,VCC,3
7672,"['ZH', 'K', 'EY0']","['ZH', 'K', 'EY']",-1,CCV,3
7673,"['EY0', 'ZH', 'K']","['EY', 'ZH', 'K']",1,VCC,3
7674,"['ZH', 'K', 'OW0']","['ZH', 'K', 'OW']",-1,CCV,3
7675,"['OW0', 'ZH', 'K']","['OW', 'ZH', 'K']",1,VCC,3
7676,"['ZH', 'K', 'AE0']","['ZH', 'K', 'AE']",-1,CCV,3
7677,"['AE0', 'ZH', 'K']","['AE', 'ZH', 'K']",1,VCC,3
7678,"['ZH', 'K', 'AW0']","['ZH', 'K', 'AW']",-1,CCV,3
7679,"['AW0', 'ZH', 'K']","['AW', 'ZH', 'K']",1,VCC,3
7680,"['ZH', 'B', 'AH0']","['ZH', 'B', 'AH']",-1,CCV,3
7681,"['AH0', 'ZH', 'B']","['AH', 'ZH', 'B']",1,VCC,3
7682,"['ZH', 'B', 'OY0']","['ZH', 'B', 'OY']",-1,CCV,3
7683,"['OY0', 'ZH', 'B']","['OY', 'ZH', 'B']",1,VCC,3
7684,"['ZH', 'B', 'AA0']","['ZH', 'B', 'AA']",-1,CCV,3
7685,"['AA0', 'ZH', 'B']","['AA', 'ZH', 'B']",1,VCC,3
7686,"['ZH', 'B', 'AY0']","['ZH', 'B', 'AY']",-1,CCV,3
7687,"['AY0', 'ZH', 'B']","['AY', 'ZH', 'B']",1,VCC,3
7688,"['ZH', 'B', 'ER0']","['ZH', 'B', 'ER']",-1,CCV,3
7689,"['ER0', 'ZH', 'B']","['ER', 'ZH', 'B']",1,VCC,3
7690,"['ZH', 'B', 'AO0']","['ZH', 'B', 'AO']",-1,CCV,3
7691,"['AO0', 'ZH', 'B']","['AO', 'ZH', 'B']",1,VCC,3
7692,"['ZH', 'B', 'UW0']","['ZH', 'B', 'UW']",-1,CCV,3
7693,"['UW0', 'ZH', 'B']","['UW', 'ZH', 'B']",1,VCC,3
7694,"['ZH', 'B', 'IH0']","['ZH', 'B', 'IH']",-1,CCV,3
7695,"['IH0', 'ZH', 'B']","['IH', 'ZH', 'B']",1,VCC,3
7696,"['ZH', 'B', 'EH0']","['ZH', 'B', 'EH']",-1,CCV,3
7697,"['EH0', 'ZH', 'B']","['EH', 'ZH', 'B']",1,VCC,3
7698,"['ZH', 'B', 'UH0']","['ZH', 'B', 'UH']",-1,CCV,3
7699,"['UH0', 'ZH', 'B']","['UH', 'ZH', 'B']",1,VCC,3
7700,"['ZH', 'B', 'IY0']","['ZH', 'B', 'IY']",-1,CCV,3
7701,"['IY0', 'ZH', 'B']","['IY', 'ZH', 'B']",1,VCC,3
7702,"['ZH', 'B', 'EY0']","['ZH', 'B', 'EY']",-1,CCV,3
7703,"['EY0', 'ZH', 'B']","['EY', 'ZH', 'B']",1,VCC,3
7704,"['ZH', 'B', 'OW0']","['ZH', 'B', 'OW']",-1,CCV,3
7705,"['OW0', 'ZH', 'B']","['OW', 'ZH', 'B']",1,VCC,3
7706,"['ZH', 'B', 'AE0']","['ZH', 'B', 'AE']",-1,CCV,3
7707,"['AE0', 'ZH', 'B']","['AE', 'ZH', 'B']",1,VCC,3
7708,"['ZH', 'B', 'AW0']","['ZH', 'B', 'AW']",-1,CCV,3
7709,"['AW0', 'ZH', 'B']","['AW', 'ZH', 'B']",1,VCC,3
7710,"['ZH', 'D', 'AH0']","['ZH', 'D', 'AH']",-1,CCV,3
7711,"['AH0', 'ZH', 'D']","['AH', 'ZH', 'D']",1,VCC,3
7712,"['ZH', 'D', 'OY0']","['ZH', 'D', 'OY']",-1,CCV,3
7713,"['OY0', 'ZH', 'D']","['OY', 'ZH', 'D']",1,VCC,3
7714,"['ZH', 'D', 'AA0']","['ZH', 'D', 'AA']",-1,CCV,3
7715,"['AA0', 'ZH', 'D']","['AA', 'ZH', 'D']",1,VCC,3
7716,"['ZH', 'D', 'AY0']","['ZH', 'D', 'AY']",-1,CCV,3
7717,"['AY0', 'ZH', 'D']","['AY', 'ZH', 'D']",1,VCC,3
7718,"['ZH', 'D', 'ER0']","['ZH', 'D', 'ER']",-1,CCV,3
7719,"['ER0', 'ZH', 'D']","['ER', 'ZH', 'D']",1,VCC,3
7720,"['ZH', 'D', 'AO0']","['ZH', 'D', 'AO']",-1,CCV,3
7721,"['AO0', 'ZH', 'D']","['AO', 'ZH', 'D']",1,VCC,3
7722,"['ZH', 'D', 'UW0']","['ZH', 'D', 'UW']",-1,CCV,3
7723,"['UW0', 'ZH', 'D']","['UW', 'ZH', 'D']",1,VCC,3
7724,"['ZH', 'D', 'IH0']","['ZH', 'D', 'IH']",-1,CCV,3
7725,"['IH0', 'ZH', 'D']","['IH', 'ZH', 'D']",1,VCC,3
7726,"['ZH', 'D', 'EH0']","['ZH', 'D', 'EH']",-1,CCV,3
7727,"['EH0', 'ZH', 'D']","['EH', 'ZH', 'D']",1,VCC,3
7728,"['ZH', 'D', 'UH0']","['ZH', 'D', 'UH']",-1,CCV,3
7729,"['UH0', 'ZH', 'D']","['UH', 'ZH', 'D']",1,VCC,3
7730,"['ZH', 'D', 'IY0']","['ZH', 'D', 'IY']",-1,CCV,3
7731,"['IY0', 'ZH', 'D']","['IY', 'ZH', 'D']",1,VCC,3
7732,"['ZH', 'D', 'EY0']","['ZH', 'D', 'EY']",-1,CCV,3
7733,"['EY0', 'ZH', 'D']","['EY', 'ZH', 'D']",1,VCC,3
7734,"['ZH', 'D', 'OW0']","['ZH', 'D', 'OW']",-1,CCV,3
7735,"['OW0', 'ZH', 'D']","['OW', 'ZH', 'D']",1,VCC,3
7736,"['ZH', 'D', 'AE0']","['ZH', 'D', 'AE']",-1,CCV,3
7737,"['AE0', 'ZH', 'D']","['AE', 'ZH', 'D']",1,VCC,3
7738,"['ZH', 'D', 'AW0']","['ZH', 'D', 'AW']",-1,CCV,3
7739,"['AW0', 'ZH', 'D']","['AW', 'ZH', 'D']",1,VCC,3
7740,"['ZH', 'G', 'AH0']","['ZH', 'G', 'AH']",-1,CCV,3
7741,"['AH0', 'ZH', 'G']","['AH', 'ZH', 'G']",1,VCC,3
7742,"['ZH', 'G', 'OY0']","['ZH', 'G', 'OY']",-1,CCV,3
7743,"['OY0', 'ZH', 'G']","['OY', 'ZH', 'G']",1,VCC,3
7744,"['ZH', 'G', 'AA0']","['ZH', 'G', 'AA']",-1,CCV,3
7745,"['AA0', 'ZH', 'G']","['AA', 'ZH', 'G']",1,VCC,3
7746,"['ZH', 'G', 'AY0']","['ZH', 'G', 'AY']",-1,CCV,3
7747,"['AY0', 'ZH', 'G']","['AY', 'ZH', 'G']",1,VCC,3
7748,"['ZH', 'G', 'ER0']","['ZH', 'G', 'ER']",-1,CCV,3
7749,"['ER0', 'ZH', 'G']","['ER', 'ZH', 'G']",1,VCC,3
7750,"['ZH', 'G', 'AO0']","['ZH', 'G', 'AO']",-1,CCV,3
7751,"['AO0', 'ZH', 'G']","['AO', 'ZH', 'G']",1,VCC,3
7752,"['ZH', 'G', 'UW0']","['ZH', 'G', 'UW']",-1,CCV,3
7753,"['UW0', 'ZH', 'G']","['UW', 'ZH', 'G']",1,VCC,3
7754,"['ZH', 'G', 'IH0']","['ZH', 'G', 'IH']",-1,CCV,3
7755,"['IH0', 'ZH', 'G']","['IH', 'ZH', 'G']",1,VCC,3
7756,"['ZH', 'G', 'EH0']","['ZH', 'G', 'EH']",-1,CCV,3
7757,"['EH0', 'ZH', 'G']","['EH', 'ZH', 'G']",1,VCC,3
7758,"['ZH', 'G', 'UH0']","['ZH', 'G', 'UH']",-1,CCV,3
7759,"['UH0', 'ZH', 'G']","['UH', 'ZH', 'G']",1,VCC,3
7760,"['ZH', 'G', 'IY0']","['ZH', 'G', 'IY']",-1,CCV,3
7761,"['IY0', 'ZH', 'G']","['IY', 'ZH', 'G']",1,VCC,3
7762,"['ZH', 'G', 'EY0']","['ZH', 'G', 'EY']",-1,CCV,3
7763,"['EY0', 'ZH', 'G']","['EY', 'ZH', 'G']",1,VCC,3
7764,"['ZH', 'G', 'OW0']","['ZH', 'G', 'OW']",-1,CCV,3
7765,"['OW0', 'ZH', 'G']","['OW', 'ZH', 'G']",1,VCC,3
7766,"['ZH', 'G', 'AE0']","['ZH', 'G', 'AE']",-1,CCV,3
7767,"['AE0', 'ZH', 'G']","['AE', 'ZH', 'G']",1,VCC,3
7768,"['ZH', 'G', 'AW0']","['ZH', 'G', 'AW']",-1,CCV,3
7769,"['AW0', 'ZH', 'G']","['AW', 'ZH', 'G']",1,VCC,3
7770,"['ZH', 'F', 'AH0']","['ZH', 'F', 'AH']",0,CCV,3
7771,"['AH0', 'ZH', 'F']","['AH', 'ZH', 'F']",0,VCC,3
7772,"['ZH', 'F', 'OY0']","['ZH', 'F', 'OY']",0,CCV,3
7773,"['OY0', 'ZH', 'F']","['OY', 'ZH', 'F']",0,VCC,3
7774,"['ZH', 'F', 'AA0']","['ZH', 'F', 'AA']",0,CCV,3
7775,"['AA0', 'ZH', 'F']","['AA', 'ZH', 'F']",0,VCC,3
7776,"['ZH', 'F', 'AY0']","['ZH', 'F', 'AY']",0,CCV,3
7777,"['AY0', 'ZH', 'F']","['AY', 'ZH', 'F']",0,VCC,3
7778,"['ZH', 'F', 'ER0']","['ZH', 'F', 'ER']",0,CCV,3
7779,"['ER0', 'ZH', 'F']","['ER', 'ZH', 'F']",0,VCC,3
7780,"['ZH', 'F', 'AO0']","['ZH', 'F', 'AO']",0,CCV,3
7781,"['AO0', 'ZH', 'F']","['AO', 'ZH', 'F']",0,VCC,3
7782,"['ZH', 'F', 'UW0']","['ZH', 'F', 'UW']",0,CCV,3
7783,"['UW0', 'ZH', 'F']","['UW', 'ZH', 'F']",0,VCC,3
7784,"['ZH', 'F', 'IH0']","['ZH', 'F', 'IH']",0,CCV,3
7785,"['IH0', 'ZH', 'F']","['IH', 'ZH', 'F']",0,VCC,3
7786,"['ZH', 'F', 'EH0']","['ZH', 'F', 'EH']",0,CCV,3
7787,"['EH0', 'ZH', 'F']","['EH', 'ZH', 'F']",0,VCC,3
7788,"['ZH', 'F', 'UH0']","['ZH', 'F', 'UH']",0,CCV,3
7789,"['UH0', 'ZH', 'F']","['UH', 'ZH', 'F']",0,VCC,3
7790,"['ZH', 'F', 'IY0']","['ZH', 'F', 'IY']",0,CCV,3
7791,"['IY0', 'ZH', 'F']","['IY', 'ZH', 'F']",0,VCC,3
7792,"['ZH', 'F', 'EY0']","['ZH', 'F', 'EY']",0,CCV,3
7793,"['EY0', 'ZH', 'F']","['EY', 'ZH', 'F']",0,VCC,3
7794,"['ZH', 'F', 'OW0']","['ZH', 'F', 'OW']",0,CCV,3
7795,"['OW0', 'ZH', 'F']","['OW', 'ZH', 'F']",0,VCC,3
7796,"['ZH', 'F', 'AE0']","['ZH', 'F', 'AE']",0,CCV,3
7797,"['AE0', 'ZH', 'F']","['AE', 'ZH', 'F']",0,VCC,3
7798,"['ZH', 'F', 'AW0']","['ZH', 'F', 'AW']",0,CCV,3
7799,"['AW0', 'ZH', 'F']","['AW', 'ZH', 'F']",0,VCC,3
7800,"['ZH', 'TH', 'AH0']","['ZH', 'TH', 'AH']",0,CCV,3
7801,"['AH0', 'ZH', 'TH']","['AH', 'ZH', 'TH']",0,VCC,3
7802,"['ZH', 'TH', 'OY0']","['ZH', 'TH', 'OY']",0,CCV,3
7803,"['OY0', 'ZH', 'TH']","['OY', 'ZH', 'TH']",0,VCC,3
7804,"['ZH', 'TH', 'AA0']","['ZH', 'TH', 'AA']",0,CCV,3
7805,"['AA0', 'ZH', 'TH']","['AA', 'ZH', 'TH']",0,VCC,3
7806,"['ZH', 'TH', 'AY0']","['ZH', 'TH', 'AY']",0,CCV,3
7807,"['AY0', 'ZH', 'TH']","['AY', 'ZH', 'TH']",0,VCC,3
7808,"['ZH', 'TH', 'ER0']","['ZH', 'TH', 'ER']",0,CCV,3
7809,"['ER0', 'ZH', 'TH']","['ER', 'ZH', 'TH']",0,VCC,3
7810,"['ZH', 'TH', 'AO0']","['ZH', 'TH', 'AO']",0,CCV,3
7811,"['AO0', 'ZH', 'TH']","['AO', 'ZH', 'TH']",0,VCC,3
7812,"['ZH', 'TH', 'UW0']","['ZH', 'TH', 'UW']",0,CCV,3
7813,"['UW0', 'ZH', 'TH']","['UW', 'ZH', 'TH']",0,VCC,3
7814,"['ZH', 'TH', 'IH0']","['ZH', 'TH', 'IH']",0,CCV,3
7815,"['IH0', 'ZH', 'TH']","['IH', 'ZH', 'TH']",0,VCC,3
7816,"['ZH', 'TH', 'EH0']","['ZH', 'TH', 'EH']",0,CCV,3
7817,"['EH0', 'ZH', 'TH']","['EH', 'ZH', 'TH']",0,VCC,3
7818,"['ZH', 'TH', 'UH0']","['ZH', 'TH', 'UH']",0,CCV,3
7819,"['UH0', 'ZH', 'TH']","['UH', 'ZH', 'TH']",0,VCC,3
7820,"['ZH', 'TH', 'IY0']","['ZH', 'TH', 'IY']",0,CCV,3
7821,"['IY0', 'ZH', 'TH']","['IY', 'ZH', 'TH']",0,VCC,3
7822,"['ZH', 'TH', 'EY0']","['ZH', 'TH', 'EY']",0,CCV,3
7823,"['EY0', 'ZH', 'TH']","['EY', 'ZH', 'TH']",0,VCC,3
7824,"['ZH', 'TH', 'OW0']","['ZH', 'TH', 'OW']",0,CCV,3
7825,"['OW0', 'ZH', 'TH']","['OW', 'ZH', 'TH']",0,VCC,3
7826,"['ZH', 'TH', 'AE0']","['ZH', 'TH', 'AE']",0,CCV,3
7827,"['AE0', 'ZH', 'TH']","['AE', 'ZH', 'TH']",0,VCC,3
7828,"['ZH', 'TH', 'AW0']","['ZH', 'TH', 'AW']",0,CCV,3
7829,"['AW0', 'ZH', 'TH']","['AW', 'ZH', 'TH']",0,VCC,3
7830,"['ZH', 'S', 'AH0']","['ZH', 'S', 'AH']",0,CCV,3
7831,"['AH0', 'ZH', 'S']","['AH', 'ZH', 'S']",0,VCC,3
7832,"['ZH', 'S', 'OY0']","['ZH', 'S', 'OY']",0,CCV,3
7833,"['OY0', 'ZH', 'S']","['OY', 'ZH', 'S']",0,VCC,3
7834,"['ZH', 'S', 'AA0']","['ZH', 'S', 'AA']",0,CCV,3
7835,"['AA0', 'ZH', 'S']","['AA', 'ZH', 'S']",0,VCC,3
7836,"['ZH', 'S', 'AY0']","['ZH', 'S', 'AY']",0,CCV,3
7837,"['AY0', 'ZH', 'S']","['AY', 'ZH', 'S']",0,VCC,3
7838,"['ZH', 'S', 'ER0']","['ZH', 'S', 'ER']",0,CCV,3
7839,"['ER0', 'ZH', 'S']","['ER', 'ZH', 'S']",0,VCC,3
7840,"['ZH', 'S', 'AO0']","['ZH', 'S', 'AO']",0,CCV,3
7841,"['AO0', 'ZH', 'S']","['AO', 'ZH', 'S']",0,VCC,3
7842,"['ZH', 'S', 'UW0']","['ZH', 'S', 'UW']",0,CCV,3
7843,"['UW0', 'ZH', 'S']","['UW', 'ZH', 'S']",0,VCC,3
7844,"['ZH', 'S', 'IH0']","['ZH', 'S', 'IH']",0,CCV,3
7845,"['IH0', 'ZH', 'S']","['IH', 'ZH', 'S']",0,VCC,3
7846,"['ZH', 'S', 'EH0']","['ZH', 'S', 'EH']",0,CCV,3
7847,"['EH0', 'ZH', 'S']","['EH', 'ZH', 'S']",0,VCC,3
7848,"['ZH', 'S', 'UH0']","['ZH', 'S', 'UH']",0,CCV,3
7849,"['UH0', 'ZH', 'S']","['UH', 'ZH', 'S']",0,VCC,3
7850,"['ZH', 'S', 'IY0']","['ZH', 'S', 'IY']",0,CCV,3
7851,"['IY0', 'ZH', 'S']","['IY', 'ZH', 'S']",0,VCC,3
7852,"['ZH', 'S', 'EY0']","['ZH', 'S', 'EY']",0,CCV,3
7853,"['EY0', 'ZH', 'S']","['EY', 'ZH', 'S']",0,VCC,3
7854,"['ZH', 'S', 'OW0']","['ZH', 'S', 'OW']",0,CCV,3
7855,"['OW0', 'ZH', 'S']","['OW', 'ZH', 'S']",0,VCC,3
7856,"['ZH', 'S', 'AE0']","['ZH', 'S', 'AE']",0,CCV,3
7857,"['AE0', 'ZH', 'S']","['AE', 'ZH', 'S']",0,VCC,3
7858,"['ZH', 'S', 'AW0']","['ZH', 'S', 'AW']",0,CCV,3
7859,"['AW0', 'ZH', 'S']","['AW', 'ZH', 'S']",0,VCC,3
7860,"['ZH', 'SH', 'AH0']","['ZH', 'SH', 'AH']",0,CCV,3
7861,"['AH0', 'ZH', 'SH']","['AH', 'ZH', 'SH']",0,VCC,3
7862,"['ZH', 'SH', 'OY0']","['ZH', 'SH', 'OY']",0,CCV,3
7863,"['OY0', 'ZH', 'SH']","['OY', 'ZH', 'SH']",0,VCC,3
7864,"['ZH', 'SH', 'AA0']","['ZH', 'SH', 'AA']",0,CCV,3
7865,"['AA0', 'ZH', 'SH']","['AA', 'ZH', 'SH']",0,VCC,3
7866,"['ZH', 'SH', 'AY0']","['ZH', 'SH', 'AY']",0,CCV,3
7867,"['AY0', 'ZH', 'SH']","['AY', 'ZH', 'SH']",0,VCC,3
7868,"['ZH', 'SH', 'ER0']","['ZH', 'SH', 'ER']",0,CCV,3
7869,"['ER0', 'ZH', 'SH']","['ER', 'ZH', 'SH']",0,VCC,3
7870,"['ZH', 'SH', 'AO0']","['ZH', 'SH', 'AO']",0,CCV,3
7871,"['AO0', 'ZH', 'SH']","['AO', 'ZH', 'SH']",0,VCC,3
7872,"['ZH', 'SH', 'UW0']","['ZH', 'SH', 'UW']",0,CCV,3
7873,"['UW0', 'ZH', 'SH']","['UW', 'ZH', 'SH']",0,VCC,3
7874,"['ZH', 'SH', 'IH0']","['ZH', 'SH', 'IH']",0,CCV,3
7875,"['IH0', 'ZH', 'SH']","['IH', 'ZH', 'SH']",0,VCC,3
7876,"['ZH', 'SH', 'EH0']","['ZH', 'SH', 'EH']",0,CCV,3
7877,"['EH0', 'ZH', 'SH']","['EH', 'ZH', 'SH']",0,VCC,3
7878,"['ZH', 'SH', 'UH0']","['ZH', 'SH', 'UH']",0,CCV,3
7879,"['UH0', 'ZH', 'SH']","['UH', 'ZH', 'SH']",0,VCC,3
7880,"['ZH', 'SH', 'IY0']","['ZH', 'SH', 'IY']",0,CCV,3
7881,"['IY0', 'ZH', 'SH']","['IY', 'ZH', 'SH']",0,VCC,3
7882,"['ZH', 'SH', 'EY0']","['ZH', 'SH', 'EY']",0,CCV,3
7883,"['EY0', 'ZH', 'SH']","['EY', 'ZH', 'SH']",0,VCC,3
7884,"['ZH', 'SH', 'OW0']","['ZH', 'SH', 'OW']",0,CCV,3
7885,"['OW0', 'ZH', 'SH']","['OW', 'ZH', 'SH']",0,VCC,3
7886,"['ZH', 'SH', 'AE0']","['ZH', 'SH', 'AE']",0,CCV,3
7887,"['AE0', 'ZH', 'SH']","['AE', 'ZH', 'SH']",0,VCC,3
7888,"['ZH', 'SH', 'AW0']","['ZH', 'SH', 'AW']",0,CCV,3
7889,"['AW0', 'ZH', 'SH']","['AW', 'ZH', 'SH']",0,VCC,3
7890,"['ZH', 'Z', 'AH0']","['ZH', 'Z', 'AH']",0,CCV,3
7891,"['AH0', 'ZH', 'Z']","['AH', 'ZH', 'Z']",0,VCC,3
7892,"['ZH', 'Z', 'OY0']","['ZH', 'Z', 'OY']",0,CCV,3
7893,"['OY0', 'ZH', 'Z']","['OY', 'ZH', 'Z']",0,VCC,3
7894,"['ZH', 'Z', 'AA0']","['ZH', 'Z', 'AA']",0,CCV,3
7895,"['AA0', 'ZH', 'Z']","['AA', 'ZH', 'Z']",0,VCC,3
7896,"['ZH', 'Z', 'AY0']","['ZH', 'Z', 'AY']",0,CCV,3
7897,"['AY0', 'ZH', 'Z']","['AY', 'ZH', 'Z']",0,VCC,3
7898,"['ZH', 'Z', 'ER0']","['ZH', 'Z', 'ER']",0,CCV,3
7899,"['ER0', 'ZH', 'Z']","['ER', 'ZH', 'Z']",0,VCC,3
7900,"['ZH', 'Z', 'AO0']","['ZH', 'Z', 'AO']",0,CCV,3
7901,"['AO0', 'ZH', 'Z']","['AO', 'ZH', 'Z']",0,VCC,3
7902,"['ZH', 'Z', 'UW0']","['ZH', 'Z', 'UW']",0,CCV,3
7903,"['UW0', 'ZH', 'Z']","['UW', 'ZH', 'Z']",0,VCC,3
7904,"['ZH', 'Z', 'IH0']","['ZH', 'Z', 'IH']",0,CCV,3
7905,"['IH0', 'ZH', 'Z']","['IH', 'ZH', 'Z']",0,VCC,3
7906,"['ZH', 'Z', 'EH0']","['ZH', 'Z', 'EH']",0,CCV,3
7907,"['EH0', 'ZH', 'Z']","['EH', 'ZH', 'Z']",0,VCC,3
7908,"['ZH', 'Z', 'UH0']","['ZH', 'Z', 'UH']",0,CCV,3
7909,"['UH0', 'ZH', 'Z']","['UH', 'ZH', 'Z']",0,VCC,3
7910,"['ZH', 'Z', 'IY0']","['ZH', 'Z', 'IY']",0,CCV,3
7911,"['IY0', 'ZH', 'Z']","['IY', 'ZH', 'Z']",0,VCC,3
7912,"['ZH', 'Z', 'EY0']","['ZH', 'Z', 'EY']",0,CCV,3
7913,"['EY0', 'ZH', 'Z']","['EY', 'ZH', 'Z']",0,VCC,3
7914,"['ZH', 'Z', 'OW0']","['ZH', 'Z', 'OW']",0,CCV,3
7915,"['OW0', 'ZH', 'Z']","['OW', 'ZH', 'Z']",0,VCC,3
7916,"['ZH', 'Z', 'AE0']","['ZH', 'Z', 'AE']",0,CCV,3
7917,"['AE0', 'ZH', 'Z']","['AE', 'ZH', 'Z']",0,VCC,3
7918,"['ZH', 'Z', 'AW0']","['ZH', 'Z', 'AW']",0,CCV,3
7919,"['AW0', 'ZH', 'Z']","['AW', 'ZH', 'Z']",0,VCC,3
7920,"['ZH', 'V', 'AH0']","['ZH', 'V', 'AH']",0,CCV,3
7921,"['AH0', 'ZH', 'V']","['AH', 'ZH', 'V']",0,VCC,3
7922,"['ZH', 'V', 'OY0']","['ZH', 'V', 'OY']",0,CCV,3
7923,"['OY0', 'ZH', 'V']","['OY', 'ZH', 'V']",0,VCC,3
7924,"['ZH', 'V', 'AA0']","['ZH', 'V', 'AA']",0,CCV,3
7925,"['AA0', 'ZH', 'V']","['AA', 'ZH', 'V']",0,VCC,3
7926,"['ZH', 'V', 'AY0']","['ZH', 'V', 'AY']",0,CCV,3
7927,"['AY0', 'ZH', 'V']","['AY', 'ZH', 'V']",0,VCC,3
7928,"['ZH', 'V', 'ER0']","['ZH', 'V', 'ER']",0,CCV,3
7929,"['ER0', 'ZH', 'V']","['ER', 'ZH', 'V']",0,VCC,3
7930,"['ZH', 'V', 'AO0']","['ZH', 'V', 'AO']",0,CCV,3
7931,"['AO0', 'ZH', 'V']","['AO', 'ZH', 'V']",0,VCC,3
7932,"['ZH', 'V', 'UW0']","['ZH', 'V', 'UW']",0,CCV,3
7933,"['UW0', 'ZH', 'V']","['UW', 'ZH', 'V']",0,VCC,3
7934,"['ZH', 'V', 'IH0']","['ZH', 'V', 'IH']",0,CCV,3
7935,"['IH0', 'ZH', 'V']","['IH', 'ZH', 'V']",0,VCC,3
7936,"['ZH', 'V', 'EH0']","['ZH', 'V', 'EH']",0,CCV,3
7937,"['EH0', 'ZH', 'V']","['EH', 'ZH', 'V']",0,VCC,3
7938,"['ZH', 'V', 'UH0']","['ZH', 'V', 'UH']",0,CCV,3
7939,"['UH0', 'ZH', 'V']","['UH', 'ZH', 'V']",0,VCC,3
7940,"['ZH', 'V', 'IY0']","['ZH', 'V', 'IY']",0,CCV,3
7941,"['IY0', 'ZH', 'V']","['IY', 'ZH', 'V']",0,VCC,3
7942,"['ZH', 'V', 'EY0']","['ZH', 'V', 'EY']",0,CCV,3
7943,"['EY0', 'ZH', 'V']","['EY', 'ZH', 'V']",0,VCC,3
7944,"['ZH', 'V', 'OW0']","['ZH', 'V', 'OW']",0,CCV,3
7945,"['OW0', 'ZH', 'V']","['OW', 'ZH', 'V']",0,VCC,3
7946,"['ZH', 'V', 'AE0']","['ZH', 'V', 'AE']",0,CCV,3
7947,"['AE0', 'ZH', 'V']","['AE', 'ZH', 'V']",0,VCC,3
7948,"['ZH', 'V', 'AW0']","['ZH', 'V', 'AW']",0,CCV,3
7949,"['AW0', 'ZH', 'V']","['AW', 'ZH', 'V']",0,VCC,3
7950,"['ZH', 'DH', 'AH0']","['ZH', 'DH', 'AH']",0,CCV,3
7951,"['AH0', 'ZH', 'DH']","['AH', 'ZH', 'DH']",0,VCC,3
7952,"['ZH', 'DH', 'OY0']","['ZH', 'DH', 'OY']",0,CCV,3
7953,"['OY0', 'ZH', 'DH']","['OY', 'ZH', 'DH']",0,VCC,3
7954,"['ZH', 'DH', 'AA0']","['ZH', 'DH', 'AA']",0,CCV,3
7955,"['AA0', 'ZH', 'DH']","['AA', 'ZH', 'DH']",0,VCC,3
7956,"['ZH', 'DH', 'AY0']","['ZH', 'DH', 'AY']",0,CCV,3
7957,"['AY0', 'ZH', 'DH']","['AY', 'ZH', 'DH']",0,VCC,3
7958,"['ZH', 'DH', 'ER0']","['ZH', 'DH', 'ER']",0,CCV,3
7959,"['ER0', 'ZH', 'DH']","['ER', 'ZH', 'DH']",0,VCC,3
7960,"['ZH', 'DH', 'AO0']","['ZH', 'DH', 'AO']",0,CCV,3
7961,"['AO0', 'ZH', 'DH']","['AO', 'ZH', 'DH']",0,VCC,3
7962,"['ZH', 'DH', 'UW0']","['ZH', 'DH', 'UW']",0,CCV,3
7963,"['UW0', 'ZH', 'DH']","['UW', 'ZH', 'DH']",0,VCC,3
7964,"['ZH', 'DH', 'IH0']","['ZH', 'DH', 'IH']",0,CCV,3
7965,"['IH0', 'ZH', 'DH']","['IH', 'ZH', 'DH']",0,VCC,3
7966,"['ZH', 'DH', 'EH0']","['ZH', 'DH', 'EH']",0,CCV,3
7967,"['EH0', 'ZH', 'DH']","['EH', 'ZH', 'DH']",0,VCC,3
7968,"['ZH', 'DH', 'UH0']","['ZH', 'DH', 'UH']",0,CCV,3
7969,"['UH0', 'ZH', 'DH']","['UH', 'ZH', 'DH']",0,VCC,3
7970,"['ZH', 'DH', 'IY0']","['ZH', 'DH', 'IY']",0,CCV,3
7971,"['IY0', 'ZH', 'DH']","['IY', 'ZH', 'DH']",0,VCC,3
7972,"['ZH', 'DH', 'EY0']","['ZH', 'DH', 'EY']",0,CCV,3
7973,"['EY0', 'ZH', 'DH']","['EY', 'ZH', 'DH']",0,VCC,3
7974,"['ZH', 'DH', 'OW0']","['ZH', 'DH', 'OW']",0,CCV,3
7975,"['OW0', 'ZH', 'DH']","['OW', 'ZH', 'DH']",0,VCC,3
7976,"['ZH', 'DH', 'AE0']","['ZH', 'DH', 'AE']",0,CCV,3
7977,"['AE0', 'ZH', 'DH']","['AE', 'ZH', 'DH']",0,VCC,3
7978,"['ZH', 'DH', 'AW0']","['ZH', 'DH', 'AW']",0,CCV,3
7979,"['AW0', 'ZH', 'DH']","['AW', 'ZH', 'DH']",0,VCC,3
7980,"['ZH', 'HH', 'AH0']","['ZH', 'HH', 'AH']",0,CCV,3
7981,"['AH0', 'ZH', 'HH']","['AH', 'ZH', 'HH']",0,VCC,3
7982,"['ZH', 'HH', 'OY0']","['ZH', 'HH', 'OY']",0,CCV,3
7983,"['OY0', 'ZH', 'HH']","['OY', 'ZH', 'HH']",0,VCC,3
7984,"['ZH', 'HH', 'AA0']","['ZH', 'HH', 'AA']",0,CCV,3
7985,"['AA0', 'ZH', 'HH']","['AA', 'ZH', 'HH']",0,VCC,3
7986,"['ZH', 'HH', 'AY0']","['ZH', 'HH', 'AY']",0,CCV,3
7987,"['AY0', 'ZH', 'HH']","['AY', 'ZH', 'HH']",0,VCC,3
7988,"['ZH', 'HH', 'ER0']","['ZH', 'HH', 'ER']",0,CCV,3
7989,"['ER0', 'ZH', 'HH']","['ER', 'ZH', 'HH']",0,VCC,3
7990,"['ZH', 'HH', 'AO0']","['ZH', 'HH', 'AO']",0,CCV,3
7991,"['AO0', 'ZH', 'HH']","['AO', 'ZH', 'HH']",0,VCC,3
7992,"['ZH', 'HH', 'UW0']","['ZH', 'HH', 'UW']",0,CCV,3
7993,"['UW0', 'ZH', 'HH']","['UW', 'ZH', 'HH']",0,VCC,3
7994,"['ZH', 'HH', 'IH0']","['ZH', 'HH', 'IH']",0,CCV,3
7995,"['IH0', 'ZH', 'HH']","['IH', 'ZH', 'HH']",0,VCC,3
7996,"['ZH', 'HH', 'EH0']","['ZH', 'HH', 'EH']",0,CCV,3
7997,"['EH0', 'ZH', 'HH']","['EH', 'ZH', 'HH']",0,VCC,3
7998,"['ZH', 'HH', 'UH0']","['ZH', 'HH', 'UH']",0,CCV,3
7999,"['UH0', 'ZH', 'HH']","['UH', 'ZH', 'HH']",0,VCC,3
8000,"['ZH', 'HH', 'IY0']","['ZH', 'HH', 'IY']",0,CCV,3
8001,"['IY0', 'ZH', 'HH']","['IY', 'ZH', 'HH']",0,VCC,3
8002,"['ZH', 'HH', 'EY0']","['ZH', 'HH', 'EY']",0,CCV,3
8003,"['EY0', 'ZH', 'HH']","['EY', 'ZH', 'HH']",0,VCC,3
8004,"['ZH', 'HH', 'OW0']","['ZH', 'HH', 'OW']",0,CCV,3
8005,"['OW0', 'ZH', 'HH']","['OW', 'ZH', 'HH']",0,VCC,3
8006,"['ZH', 'HH', 'AE0']","['ZH', 'HH', 'AE']",0,CCV,3
8007,"['AE0', 'ZH', 'HH']","['AE', 'ZH', 'HH']",0,VCC,3
8008,"['ZH', 'HH', 'AW0']","['ZH', 'HH', 'AW']",0,CCV,3
8009,"['AW0', 'ZH', 'HH']","['AW', 'ZH', 'HH']",0,VCC,3
8010,"['ZH', 'CH', 'AH0']","['ZH', 'CH', 'AH']",1,CCV,3
8011,"['AH0', 'ZH', 'CH']","['AH', 'ZH', 'CH']",-1,VCC,3
8012,"['ZH', 'CH', 'OY0']","['ZH', 'CH', 'OY']",1,CCV,3
8013,"['OY0', 'ZH', 'CH']","['OY', 'ZH', 'CH']",-1,VCC,3
8014,"['ZH', 'CH', 'AA0']","['ZH', 'CH', 'AA']",1,CCV,3
8015,"['AA0', 'ZH', 'CH']","['AA', 'ZH', 'CH']",-1,VCC,3
8016,"['ZH', 'CH', 'AY0']","['ZH', 'CH', 'AY']",1,CCV,3
8017,"['AY0', 'ZH', 'CH']","['AY', 'ZH', 'CH']",-1,VCC,3
8018,"['ZH', 'CH', 'ER0']","['ZH', 'CH', 'ER']",1,CCV,3
8019,"['ER0', 'ZH', 'CH']","['ER', 'ZH', 'CH']",-1,VCC,3
8020,"['ZH', 'CH', 'AO0']","['ZH', 'CH', 'AO']",1,CCV,3
8021,"['AO0', 'ZH', 'CH']","['AO', 'ZH', 'CH']",-1,VCC,3
8022,"['ZH', 'CH', 'UW0']","['ZH', 'CH', 'UW']",1,CCV,3
8023,"['UW0', 'ZH', 'CH']","['UW', 'ZH', 'CH']",-1,VCC,3
8024,"['ZH', 'CH', 'IH0']","['ZH', 'CH', 'IH']",1,CCV,3
8025,"['IH0', 'ZH', 'CH']","['IH', 'ZH', 'CH']",-1,VCC,3
8026,"['ZH', 'CH', 'EH0']","['ZH', 'CH', 'EH']",1,CCV,3
8027,"['EH0', 'ZH', 'CH']","['EH', 'ZH', 'CH']",-1,VCC,3
8028,"['ZH', 'CH', 'UH0']","['ZH', 'CH', 'UH']",1,CCV,3
8029,"['UH0', 'ZH', 'CH']","['UH', 'ZH', 'CH']",-1,VCC,3
8030,"['ZH', 'CH', 'IY0']","['ZH', 'CH', 'IY']",1,CCV,3
8031,"['IY0', 'ZH', 'CH']","['IY', 'ZH', 'CH']",-1,VCC,3
8032,"['ZH', 'CH', 'EY0']","['ZH', 'CH', 'EY']",1,CCV,3
8033,"['EY0', 'ZH', 'CH']","['EY', 'ZH', 'CH']",-1,VCC,3
8034,"['ZH', 'CH', 'OW0']","['ZH', 'CH', 'OW']",1,CCV,3
8035,"['OW0', 'ZH', 'CH']","['OW', 'ZH', 'CH']",-1,VCC,3
8036,"['ZH', 'CH', 'AE0']","['ZH', 'CH', 'AE']",1,CCV,3
8037,"['AE0', 'ZH', 'CH']","['AE', 'ZH', 'CH']",-1,VCC,3
8038,"['ZH', 'CH', 'AW0']","['ZH', 'CH', 'AW']",1,CCV,3
8039,"['AW0', 'ZH', 'CH']","['AW', 'ZH', 'CH']",-1,VCC,3
8040,"['ZH', 'JH', 'AH0']","['ZH', 'JH', 'AH']",1,CCV,3
8041,"['AH0', 'ZH', 'JH']","['AH', 'ZH', 'JH']",-1,VCC,3
8042,"['ZH', 'JH', 'OY0']","['ZH', 'JH', 'OY']",1,CCV,3
8043,"['OY0', 'ZH', 'JH']","['OY', 'ZH', 'JH']",-1,VCC,3
8044,"['ZH', 'JH', 'AA0']","['ZH', 'JH', 'AA']",1,CCV,3
8045,"['AA0', 'ZH', 'JH']","['AA', 'ZH', 'JH']",-1,VCC,3
8046,"['ZH', 'JH', 'AY0']","['ZH', 'JH', 'AY']",1,CCV,3
8047,"['AY0', 'ZH', 'JH']","['AY', 'ZH', 'JH']",-1,VCC,3
8048,"['ZH', 'JH', 'ER0']","['ZH', 'JH', 'ER']",1,CCV,3
8049,"['ER0', 'ZH', 'JH']","['ER', 'ZH', 'JH']",-1,VCC,3
8050,"['ZH', 'JH', 'AO0']","['ZH', 'JH', 'AO']",1,CCV,3
8051,"['AO0', 'ZH', 'JH']","['AO', 'ZH', 'JH']",-1,VCC,3
8052,"['ZH', 'JH', 'UW0']","['ZH', 'JH', 'UW']",1,CCV,3
8053,"['UW0', 'ZH', 'JH']","['UW', 'ZH', 'JH']",-1,VCC,3
8054,"['ZH', 'JH', 'IH0']","['ZH', 'JH', 'IH']",1,CCV,3
8055,"['IH0', 'ZH', 'JH']","['IH', 'ZH', 'JH']",-1,VCC,3
8056,"['ZH', 'JH', 'EH0']","['ZH', 'JH', 'EH']",1,CCV,3
8057,"['EH0', 'ZH', 'JH']","['EH', 'ZH', 'JH']",-1,VCC,3
8058,"['ZH', 'JH', 'UH0']","['ZH', 'JH', 'UH']",1,CCV,3
8059,"['UH0', 'ZH', 'JH']","['UH', 'ZH', 'JH']",-1,VCC,3
8060,"['ZH', 'JH', 'IY0']","['ZH', 'JH', 'IY']",1,CCV,3
8061,"['IY0', 'ZH', 'JH']","['IY', 'ZH', 'JH']",-1,VCC,3
8062,"['ZH', 'JH', 'EY0']","['ZH', 'JH', 'EY']",1,CCV,3
8063,"['EY0', 'ZH', 'JH']","['EY', 'ZH', 'JH']",-1,VCC,3
8064,"['ZH', 'JH', 'OW0']","['ZH', 'JH', 'OW']",1,CCV,3
8065,"['OW0', 'ZH', 'JH']","['OW', 'ZH', 'JH']",-1,VCC,3
8066,"['ZH', 'JH', 'AE0']","['ZH', 'JH', 'AE']",1,CCV,3
8067,"['AE0', 'ZH', 'JH']","['AE', 'ZH', 'JH']",-1,VCC,3
8068,"['ZH', 'JH', 'AW0']","['ZH', 'JH', 'AW']",1,CCV,3
8069,"['AW0', 'ZH', 'JH']","['AW', 'ZH', 'JH']",-1,VCC,3
8070,"['ZH', 'M', 'AH0']","['ZH', 'M', 'AH']",2,CCV,3
8071,"['AH0', 'ZH', 'M']","['AH', 'ZH', 'M']",-2,VCC,3
8072,"['ZH', 'M', 'OY0']","['ZH', 'M', 'OY']",2,CCV,3
8073,"['OY0', 'ZH', 'M']","['OY', 'ZH', 'M']",-2,VCC,3
8074,"['ZH', 'M', 'AA0']","['ZH', 'M', 'AA']",2,CCV,3
8075,"['AA0', 'ZH', 'M']","['AA', 'ZH', 'M']",-2,VCC,3
8076,"['ZH', 'M', 'AY0']","['ZH', 'M', 'AY']",2,CCV,3
8077,"['AY0', 'ZH', 'M']","['AY', 'ZH', 'M']",-2,VCC,3
8078,"['ZH', 'M', 'ER0']","['ZH', 'M', 'ER']",2,CCV,3
8079,"['ER0', 'ZH', 'M']","['ER', 'ZH', 'M']",-2,VCC,3
8080,"['ZH', 'M', 'AO0']","['ZH', 'M', 'AO']",2,CCV,3
8081,"['AO0', 'ZH', 'M']","['AO', 'ZH', 'M']",-2,VCC,3
8082,"['ZH', 'M', 'UW0']","['ZH', 'M', 'UW']",2,CCV,3
8083,"['UW0', 'ZH', 'M']","['UW', 'ZH', 'M']",-2,VCC,3
8084,"['ZH', 'M', 'IH0']","['ZH', 'M', 'IH']",2,CCV,3
8085,"['IH0', 'ZH', 'M']","['IH', 'ZH', 'M']",-2,VCC,3
8086,"['ZH', 'M', 'EH0']","['ZH', 'M', 'EH']",2,CCV,3
8087,"['EH0', 'ZH', 'M']","['EH', 'ZH', 'M']",-2,VCC,3
8088,"['ZH', 'M', 'UH0']","['ZH', 'M', 'UH']",2,CCV,3
8089,"['UH0', 'ZH', 'M']","['UH', 'ZH', 'M']",-2,VCC,3
8090,"['ZH', 'M', 'IY0']","['ZH', 'M', 'IY']",2,CCV,3
8091,"['IY0', 'ZH', 'M']","['IY', 'ZH', 'M']",-2,VCC,3
8092,"['ZH', 'M', 'EY0']","['ZH', 'M', 'EY']",2,CCV,3
8093,"['EY0', 'ZH', 'M']","['EY', 'ZH', 'M']",-2,VCC,3
8094,"['ZH', 'M', 'OW0']","['ZH', 'M', 'OW']",2,CCV,3
8095,"['OW0', 'ZH', 'M']","['OW', 'ZH', 'M']",-2,VCC,3
8096,"['ZH', 'M', 'AE0']","['ZH', 'M', 'AE']",2,CCV,3
8097,"['AE0', 'ZH', 'M']","['AE', 'ZH', 'M']",-2,VCC,3
8098,"['ZH', 'M', 'AW0']","['ZH', 'M', 'AW']",2,CCV,3
8099,"['AW0', 'ZH', 'M']","['AW', 'ZH', 'M']",-2,VCC,3
8100,"['ZH', 'N', 'AH0']","['ZH', 'N', 'AH']",2,CCV,3
8101,"['AH0', 'ZH', 'N']","['AH', 'ZH', 'N']",-2,VCC,3
8102,"['ZH', 'N', 'OY0']","['ZH', 'N', 'OY']",2,CCV,3
8103,"['OY0', 'ZH', 'N']","['OY', 'ZH', 'N']",-2,VCC,3
8104,"['ZH', 'N', 'AA0']","['ZH', 'N', 'AA']",2,CCV,3
8105,"['AA0', 'ZH', 'N']","['AA', 'ZH', 'N']",-2,VCC,3
8106,"['ZH', 'N', 'AY0']","['ZH', 'N', 'AY']",2,CCV,3
8107,"['AY0', 'ZH', 'N']","['AY', 'ZH', 'N']",-2,VCC,3
8108,"['ZH', 'N', 'ER0']","['ZH', 'N', 'ER']",2,CCV,3
8109,"['ER0', 'ZH', 'N']","['ER', 'ZH', 'N']",-2,VCC,3
8110,"['ZH', 'N', 'AO0']","['ZH', 'N', 'AO']",2,CCV,3
8111,"['AO0', 'ZH', 'N']","['AO', 'ZH', 'N']",-2,VCC,3
8112,"['ZH', 'N', 'UW0']","['ZH', 'N', 'UW']",2,CCV,3
8113,"['UW0', 'ZH', 'N']","['UW', 'ZH', 'N']",-2,VCC,3
8114,"['ZH', 'N', 'IH0']","['ZH', 'N', 'IH']",2,CCV,3
8115,"['IH0', 'ZH', 'N']","['IH', 'ZH', 'N']",-2,VCC,3
8116,"['ZH', 'N', 'EH0']","['ZH', 'N', 'EH']",2,CCV,3
8117,"['EH0', 'ZH', 'N']","['EH', 'ZH', 'N']",-2,VCC,3
8118,"['ZH', 'N', 'UH0']","['ZH', 'N', 'UH']",2,CCV,3
8119,"['UH0', 'ZH', 'N']","['UH', 'ZH', 'N']",-2,VCC,3
8120,"['ZH', 'N', 'IY0']","['ZH', 'N', 'IY']",2,CCV,3
8121,"['IY0', 'ZH', 'N']","['IY', 'ZH', 'N']",-2,VCC,3
8122,"['ZH', 'N', 'EY0']","['ZH', 'N', 'EY']",2,CCV,3
8123,"['EY0', 'ZH', 'N']","['EY', 'ZH', 'N']",-2,VCC,3
8124,"['ZH', 'N', 'OW0']","['ZH', 'N', 'OW']",2,CCV,3
8125,"['OW0', 'ZH', 'N']","['OW', 'ZH', 'N']",-2,VCC,3
8126,"['ZH', 'N', 'AE0']","['ZH', 'N', 'AE']",2,CCV,3
8127,"['AE0', 'ZH', 'N']","['AE', 'ZH', 'N']",-2,VCC,3
8128,"['ZH', 'N', 'AW0']","['ZH', 'N', 'AW']",2,CCV,3
8129,"['AW0', 'ZH', 'N']","['AW', 'ZH', 'N']",-2,VCC,3
8130,"['ZH', 'NG', 'AH0']","['ZH', 'NG', 'AH']",2,CCV,3
8131,"['AH0', 'ZH', 'NG']","['AH', 'ZH', 'NG']",-2,VCC,3
8132,"['ZH', 'NG', 'OY0']","['ZH', 'NG', 'OY']",2,CCV,3
8133,"['OY0', 'ZH', 'NG']","['OY', 'ZH', 'NG']",-2,VCC,3
8134,"['ZH', 'NG', 'AA0']","['ZH', 'NG', 'AA']",2,CCV,3
8135,"['AA0', 'ZH', 'NG']","['AA', 'ZH', 'NG']",-2,VCC,3
8136,"['ZH', 'NG', 'AY0']","['ZH', 'NG', 'AY']",2,CCV,3
8137,"['AY0', 'ZH', 'NG']","['AY', 'ZH', 'NG']",-2,VCC,3
8138,"['ZH', 'NG', 'ER0']","['ZH', 'NG', 'ER']",2,CCV,3
8139,"['ER0', 'ZH', 'NG']","['ER', 'ZH', 'NG']",-2,VCC,3
8140,"['ZH', 'NG', 'AO0']","['ZH', 'NG', 'AO']",2,CCV,3
8141,"['AO0', 'ZH', 'NG']","['AO', 'ZH', 'NG']",-2,VCC,3
8142,"['ZH', 'NG', 'UW0']","['ZH', 'NG', 'UW']",2,CCV,3
8143,"['UW0', 'ZH', 'NG']","['UW', 'ZH', 'NG']",-2,VCC,3
8144,"['ZH', 'NG', 'IH0']","['ZH', 'NG', 'IH']",2,CCV,3
8145,"['IH0', 'ZH', 'NG']","['IH', 'ZH', 'NG']",-2,VCC,3
8146,"['ZH', 'NG', 'EH0']","['ZH', 'NG', 'EH']",2,CCV,3
8147,"['EH0', 'ZH', 'NG']","['EH', 'ZH', 'NG']",-2,VCC,3
8148,"['ZH', 'NG', 'UH0']","['ZH', 'NG', 'UH']",2,CCV,3
8149,"['UH0', 'ZH', 'NG']","['UH', 'ZH', 'NG']",-2,VCC,3
8150,"['ZH', 'NG', 'IY0']","['ZH', 'NG', 'IY']",2,CCV,3
8151,"['IY0', 'ZH', 'NG']","['IY', 'ZH', 'NG']",-2,VCC,3
8152,"['ZH', 'NG', 'EY0']","['ZH', 'NG', 'EY']",2,CCV,3
8153,"['EY0', 'ZH', 'NG']","['EY', 'ZH', 'NG']",-2,VCC,3
8154,"['ZH', 'NG', 'OW0']","['ZH', 'NG', 'OW']",2,CCV,3
8155,"['OW0', 'ZH', 'NG']","['OW', 'ZH', 'NG']",-2,VCC,3
8156,"['ZH', 'NG', 'AE0']","['ZH', 'NG', 'AE']",2,CCV,3
8157,"['AE0', 'ZH', 'NG']","['AE', 'ZH', 'NG']",-2,VCC,3
8158,"['ZH', 'NG', 'AW0']","['ZH', 'NG', 'AW']",2,CCV,3
8159,"['AW0', 'ZH', 'NG']","['AW', 'ZH', 'NG']",-2,VCC,3
8160,"['ZH', 'L', 'AH0']","['ZH', 'L', 'AH']",3,CCV,3
8161,"['AH0', 'ZH', 'L']","['AH', 'ZH', 'L']",-3,VCC,3
8162,"['ZH', 'L', 'OY0']","['ZH', 'L', 'OY']",3,CCV,3
8163,"['OY0', 'ZH', 'L']","['OY', 'ZH', 'L']",-3,VCC,3
8164,"['ZH', 'L', 'AA0']","['ZH', 'L', 'AA']",3,CCV,3
8165,"['AA0', 'ZH', 'L']","['AA', 'ZH', 'L']",-3,VCC,3
8166,"['ZH', 'L', 'AY0']","['ZH', 'L', 'AY']",3,CCV,3
8167,"['AY0', 'ZH', 'L']","['AY', 'ZH', 'L']",-3,VCC,3
8168,"['ZH', 'L', 'ER0']","['ZH', 'L', 'ER']",3,CCV,3
8169,"['ER0', 'ZH', 'L']","['ER', 'ZH', 'L']",-3,VCC,3
8170,"['ZH', 'L', 'AO0']","['ZH', 'L', 'AO']",3,CCV,3
8171,"['AO0', 'ZH', 'L']","['AO', 'ZH', 'L']",-3,VCC,3
8172,"['ZH', 'L', 'UW0']","['ZH', 'L', 'UW']",3,CCV,3
8173,"['UW0', 'ZH', 'L']","['UW', 'ZH', 'L']",-3,VCC,3
8174,"['ZH', 'L', 'IH0']","['ZH', 'L', 'IH']",3,CCV,3
8175,"['IH0', 'ZH', 'L']","['IH', 'ZH', 'L']",-3,VCC,3
8176,"['ZH', 'L', 'EH0']","['ZH', 'L', 'EH']",3,CCV,3
8177,"['EH0', 'ZH', 'L']","['EH', 'ZH', 'L']",-3,VCC,3
8178,"['ZH', 'L', 'UH0']","['ZH', 'L', 'UH']",3,CCV,3
8179,"['UH0', 'ZH', 'L']","['UH', 'ZH', 'L']",-3,VCC,3
8180,"['ZH', 'L', 'IY0']","['ZH', 'L', 'IY']",3,CCV,3
8181,"['IY0', 'ZH', 'L']","['IY', 'ZH', 'L']",-3,VCC,3
8182,"['ZH', 'L', 'EY0']","['ZH', 'L', 'EY']",3,CCV,3
8183,"['EY0', 'ZH', 'L']","['EY', 'ZH', 'L']",-3,VCC,3
8184,"['ZH', 'L', 'OW0']","['ZH', 'L', 'OW']",3,CCV,3
8185,"['OW0', 'ZH', 'L']","['OW', 'ZH', 'L']",-3,VCC,3
8186,"['ZH', 'L', 'AE0']","['ZH', 'L', 'AE']",3,CCV,3
8187,"['AE0', 'ZH', 'L']","['AE', 'ZH', 'L']",-3,VCC,3
8188,"['ZH', 'L', 'AW0']","['ZH', 'L', 'AW']",3,CCV,3
8189,"['AW0', 'ZH', 'L']","['AW', 'ZH', 'L']",-3,VCC,3
8190,"['ZH', 'R', 'AH0']","['ZH', 'R', 'AH']",3,CCV,3
8191,"['AH0', 'ZH', 'R']","['AH', 'ZH', 'R']",-3,VCC,3
8192,"['ZH', 'R', 'OY0']","['ZH', 'R', 'OY']",3,CCV,3
8193,"['OY0', 'ZH', 'R']","['OY', 'ZH', 'R']",-3,VCC,3
8194,"['ZH', 'R', 'AA0']","['ZH', 'R', 'AA']",3,CCV,3
8195,"['AA0', 'ZH', 'R']","['AA', 'ZH', 'R']",-3,VCC,3
8196,"['ZH', 'R', 'AY0']","['ZH', 'R', 'AY']",3,CCV,3
8197,"['AY0', 'ZH', 'R']","['AY', 'ZH', 'R']",-3,VCC,3
8198,"['ZH', 'R', 'ER0']","['ZH', 'R', 'ER']",3,CCV,3
8199,"['ER0', 'ZH', 'R']","['ER', 'ZH', 'R']",-3,VCC,3
8200,"['ZH', 'R', 'AO0']","['ZH', 'R', 'AO']",3,CCV,3
8201,"['AO0', 'ZH', 'R']","['AO', 'ZH', 'R']",-3,VCC,3
8202,"['ZH', 'R', 'UW0']","['ZH', 'R', 'UW']",3,CCV,3
8203,"['UW0', 'ZH', 'R']","['UW', 'ZH', 'R']",-3,VCC,3
8204,"['ZH', 'R', 'IH0']","['ZH', 'R', 'IH']",3,CCV,3
8205,"['IH0', 'ZH', 'R']","['IH', 'ZH', 'R']",-3,VCC,3
8206,"['ZH', 'R', 'EH0']","['ZH', 'R', 'EH']",3,CCV,3
8207,"['EH0', 'ZH', 'R']","['EH', 'ZH', 'R']",-3,VCC,3
8208,"['ZH', 'R', 'UH0']","['ZH', 'R', 'UH']",3,CCV,3
8209,"['UH0', 'ZH', 'R']","['UH', 'ZH', 'R']",-3,VCC,3
8210,"['ZH', 'R', 'IY0']","['ZH', 'R', 'IY']",3,CCV,3
8211,"['IY0', 'ZH', 'R']","['IY', 'ZH', 'R']",-3,VCC,3
8212,"['ZH', 'R', 'EY0']","['ZH', 'R', 'EY']",3,CCV,3
8213,"['EY0', 'ZH', 'R']","['EY', 'ZH', 'R']",-3,VCC,3
8214,"['ZH', 'R', 'OW0']","['ZH', 'R', 'OW']",3,CCV,3
8215,"['OW0', 'ZH', 'R']","['OW', 'ZH', 'R']",-3,VCC,3
8216,"['ZH', 'R', 'AE0']","['ZH', 'R', 'AE']",3,CCV,3
8217,"['AE0', 'ZH', 'R']","['AE', 'ZH', 'R']",-3,VCC,3
8218,"['ZH', 'R', 'AW0']","['ZH', 'R', 'AW']",3,CCV,3
8219,"['AW0', 'ZH', 'R']","['AW', 'ZH', 'R']",-3,VCC,3
8220,"['ZH', 'W', 'AH0']","['ZH', 'W', 'AH']",4,CCV,3
8221,"['AH0', 'ZH', 'W']","['AH', 'ZH', 'W']",-4,VCC,3
8222,"['ZH', 'W', 'OY0']","['ZH', 'W', 'OY']",4,CCV,3
8223,"['OY0', 'ZH', 'W']","['OY', 'ZH', 'W']",-4,VCC,3
8224,"['ZH', 'W', 'AA0']","['ZH', 'W', 'AA']",4,CCV,3
8225,"['AA0', 'ZH', 'W']","['AA', 'ZH', 'W']",-4,VCC,3
8226,"['ZH', 'W', 'AY0']","['ZH', 'W', 'AY']",4,CCV,3
8227,"['AY0', 'ZH', 'W']","['AY', 'ZH', 'W']",-4,VCC,3
8228,"['ZH', 'W', 'ER0']","['ZH', 'W', 'ER']",4,CCV,3
8229,"['ER0', 'ZH', 'W']","['ER', 'ZH', 'W']",-4,VCC,3
8230,"['ZH', 'W', 'AO0']","['ZH', 'W', 'AO']",4,CCV,3
8231,"['AO0', 'ZH', 'W']","['AO', 'ZH', 'W']",-4,VCC,3
8232,"['ZH', 'W', 'UW0']","['ZH', 'W', 'UW']",4,CCV,3
8233,"['UW0', 'ZH', 'W']","['UW', 'ZH', 'W']",-4,VCC,3
8234,"['ZH', 'W', 'IH0']","['ZH', 'W', 'IH']",4,CCV,3
8235,"['IH0', 'ZH', 'W']","['IH', 'ZH', 'W']",-4,VCC,3
8236,"['ZH', 'W', 'EH0']","['ZH', 'W', 'EH']",4,CCV,3
8237,"['EH0', 'ZH', 'W']","['EH', 'ZH', 'W']",-4,VCC,3
8238,"['ZH', 'W', 'UH0']","['ZH', 'W', 'UH']",4,CCV,3
8239,"['UH0', 'ZH', 'W']","['UH', 'ZH', 'W']",-4,VCC,3
8240,"['ZH', 'W', 'IY0']","['ZH', 'W', 'IY']",4,CCV,3
8241,"['IY0', 'ZH', 'W']","['IY', 'ZH', 'W']",-4,VCC,3
8242,"['ZH', 'W', 'EY0']","['ZH', 'W', 'EY']",4,CCV,3
8243,"['EY0', 'ZH', 'W']","['EY', 'ZH', 'W']",-4,VCC,3
8244,"['ZH', 'W', 'OW0']","['ZH', 'W', 'OW']",4,CCV,3
8245,"['OW0', 'ZH', 'W']","['OW', 'ZH', 'W']",-4,VCC,3
8246,"['ZH', 'W', 'AE0']","['ZH', 'W', 'AE']",4,CCV,3
8247,"['AE0', 'ZH', 'W']","['AE', 'ZH', 'W']",-4,VCC,3
8248,"['ZH', 'W', 'AW0']","['ZH', 'W', 'AW']",4,CCV,3
8249,"['AW0', 'ZH', 'W']","['AW', 'ZH', 'W']",-4,VCC,3
8250,"['ZH', 'Y', 'AH0']","['ZH', 'Y', 'AH']",4,CCV,3
8251,"['AH0', 'ZH', 'Y']","['AH', 'ZH', 'Y']",-4,VCC,3
8252,"['ZH', 'Y', 'OY0']","['ZH', 'Y', 'OY']",4,CCV,3
8253,"['OY0', 'ZH', 'Y']","['OY', 'ZH', 'Y']",-4,VCC,3
8254,"['ZH', 'Y', 'AA0']","['ZH', 'Y', 'AA']",4,CCV,3
8255,"['AA0', 'ZH', 'Y']","['AA', 'ZH', 'Y']",-4,VCC,3
8256,"['ZH', 'Y', 'AY0']","['ZH', 'Y', 'AY']",4,CCV,3
8257,"['AY0', 'ZH', 'Y']","['AY', 'ZH', 'Y']",-4,VCC,3
8258,"['ZH', 'Y', 'ER0']","['ZH', 'Y', 'ER']",4,CCV,3
8259,"['ER0', 'ZH', 'Y']","['ER', 'ZH', 'Y']",-4,VCC,3
8260,"['ZH', 'Y', 'AO0']","['ZH', 'Y', 'AO']",4,CCV,3
8261,"['AO0', 'ZH', 'Y']","['AO', 'ZH', 'Y']",-4,VCC,3
8262,"['ZH', 'Y', 'UW0']","['ZH', 'Y', 'UW']",4,CCV,3
8263,"['UW0', 'ZH', 'Y']","['UW', 'ZH', 'Y']",-4,VCC,3
8264,"['ZH', 'Y', 'IH0']","['ZH', 'Y', 'IH']",4,CCV,3
8265,"['IH0', 'ZH', 'Y']","['IH', 'ZH', 'Y']",-4,VCC,3
8266,"['ZH', 'Y', 'EH0']","['ZH', 'Y', 'EH']",4,CCV,3
8267,"['EH0', 'ZH', 'Y']","['EH', 'ZH', 'Y']",-4,VCC,3
8268,"['ZH', 'Y', 'UH0']","['ZH', 'Y', 'UH']",4,CCV,3
8269,"['UH0', 'ZH', 'Y']","['UH', 'ZH', 'Y']",-4,VCC,3
8270,"['ZH', 'Y', 'IY0']","['ZH', 'Y', 'IY']",4,CCV,3
8271,"['IY0', 'ZH', 'Y']","['IY', 'ZH', 'Y']",-4,VCC,3
8272,"['ZH', 'Y', 'EY0']","['ZH', 'Y', 'EY']",4,CCV,3
8273,"['EY0', 'ZH', 'Y']","['EY', 'ZH', 'Y']",-4,VCC,3
8274,"['ZH', 'Y', 'OW0']","['ZH', 'Y', 'OW']",4,CCV,3
8275,"['OW0', 'ZH', 'Y']","['OW', 'ZH', 'Y']",-4,VCC,3
8276,"['ZH', 'Y', 'AE0']","['ZH', 'Y', 'AE']",4,CCV,3
8277,"['AE0', 'ZH', 'Y']","['AE', 'ZH', 'Y']",-4,VCC,3
8278,"['ZH', 'Y', 'AW0']","['ZH', 'Y', 'AW']",4,CCV,3
8279,"['AW0', 'ZH', 'Y']","['AW', 'ZH', 'Y']",-4,VCC,3
8280,"['V', 'P', 'AH0']","['V', 'P', 'AH']",-1,CCV,3
8281,"['AH0', 'V', 'P']","['AH', 'V', 'P']",1,VCC,3
8282,"['V', 'P', 'OY0']","['V', 'P', 'OY']",-1,CCV,3
8283,"['OY0', 'V', 'P']","['OY', 'V', 'P']",1,VCC,3
8284,"['V', 'P', 'AA0']","['V', 'P', 'AA']",-1,CCV,3
8285,"['AA0', 'V', 'P']","['AA', 'V', 'P']",1,VCC,3
8286,"['V', 'P', 'AY0']","['V', 'P', 'AY']",-1,CCV,3
8287,"['AY0', 'V', 'P']","['AY', 'V', 'P']",1,VCC,3
8288,"['V', 'P', 'ER0']","['V', 'P', 'ER']",-1,CCV,3
8289,"['ER0', 'V', 'P']","['ER', 'V', 'P']",1,VCC,3
8290,"['V', 'P', 'AO0']","['V', 'P', 'AO']",-1,CCV,3
8291,"['AO0', 'V', 'P']","['AO', 'V', 'P']",1,VCC,3
8292,"['V', 'P', 'UW0']","['V', 'P', 'UW']",-1,CCV,3
8293,"['UW0', 'V', 'P']","['UW', 'V', 'P']",1,VCC,3
8294,"['V', 'P', 'IH0']","['V', 'P', 'IH']",-1,CCV,3
8295,"['IH0', 'V', 'P']","['IH', 'V', 'P']",1,VCC,3
8296,"['V', 'P', 'EH0']","['V', 'P', 'EH']",-1,CCV,3
8297,"['EH0', 'V', 'P']","['EH', 'V', 'P']",1,VCC,3
8298,"['V', 'P', 'UH0']","['V', 'P', 'UH']",-1,CCV,3
8299,"['UH0', 'V', 'P']","['UH', 'V', 'P']",1,VCC,3
8300,"['V', 'P', 'IY0']","['V', 'P', 'IY']",-1,CCV,3
8301,"['IY0', 'V', 'P']","['IY', 'V', 'P']",1,VCC,3
8302,"['V', 'P', 'EY0']","['V', 'P', 'EY']",-1,CCV,3
8303,"['EY0', 'V', 'P']","['EY', 'V', 'P']",1,VCC,3
8304,"['V', 'P', 'OW0']","['V', 'P', 'OW']",-1,CCV,3
8305,"['OW0', 'V', 'P']","['OW', 'V', 'P']",1,VCC,3
8306,"['V', 'P', 'AE0']","['V', 'P', 'AE']",-1,CCV,3
8307,"['AE0', 'V', 'P']","['AE', 'V', 'P']",1,VCC,3
8308,"['V', 'P', 'AW0']","['V', 'P', 'AW']",-1,CCV,3
8309,"['AW0', 'V', 'P']","['AW', 'V', 'P']",1,VCC,3
8310,"['V', 'T', 'AH0']","['V', 'T', 'AH']",-1,CCV,3
8311,"['AH0', 'V', 'T']","['AH', 'V', 'T']",1,VCC,3
8312,"['V', 'T', 'OY0']","['V', 'T', 'OY']",-1,CCV,3
8313,"['OY0', 'V', 'T']","['OY', 'V', 'T']",1,VCC,3
8314,"['V', 'T', 'AA0']","['V', 'T', 'AA']",-1,CCV,3
8315,"['AA0', 'V', 'T']","['AA', 'V', 'T']",1,VCC,3
8316,"['V', 'T', 'AY0']","['V', 'T', 'AY']",-1,CCV,3
8317,"['AY0', 'V', 'T']","['AY', 'V', 'T']",1,VCC,3
8318,"['V', 'T', 'ER0']","['V', 'T', 'ER']",-1,CCV,3
8319,"['ER0', 'V', 'T']","['ER', 'V', 'T']",1,VCC,3
8320,"['V', 'T', 'AO0']","['V', 'T', 'AO']",-1,CCV,3
8321,"['AO0', 'V', 'T']","['AO', 'V', 'T']",1,VCC,3
8322,"['V', 'T', 'UW0']","['V', 'T', 'UW']",-1,CCV,3
8323,"['UW0', 'V', 'T']","['UW', 'V', 'T']",1,VCC,3
8324,"['V', 'T', 'IH0']","['V', 'T', 'IH']",-1,CCV,3
8325,"['IH0', 'V', 'T']","['IH', 'V', 'T']",1,VCC,3
8326,"['V', 'T', 'EH0']","['V', 'T', 'EH']",-1,CCV,3
8327,"['EH0', 'V', 'T']","['EH', 'V', 'T']",1,VCC,3
8328,"['V', 'T', 'UH0']","['V', 'T', 'UH']",-1,CCV,3
8329,"['UH0', 'V', 'T']","['UH', 'V', 'T']",1,VCC,3
8330,"['V', 'T', 'IY0']","['V', 'T', 'IY']",-1,CCV,3
8331,"['IY0', 'V', 'T']","['IY', 'V', 'T']",1,VCC,3
8332,"['V', 'T', 'EY0']","['V', 'T', 'EY']",-1,CCV,3
8333,"['EY0', 'V', 'T']","['EY', 'V', 'T']",1,VCC,3
8334,"['V', 'T', 'OW0']","['V', 'T', 'OW']",-1,CCV,3
8335,"['OW0', 'V', 'T']","['OW', 'V', 'T']",1,VCC,3
8336,"['V', 'T', 'AE0']","['V', 'T', 'AE']",-1,CCV,3
8337,"['AE0', 'V', 'T']","['AE', 'V', 'T']",1,VCC,3
8338,"['V', 'T', 'AW0']","['V', 'T', 'AW']",-1,CCV,3
8339,"['AW0', 'V', 'T']","['AW', 'V', 'T']",1,VCC,3
8340,"['V', 'K', 'AH0']","['V', 'K', 'AH']",-1,CCV,3
8341,"['AH0', 'V', 'K']","['AH', 'V', 'K']",1,VCC,3
8342,"['V', 'K', 'OY0']","['V', 'K', 'OY']",-1,CCV,3
8343,"['OY0', 'V', 'K']","['OY', 'V', 'K']",1,VCC,3
8344,"['V', 'K', 'AA0']","['V', 'K', 'AA']",-1,CCV,3
8345,"['AA0', 'V', 'K']","['AA', 'V', 'K']",1,VCC,3
8346,"['V', 'K', 'AY0']","['V', 'K', 'AY']",-1,CCV,3
8347,"['AY0', 'V', 'K']","['AY', 'V', 'K']",1,VCC,3
8348,"['V', 'K', 'ER0']","['V', 'K', 'ER']",-1,CCV,3
8349,"['ER0', 'V', 'K']","['ER', 'V', 'K']",1,VCC,3
8350,"['V', 'K', 'AO0']","['V', 'K', 'AO']",-1,CCV,3
8351,"['AO0', 'V', 'K']","['AO', 'V', 'K']",1,VCC,3
8352,"['V', 'K', 'UW0']","['V', 'K', 'UW']",-1,CCV,3
8353,"['UW0', 'V', 'K']","['UW', 'V', 'K']",1,VCC,3
8354,"['V', 'K', 'IH0']","['V', 'K', 'IH']",-1,CCV,3
8355,"['IH0', 'V', 'K']","['IH', 'V', 'K']",1,VCC,3
8356,"['V', 'K', 'EH0']","['V', 'K', 'EH']",-1,CCV,3
8357,"['EH0', 'V', 'K']","['EH', 'V', 'K']",1,VCC,3
8358,"['V', 'K', 'UH0']","['V', 'K', 'UH']",-1,CCV,3
8359,"['UH0', 'V', 'K']","['UH', 'V', 'K']",1,VCC,3
8360,"['V', 'K', 'IY0']","['V', 'K', 'IY']",-1,CCV,3
8361,"['IY0', 'V', 'K']","['IY', 'V', 'K']",1,VCC,3
8362,"['V', 'K', 'EY0']","['V', 'K', 'EY']",-1,CCV,3
8363,"['EY0', 'V', 'K']","['EY', 'V', 'K']",1,VCC,3
8364,"['V', 'K', 'OW0']","['V', 'K', 'OW']",-1,CCV,3
8365,"['OW0', 'V', 'K']","['OW', 'V', 'K']",1,VCC,3
8366,"['V', 'K', 'AE0']","['V', 'K', 'AE']",-1,CCV,3
8367,"['AE0', 'V', 'K']","['AE', 'V', 'K']",1,VCC,3
8368,"['V', 'K', 'AW0']","['V', 'K', 'AW']",-1,CCV,3
8369,"['AW0', 'V', 'K']","['AW', 'V', 'K']",1,VCC,3
8370,"['V', 'B', 'AH0']","['V', 'B', 'AH']",-1,CCV,3
8371,"['AH0', 'V', 'B']","['AH', 'V', 'B']",1,VCC,3
8372,"['V', 'B', 'OY0']","['V', 'B', 'OY']",-1,CCV,3
8373,"['OY0', 'V', 'B']","['OY', 'V', 'B']",1,VCC,3
8374,"['V', 'B', 'AA0']","['V', 'B', 'AA']",-1,CCV,3
8375,"['AA0', 'V', 'B']","['AA', 'V', 'B']",1,VCC,3
8376,"['V', 'B', 'AY0']","['V', 'B', 'AY']",-1,CCV,3
8377,"['AY0', 'V', 'B']","['AY', 'V', 'B']",1,VCC,3
8378,"['V', 'B', 'ER0']","['V', 'B', 'ER']",-1,CCV,3
8379,"['ER0', 'V', 'B']","['ER', 'V', 'B']",1,VCC,3
8380,"['V', 'B', 'AO0']","['V', 'B', 'AO']",-1,CCV,3
8381,"['AO0', 'V', 'B']","['AO', 'V', 'B']",1,VCC,3
8382,"['V', 'B', 'UW0']","['V', 'B', 'UW']",-1,CCV,3
8383,"['UW0', 'V', 'B']","['UW', 'V', 'B']",1,VCC,3
8384,"['V', 'B', 'IH0']","['V', 'B', 'IH']",-1,CCV,3
8385,"['IH0', 'V', 'B']","['IH', 'V', 'B']",1,VCC,3
8386,"['V', 'B', 'EH0']","['V', 'B', 'EH']",-1,CCV,3
8387,"['EH0', 'V', 'B']","['EH', 'V', 'B']",1,VCC,3
8388,"['V', 'B', 'UH0']","['V', 'B', 'UH']",-1,CCV,3
8389,"['UH0', 'V', 'B']","['UH', 'V', 'B']",1,VCC,3
8390,"['V', 'B', 'IY0']","['V', 'B', 'IY']",-1,CCV,3
8391,"['IY0', 'V', 'B']","['IY', 'V', 'B']",1,VCC,3
8392,"['V', 'B', 'EY0']","['V', 'B', 'EY']",-1,CCV,3
8393,"['EY0', 'V', 'B']","['EY', 'V', 'B']",1,VCC,3
8394,"['V', 'B', 'OW0']","['V', 'B', 'OW']",-1,CCV,3
8395,"['OW0', 'V', 'B']","['OW', 'V', 'B']",1,VCC,3
8396,"['V', 'B', 'AE0']","['V', 'B', 'AE']",-1,CCV,3
8397,"['AE0', 'V', 'B']","['AE', 'V', 'B']",1,VCC,3
8398,"['V', 'B', 'AW0']","['V', 'B', 'AW']",-1,CCV,3
8399,"['AW0', 'V', 'B']","['AW', 'V', 'B']",1,VCC,3
8400,"['V', 'D', 'AH0']","['V', 'D', 'AH']",-1,CCV,3
8401,"['AH0', 'V', 'D']","['AH', 'V', 'D']",1,VCC,3
8402,"['V', 'D', 'OY0']","['V', 'D', 'OY']",-1,CCV,3
8403,"['OY0', 'V', 'D']","['OY', 'V', 'D']",1,VCC,3
8404,"['V', 'D', 'AA0']","['V', 'D', 'AA']",-1,CCV,3
8405,"['AA0', 'V', 'D']","['AA', 'V', 'D']",1,VCC,3
8406,"['V', 'D', 'AY0']","['V', 'D', 'AY']",-1,CCV,3
8407,"['AY0', 'V', 'D']","['AY', 'V', 'D']",1,VCC,3
8408,"['V', 'D', 'ER0']","['V', 'D', 'ER']",-1,CCV,3
8409,"['ER0', 'V', 'D']","['ER', 'V', 'D']",1,VCC,3
8410,"['V', 'D', 'AO0']","['V', 'D', 'AO']",-1,CCV,3
8411,"['AO0', 'V', 'D']","['AO', 'V', 'D']",1,VCC,3
8412,"['V', 'D', 'UW0']","['V', 'D', 'UW']",-1,CCV,3
8413,"['UW0', 'V', 'D']","['UW', 'V', 'D']",1,VCC,3
8414,"['V', 'D', 'IH0']","['V', 'D', 'IH']",-1,CCV,3
8415,"['IH0', 'V', 'D']","['IH', 'V', 'D']",1,VCC,3
8416,"['V', 'D', 'EH0']","['V', 'D', 'EH']",-1,CCV,3
8417,"['EH0', 'V', 'D']","['EH', 'V', 'D']",1,VCC,3
8418,"['V', 'D', 'UH0']","['V', 'D', 'UH']",-1,CCV,3
8419,"['UH0', 'V', 'D']","['UH', 'V', 'D']",1,VCC,3
8420,"['V', 'D', 'IY0']","['V', 'D', 'IY']",-1,CCV,3
8421,"['IY0', 'V', 'D']","['IY', 'V', 'D']",1,VCC,3
8422,"['V', 'D', 'EY0']","['V', 'D', 'EY']",-1,CCV,3
8423,"['EY0', 'V', 'D']","['EY', 'V', 'D']",1,VCC,3
8424,"['V', 'D', 'OW0']","['V', 'D', 'OW']",-1,CCV,3
8425,"['OW0', 'V', 'D']","['OW', 'V', 'D']",1,VCC,3
8426,"['V', 'D', 'AE0']","['V', 'D', 'AE']",-1,CCV,3
8427,"['AE0', 'V', 'D']","['AE', 'V', 'D']",1,VCC,3
8428,"['V', 'D', 'AW0']","['V', 'D', 'AW']",-1,CCV,3
8429,"['AW0', 'V', 'D']","['AW', 'V', 'D']",1,VCC,3
8430,"['V', 'G', 'AH0']","['V', 'G', 'AH']",-1,CCV,3
8431,"['AH0', 'V', 'G']","['AH', 'V', 'G']",1,VCC,3
8432,"['V', 'G', 'OY0']","['V', 'G', 'OY']",-1,CCV,3
8433,"['OY0', 'V', 'G']","['OY', 'V', 'G']",1,VCC,3
8434,"['V', 'G', 'AA0']","['V', 'G', 'AA']",-1,CCV,3
8435,"['AA0', 'V', 'G']","['AA', 'V', 'G']",1,VCC,3
8436,"['V', 'G', 'AY0']","['V', 'G', 'AY']",-1,CCV,3
8437,"['AY0', 'V', 'G']","['AY', 'V', 'G']",1,VCC,3
8438,"['V', 'G', 'ER0']","['V', 'G', 'ER']",-1,CCV,3
8439,"['ER0', 'V', 'G']","['ER', 'V', 'G']",1,VCC,3
8440,"['V', 'G', 'AO0']","['V', 'G', 'AO']",-1,CCV,3
8441,"['AO0', 'V', 'G']","['AO', 'V', 'G']",1,VCC,3
8442,"['V', 'G', 'UW0']","['V', 'G', 'UW']",-1,CCV,3
8443,"['UW0', 'V', 'G']","['UW', 'V', 'G']",1,VCC,3
8444,"['V', 'G', 'IH0']","['V', 'G', 'IH']",-1,CCV,3
8445,"['IH0', 'V', 'G']","['IH', 'V', 'G']",1,VCC,3
8446,"['V', 'G', 'EH0']","['V', 'G', 'EH']",-1,CCV,3
8447,"['EH0', 'V', 'G']","['EH', 'V', 'G']",1,VCC,3
8448,"['V', 'G', 'UH0']","['V', 'G', 'UH']",-1,CCV,3
8449,"['UH0', 'V', 'G']","['UH', 'V', 'G']",1,VCC,3
8450,"['V', 'G', 'IY0']","['V', 'G', 'IY']",-1,CCV,3
8451,"['IY0', 'V', 'G']","['IY', 'V', 'G']",1,VCC,3
8452,"['V', 'G', 'EY0']","['V', 'G', 'EY']",-1,CCV,3
8453,"['EY0', 'V', 'G']","['EY', 'V', 'G']",1,VCC,3
8454,"['V', 'G', 'OW0']","['V', 'G', 'OW']",-1,CCV,3
8455,"['OW0', 'V', 'G']","['OW', 'V', 'G']",1,VCC,3
8456,"['V', 'G', 'AE0']","['V', 'G', 'AE']",-1,CCV,3
8457,"['AE0', 'V', 'G']","['AE', 'V', 'G']",1,VCC,3
8458,"['V', 'G', 'AW0']","['V', 'G', 'AW']",-1,CCV,3
8459,"['AW0', 'V', 'G']","['AW', 'V', 'G']",1,VCC,3
8460,"['V', 'F', 'AH0']","['V', 'F', 'AH']",0,CCV,3
8461,"['AH0', 'V', 'F']","['AH', 'V', 'F']",0,VCC,3
8462,"['V', 'F', 'OY0']","['V', 'F', 'OY']",0,CCV,3
8463,"['OY0', 'V', 'F']","['OY', 'V', 'F']",0,VCC,3
8464,"['V', 'F', 'AA0']","['V', 'F', 'AA']",0,CCV,3
8465,"['AA0', 'V', 'F']","['AA', 'V', 'F']",0,VCC,3
8466,"['V', 'F', 'AY0']","['V', 'F', 'AY']",0,CCV,3
8467,"['AY0', 'V', 'F']","['AY', 'V', 'F']",0,VCC,3
8468,"['V', 'F', 'ER0']","['V', 'F', 'ER']",0,CCV,3
8469,"['ER0', 'V', 'F']","['ER', 'V', 'F']",0,VCC,3
8470,"['V', 'F', 'AO0']","['V', 'F', 'AO']",0,CCV,3
8471,"['AO0', 'V', 'F']","['AO', 'V', 'F']",0,VCC,3
8472,"['V', 'F', 'UW0']","['V', 'F', 'UW']",0,CCV,3
8473,"['UW0', 'V', 'F']","['UW', 'V', 'F']",0,VCC,3
8474,"['V', 'F', 'IH0']","['V', 'F', 'IH']",0,CCV,3
8475,"['IH0', 'V', 'F']","['IH', 'V', 'F']",0,VCC,3
8476,"['V', 'F', 'EH0']","['V', 'F', 'EH']",0,CCV,3
8477,"['EH0', 'V', 'F']","['EH', 'V', 'F']",0,VCC,3
8478,"['V', 'F', 'UH0']","['V', 'F', 'UH']",0,CCV,3
8479,"['UH0', 'V', 'F']","['UH', 'V', 'F']",0,VCC,3
8480,"['V', 'F', 'IY0']","['V', 'F', 'IY']",0,CCV,3
8481,"['IY0', 'V', 'F']","['IY', 'V', 'F']",0,VCC,3
8482,"['V', 'F', 'EY0']","['V', 'F', 'EY']",0,CCV,3
8483,"['EY0', 'V', 'F']","['EY', 'V', 'F']",0,VCC,3
8484,"['V', 'F', 'OW0']","['V', 'F', 'OW']",0,CCV,3
8485,"['OW0', 'V', 'F']","['OW', 'V', 'F']",0,VCC,3
8486,"['V', 'F', 'AE0']","['V', 'F', 'AE']",0,CCV,3
8487,"['AE0', 'V', 'F']","['AE', 'V', 'F']",0,VCC,3
8488,"['V', 'F', 'AW0']","['V', 'F', 'AW']",0,CCV,3
8489,"['AW0', 'V', 'F']","['AW', 'V', 'F']",0,VCC,3
8490,"['V', 'TH', 'AH0']","['V', 'TH', 'AH']",0,CCV,3
8491,"['AH0', 'V', 'TH']","['AH', 'V', 'TH']",0,VCC,3
8492,"['V', 'TH', 'OY0']","['V', 'TH', 'OY']",0,CCV,3
8493,"['OY0', 'V', 'TH']","['OY', 'V', 'TH']",0,VCC,3
8494,"['V', 'TH', 'AA0']","['V', 'TH', 'AA']",0,CCV,3
8495,"['AA0', 'V', 'TH']","['AA', 'V', 'TH']",0,VCC,3
8496,"['V', 'TH', 'AY0']","['V', 'TH', 'AY']",0,CCV,3
8497,"['AY0', 'V', 'TH']","['AY', 'V', 'TH']",0,VCC,3
8498,"['V', 'TH', 'ER0']","['V', 'TH', 'ER']",0,CCV,3
8499,"['ER0', 'V', 'TH']","['ER', 'V', 'TH']",0,VCC,3
8500,"['V', 'TH', 'AO0']","['V', 'TH', 'AO']",0,CCV,3
8501,"['AO0', 'V', 'TH']","['AO', 'V', 'TH']",0,VCC,3
8502,"['V', 'TH', 'UW0']","['V', 'TH', 'UW']",0,CCV,3
8503,"['UW0', 'V', 'TH']","['UW', 'V', 'TH']",0,VCC,3
8504,"['V', 'TH', 'IH0']","['V', 'TH', 'IH']",0,CCV,3
8505,"['IH0', 'V', 'TH']","['IH', 'V', 'TH']",0,VCC,3
8506,"['V', 'TH', 'EH0']","['V', 'TH', 'EH']",0,CCV,3
8507,"['EH0', 'V', 'TH']","['EH', 'V', 'TH']",0,VCC,3
8508,"['V', 'TH', 'UH0']","['V', 'TH', 'UH']",0,CCV,3
8509,"['UH0', 'V', 'TH']","['UH', 'V', 'TH']",0,VCC,3
8510,"['V', 'TH', 'IY0']","['V', 'TH', 'IY']",0,CCV,3
8511,"['IY0', 'V', 'TH']","['IY', 'V', 'TH']",0,VCC,3
8512,"['V', 'TH', 'EY0']","['V', 'TH', 'EY']",0,CCV,3
8513,"['EY0', 'V', 'TH']","['EY', 'V', 'TH']",0,VCC,3
8514,"['V', 'TH', 'OW0']","['V', 'TH', 'OW']",0,CCV,3
8515,"['OW0', 'V', 'TH']","['OW', 'V', 'TH']",0,VCC,3
8516,"['V', 'TH', 'AE0']","['V', 'TH', 'AE']",0,CCV,3
8517,"['AE0', 'V', 'TH']","['AE', 'V', 'TH']",0,VCC,3
8518,"['V', 'TH', 'AW0']","['V', 'TH', 'AW']",0,CCV,3
8519,"['AW0', 'V', 'TH']","['AW', 'V', 'TH']",0,VCC,3
8520,"['V', 'S', 'AH0']","['V', 'S', 'AH']",0,CCV,3
8521,"['AH0', 'V', 'S']","['AH', 'V', 'S']",0,VCC,3
8522,"['V', 'S', 'OY0']","['V', 'S', 'OY']",0,CCV,3
8523,"['OY0', 'V', 'S']","['OY', 'V', 'S']",0,VCC,3
8524,"['V', 'S', 'AA0']","['V', 'S', 'AA']",0,CCV,3
8525,"['AA0', 'V', 'S']","['AA', 'V', 'S']",0,VCC,3
8526,"['V', 'S', 'AY0']","['V', 'S', 'AY']",0,CCV,3
8527,"['AY0', 'V', 'S']","['AY', 'V', 'S']",0,VCC,3
8528,"['V', 'S', 'ER0']","['V', 'S', 'ER']",0,CCV,3
8529,"['ER0', 'V', 'S']","['ER', 'V', 'S']",0,VCC,3
8530,"['V', 'S', 'AO0']","['V', 'S', 'AO']",0,CCV,3
8531,"['AO0', 'V', 'S']","['AO', 'V', 'S']",0,VCC,3
8532,"['V', 'S', 'UW0']","['V', 'S', 'UW']",0,CCV,3
8533,"['UW0', 'V', 'S']","['UW', 'V', 'S']",0,VCC,3
8534,"['V', 'S', 'IH0']","['V', 'S', 'IH']",0,CCV,3
8535,"['IH0', 'V', 'S']","['IH', 'V', 'S']",0,VCC,3
8536,"['V', 'S', 'EH0']","['V', 'S', 'EH']",0,CCV,3
8537,"['EH0', 'V', 'S']","['EH', 'V', 'S']",0,VCC,3
8538,"['V', 'S', 'UH0']","['V', 'S', 'UH']",0,CCV,3
8539,"['UH0', 'V', 'S']","['UH', 'V', 'S']",0,VCC,3
8540,"['V', 'S', 'IY0']","['V', 'S', 'IY']",0,CCV,3
8541,"['IY0', 'V', 'S']","['IY', 'V', 'S']",0,VCC,3
8542,"['V', 'S', 'EY0']","['V', 'S', 'EY']",0,CCV,3
8543,"['EY0', 'V', 'S']","['EY', 'V', 'S']",0,VCC,3
8544,"['V', 'S', 'OW0']","['V', 'S', 'OW']",0,CCV,3
8545,"['OW0', 'V', 'S']","['OW', 'V', 'S']",0,VCC,3
8546,"['V', 'S', 'AE0']","['V', 'S', 'AE']",0,CCV,3
8547,"['AE0', 'V', 'S']","['AE', 'V', 'S']",0,VCC,3
8548,"['V', 'S', 'AW0']","['V', 'S', 'AW']",0,CCV,3
8549,"['AW0', 'V', 'S']","['AW', 'V', 'S']",0,VCC,3
8550,"['V', 'SH', 'AH0']","['V', 'SH', 'AH']",0,CCV,3
8551,"['AH0', 'V', 'SH']","['AH', 'V', 'SH']",0,VCC,3
8552,"['V', 'SH', 'OY0']","['V', 'SH', 'OY']",0,CCV,3
8553,"['OY0', 'V', 'SH']","['OY', 'V', 'SH']",0,VCC,3
8554,"['V', 'SH', 'AA0']","['V', 'SH', 'AA']",0,CCV,3
8555,"['AA0', 'V', 'SH']","['AA', 'V', 'SH']",0,VCC,3
8556,"['V', 'SH', 'AY0']","['V', 'SH', 'AY']",0,CCV,3
8557,"['AY0', 'V', 'SH']","['AY', 'V', 'SH']",0,VCC,3
8558,"['V', 'SH', 'ER0']","['V', 'SH', 'ER']",0,CCV,3
8559,"['ER0', 'V', 'SH']","['ER', 'V', 'SH']",0,VCC,3
8560,"['V', 'SH', 'AO0']","['V', 'SH', 'AO']",0,CCV,3
8561,"['AO0', 'V', 'SH']","['AO', 'V', 'SH']",0,VCC,3
8562,"['V', 'SH', 'UW0']","['V', 'SH', 'UW']",0,CCV,3
8563,"['UW0', 'V', 'SH']","['UW', 'V', 'SH']",0,VCC,3
8564,"['V', 'SH', 'IH0']","['V', 'SH', 'IH']",0,CCV,3
8565,"['IH0', 'V', 'SH']","['IH', 'V', 'SH']",0,VCC,3
8566,"['V', 'SH', 'EH0']","['V', 'SH', 'EH']",0,CCV,3
8567,"['EH0', 'V', 'SH']","['EH', 'V', 'SH']",0,VCC,3
8568,"['V', 'SH', 'UH0']","['V', 'SH', 'UH']",0,CCV,3
8569,"['UH0', 'V', 'SH']","['UH', 'V', 'SH']",0,VCC,3
8570,"['V', 'SH', 'IY0']","['V', 'SH', 'IY']",0,CCV,3
8571,"['IY0', 'V', 'SH']","['IY', 'V', 'SH']",0,VCC,3
8572,"['V', 'SH', 'EY0']","['V', 'SH', 'EY']",0,CCV,3
8573,"['EY0', 'V', 'SH']","['EY', 'V', 'SH']",0,VCC,3
8574,"['V', 'SH', 'OW0']","['V', 'SH', 'OW']",0,CCV,3
8575,"['OW0', 'V', 'SH']","['OW', 'V', 'SH']",0,VCC,3
8576,"['V', 'SH', 'AE0']","['V', 'SH', 'AE']",0,CCV,3
8577,"['AE0', 'V', 'SH']","['AE', 'V', 'SH']",0,VCC,3
8578,"['V', 'SH', 'AW0']","['V', 'SH', 'AW']",0,CCV,3
8579,"['AW0', 'V', 'SH']","['AW', 'V', 'SH']",0,VCC,3
8580,"['V', 'Z', 'AH0']","['V', 'Z', 'AH']",0,CCV,3
8581,"['AH0', 'V', 'Z']","['AH', 'V', 'Z']",0,VCC,3
8582,"['V', 'Z', 'OY0']","['V', 'Z', 'OY']",0,CCV,3
8583,"['OY0', 'V', 'Z']","['OY', 'V', 'Z']",0,VCC,3
8584,"['V', 'Z', 'AA0']","['V', 'Z', 'AA']",0,CCV,3
8585,"['AA0', 'V', 'Z']","['AA', 'V', 'Z']",0,VCC,3
8586,"['V', 'Z', 'AY0']","['V', 'Z', 'AY']",0,CCV,3
8587,"['AY0', 'V', 'Z']","['AY', 'V', 'Z']",0,VCC,3
8588,"['V', 'Z', 'ER0']","['V', 'Z', 'ER']",0,CCV,3
8589,"['ER0', 'V', 'Z']","['ER', 'V', 'Z']",0,VCC,3
8590,"['V', 'Z', 'AO0']","['V', 'Z', 'AO']",0,CCV,3
8591,"['AO0', 'V', 'Z']","['AO', 'V', 'Z']",0,VCC,3
8592,"['V', 'Z', 'UW0']","['V', 'Z', 'UW']",0,CCV,3
8593,"['UW0', 'V', 'Z']","['UW', 'V', 'Z']",0,VCC,3
8594,"['V', 'Z', 'IH0']","['V', 'Z', 'IH']",0,CCV,3
8595,"['IH0', 'V', 'Z']","['IH', 'V', 'Z']",0,VCC,3
8596,"['V', 'Z', 'EH0']","['V', 'Z', 'EH']",0,CCV,3
8597,"['EH0', 'V', 'Z']","['EH', 'V', 'Z']",0,VCC,3
8598,"['V', 'Z', 'UH0']","['V', 'Z', 'UH']",0,CCV,3
8599,"['UH0', 'V', 'Z']","['UH', 'V', 'Z']",0,VCC,3
8600,"['V', 'Z', 'IY0']","['V', 'Z', 'IY']",0,CCV,3
8601,"['IY0', 'V', 'Z']","['IY', 'V', 'Z']",0,VCC,3
8602,"['V', 'Z', 'EY0']","['V', 'Z', 'EY']",0,CCV,3
8603,"['EY0', 'V', 'Z']","['EY', 'V', 'Z']",0,VCC,3
8604,"['V', 'Z', 'OW0']","['V', 'Z', 'OW']",0,CCV,3
8605,"['OW0', 'V', 'Z']","['OW', 'V', 'Z']",0,VCC,3
8606,"['V', 'Z', 'AE0']","['V', 'Z', 'AE']",0,CCV,3
8607,"['AE0', 'V', 'Z']","['AE', 'V', 'Z']",0,VCC,3
8608,"['V', 'Z', 'AW0']","['V', 'Z', 'AW']",0,CCV,3
8609,"['AW0', 'V', 'Z']","['AW', 'V', 'Z']",0,VCC,3
8610,"['V', 'ZH', 'AH0']","['V', 'ZH', 'AH']",0,CCV,3
8611,"['AH0', 'V', 'ZH']","['AH', 'V', 'ZH']",0,VCC,3
8612,"['V', 'ZH', 'OY0']","['V', 'ZH', 'OY']",0,CCV,3
8613,"['OY0', 'V', 'ZH']","['OY', 'V', 'ZH']",0,VCC,3
8614,"['V', 'ZH', 'AA0']","['V', 'ZH', 'AA']",0,CCV,3
8615,"['AA0', 'V', 'ZH']","['AA', 'V', 'ZH']",0,VCC,3
8616,"['V', 'ZH', 'AY0']","['V', 'ZH', 'AY']",0,CCV,3
8617,"['AY0', 'V', 'ZH']","['AY', 'V', 'ZH']",0,VCC,3
8618,"['V', 'ZH', 'ER0']","['V', 'ZH', 'ER']",0,CCV,3
8619,"['ER0', 'V', 'ZH']","['ER', 'V', 'ZH']",0,VCC,3
8620,"['V', 'ZH', 'AO0']","['V', 'ZH', 'AO']",0,CCV,3
8621,"['AO0', 'V', 'ZH']","['AO', 'V', 'ZH']",0,VCC,3
8622,"['V', 'ZH', 'UW0']","['V', 'ZH', 'UW']",0,CCV,3
8623,"['UW0', 'V', 'ZH']","['UW', 'V', 'ZH']",0,VCC,3
8624,"['V', 'ZH', 'IH0']","['V', 'ZH', 'IH']",0,CCV,3
8625,"['IH0', 'V', 'ZH']","['IH', 'V', 'ZH']",0,VCC,3
8626,"['V', 'ZH', 'EH0']","['V', 'ZH', 'EH']",0,CCV,3
8627,"['EH0', 'V', 'ZH']","['EH', 'V', 'ZH']",0,VCC,3
8628,"['V', 'ZH', 'UH0']","['V', 'ZH', 'UH']",0,CCV,3
8629,"['UH0', 'V', 'ZH']","['UH', 'V', 'ZH']",0,VCC,3
8630,"['V', 'ZH', 'IY0']","['V', 'ZH', 'IY']",0,CCV,3
8631,"['IY0', 'V', 'ZH']","['IY', 'V', 'ZH']",0,VCC,3
8632,"['V', 'ZH', 'EY0']","['V', 'ZH', 'EY']",0,CCV,3
8633,"['EY0', 'V', 'ZH']","['EY', 'V', 'ZH']",0,VCC,3
8634,"['V', 'ZH', 'OW0']","['V', 'ZH', 'OW']",0,CCV,3
8635,"['OW0', 'V', 'ZH']","['OW', 'V', 'ZH']",0,VCC,3
8636,"['V', 'ZH', 'AE0']","['V', 'ZH', 'AE']",0,CCV,3
8637,"['AE0', 'V', 'ZH']","['AE', 'V', 'ZH']",0,VCC,3
8638,"['V', 'ZH', 'AW0']","['V', 'ZH', 'AW']",0,CCV,3
8639,"['AW0', 'V', 'ZH']","['AW', 'V', 'ZH']",0,VCC,3
8640,"['V', 'DH', 'AH0']","['V', 'DH', 'AH']",0,CCV,3
8641,"['AH0', 'V', 'DH']","['AH', 'V', 'DH']",0,VCC,3
8642,"['V', 'DH', 'OY0']","['V', 'DH', 'OY']",0,CCV,3
8643,"['OY0', 'V', 'DH']","['OY', 'V', 'DH']",0,VCC,3
8644,"['V', 'DH', 'AA0']","['V', 'DH', 'AA']",0,CCV,3
8645,"['AA0', 'V', 'DH']","['AA', 'V', 'DH']",0,VCC,3
8646,"['V', 'DH', 'AY0']","['V', 'DH', 'AY']",0,CCV,3
8647,"['AY0', 'V', 'DH']","['AY', 'V', 'DH']",0,VCC,3
8648,"['V', 'DH', 'ER0']","['V', 'DH', 'ER']",0,CCV,3
8649,"['ER0', 'V', 'DH']","['ER', 'V', 'DH']",0,VCC,3
8650,"['V', 'DH', 'AO0']","['V', 'DH', 'AO']",0,CCV,3
8651,"['AO0', 'V', 'DH']","['AO', 'V', 'DH']",0,VCC,3
8652,"['V', 'DH', 'UW0']","['V', 'DH', 'UW']",0,CCV,3
8653,"['UW0', 'V', 'DH']","['UW', 'V', 'DH']",0,VCC,3
8654,"['V', 'DH', 'IH0']","['V', 'DH', 'IH']",0,CCV,3
8655,"['IH0', 'V', 'DH']","['IH', 'V', 'DH']",0,VCC,3
8656,"['V', 'DH', 'EH0']","['V', 'DH', 'EH']",0,CCV,3
8657,"['EH0', 'V', 'DH']","['EH', 'V', 'DH']",0,VCC,3
8658,"['V', 'DH', 'UH0']","['V', 'DH', 'UH']",0,CCV,3
8659,"['UH0', 'V', 'DH']","['UH', 'V', 'DH']",0,VCC,3
8660,"['V', 'DH', 'IY0']","['V', 'DH', 'IY']",0,CCV,3
8661,"['IY0', 'V', 'DH']","['IY', 'V', 'DH']",0,VCC,3
8662,"['V', 'DH', 'EY0']","['V', 'DH', 'EY']",0,CCV,3
8663,"['EY0', 'V', 'DH']","['EY', 'V', 'DH']",0,VCC,3
8664,"['V', 'DH', 'OW0']","['V', 'DH', 'OW']",0,CCV,3
8665,"['OW0', 'V', 'DH']","['OW', 'V', 'DH']",0,VCC,3
8666,"['V', 'DH', 'AE0']","['V', 'DH', 'AE']",0,CCV,3
8667,"['AE0', 'V', 'DH']","['AE', 'V', 'DH']",0,VCC,3
8668,"['V', 'DH', 'AW0']","['V', 'DH', 'AW']",0,CCV,3
8669,"['AW0', 'V', 'DH']","['AW', 'V', 'DH']",0,VCC,3
8670,"['V', 'HH', 'AH0']","['V', 'HH', 'AH']",0,CCV,3
8671,"['AH0', 'V', 'HH']","['AH', 'V', 'HH']",0,VCC,3
8672,"['V', 'HH', 'OY0']","['V', 'HH', 'OY']",0,CCV,3
8673,"['OY0', 'V', 'HH']","['OY', 'V', 'HH']",0,VCC,3
8674,"['V', 'HH', 'AA0']","['V', 'HH', 'AA']",0,CCV,3
8675,"['AA0', 'V', 'HH']","['AA', 'V', 'HH']",0,VCC,3
8676,"['V', 'HH', 'AY0']","['V', 'HH', 'AY']",0,CCV,3
8677,"['AY0', 'V', 'HH']","['AY', 'V', 'HH']",0,VCC,3
8678,"['V', 'HH', 'ER0']","['V', 'HH', 'ER']",0,CCV,3
8679,"['ER0', 'V', 'HH']","['ER', 'V', 'HH']",0,VCC,3
8680,"['V', 'HH', 'AO0']","['V', 'HH', 'AO']",0,CCV,3
8681,"['AO0', 'V', 'HH']","['AO', 'V', 'HH']",0,VCC,3
8682,"['V', 'HH', 'UW0']","['V', 'HH', 'UW']",0,CCV,3
8683,"['UW0', 'V', 'HH']","['UW', 'V', 'HH']",0,VCC,3
8684,"['V', 'HH', 'IH0']","['V', 'HH', 'IH']",0,CCV,3
8685,"['IH0', 'V', 'HH']","['IH', 'V', 'HH']",0,VCC,3
8686,"['V', 'HH', 'EH0']","['V', 'HH', 'EH']",0,CCV,3
8687,"['EH0', 'V', 'HH']","['EH', 'V', 'HH']",0,VCC,3
8688,"['V', 'HH', 'UH0']","['V', 'HH', 'UH']",0,CCV,3
8689,"['UH0', 'V', 'HH']","['UH', 'V', 'HH']",0,VCC,3
8690,"['V', 'HH', 'IY0']","['V', 'HH', 'IY']",0,CCV,3
8691,"['IY0', 'V', 'HH']","['IY', 'V', 'HH']",0,VCC,3
8692,"['V', 'HH', 'EY0']","['V', 'HH', 'EY']",0,CCV,3
8693,"['EY0', 'V', 'HH']","['EY', 'V', 'HH']",0,VCC,3
8694,"['V', 'HH', 'OW0']","['V', 'HH', 'OW']",0,CCV,3
8695,"['OW0', 'V', 'HH']","['OW', 'V', 'HH']",0,VCC,3
8696,"['V', 'HH', 'AE0']","['V', 'HH', 'AE']",0,CCV,3
8697,"['AE0', 'V', 'HH']","['AE', 'V', 'HH']",0,VCC,3
8698,"['V', 'HH', 'AW0']","['V', 'HH', 'AW']",0,CCV,3
8699,"['AW0', 'V', 'HH']","['AW', 'V', 'HH']",0,VCC,3
8700,"['V', 'CH', 'AH0']","['V', 'CH', 'AH']",1,CCV,3
8701,"['AH0', 'V', 'CH']","['AH', 'V', 'CH']",-1,VCC,3
8702,"['V', 'CH', 'OY0']","['V', 'CH', 'OY']",1,CCV,3
8703,"['OY0', 'V', 'CH']","['OY', 'V', 'CH']",-1,VCC,3
8704,"['V', 'CH', 'AA0']","['V', 'CH', 'AA']",1,CCV,3
8705,"['AA0', 'V', 'CH']","['AA', 'V', 'CH']",-1,VCC,3
8706,"['V', 'CH', 'AY0']","['V', 'CH', 'AY']",1,CCV,3
8707,"['AY0', 'V', 'CH']","['AY', 'V', 'CH']",-1,VCC,3
8708,"['V', 'CH', 'ER0']","['V', 'CH', 'ER']",1,CCV,3
8709,"['ER0', 'V', 'CH']","['ER', 'V', 'CH']",-1,VCC,3
8710,"['V', 'CH', 'AO0']","['V', 'CH', 'AO']",1,CCV,3
8711,"['AO0', 'V', 'CH']","['AO', 'V', 'CH']",-1,VCC,3
8712,"['V', 'CH', 'UW0']","['V', 'CH', 'UW']",1,CCV,3
8713,"['UW0', 'V', 'CH']","['UW', 'V', 'CH']",-1,VCC,3
8714,"['V', 'CH', 'IH0']","['V', 'CH', 'IH']",1,CCV,3
8715,"['IH0', 'V', 'CH']","['IH', 'V', 'CH']",-1,VCC,3
8716,"['V', 'CH', 'EH0']","['V', 'CH', 'EH']",1,CCV,3
8717,"['EH0', 'V', 'CH']","['EH', 'V', 'CH']",-1,VCC,3
8718,"['V', 'CH', 'UH0']","['V', 'CH', 'UH']",1,CCV,3
8719,"['UH0', 'V', 'CH']","['UH', 'V', 'CH']",-1,VCC,3
8720,"['V', 'CH', 'IY0']","['V', 'CH', 'IY']",1,CCV,3
8721,"['IY0', 'V', 'CH']","['IY', 'V', 'CH']",-1,VCC,3
8722,"['V', 'CH', 'EY0']","['V', 'CH', 'EY']",1,CCV,3
8723,"['EY0', 'V', 'CH']","['EY', 'V', 'CH']",-1,VCC,3
8724,"['V', 'CH', 'OW0']","['V', 'CH', 'OW']",1,CCV,3
8725,"['OW0', 'V', 'CH']","['OW', 'V', 'CH']",-1,VCC,3
8726,"['V', 'CH', 'AE0']","['V', 'CH', 'AE']",1,CCV,3
8727,"['AE0', 'V', 'CH']","['AE', 'V', 'CH']",-1,VCC,3
8728,"['V', 'CH', 'AW0']","['V', 'CH', 'AW']",1,CCV,3
8729,"['AW0', 'V', 'CH']","['AW', 'V', 'CH']",-1,VCC,3
8730,"['V', 'JH', 'AH0']","['V', 'JH', 'AH']",1,CCV,3
8731,"['AH0', 'V', 'JH']","['AH', 'V', 'JH']",-1,VCC,3
8732,"['V', 'JH', 'OY0']","['V', 'JH', 'OY']",1,CCV,3
8733,"['OY0', 'V', 'JH']","['OY', 'V', 'JH']",-1,VCC,3
8734,"['V', 'JH', 'AA0']","['V', 'JH', 'AA']",1,CCV,3
8735,"['AA0', 'V', 'JH']","['AA', 'V', 'JH']",-1,VCC,3
8736,"['V', 'JH', 'AY0']","['V', 'JH', 'AY']",1,CCV,3
8737,"['AY0', 'V', 'JH']","['AY', 'V', 'JH']",-1,VCC,3
8738,"['V', 'JH', 'ER0']","['V', 'JH', 'ER']",1,CCV,3
8739,"['ER0', 'V', 'JH']","['ER', 'V', 'JH']",-1,VCC,3
8740,"['V', 'JH', 'AO0']","['V', 'JH', 'AO']",1,CCV,3
8741,"['AO0', 'V', 'JH']","['AO', 'V', 'JH']",-1,VCC,3
8742,"['V', 'JH', 'UW0']","['V', 'JH', 'UW']",1,CCV,3
8743,"['UW0', 'V', 'JH']","['UW', 'V', 'JH']",-1,VCC,3
8744,"['V', 'JH', 'IH0']","['V', 'JH', 'IH']",1,CCV,3
8745,"['IH0', 'V', 'JH']","['IH', 'V', 'JH']",-1,VCC,3
8746,"['V', 'JH', 'EH0']","['V', 'JH', 'EH']",1,CCV,3
8747,"['EH0', 'V', 'JH']","['EH', 'V', 'JH']",-1,VCC,3
8748,"['V', 'JH', 'UH0']","['V', 'JH', 'UH']",1,CCV,3
8749,"['UH0', 'V', 'JH']","['UH', 'V', 'JH']",-1,VCC,3
8750,"['V', 'JH', 'IY0']","['V', 'JH', 'IY']",1,CCV,3
8751,"['IY0', 'V', 'JH']","['IY', 'V', 'JH']",-1,VCC,3
8752,"['V', 'JH', 'EY0']","['V', 'JH', 'EY']",1,CCV,3
8753,"['EY0', 'V', 'JH']","['EY', 'V', 'JH']",-1,VCC,3
8754,"['V', 'JH', 'OW0']","['V', 'JH', 'OW']",1,CCV,3
8755,"['OW0', 'V', 'JH']","['OW', 'V', 'JH']",-1,VCC,3
8756,"['V', 'JH', 'AE0']","['V', 'JH', 'AE']",1,CCV,3
8757,"['AE0', 'V', 'JH']","['AE', 'V', 'JH']",-1,VCC,3
8758,"['V', 'JH', 'AW0']","['V', 'JH', 'AW']",1,CCV,3
8759,"['AW0', 'V', 'JH']","['AW', 'V', 'JH']",-1,VCC,3
8760,"['V', 'M', 'AH0']","['V', 'M', 'AH']",2,CCV,3
8761,"['AH0', 'V', 'M']","['AH', 'V', 'M']",-2,VCC,3
8762,"['V', 'M', 'OY0']","['V', 'M', 'OY']",2,CCV,3
8763,"['OY0', 'V', 'M']","['OY', 'V', 'M']",-2,VCC,3
8764,"['V', 'M', 'AA0']","['V', 'M', 'AA']",2,CCV,3
8765,"['AA0', 'V', 'M']","['AA', 'V', 'M']",-2,VCC,3
8766,"['V', 'M', 'AY0']","['V', 'M', 'AY']",2,CCV,3
8767,"['AY0', 'V', 'M']","['AY', 'V', 'M']",-2,VCC,3
8768,"['V', 'M', 'ER0']","['V', 'M', 'ER']",2,CCV,3
8769,"['ER0', 'V', 'M']","['ER', 'V', 'M']",-2,VCC,3
8770,"['V', 'M', 'AO0']","['V', 'M', 'AO']",2,CCV,3
8771,"['AO0', 'V', 'M']","['AO', 'V', 'M']",-2,VCC,3
8772,"['V', 'M', 'UW0']","['V', 'M', 'UW']",2,CCV,3
8773,"['UW0', 'V', 'M']","['UW', 'V', 'M']",-2,VCC,3
8774,"['V', 'M', 'IH0']","['V', 'M', 'IH']",2,CCV,3
8775,"['IH0', 'V', 'M']","['IH', 'V', 'M']",-2,VCC,3
8776,"['V', 'M', 'EH0']","['V', 'M', 'EH']",2,CCV,3
8777,"['EH0', 'V', 'M']","['EH', 'V', 'M']",-2,VCC,3
8778,"['V', 'M', 'UH0']","['V', 'M', 'UH']",2,CCV,3
8779,"['UH0', 'V', 'M']","['UH', 'V', 'M']",-2,VCC,3
8780,"['V', 'M', 'IY0']","['V', 'M', 'IY']",2,CCV,3
8781,"['IY0', 'V', 'M']","['IY', 'V', 'M']",-2,VCC,3
8782,"['V', 'M', 'EY0']","['V', 'M', 'EY']",2,CCV,3
8783,"['EY0', 'V', 'M']","['EY', 'V', 'M']",-2,VCC,3
8784,"['V', 'M', 'OW0']","['V', 'M', 'OW']",2,CCV,3
8785,"['OW0', 'V', 'M']","['OW', 'V', 'M']",-2,VCC,3
8786,"['V', 'M', 'AE0']","['V', 'M', 'AE']",2,CCV,3
8787,"['AE0', 'V', 'M']","['AE', 'V', 'M']",-2,VCC,3
8788,"['V', 'M', 'AW0']","['V', 'M', 'AW']",2,CCV,3
8789,"['AW0', 'V', 'M']","['AW', 'V', 'M']",-2,VCC,3
8790,"['V', 'N', 'AH0']","['V', 'N', 'AH']",2,CCV,3
8791,"['AH0', 'V', 'N']","['AH', 'V', 'N']",-2,VCC,3
8792,"['V', 'N', 'OY0']","['V', 'N', 'OY']",2,CCV,3
8793,"['OY0', 'V', 'N']","['OY', 'V', 'N']",-2,VCC,3
8794,"['V', 'N', 'AA0']","['V', 'N', 'AA']",2,CCV,3
8795,"['AA0', 'V', 'N']","['AA', 'V', 'N']",-2,VCC,3
8796,"['V', 'N', 'AY0']","['V', 'N', 'AY']",2,CCV,3
8797,"['AY0', 'V', 'N']","['AY', 'V', 'N']",-2,VCC,3
8798,"['V', 'N', 'ER0']","['V', 'N', 'ER']",2,CCV,3
8799,"['ER0', 'V', 'N']","['ER', 'V', 'N']",-2,VCC,3
8800,"['V', 'N', 'AO0']","['V', 'N', 'AO']",2,CCV,3
8801,"['AO0', 'V', 'N']","['AO', 'V', 'N']",-2,VCC,3
8802,"['V', 'N', 'UW0']","['V', 'N', 'UW']",2,CCV,3
8803,"['UW0', 'V', 'N']","['UW', 'V', 'N']",-2,VCC,3
8804,"['V', 'N', 'IH0']","['V', 'N', 'IH']",2,CCV,3
8805,"['IH0', 'V', 'N']","['IH', 'V', 'N']",-2,VCC,3
8806,"['V', 'N', 'EH0']","['V', 'N', 'EH']",2,CCV,3
8807,"['EH0', 'V', 'N']","['EH', 'V', 'N']",-2,VCC,3
8808,"['V', 'N', 'UH0']","['V', 'N', 'UH']",2,CCV,3
8809,"['UH0', 'V', 'N']","['UH', 'V', 'N']",-2,VCC,3
8810,"['V', 'N', 'IY0']","['V', 'N', 'IY']",2,CCV,3
8811,"['IY0', 'V', 'N']","['IY', 'V', 'N']",-2,VCC,3
8812,"['V', 'N', 'EY0']","['V', 'N', 'EY']",2,CCV,3
8813,"['EY0', 'V', 'N']","['EY', 'V', 'N']",-2,VCC,3
8814,"['V', 'N', 'OW0']","['V', 'N', 'OW']",2,CCV,3
8815,"['OW0', 'V', 'N']","['OW', 'V', 'N']",-2,VCC,3
8816,"['V', 'N', 'AE0']","['V', 'N', 'AE']",2,CCV,3
8817,"['AE0', 'V', 'N']","['AE', 'V', 'N']",-2,VCC,3
8818,"['V', 'N', 'AW0']","['V', 'N', 'AW']",2,CCV,3
8819,"['AW0', 'V', 'N']","['AW', 'V', 'N']",-2,VCC,3
8820,"['V', 'NG', 'AH0']","['V', 'NG', 'AH']",2,CCV,3
8821,"['AH0', 'V', 'NG']","['AH', 'V', 'NG']",-2,VCC,3
8822,"['V', 'NG', 'OY0']","['V', 'NG', 'OY']",2,CCV,3
8823,"['OY0', 'V', 'NG']","['OY', 'V', 'NG']",-2,VCC,3
8824,"['V', 'NG', 'AA0']","['V', 'NG', 'AA']",2,CCV,3
8825,"['AA0', 'V', 'NG']","['AA', 'V', 'NG']",-2,VCC,3
8826,"['V', 'NG', 'AY0']","['V', 'NG', 'AY']",2,CCV,3
8827,"['AY0', 'V', 'NG']","['AY', 'V', 'NG']",-2,VCC,3
8828,"['V', 'NG', 'ER0']","['V', 'NG', 'ER']",2,CCV,3
8829,"['ER0', 'V', 'NG']","['ER', 'V', 'NG']",-2,VCC,3
8830,"['V', 'NG', 'AO0']","['V', 'NG', 'AO']",2,CCV,3
8831,"['AO0', 'V', 'NG']","['AO', 'V', 'NG']",-2,VCC,3
8832,"['V', 'NG', 'UW0']","['V', 'NG', 'UW']",2,CCV,3
8833,"['UW0', 'V', 'NG']","['UW', 'V', 'NG']",-2,VCC,3
8834,"['V', 'NG', 'IH0']","['V', 'NG', 'IH']",2,CCV,3
8835,"['IH0', 'V', 'NG']","['IH', 'V', 'NG']",-2,VCC,3
8836,"['V', 'NG', 'EH0']","['V', 'NG', 'EH']",2,CCV,3
8837,"['EH0', 'V', 'NG']","['EH', 'V', 'NG']",-2,VCC,3
8838,"['V', 'NG', 'UH0']","['V', 'NG', 'UH']",2,CCV,3
8839,"['UH0', 'V', 'NG']","['UH', 'V', 'NG']",-2,VCC,3
8840,"['V', 'NG', 'IY0']","['V', 'NG', 'IY']",2,CCV,3
8841,"['IY0', 'V', 'NG']","['IY', 'V', 'NG']",-2,VCC,3
8842,"['V', 'NG', 'EY0']","['V', 'NG', 'EY']",2,CCV,3
8843,"['EY0', 'V', 'NG']","['EY', 'V', 'NG']",-2,VCC,3
8844,"['V', 'NG', 'OW0']","['V', 'NG', 'OW']",2,CCV,3
8845,"['OW0', 'V', 'NG']","['OW', 'V', 'NG']",-2,VCC,3
8846,"['V', 'NG', 'AE0']","['V', 'NG', 'AE']",2,CCV,3
8847,"['AE0', 'V', 'NG']","['AE', 'V', 'NG']",-2,VCC,3
8848,"['V', 'NG', 'AW0']","['V', 'NG', 'AW']",2,CCV,3
8849,"['AW0', 'V', 'NG']","['AW', 'V', 'NG']",-2,VCC,3
8850,"['V', 'L', 'AH0']","['V', 'L', 'AH']",3,CCV,3
8851,"['AH0', 'V', 'L']","['AH', 'V', 'L']",-3,VCC,3
8852,"['V', 'L', 'OY0']","['V', 'L', 'OY']",3,CCV,3
8853,"['OY0', 'V', 'L']","['OY', 'V', 'L']",-3,VCC,3
8854,"['V', 'L', 'AA0']","['V', 'L', 'AA']",3,CCV,3
8855,"['AA0', 'V', 'L']","['AA', 'V', 'L']",-3,VCC,3
8856,"['V', 'L', 'AY0']","['V', 'L', 'AY']",3,CCV,3
8857,"['AY0', 'V', 'L']","['AY', 'V', 'L']",-3,VCC,3
8858,"['V', 'L', 'ER0']","['V', 'L', 'ER']",3,CCV,3
8859,"['ER0', 'V', 'L']","['ER', 'V', 'L']",-3,VCC,3
8860,"['V', 'L', 'AO0']","['V', 'L', 'AO']",3,CCV,3
8861,"['AO0', 'V', 'L']","['AO', 'V', 'L']",-3,VCC,3
8862,"['V', 'L', 'UW0']","['V', 'L', 'UW']",3,CCV,3
8863,"['UW0', 'V', 'L']","['UW', 'V', 'L']",-3,VCC,3
8864,"['V', 'L', 'IH0']","['V', 'L', 'IH']",3,CCV,3
8865,"['IH0', 'V', 'L']","['IH', 'V', 'L']",-3,VCC,3
8866,"['V', 'L', 'EH0']","['V', 'L', 'EH']",3,CCV,3
8867,"['EH0', 'V', 'L']","['EH', 'V', 'L']",-3,VCC,3
8868,"['V', 'L', 'UH0']","['V', 'L', 'UH']",3,CCV,3
8869,"['UH0', 'V', 'L']","['UH', 'V', 'L']",-3,VCC,3
8870,"['V', 'L', 'IY0']","['V', 'L', 'IY']",3,CCV,3
8871,"['IY0', 'V', 'L']","['IY', 'V', 'L']",-3,VCC,3
8872,"['V', 'L', 'EY0']","['V', 'L', 'EY']",3,CCV,3
8873,"['EY0', 'V', 'L']","['EY', 'V', 'L']",-3,VCC,3
8874,"['V', 'L', 'OW0']","['V', 'L', 'OW']",3,CCV,3
8875,"['OW0', 'V', 'L']","['OW', 'V', 'L']",-3,VCC,3
8876,"['V', 'L', 'AE0']","['V', 'L', 'AE']",3,CCV,3
8877,"['AE0', 'V', 'L']","['AE', 'V', 'L']",-3,VCC,3
8878,"['V', 'L', 'AW0']","['V', 'L', 'AW']",3,CCV,3
8879,"['AW0', 'V', 'L']","['AW', 'V', 'L']",-3,VCC,3
8880,"['V', 'R', 'AH0']","['V', 'R', 'AH']",3,CCV,3
8881,"['AH0', 'V', 'R']","['AH', 'V', 'R']",-3,VCC,3
8882,"['V', 'R', 'OY0']","['V', 'R', 'OY']",3,CCV,3
8883,"['OY0', 'V', 'R']","['OY', 'V', 'R']",-3,VCC,3
8884,"['V', 'R', 'AA0']","['V', 'R', 'AA']",3,CCV,3
8885,"['AA0', 'V', 'R']","['AA', 'V', 'R']",-3,VCC,3
8886,"['V', 'R', 'AY0']","['V', 'R', 'AY']",3,CCV,3
8887,"['AY0', 'V', 'R']","['AY', 'V', 'R']",-3,VCC,3
8888,"['V', 'R', 'ER0']","['V', 'R', 'ER']",3,CCV,3
8889,"['ER0', 'V', 'R']","['ER', 'V', 'R']",-3,VCC,3
8890,"['V', 'R', 'AO0']","['V', 'R', 'AO']",3,CCV,3
8891,"['AO0', 'V', 'R']","['AO', 'V', 'R']",-3,VCC,3
8892,"['V', 'R', 'UW0']","['V', 'R', 'UW']",3,CCV,3
8893,"['UW0', 'V', 'R']","['UW', 'V', 'R']",-3,VCC,3
8894,"['V', 'R', 'IH0']","['V', 'R', 'IH']",3,CCV,3
8895,"['IH0', 'V', 'R']","['IH', 'V', 'R']",-3,VCC,3
8896,"['V', 'R', 'EH0']","['V', 'R', 'EH']",3,CCV,3
8897,"['EH0', 'V', 'R']","['EH', 'V', 'R']",-3,VCC,3
8898,"['V', 'R', 'UH0']","['V', 'R', 'UH']",3,CCV,3
8899,"['UH0', 'V', 'R']","['UH', 'V', 'R']",-3,VCC,3
8900,"['V', 'R', 'IY0']","['V', 'R', 'IY']",3,CCV,3
8901,"['IY0', 'V', 'R']","['IY', 'V', 'R']",-3,VCC,3
8902,"['V', 'R', 'EY0']","['V', 'R', 'EY']",3,CCV,3
8903,"['EY0', 'V', 'R']","['EY', 'V', 'R']",-3,VCC,3
8904,"['V', 'R', 'OW0']","['V', 'R', 'OW']",3,CCV,3
8905,"['OW0', 'V', 'R']","['OW', 'V', 'R']",-3,VCC,3
8906,"['V', 'R', 'AE0']","['V', 'R', 'AE']",3,CCV,3
8907,"['AE0', 'V', 'R']","['AE', 'V', 'R']",-3,VCC,3
8908,"['V', 'R', 'AW0']","['V', 'R', 'AW']",3,CCV,3
8909,"['AW0', 'V', 'R']","['AW', 'V', 'R']",-3,VCC,3
8910,"['V', 'W', 'AH0']","['V', 'W', 'AH']",4,CCV,3
8911,"['AH0', 'V', 'W']","['AH', 'V', 'W']",-4,VCC,3
8912,"['V', 'W', 'OY0']","['V', 'W', 'OY']",4,CCV,3
8913,"['OY0', 'V', 'W']","['OY', 'V', 'W']",-4,VCC,3
8914,"['V', 'W', 'AA0']","['V', 'W', 'AA']",4,CCV,3
8915,"['AA0', 'V', 'W']","['AA', 'V', 'W']",-4,VCC,3
8916,"['V', 'W', 'AY0']","['V', 'W', 'AY']",4,CCV,3
8917,"['AY0', 'V', 'W']","['AY', 'V', 'W']",-4,VCC,3
8918,"['V', 'W', 'ER0']","['V', 'W', 'ER']",4,CCV,3
8919,"['ER0', 'V', 'W']","['ER', 'V', 'W']",-4,VCC,3
8920,"['V', 'W', 'AO0']","['V', 'W', 'AO']",4,CCV,3
8921,"['AO0', 'V', 'W']","['AO', 'V', 'W']",-4,VCC,3
8922,"['V', 'W', 'UW0']","['V', 'W', 'UW']",4,CCV,3
8923,"['UW0', 'V', 'W']","['UW', 'V', 'W']",-4,VCC,3
8924,"['V', 'W', 'IH0']","['V', 'W', 'IH']",4,CCV,3
8925,"['IH0', 'V', 'W']","['IH', 'V', 'W']",-4,VCC,3
8926,"['V', 'W', 'EH0']","['V', 'W', 'EH']",4,CCV,3
8927,"['EH0', 'V', 'W']","['EH', 'V', 'W']",-4,VCC,3
8928,"['V', 'W', 'UH0']","['V', 'W', 'UH']",4,CCV,3
8929,"['UH0', 'V', 'W']","['UH', 'V', 'W']",-4,VCC,3
8930,"['V', 'W', 'IY0']","['V', 'W', 'IY']",4,CCV,3
8931,"['IY0', 'V', 'W']","['IY', 'V', 'W']",-4,VCC,3
8932,"['V', 'W', 'EY0']","['V', 'W', 'EY']",4,CCV,3
8933,"['EY0', 'V', 'W']","['EY', 'V', 'W']",-4,VCC,3
8934,"['V', 'W', 'OW0']","['V', 'W', 'OW']",4,CCV,3
8935,"['OW0', 'V', 'W']","['OW', 'V', 'W']",-4,VCC,3
8936,"['V', 'W', 'AE0']","['V', 'W', 'AE']",4,CCV,3
8937,"['AE0', 'V', 'W']","['AE', 'V', 'W']",-4,VCC,3
8938,"['V', 'W', 'AW0']","['V', 'W', 'AW']",4,CCV,3
8939,"['AW0', 'V', 'W']","['AW', 'V', 'W']",-4,VCC,3
8940,"['V', 'Y', 'AH0']","['V', 'Y', 'AH']",4,CCV,3
8941,"['AH0', 'V', 'Y']","['AH', 'V', 'Y']",-4,VCC,3
8942,"['V', 'Y', 'OY0']","['V', 'Y', 'OY']",4,CCV,3
8943,"['OY0', 'V', 'Y']","['OY', 'V', 'Y']",-4,VCC,3
8944,"['V', 'Y', 'AA0']","['V', 'Y', 'AA']",4,CCV,3
8945,"['AA0', 'V', 'Y']","['AA', 'V', 'Y']",-4,VCC,3
8946,"['V', 'Y', 'AY0']","['V', 'Y', 'AY']",4,CCV,3
8947,"['AY0', 'V', 'Y']","['AY', 'V', 'Y']",-4,VCC,3
8948,"['V', 'Y', 'ER0']","['V', 'Y', 'ER']",4,CCV,3
8949,"['ER0', 'V', 'Y']","['ER', 'V', 'Y']",-4,VCC,3
8950,"['V', 'Y', 'AO0']","['V', 'Y', 'AO']",4,CCV,3
8951,"['AO0', 'V', 'Y']","['AO', 'V', 'Y']",-4,VCC,3
8952,"['V', 'Y', 'UW0']","['V', 'Y', 'UW']",4,CCV,3
8953,"['UW0', 'V', 'Y']","['UW', 'V', 'Y']",-4,VCC,3
8954,"['V', 'Y', 'IH0']","['V', 'Y', 'IH']",4,CCV,3
8955,"['IH0', 'V', 'Y']","['IH', 'V', 'Y']",-4,VCC,3
8956,"['V', 'Y', 'EH0']","['V', 'Y', 'EH']",4,CCV,3
8957,"['EH0', 'V', 'Y']","['EH', 'V', 'Y']",-4,VCC,3
8958,"['V', 'Y', 'UH0']","['V', 'Y', 'UH']",4,CCV,3
8959,"['UH0', 'V', 'Y']","['UH', 'V', 'Y']",-4,VCC,3
8960,"['V', 'Y', 'IY0']","['V', 'Y', 'IY']",4,CCV,3
8961,"['IY0', 'V', 'Y']","['IY', 'V', 'Y']",-4,VCC,3
8962,"['V', 'Y', 'EY0']","['V', 'Y', 'EY']",4,CCV,3
8963,"['EY0', 'V', 'Y']","['EY', 'V', 'Y']",-4,VCC,3
8964,"['V', 'Y', 'OW0']","['V', 'Y', 'OW']",4,CCV,3
8965,"['OW0', 'V', 'Y']","['OW', 'V', 'Y']",-4,VCC,3
8966,"['V', 'Y', 'AE0']","['V', 'Y', 'AE']",4,CCV,3
8967,"['AE0', 'V', 'Y']","['AE', 'V', 'Y']",-4,VCC,3
8968,"['V', 'Y', 'AW0']","['V', 'Y', 'AW']",4,CCV,3
8969,"['AW0', 'V', 'Y']","['AW', 'V', 'Y']",-4,VCC,3
8970,"['DH', 'P', 'AH0']","['DH', 'P', 'AH']",-1,CCV,3
8971,"['AH0', 'DH', 'P']","['AH', 'DH', 'P']",1,VCC,3
8972,"['DH', 'P', 'OY0']","['DH', 'P', 'OY']",-1,CCV,3
8973,"['OY0', 'DH', 'P']","['OY', 'DH', 'P']",1,VCC,3
8974,"['DH', 'P', 'AA0']","['DH', 'P', 'AA']",-1,CCV,3
8975,"['AA0', 'DH', 'P']","['AA', 'DH', 'P']",1,VCC,3
8976,"['DH', 'P', 'AY0']","['DH', 'P', 'AY']",-1,CCV,3
8977,"['AY0', 'DH', 'P']","['AY', 'DH', 'P']",1,VCC,3
8978,"['DH', 'P', 'ER0']","['DH', 'P', 'ER']",-1,CCV,3
8979,"['ER0', 'DH', 'P']","['ER', 'DH', 'P']",1,VCC,3
8980,"['DH', 'P', 'AO0']","['DH', 'P', 'AO']",-1,CCV,3
8981,"['AO0', 'DH', 'P']","['AO', 'DH', 'P']",1,VCC,3
8982,"['DH', 'P', 'UW0']","['DH', 'P', 'UW']",-1,CCV,3
8983,"['UW0', 'DH', 'P']","['UW', 'DH', 'P']",1,VCC,3
8984,"['DH', 'P', 'IH0']","['DH', 'P', 'IH']",-1,CCV,3
8985,"['IH0', 'DH', 'P']","['IH', 'DH', 'P']",1,VCC,3
8986,"['DH', 'P', 'EH0']","['DH', 'P', 'EH']",-1,CCV,3
8987,"['EH0', 'DH', 'P']","['EH', 'DH', 'P']",1,VCC,3
8988,"['DH', 'P', 'UH0']","['DH', 'P', 'UH']",-1,CCV,3
8989,"['UH0', 'DH', 'P']","['UH', 'DH', 'P']",1,VCC,3
8990,"['DH', 'P', 'IY0']","['DH', 'P', 'IY']",-1,CCV,3
8991,"['IY0', 'DH', 'P']","['IY', 'DH', 'P']",1,VCC,3
8992,"['DH', 'P', 'EY0']","['DH', 'P', 'EY']",-1,CCV,3
8993,"['EY0', 'DH', 'P']","['EY', 'DH', 'P']",1,VCC,3
8994,"['DH', 'P', 'OW0']","['DH', 'P', 'OW']",-1,CCV,3
8995,"['OW0', 'DH', 'P']","['OW', 'DH', 'P']",1,VCC,3
8996,"['DH', 'P', 'AE0']","['DH', 'P', 'AE']",-1,CCV,3
8997,"['AE0', 'DH', 'P']","['AE', 'DH', 'P']",1,VCC,3
8998,"['DH', 'P', 'AW0']","['DH', 'P', 'AW']",-1,CCV,3
8999,"['AW0', 'DH', 'P']","['AW', 'DH', 'P']",1,VCC,3
9000,"['DH', 'T', 'AH0']","['DH', 'T', 'AH']",-1,CCV,3
9001,"['AH0', 'DH', 'T']","['AH', 'DH', 'T']",1,VCC,3
9002,"['DH', 'T', 'OY0']","['DH', 'T', 'OY']",-1,CCV,3
9003,"['OY0', 'DH', 'T']","['OY', 'DH', 'T']",1,VCC,3
9004,"['DH', 'T', 'AA0']","['DH', 'T', 'AA']",-1,CCV,3
9005,"['AA0', 'DH', 'T']","['AA', 'DH', 'T']",1,VCC,3
9006,"['DH', 'T', 'AY0']","['DH', 'T', 'AY']",-1,CCV,3
9007,"['AY0', 'DH', 'T']","['AY', 'DH', 'T']",1,VCC,3
9008,"['DH', 'T', 'ER0']","['DH', 'T', 'ER']",-1,CCV,3
9009,"['ER0', 'DH', 'T']","['ER', 'DH', 'T']",1,VCC,3
9010,"['DH', 'T', 'AO0']","['DH', 'T', 'AO']",-1,CCV,3
9011,"['AO0', 'DH', 'T']","['AO', 'DH', 'T']",1,VCC,3
9012,"['DH', 'T', 'UW0']","['DH', 'T', 'UW']",-1,CCV,3
9013,"['UW0', 'DH', 'T']","['UW', 'DH', 'T']",1,VCC,3
9014,"['DH', 'T', 'IH0']","['DH', 'T', 'IH']",-1,CCV,3
9015,"['IH0', 'DH', 'T']","['IH', 'DH', 'T']",1,VCC,3
9016,"['DH', 'T', 'EH0']","['DH', 'T', 'EH']",-1,CCV,3
9017,"['EH0', 'DH', 'T']","['EH', 'DH', 'T']",1,VCC,3
9018,"['DH', 'T', 'UH0']","['DH', 'T', 'UH']",-1,CCV,3
9019,"['UH0', 'DH', 'T']","['UH', 'DH', 'T']",1,VCC,3
9020,"['DH', 'T', 'IY0']","['DH', 'T', 'IY']",-1,CCV,3
9021,"['IY0', 'DH', 'T']","['IY', 'DH', 'T']",1,VCC,3
9022,"['DH', 'T', 'EY0']","['DH', 'T', 'EY']",-1,CCV,3
9023,"['EY0', 'DH', 'T']","['EY', 'DH', 'T']",1,VCC,3
9024,"['DH', 'T', 'OW0']","['DH', 'T', 'OW']",-1,CCV,3
9025,"['OW0', 'DH', 'T']","['OW', 'DH', 'T']",1,VCC,3
9026,"['DH', 'T', 'AE0']","['DH', 'T', 'AE']",-1,CCV,3
9027,"['AE0', 'DH', 'T']","['AE', 'DH', 'T']",1,VCC,3
9028,"['DH', 'T', 'AW0']","['DH', 'T', 'AW']",-1,CCV,3
9029,"['AW0', 'DH', 'T']","['AW', 'DH', 'T']",1,VCC,3
9030,"['DH', 'K', 'AH0']","['DH', 'K', 'AH']",-1,CCV,3
9031,"['AH0', 'DH', 'K']","['AH', 'DH', 'K']",1,VCC,3
9032,"['DH', 'K', 'OY0']","['DH', 'K', 'OY']",-1,CCV,3
9033,"['OY0', 'DH', 'K']","['OY', 'DH', 'K']",1,VCC,3
9034,"['DH', 'K', 'AA0']","['DH', 'K', 'AA']",-1,CCV,3
9035,"['AA0', 'DH', 'K']","['AA', 'DH', 'K']",1,VCC,3
9036,"['DH', 'K', 'AY0']","['DH', 'K', 'AY']",-1,CCV,3
9037,"['AY0', 'DH', 'K']","['AY', 'DH', 'K']",1,VCC,3
9038,"['DH', 'K', 'ER0']","['DH', 'K', 'ER']",-1,CCV,3
9039,"['ER0', 'DH', 'K']","['ER', 'DH', 'K']",1,VCC,3
9040,"['DH', 'K', 'AO0']","['DH', 'K', 'AO']",-1,CCV,3
9041,"['AO0', 'DH', 'K']","['AO', 'DH', 'K']",1,VCC,3
9042,"['DH', 'K', 'UW0']","['DH', 'K', 'UW']",-1,CCV,3
9043,"['UW0', 'DH', 'K']","['UW', 'DH', 'K']",1,VCC,3
9044,"['DH', 'K', 'IH0']","['DH', 'K', 'IH']",-1,CCV,3
9045,"['IH0', 'DH', 'K']","['IH', 'DH', 'K']",1,VCC,3
9046,"['DH', 'K', 'EH0']","['DH', 'K', 'EH']",-1,CCV,3
9047,"['EH0', 'DH', 'K']","['EH', 'DH', 'K']",1,VCC,3
9048,"['DH', 'K', 'UH0']","['DH', 'K', 'UH']",-1,CCV,3
9049,"['UH0', 'DH', 'K']","['UH', 'DH', 'K']",1,VCC,3
9050,"['DH', 'K', 'IY0']","['DH', 'K', 'IY']",-1,CCV,3
9051,"['IY0', 'DH', 'K']","['IY', 'DH', 'K']",1,VCC,3
9052,"['DH', 'K', 'EY0']","['DH', 'K', 'EY']",-1,CCV,3
9053,"['EY0', 'DH', 'K']","['EY', 'DH', 'K']",1,VCC,3
9054,"['DH', 'K', 'OW0']","['DH', 'K', 'OW']",-1,CCV,3
9055,"['OW0', 'DH', 'K']","['OW', 'DH', 'K']",1,VCC,3
9056,"['DH', 'K', 'AE0']","['DH', 'K', 'AE']",-1,CCV,3
9057,"['AE0', 'DH', 'K']","['AE', 'DH', 'K']",1,VCC,3
9058,"['DH', 'K', 'AW0']","['DH', 'K', 'AW']",-1,CCV,3
9059,"['AW0', 'DH', 'K']","['AW', 'DH', 'K']",1,VCC,3
9060,"['DH', 'B', 'AH0']","['DH', 'B', 'AH']",-1,CCV,3
9061,"['AH0', 'DH', 'B']","['AH', 'DH', 'B']",1,VCC,3
9062,"['DH', 'B', 'OY0']","['DH', 'B', 'OY']",-1,CCV,3
9063,"['OY0', 'DH', 'B']","['OY', 'DH', 'B']",1,VCC,3
9064,"['DH', 'B', 'AA0']","['DH', 'B', 'AA']",-1,CCV,3
9065,"['AA0', 'DH', 'B']","['AA', 'DH', 'B']",1,VCC,3
9066,"['DH', 'B', 'AY0']","['DH', 'B', 'AY']",-1,CCV,3
9067,"['AY0', 'DH', 'B']","['AY', 'DH', 'B']",1,VCC,3
9068,"['DH', 'B', 'ER0']","['DH', 'B', 'ER']",-1,CCV,3
9069,"['ER0', 'DH', 'B']","['ER', 'DH', 'B']",1,VCC,3
9070,"['DH', 'B', 'AO0']","['DH', 'B', 'AO']",-1,CCV,3
9071,"['AO0', 'DH', 'B']","['AO', 'DH', 'B']",1,VCC,3
9072,"['DH', 'B', 'UW0']","['DH', 'B', 'UW']",-1,CCV,3
9073,"['UW0', 'DH', 'B']","['UW', 'DH', 'B']",1,VCC,3
9074,"['DH', 'B', 'IH0']","['DH', 'B', 'IH']",-1,CCV,3
9075,"['IH0', 'DH', 'B']","['IH', 'DH', 'B']",1,VCC,3
9076,"['DH', 'B', 'EH0']","['DH', 'B', 'EH']",-1,CCV,3
9077,"['EH0', 'DH', 'B']","['EH', 'DH', 'B']",1,VCC,3
9078,"['DH', 'B', 'UH0']","['DH', 'B', 'UH']",-1,CCV,3
9079,"['UH0', 'DH', 'B']","['UH', 'DH', 'B']",1,VCC,3
9080,"['DH', 'B', 'IY0']","['DH', 'B', 'IY']",-1,CCV,3
9081,"['IY0', 'DH', 'B']","['IY', 'DH', 'B']",1,VCC,3
9082,"['DH', 'B', 'EY0']","['DH', 'B', 'EY']",-1,CCV,3
9083,"['EY0', 'DH', 'B']","['EY', 'DH', 'B']",1,VCC,3
9084,"['DH', 'B', 'OW0']","['DH', 'B', 'OW']",-1,CCV,3
9085,"['OW0', 'DH', 'B']","['OW', 'DH', 'B']",1,VCC,3
9086,"['DH', 'B', 'AE0']","['DH', 'B', 'AE']",-1,CCV,3
9087,"['AE0', 'DH', 'B']","['AE', 'DH', 'B']",1,VCC,3
9088,"['DH', 'B', 'AW0']","['DH', 'B', 'AW']",-1,CCV,3
9089,"['AW0', 'DH', 'B']","['AW', 'DH', 'B']",1,VCC,3
9090,"['DH', 'D', 'AH0']","['DH', 'D', 'AH']",-1,CCV,3
9091,"['AH0', 'DH', 'D']","['AH', 'DH', 'D']",1,VCC,3
9092,"['DH', 'D', 'OY0']","['DH', 'D', 'OY']",-1,CCV,3
9093,"['OY0', 'DH', 'D']","['OY', 'DH', 'D']",1,VCC,3
9094,"['DH', 'D', 'AA0']","['DH', 'D', 'AA']",-1,CCV,3
9095,"['AA0', 'DH', 'D']","['AA', 'DH', 'D']",1,VCC,3
9096,"['DH', 'D', 'AY0']","['DH', 'D', 'AY']",-1,CCV,3
9097,"['AY0', 'DH', 'D']","['AY', 'DH', 'D']",1,VCC,3
9098,"['DH', 'D', 'ER0']","['DH', 'D', 'ER']",-1,CCV,3
9099,"['ER0', 'DH', 'D']","['ER', 'DH', 'D']",1,VCC,3
9100,"['DH', 'D', 'AO0']","['DH', 'D', 'AO']",-1,CCV,3
9101,"['AO0', 'DH', 'D']","['AO', 'DH', 'D']",1,VCC,3
9102,"['DH', 'D', 'UW0']","['DH', 'D', 'UW']",-1,CCV,3
9103,"['UW0', 'DH', 'D']","['UW', 'DH', 'D']",1,VCC,3
9104,"['DH', 'D', 'IH0']","['DH', 'D', 'IH']",-1,CCV,3
9105,"['IH0', 'DH', 'D']","['IH', 'DH', 'D']",1,VCC,3
9106,"['DH', 'D', 'EH0']","['DH', 'D', 'EH']",-1,CCV,3
9107,"['EH0', 'DH', 'D']","['EH', 'DH', 'D']",1,VCC,3
9108,"['DH', 'D', 'UH0']","['DH', 'D', 'UH']",-1,CCV,3
9109,"['UH0', 'DH', 'D']","['UH', 'DH', 'D']",1,VCC,3
9110,"['DH', 'D', 'IY0']","['DH', 'D', 'IY']",-1,CCV,3
9111,"['IY0', 'DH', 'D']","['IY', 'DH', 'D']",1,VCC,3
9112,"['DH', 'D', 'EY0']","['DH', 'D', 'EY']",-1,CCV,3
9113,"['EY0', 'DH', 'D']","['EY', 'DH', 'D']",1,VCC,3
9114,"['DH', 'D', 'OW0']","['DH', 'D', 'OW']",-1,CCV,3
9115,"['OW0', 'DH', 'D']","['OW', 'DH', 'D']",1,VCC,3
9116,"['DH', 'D', 'AE0']","['DH', 'D', 'AE']",-1,CCV,3
9117,"['AE0', 'DH', 'D']","['AE', 'DH', 'D']",1,VCC,3
9118,"['DH', 'D', 'AW0']","['DH', 'D', 'AW']",-1,CCV,3
9119,"['AW0', 'DH', 'D']","['AW', 'DH', 'D']",1,VCC,3
9120,"['DH', 'G', 'AH0']","['DH', 'G', 'AH']",-1,CCV,3
9121,"['AH0', 'DH', 'G']","['AH', 'DH', 'G']",1,VCC,3
9122,"['DH', 'G', 'OY0']","['DH', 'G', 'OY']",-1,CCV,3
9123,"['OY0', 'DH', 'G']","['OY', 'DH', 'G']",1,VCC,3
9124,"['DH', 'G', 'AA0']","['DH', 'G', 'AA']",-1,CCV,3
9125,"['AA0', 'DH', 'G']","['AA', 'DH', 'G']",1,VCC,3
9126,"['DH', 'G', 'AY0']","['DH', 'G', 'AY']",-1,CCV,3
9127,"['AY0', 'DH', 'G']","['AY', 'DH', 'G']",1,VCC,3
9128,"['DH', 'G', 'ER0']","['DH', 'G', 'ER']",-1,CCV,3
9129,"['ER0', 'DH', 'G']","['ER', 'DH', 'G']",1,VCC,3
9130,"['DH', 'G', 'AO0']","['DH', 'G', 'AO']",-1,CCV,3
9131,"['AO0', 'DH', 'G']","['AO', 'DH', 'G']",1,VCC,3
9132,"['DH', 'G', 'UW0']","['DH', 'G', 'UW']",-1,CCV,3
9133,"['UW0', 'DH', 'G']","['UW', 'DH', 'G']",1,VCC,3
9134,"['DH', 'G', 'IH0']","['DH', 'G', 'IH']",-1,CCV,3
9135,"['IH0', 'DH', 'G']","['IH', 'DH', 'G']",1,VCC,3
9136,"['DH', 'G', 'EH0']","['DH', 'G', 'EH']",-1,CCV,3
9137,"['EH0', 'DH', 'G']","['EH', 'DH', 'G']",1,VCC,3
9138,"['DH', 'G', 'UH0']","['DH', 'G', 'UH']",-1,CCV,3
9139,"['UH0', 'DH', 'G']","['UH', 'DH', 'G']",1,VCC,3
9140,"['DH', 'G', 'IY0']","['DH', 'G', 'IY']",-1,CCV,3
9141,"['IY0', 'DH', 'G']","['IY', 'DH', 'G']",1,VCC,3
9142,"['DH', 'G', 'EY0']","['DH', 'G', 'EY']",-1,CCV,3
9143,"['EY0', 'DH', 'G']","['EY', 'DH', 'G']",1,VCC,3
9144,"['DH', 'G', 'OW0']","['DH', 'G', 'OW']",-1,CCV,3
9145,"['OW0', 'DH', 'G']","['OW', 'DH', 'G']",1,VCC,3
9146,"['DH', 'G', 'AE0']","['DH', 'G', 'AE']",-1,CCV,3
9147,"['AE0', 'DH', 'G']","['AE', 'DH', 'G']",1,VCC,3
9148,"['DH', 'G', 'AW0']","['DH', 'G', 'AW']",-1,CCV,3
9149,"['AW0', 'DH', 'G']","['AW', 'DH', 'G']",1,VCC,3
9150,"['DH', 'F', 'AH0']","['DH', 'F', 'AH']",0,CCV,3
9151,"['AH0', 'DH', 'F']","['AH', 'DH', 'F']",0,VCC,3
9152,"['DH', 'F', 'OY0']","['DH', 'F', 'OY']",0,CCV,3
9153,"['OY0', 'DH', 'F']","['OY', 'DH', 'F']",0,VCC,3
9154,"['DH', 'F', 'AA0']","['DH', 'F', 'AA']",0,CCV,3
9155,"['AA0', 'DH', 'F']","['AA', 'DH', 'F']",0,VCC,3
9156,"['DH', 'F', 'AY0']","['DH', 'F', 'AY']",0,CCV,3
9157,"['AY0', 'DH', 'F']","['AY', 'DH', 'F']",0,VCC,3
9158,"['DH', 'F', 'ER0']","['DH', 'F', 'ER']",0,CCV,3
9159,"['ER0', 'DH', 'F']","['ER', 'DH', 'F']",0,VCC,3
9160,"['DH', 'F', 'AO0']","['DH', 'F', 'AO']",0,CCV,3
9161,"['AO0', 'DH', 'F']","['AO', 'DH', 'F']",0,VCC,3
9162,"['DH', 'F', 'UW0']","['DH', 'F', 'UW']",0,CCV,3
9163,"['UW0', 'DH', 'F']","['UW', 'DH', 'F']",0,VCC,3
9164,"['DH', 'F', 'IH0']","['DH', 'F', 'IH']",0,CCV,3
9165,"['IH0', 'DH', 'F']","['IH', 'DH', 'F']",0,VCC,3
9166,"['DH', 'F', 'EH0']","['DH', 'F', 'EH']",0,CCV,3
9167,"['EH0', 'DH', 'F']","['EH', 'DH', 'F']",0,VCC,3
9168,"['DH', 'F', 'UH0']","['DH', 'F', 'UH']",0,CCV,3
9169,"['UH0', 'DH', 'F']","['UH', 'DH', 'F']",0,VCC,3
9170,"['DH', 'F', 'IY0']","['DH', 'F', 'IY']",0,CCV,3
9171,"['IY0', 'DH', 'F']","['IY', 'DH', 'F']",0,VCC,3
9172,"['DH', 'F', 'EY0']","['DH', 'F', 'EY']",0,CCV,3
9173,"['EY0', 'DH', 'F']","['EY', 'DH', 'F']",0,VCC,3
9174,"['DH', 'F', 'OW0']","['DH', 'F', 'OW']",0,CCV,3
9175,"['OW0', 'DH', 'F']","['OW', 'DH', 'F']",0,VCC,3
9176,"['DH', 'F', 'AE0']","['DH', 'F', 'AE']",0,CCV,3
9177,"['AE0', 'DH', 'F']","['AE', 'DH', 'F']",0,VCC,3
9178,"['DH', 'F', 'AW0']","['DH', 'F', 'AW']",0,CCV,3
9179,"['AW0', 'DH', 'F']","['AW', 'DH', 'F']",0,VCC,3
9180,"['DH', 'TH', 'AH0']","['DH', 'TH', 'AH']",0,CCV,3
9181,"['AH0', 'DH', 'TH']","['AH', 'DH', 'TH']",0,VCC,3
9182,"['DH', 'TH', 'OY0']","['DH', 'TH', 'OY']",0,CCV,3
9183,"['OY0', 'DH', 'TH']","['OY', 'DH', 'TH']",0,VCC,3
9184,"['DH', 'TH', 'AA0']","['DH', 'TH', 'AA']",0,CCV,3
9185,"['AA0', 'DH', 'TH']","['AA', 'DH', 'TH']",0,VCC,3
9186,"['DH', 'TH', 'AY0']","['DH', 'TH', 'AY']",0,CCV,3
9187,"['AY0', 'DH', 'TH']","['AY', 'DH', 'TH']",0,VCC,3
9188,"['DH', 'TH', 'ER0']","['DH', 'TH', 'ER']",0,CCV,3
9189,"['ER0', 'DH', 'TH']","['ER', 'DH', 'TH']",0,VCC,3
9190,"['DH', 'TH', 'AO0']","['DH', 'TH', 'AO']",0,CCV,3
9191,"['AO0', 'DH', 'TH']","['AO', 'DH', 'TH']",0,VCC,3
9192,"['DH', 'TH', 'UW0']","['DH', 'TH', 'UW']",0,CCV,3
9193,"['UW0', 'DH', 'TH']","['UW', 'DH', 'TH']",0,VCC,3
9194,"['DH', 'TH', 'IH0']","['DH', 'TH', 'IH']",0,CCV,3
9195,"['IH0', 'DH', 'TH']","['IH', 'DH', 'TH']",0,VCC,3
9196,"['DH', 'TH', 'EH0']","['DH', 'TH', 'EH']",0,CCV,3
9197,"['EH0', 'DH', 'TH']","['EH', 'DH', 'TH']",0,VCC,3
9198,"['DH', 'TH', 'UH0']","['DH', 'TH', 'UH']",0,CCV,3
9199,"['UH0', 'DH', 'TH']","['UH', 'DH', 'TH']",0,VCC,3
9200,"['DH', 'TH', 'IY0']","['DH', 'TH', 'IY']",0,CCV,3
9201,"['IY0', 'DH', 'TH']","['IY', 'DH', 'TH']",0,VCC,3
9202,"['DH', 'TH', 'EY0']","['DH', 'TH', 'EY']",0,CCV,3
9203,"['EY0', 'DH', 'TH']","['EY', 'DH', 'TH']",0,VCC,3
9204,"['DH', 'TH', 'OW0']","['DH', 'TH', 'OW']",0,CCV,3
9205,"['OW0', 'DH', 'TH']","['OW', 'DH', 'TH']",0,VCC,3
9206,"['DH', 'TH', 'AE0']","['DH', 'TH', 'AE']",0,CCV,3
9207,"['AE0', 'DH', 'TH']","['AE', 'DH', 'TH']",0,VCC,3
9208,"['DH', 'TH', 'AW0']","['DH', 'TH', 'AW']",0,CCV,3
9209,"['AW0', 'DH', 'TH']","['AW', 'DH', 'TH']",0,VCC,3
9210,"['DH', 'S', 'AH0']","['DH', 'S', 'AH']",0,CCV,3
9211,"['AH0', 'DH', 'S']","['AH', 'DH', 'S']",0,VCC,3
9212,"['DH', 'S', 'OY0']","['DH', 'S', 'OY']",0,CCV,3
9213,"['OY0', 'DH', 'S']","['OY', 'DH', 'S']",0,VCC,3
9214,"['DH', 'S', 'AA0']","['DH', 'S', 'AA']",0,CCV,3
9215,"['AA0', 'DH', 'S']","['AA', 'DH', 'S']",0,VCC,3
9216,"['DH', 'S', 'AY0']","['DH', 'S', 'AY']",0,CCV,3
9217,"['AY0', 'DH', 'S']","['AY', 'DH', 'S']",0,VCC,3
9218,"['DH', 'S', 'ER0']","['DH', 'S', 'ER']",0,CCV,3
9219,"['ER0', 'DH', 'S']","['ER', 'DH', 'S']",0,VCC,3
9220,"['DH', 'S', 'AO0']","['DH', 'S', 'AO']",0,CCV,3
9221,"['AO0', 'DH', 'S']","['AO', 'DH', 'S']",0,VCC,3
9222,"['DH', 'S', 'UW0']","['DH', 'S', 'UW']",0,CCV,3
9223,"['UW0', 'DH', 'S']","['UW', 'DH', 'S']",0,VCC,3
9224,"['DH', 'S', 'IH0']","['DH', 'S', 'IH']",0,CCV,3
9225,"['IH0', 'DH', 'S']","['IH', 'DH', 'S']",0,VCC,3
9226,"['DH', 'S', 'EH0']","['DH', 'S', 'EH']",0,CCV,3
9227,"['EH0', 'DH', 'S']","['EH', 'DH', 'S']",0,VCC,3
9228,"['DH', 'S', 'UH0']","['DH', 'S', 'UH']",0,CCV,3
9229,"['UH0', 'DH', 'S']","['UH', 'DH', 'S']",0,VCC,3
9230,"['DH', 'S', 'IY0']","['DH', 'S', 'IY']",0,CCV,3
9231,"['IY0', 'DH', 'S']","['IY', 'DH', 'S']",0,VCC,3
9232,"['DH', 'S', 'EY0']","['DH', 'S', 'EY']",0,CCV,3
9233,"['EY0', 'DH', 'S']","['EY', 'DH', 'S']",0,VCC,3
9234,"['DH', 'S', 'OW0']","['DH', 'S', 'OW']",0,CCV,3
9235,"['OW0', 'DH', 'S']","['OW', 'DH', 'S']",0,VCC,3
9236,"['DH', 'S', 'AE0']","['DH', 'S', 'AE']",0,CCV,3
9237,"['AE0', 'DH', 'S']","['AE', 'DH', 'S']",0,VCC,3
9238,"['DH', 'S', 'AW0']","['DH', 'S', 'AW']",0,CCV,3
9239,"['AW0', 'DH', 'S']","['AW', 'DH', 'S']",0,VCC,3
9240,"['DH', 'SH', 'AH0']","['DH', 'SH', 'AH']",0,CCV,3
9241,"['AH0', 'DH', 'SH']","['AH', 'DH', 'SH']",0,VCC,3
9242,"['DH', 'SH', 'OY0']","['DH', 'SH', 'OY']",0,CCV,3
9243,"['OY0', 'DH', 'SH']","['OY', 'DH', 'SH']",0,VCC,3
9244,"['DH', 'SH', 'AA0']","['DH', 'SH', 'AA']",0,CCV,3
9245,"['AA0', 'DH', 'SH']","['AA', 'DH', 'SH']",0,VCC,3
9246,"['DH', 'SH', 'AY0']","['DH', 'SH', 'AY']",0,CCV,3
9247,"['AY0', 'DH', 'SH']","['AY', 'DH', 'SH']",0,VCC,3
9248,"['DH', 'SH', 'ER0']","['DH', 'SH', 'ER']",0,CCV,3
9249,"['ER0', 'DH', 'SH']","['ER', 'DH', 'SH']",0,VCC,3
9250,"['DH', 'SH', 'AO0']","['DH', 'SH', 'AO']",0,CCV,3
9251,"['AO0', 'DH', 'SH']","['AO', 'DH', 'SH']",0,VCC,3
9252,"['DH', 'SH', 'UW0']","['DH', 'SH', 'UW']",0,CCV,3
9253,"['UW0', 'DH', 'SH']","['UW', 'DH', 'SH']",0,VCC,3
9254,"['DH', 'SH', 'IH0']","['DH', 'SH', 'IH']",0,CCV,3
9255,"['IH0', 'DH', 'SH']","['IH', 'DH', 'SH']",0,VCC,3
9256,"['DH', 'SH', 'EH0']","['DH', 'SH', 'EH']",0,CCV,3
9257,"['EH0', 'DH', 'SH']","['EH', 'DH', 'SH']",0,VCC,3
9258,"['DH', 'SH', 'UH0']","['DH', 'SH', 'UH']",0,CCV,3
9259,"['UH0', 'DH', 'SH']","['UH', 'DH', 'SH']",0,VCC,3
9260,"['DH', 'SH', 'IY0']","['DH', 'SH', 'IY']",0,CCV,3
9261,"['IY0', 'DH', 'SH']","['IY', 'DH', 'SH']",0,VCC,3
9262,"['DH', 'SH', 'EY0']","['DH', 'SH', 'EY']",0,CCV,3
9263,"['EY0', 'DH', 'SH']","['EY', 'DH', 'SH']",0,VCC,3
9264,"['DH', 'SH', 'OW0']","['DH', 'SH', 'OW']",0,CCV,3
9265,"['OW0', 'DH', 'SH']","['OW', 'DH', 'SH']",0,VCC,3
9266,"['DH', 'SH', 'AE0']","['DH', 'SH', 'AE']",0,CCV,3
9267,"['AE0', 'DH', 'SH']","['AE', 'DH', 'SH']",0,VCC,3
9268,"['DH', 'SH', 'AW0']","['DH', 'SH', 'AW']",0,CCV,3
9269,"['AW0', 'DH', 'SH']","['AW', 'DH', 'SH']",0,VCC,3
9270,"['DH', 'Z', 'AH0']","['DH', 'Z', 'AH']",0,CCV,3
9271,"['AH0', 'DH', 'Z']","['AH', 'DH', 'Z']",0,VCC,3
9272,"['DH', 'Z', 'OY0']","['DH', 'Z', 'OY']",0,CCV,3
9273,"['OY0', 'DH', 'Z']","['OY', 'DH', 'Z']",0,VCC,3
9274,"['DH', 'Z', 'AA0']","['DH', 'Z', 'AA']",0,CCV,3
9275,"['AA0', 'DH', 'Z']","['AA', 'DH', 'Z']",0,VCC,3
9276,"['DH', 'Z', 'AY0']","['DH', 'Z', 'AY']",0,CCV,3
9277,"['AY0', 'DH', 'Z']","['AY', 'DH', 'Z']",0,VCC,3
9278,"['DH', 'Z', 'ER0']","['DH', 'Z', 'ER']",0,CCV,3
9279,"['ER0', 'DH', 'Z']","['ER', 'DH', 'Z']",0,VCC,3
9280,"['DH', 'Z', 'AO0']","['DH', 'Z', 'AO']",0,CCV,3
9281,"['AO0', 'DH', 'Z']","['AO', 'DH', 'Z']",0,VCC,3
9282,"['DH', 'Z', 'UW0']","['DH', 'Z', 'UW']",0,CCV,3
9283,"['UW0', 'DH', 'Z']","['UW', 'DH', 'Z']",0,VCC,3
9284,"['DH', 'Z', 'IH0']","['DH', 'Z', 'IH']",0,CCV,3
9285,"['IH0', 'DH', 'Z']","['IH', 'DH', 'Z']",0,VCC,3
9286,"['DH', 'Z', 'EH0']","['DH', 'Z', 'EH']",0,CCV,3
9287,"['EH0', 'DH', 'Z']","['EH', 'DH', 'Z']",0,VCC,3
9288,"['DH', 'Z', 'UH0']","['DH', 'Z', 'UH']",0,CCV,3
9289,"['UH0', 'DH', 'Z']","['UH', 'DH', 'Z']",0,VCC,3
9290,"['DH', 'Z', 'IY0']","['DH', 'Z', 'IY']",0,CCV,3
9291,"['IY0', 'DH', 'Z']","['IY', 'DH', 'Z']",0,VCC,3
9292,"['DH', 'Z', 'EY0']","['DH', 'Z', 'EY']",0,CCV,3
9293,"['EY0', 'DH', 'Z']","['EY', 'DH', 'Z']",0,VCC,3
9294,"['DH', 'Z', 'OW0']","['DH', 'Z', 'OW']",0,CCV,3
9295,"['OW0', 'DH', 'Z']","['OW', 'DH', 'Z']",0,VCC,3
9296,"['DH', 'Z', 'AE0']","['DH', 'Z', 'AE']",0,CCV,3
9297,"['AE0', 'DH', 'Z']","['AE', 'DH', 'Z']",0,VCC,3
9298,"['DH', 'Z', 'AW0']","['DH', 'Z', 'AW']",0,CCV,3
9299,"['AW0', 'DH', 'Z']","['AW', 'DH', 'Z']",0,VCC,3
9300,"['DH', 'ZH', 'AH0']","['DH', 'ZH', 'AH']",0,CCV,3
9301,"['AH0', 'DH', 'ZH']","['AH', 'DH', 'ZH']",0,VCC,3
9302,"['DH', 'ZH', 'OY0']","['DH', 'ZH', 'OY']",0,CCV,3
9303,"['OY0', 'DH', 'ZH']","['OY', 'DH', 'ZH']",0,VCC,3
9304,"['DH', 'ZH', 'AA0']","['DH', 'ZH', 'AA']",0,CCV,3
9305,"['AA0', 'DH', 'ZH']","['AA', 'DH', 'ZH']",0,VCC,3
9306,"['DH', 'ZH', 'AY0']","['DH', 'ZH', 'AY']",0,CCV,3
9307,"['AY0', 'DH', 'ZH']","['AY', 'DH', 'ZH']",0,VCC,3
9308,"['DH', 'ZH', 'ER0']","['DH', 'ZH', 'ER']",0,CCV,3
9309,"['ER0', 'DH', 'ZH']","['ER', 'DH', 'ZH']",0,VCC,3
9310,"['DH', 'ZH', 'AO0']","['DH', 'ZH', 'AO']",0,CCV,3
9311,"['AO0', 'DH', 'ZH']","['AO', 'DH', 'ZH']",0,VCC,3
9312,"['DH', 'ZH', 'UW0']","['DH', 'ZH', 'UW']",0,CCV,3
9313,"['UW0', 'DH', 'ZH']","['UW', 'DH', 'ZH']",0,VCC,3
9314,"['DH', 'ZH', 'IH0']","['DH', 'ZH', 'IH']",0,CCV,3
9315,"['IH0', 'DH', 'ZH']","['IH', 'DH', 'ZH']",0,VCC,3
9316,"['DH', 'ZH', 'EH0']","['DH', 'ZH', 'EH']",0,CCV,3
9317,"['EH0', 'DH', 'ZH']","['EH', 'DH', 'ZH']",0,VCC,3
9318,"['DH', 'ZH', 'UH0']","['DH', 'ZH', 'UH']",0,CCV,3
9319,"['UH0', 'DH', 'ZH']","['UH', 'DH', 'ZH']",0,VCC,3
9320,"['DH', 'ZH', 'IY0']","['DH', 'ZH', 'IY']",0,CCV,3
9321,"['IY0', 'DH', 'ZH']","['IY', 'DH', 'ZH']",0,VCC,3
9322,"['DH', 'ZH', 'EY0']","['DH', 'ZH', 'EY']",0,CCV,3
9323,"['EY0', 'DH', 'ZH']","['EY', 'DH', 'ZH']",0,VCC,3
9324,"['DH', 'ZH', 'OW0']","['DH', 'ZH', 'OW']",0,CCV,3
9325,"['OW0', 'DH', 'ZH']","['OW', 'DH', 'ZH']",0,VCC,3
9326,"['DH', 'ZH', 'AE0']","['DH', 'ZH', 'AE']",0,CCV,3
9327,"['AE0', 'DH', 'ZH']","['AE', 'DH', 'ZH']",0,VCC,3
9328,"['DH', 'ZH', 'AW0']","['DH', 'ZH', 'AW']",0,CCV,3
9329,"['AW0', 'DH', 'ZH']","['AW', 'DH', 'ZH']",0,VCC,3
9330,"['DH', 'V', 'AH0']","['DH', 'V', 'AH']",0,CCV,3
9331,"['AH0', 'DH', 'V']","['AH', 'DH', 'V']",0,VCC,3
9332,"['DH', 'V', 'OY0']","['DH', 'V', 'OY']",0,CCV,3
9333,"['OY0', 'DH', 'V']","['OY', 'DH', 'V']",0,VCC,3
9334,"['DH', 'V', 'AA0']","['DH', 'V', 'AA']",0,CCV,3
9335,"['AA0', 'DH', 'V']","['AA', 'DH', 'V']",0,VCC,3
9336,"['DH', 'V', 'AY0']","['DH', 'V', 'AY']",0,CCV,3
9337,"['AY0', 'DH', 'V']","['AY', 'DH', 'V']",0,VCC,3
9338,"['DH', 'V', 'ER0']","['DH', 'V', 'ER']",0,CCV,3
9339,"['ER0', 'DH', 'V']","['ER', 'DH', 'V']",0,VCC,3
9340,"['DH', 'V', 'AO0']","['DH', 'V', 'AO']",0,CCV,3
9341,"['AO0', 'DH', 'V']","['AO', 'DH', 'V']",0,VCC,3
9342,"['DH', 'V', 'UW0']","['DH', 'V', 'UW']",0,CCV,3
9343,"['UW0', 'DH', 'V']","['UW', 'DH', 'V']",0,VCC,3
9344,"['DH', 'V', 'IH0']","['DH', 'V', 'IH']",0,CCV,3
9345,"['IH0', 'DH', 'V']","['IH', 'DH', 'V']",0,VCC,3
9346,"['DH', 'V', 'EH0']","['DH', 'V', 'EH']",0,CCV,3
9347,"['EH0', 'DH', 'V']","['EH', 'DH', 'V']",0,VCC,3
9348,"['DH', 'V', 'UH0']","['DH', 'V', 'UH']",0,CCV,3
9349,"['UH0', 'DH', 'V']","['UH', 'DH', 'V']",0,VCC,3
9350,"['DH', 'V', 'IY0']","['DH', 'V', 'IY']",0,CCV,3
9351,"['IY0', 'DH', 'V']","['IY', 'DH', 'V']",0,VCC,3
9352,"['DH', 'V', 'EY0']","['DH', 'V', 'EY']",0,CCV,3
9353,"['EY0', 'DH', 'V']","['EY', 'DH', 'V']",0,VCC,3
9354,"['DH', 'V', 'OW0']","['DH', 'V', 'OW']",0,CCV,3
9355,"['OW0', 'DH', 'V']","['OW', 'DH', 'V']",0,VCC,3
9356,"['DH', 'V', 'AE0']","['DH', 'V', 'AE']",0,CCV,3
9357,"['AE0', 'DH', 'V']","['AE', 'DH', 'V']",0,VCC,3
9358,"['DH', 'V', 'AW0']","['DH', 'V', 'AW']",0,CCV,3
9359,"['AW0', 'DH', 'V']","['AW', 'DH', 'V']",0,VCC,3
9360,"['DH', 'HH', 'AH0']","['DH', 'HH', 'AH']",0,CCV,3
9361,"['AH0', 'DH', 'HH']","['AH', 'DH', 'HH']",0,VCC,3
9362,"['DH', 'HH', 'OY0']","['DH', 'HH', 'OY']",0,CCV,3
9363,"['OY0', 'DH', 'HH']","['OY', 'DH', 'HH']",0,VCC,3
9364,"['DH', 'HH', 'AA0']","['DH', 'HH', 'AA']",0,CCV,3
9365,"['AA0', 'DH', 'HH']","['AA', 'DH', 'HH']",0,VCC,3
9366,"['DH', 'HH', 'AY0']","['DH', 'HH', 'AY']",0,CCV,3
9367,"['AY0', 'DH', 'HH']","['AY', 'DH', 'HH']",0,VCC,3
9368,"['DH', 'HH', 'ER0']","['DH', 'HH', 'ER']",0,CCV,3
9369,"['ER0', 'DH', 'HH']","['ER', 'DH', 'HH']",0,VCC,3
9370,"['DH', 'HH', 'AO0']","['DH', 'HH', 'AO']",0,CCV,3
9371,"['AO0', 'DH', 'HH']","['AO', 'DH', 'HH']",0,VCC,3
9372,"['DH', 'HH', 'UW0']","['DH', 'HH', 'UW']",0,CCV,3
9373,"['UW0', 'DH', 'HH']","['UW', 'DH', 'HH']",0,VCC,3
9374,"['DH', 'HH', 'IH0']","['DH', 'HH', 'IH']",0,CCV,3
9375,"['IH0', 'DH', 'HH']","['IH', 'DH', 'HH']",0,VCC,3
9376,"['DH', 'HH', 'EH0']","['DH', 'HH', 'EH']",0,CCV,3
9377,"['EH0', 'DH', 'HH']","['EH', 'DH', 'HH']",0,VCC,3
9378,"['DH', 'HH', 'UH0']","['DH', 'HH', 'UH']",0,CCV,3
9379,"['UH0', 'DH', 'HH']","['UH', 'DH', 'HH']",0,VCC,3
9380,"['DH', 'HH', 'IY0']","['DH', 'HH', 'IY']",0,CCV,3
9381,"['IY0', 'DH', 'HH']","['IY', 'DH', 'HH']",0,VCC,3
9382,"['DH', 'HH', 'EY0']","['DH', 'HH', 'EY']",0,CCV,3
9383,"['EY0', 'DH', 'HH']","['EY', 'DH', 'HH']",0,VCC,3
9384,"['DH', 'HH', 'OW0']","['DH', 'HH', 'OW']",0,CCV,3
9385,"['OW0', 'DH', 'HH']","['OW', 'DH', 'HH']",0,VCC,3
9386,"['DH', 'HH', 'AE0']","['DH', 'HH', 'AE']",0,CCV,3
9387,"['AE0', 'DH', 'HH']","['AE', 'DH', 'HH']",0,VCC,3
9388,"['DH', 'HH', 'AW0']","['DH', 'HH', 'AW']",0,CCV,3
9389,"['AW0', 'DH', 'HH']","['AW', 'DH', 'HH']",0,VCC,3
9390,"['DH', 'CH', 'AH0']","['DH', 'CH', 'AH']",1,CCV,3
9391,"['AH0', 'DH', 'CH']","['AH', 'DH', 'CH']",-1,VCC,3
9392,"['DH', 'CH', 'OY0']","['DH', 'CH', 'OY']",1,CCV,3
9393,"['OY0', 'DH', 'CH']","['OY', 'DH', 'CH']",-1,VCC,3
9394,"['DH', 'CH', 'AA0']","['DH', 'CH', 'AA']",1,CCV,3
9395,"['AA0', 'DH', 'CH']","['AA', 'DH', 'CH']",-1,VCC,3
9396,"['DH', 'CH', 'AY0']","['DH', 'CH', 'AY']",1,CCV,3
9397,"['AY0', 'DH', 'CH']","['AY', 'DH', 'CH']",-1,VCC,3
9398,"['DH', 'CH', 'ER0']","['DH', 'CH', 'ER']",1,CCV,3
9399,"['ER0', 'DH', 'CH']","['ER', 'DH', 'CH']",-1,VCC,3
9400,"['DH', 'CH', 'AO0']","['DH', 'CH', 'AO']",1,CCV,3
9401,"['AO0', 'DH', 'CH']","['AO', 'DH', 'CH']",-1,VCC,3
9402,"['DH', 'CH', 'UW0']","['DH', 'CH', 'UW']",1,CCV,3
9403,"['UW0', 'DH', 'CH']","['UW', 'DH', 'CH']",-1,VCC,3
9404,"['DH', 'CH', 'IH0']","['DH', 'CH', 'IH']",1,CCV,3
9405,"['IH0', 'DH', 'CH']","['IH', 'DH', 'CH']",-1,VCC,3
9406,"['DH', 'CH', 'EH0']","['DH', 'CH', 'EH']",1,CCV,3
9407,"['EH0', 'DH', 'CH']","['EH', 'DH', 'CH']",-1,VCC,3
9408,"['DH', 'CH', 'UH0']","['DH', 'CH', 'UH']",1,CCV,3
9409,"['UH0', 'DH', 'CH']","['UH', 'DH', 'CH']",-1,VCC,3
9410,"['DH', 'CH', 'IY0']","['DH', 'CH', 'IY']",1,CCV,3
9411,"['IY0', 'DH', 'CH']","['IY', 'DH', 'CH']",-1,VCC,3
9412,"['DH', 'CH', 'EY0']","['DH', 'CH', 'EY']",1,CCV,3
9413,"['EY0', 'DH', 'CH']","['EY', 'DH', 'CH']",-1,VCC,3
9414,"['DH', 'CH', 'OW0']","['DH', 'CH', 'OW']",1,CCV,3
9415,"['OW0', 'DH', 'CH']","['OW', 'DH', 'CH']",-1,VCC,3
9416,"['DH', 'CH', 'AE0']","['DH', 'CH', 'AE']",1,CCV,3
9417,"['AE0', 'DH', 'CH']","['AE', 'DH', 'CH']",-1,VCC,3
9418,"['DH', 'CH', 'AW0']","['DH', 'CH', 'AW']",1,CCV,3
9419,"['AW0', 'DH', 'CH']","['AW', 'DH', 'CH']",-1,VCC,3
9420,"['DH', 'JH', 'AH0']","['DH', 'JH', 'AH']",1,CCV,3
9421,"['AH0', 'DH', 'JH']","['AH', 'DH', 'JH']",-1,VCC,3
9422,"['DH', 'JH', 'OY0']","['DH', 'JH', 'OY']",1,CCV,3
9423,"['OY0', 'DH', 'JH']","['OY', 'DH', 'JH']",-1,VCC,3
9424,"['DH', 'JH', 'AA0']","['DH', 'JH', 'AA']",1,CCV,3
9425,"['AA0', 'DH', 'JH']","['AA', 'DH', 'JH']",-1,VCC,3
9426,"['DH', 'JH', 'AY0']","['DH', 'JH', 'AY']",1,CCV,3
9427,"['AY0', 'DH', 'JH']","['AY', 'DH', 'JH']",-1,VCC,3
9428,"['DH', 'JH', 'ER0']","['DH', 'JH', 'ER']",1,CCV,3
9429,"['ER0', 'DH', 'JH']","['ER', 'DH', 'JH']",-1,VCC,3
9430,"['DH', 'JH', 'AO0']","['DH', 'JH', 'AO']",1,CCV,3
9431,"['AO0', 'DH', 'JH']","['AO', 'DH', 'JH']",-1,VCC,3
9432,"['DH', 'JH', 'UW0']","['DH', 'JH', 'UW']",1,CCV,3
9433,"['UW0', 'DH', 'JH']","['UW', 'DH', 'JH']",-1,VCC,3
9434,"['DH', 'JH', 'IH0']","['DH', 'JH', 'IH']",1,CCV,3
9435,"['IH0', 'DH', 'JH']","['IH', 'DH', 'JH']",-1,VCC,3
9436,"['DH', 'JH', 'EH0']","['DH', 'JH', 'EH']",1,CCV,3
9437,"['EH0', 'DH', 'JH']","['EH', 'DH', 'JH']",-1,VCC,3
9438,"['DH', 'JH', 'UH0']","['DH', 'JH', 'UH']",1,CCV,3
9439,"['UH0', 'DH', 'JH']","['UH', 'DH', 'JH']",-1,VCC,3
9440,"['DH', 'JH', 'IY0']","['DH', 'JH', 'IY']",1,CCV,3
9441,"['IY0', 'DH', 'JH']","['IY', 'DH', 'JH']",-1,VCC,3
9442,"['DH', 'JH', 'EY0']","['DH', 'JH', 'EY']",1,CCV,3
9443,"['EY0', 'DH', 'JH']","['EY', 'DH', 'JH']",-1,VCC,3
9444,"['DH', 'JH', 'OW0']","['DH', 'JH', 'OW']",1,CCV,3
9445,"['OW0', 'DH', 'JH']","['OW', 'DH', 'JH']",-1,VCC,3
9446,"['DH', 'JH', 'AE0']","['DH', 'JH', 'AE']",1,CCV,3
9447,"['AE0', 'DH', 'JH']","['AE', 'DH', 'JH']",-1,VCC,3
9448,"['DH', 'JH', 'AW0']","['DH', 'JH', 'AW']",1,CCV,3
9449,"['AW0', 'DH', 'JH']","['AW', 'DH', 'JH']",-1,VCC,3
9450,"['DH', 'M', 'AH0']","['DH', 'M', 'AH']",2,CCV,3
9451,"['AH0', 'DH', 'M']","['AH', 'DH', 'M']",-2,VCC,3
9452,"['DH', 'M', 'OY0']","['DH', 'M', 'OY']",2,CCV,3
9453,"['OY0', 'DH', 'M']","['OY', 'DH', 'M']",-2,VCC,3
9454,"['DH', 'M', 'AA0']","['DH', 'M', 'AA']",2,CCV,3
9455,"['AA0', 'DH', 'M']","['AA', 'DH', 'M']",-2,VCC,3
9456,"['DH', 'M', 'AY0']","['DH', 'M', 'AY']",2,CCV,3
9457,"['AY0', 'DH', 'M']","['AY', 'DH', 'M']",-2,VCC,3
9458,"['DH', 'M', 'ER0']","['DH', 'M', 'ER']",2,CCV,3
9459,"['ER0', 'DH', 'M']","['ER', 'DH', 'M']",-2,VCC,3
9460,"['DH', 'M', 'AO0']","['DH', 'M', 'AO']",2,CCV,3
9461,"['AO0', 'DH', 'M']","['AO', 'DH', 'M']",-2,VCC,3
9462,"['DH', 'M', 'UW0']","['DH', 'M', 'UW']",2,CCV,3
9463,"['UW0', 'DH', 'M']","['UW', 'DH', 'M']",-2,VCC,3
9464,"['DH', 'M', 'IH0']","['DH', 'M', 'IH']",2,CCV,3
9465,"['IH0', 'DH', 'M']","['IH', 'DH', 'M']",-2,VCC,3
9466,"['DH', 'M', 'EH0']","['DH', 'M', 'EH']",2,CCV,3
9467,"['EH0', 'DH', 'M']","['EH', 'DH', 'M']",-2,VCC,3
9468,"['DH', 'M', 'UH0']","['DH', 'M', 'UH']",2,CCV,3
9469,"['UH0', 'DH', 'M']","['UH', 'DH', 'M']",-2,VCC,3
9470,"['DH', 'M', 'IY0']","['DH', 'M', 'IY']",2,CCV,3
9471,"['IY0', 'DH', 'M']","['IY', 'DH', 'M']",-2,VCC,3
9472,"['DH', 'M', 'EY0']","['DH', 'M', 'EY']",2,CCV,3
9473,"['EY0', 'DH', 'M']","['EY', 'DH', 'M']",-2,VCC,3
9474,"['DH', 'M', 'OW0']","['DH', 'M', 'OW']",2,CCV,3
9475,"['OW0', 'DH', 'M']","['OW', 'DH', 'M']",-2,VCC,3
9476,"['DH', 'M', 'AE0']","['DH', 'M', 'AE']",2,CCV,3
9477,"['AE0', 'DH', 'M']","['AE', 'DH', 'M']",-2,VCC,3
9478,"['DH', 'M', 'AW0']","['DH', 'M', 'AW']",2,CCV,3
9479,"['AW0', 'DH', 'M']","['AW', 'DH', 'M']",-2,VCC,3
9480,"['DH', 'N', 'AH0']","['DH', 'N', 'AH']",2,CCV,3
9481,"['AH0', 'DH', 'N']","['AH', 'DH', 'N']",-2,VCC,3
9482,"['DH', 'N', 'OY0']","['DH', 'N', 'OY']",2,CCV,3
9483,"['OY0', 'DH', 'N']","['OY', 'DH', 'N']",-2,VCC,3
9484,"['DH', 'N', 'AA0']","['DH', 'N', 'AA']",2,CCV,3
9485,"['AA0', 'DH', 'N']","['AA', 'DH', 'N']",-2,VCC,3
9486,"['DH', 'N', 'AY0']","['DH', 'N', 'AY']",2,CCV,3
9487,"['AY0', 'DH', 'N']","['AY', 'DH', 'N']",-2,VCC,3
9488,"['DH', 'N', 'ER0']","['DH', 'N', 'ER']",2,CCV,3
9489,"['ER0', 'DH', 'N']","['ER', 'DH', 'N']",-2,VCC,3
9490,"['DH', 'N', 'AO0']","['DH', 'N', 'AO']",2,CCV,3
9491,"['AO0', 'DH', 'N']","['AO', 'DH', 'N']",-2,VCC,3
9492,"['DH', 'N', 'UW0']","['DH', 'N', 'UW']",2,CCV,3
9493,"['UW0', 'DH', 'N']","['UW', 'DH', 'N']",-2,VCC,3
9494,"['DH', 'N', 'IH0']","['DH', 'N', 'IH']",2,CCV,3
9495,"['IH0', 'DH', 'N']","['IH', 'DH', 'N']",-2,VCC,3
9496,"['DH', 'N', 'EH0']","['DH', 'N', 'EH']",2,CCV,3
9497,"['EH0', 'DH', 'N']","['EH', 'DH', 'N']",-2,VCC,3
9498,"['DH', 'N', 'UH0']","['DH', 'N', 'UH']",2,CCV,3
9499,"['UH0', 'DH', 'N']","['UH', 'DH', 'N']",-2,VCC,3
9500,"['DH', 'N', 'IY0']","['DH', 'N', 'IY']",2,CCV,3
9501,"['IY0', 'DH', 'N']","['IY', 'DH', 'N']",-2,VCC,3
9502,"['DH', 'N', 'EY0']","['DH', 'N', 'EY']",2,CCV,3
9503,"['EY0', 'DH', 'N']","['EY', 'DH', 'N']",-2,VCC,3
9504,"['DH', 'N', 'OW0']","['DH', 'N', 'OW']",2,CCV,3
9505,"['OW0', 'DH', 'N']","['OW', 'DH', 'N']",-2,VCC,3
9506,"['DH', 'N', 'AE0']","['DH', 'N', 'AE']",2,CCV,3
9507,"['AE0', 'DH', 'N']","['AE', 'DH', 'N']",-2,VCC,3
9508,"['DH', 'N', 'AW0']","['DH', 'N', 'AW']",2,CCV,3
9509,"['AW0', 'DH', 'N']","['AW', 'DH', 'N']",-2,VCC,3
9510,"['DH', 'NG', 'AH0']","['DH', 'NG', 'AH']",2,CCV,3
9511,"['AH0', 'DH', 'NG']","['AH', 'DH', 'NG']",-2,VCC,3
9512,"['DH', 'NG', 'OY0']","['DH', 'NG', 'OY']",2,CCV,3
9513,"['OY0', 'DH', 'NG']","['OY', 'DH', 'NG']",-2,VCC,3
9514,"['DH', 'NG', 'AA0']","['DH', 'NG', 'AA']",2,CCV,3
9515,"['AA0', 'DH', 'NG']","['AA', 'DH', 'NG']",-2,VCC,3
9516,"['DH', 'NG', 'AY0']","['DH', 'NG', 'AY']",2,CCV,3
9517,"['AY0', 'DH', 'NG']","['AY', 'DH', 'NG']",-2,VCC,3
9518,"['DH', 'NG', 'ER0']","['DH', 'NG', 'ER']",2,CCV,3
9519,"['ER0', 'DH', 'NG']","['ER', 'DH', 'NG']",-2,VCC,3
9520,"['DH', 'NG', 'AO0']","['DH', 'NG', 'AO']",2,CCV,3
9521,"['AO0', 'DH', 'NG']","['AO', 'DH', 'NG']",-2,VCC,3
9522,"['DH', 'NG', 'UW0']","['DH', 'NG', 'UW']",2,CCV,3
9523,"['UW0', 'DH', 'NG']","['UW', 'DH', 'NG']",-2,VCC,3
9524,"['DH', 'NG', 'IH0']","['DH', 'NG', 'IH']",2,CCV,3
9525,"['IH0', 'DH', 'NG']","['IH', 'DH', 'NG']",-2,VCC,3
9526,"['DH', 'NG', 'EH0']","['DH', 'NG', 'EH']",2,CCV,3
9527,"['EH0', 'DH', 'NG']","['EH', 'DH', 'NG']",-2,VCC,3
9528,"['DH', 'NG', 'UH0']","['DH', 'NG', 'UH']",2,CCV,3
9529,"['UH0', 'DH', 'NG']","['UH', 'DH', 'NG']",-2,VCC,3
9530,"['DH', 'NG', 'IY0']","['DH', 'NG', 'IY']",2,CCV,3
9531,"['IY0', 'DH', 'NG']","['IY', 'DH', 'NG']",-2,VCC,3
9532,"['DH', 'NG', 'EY0']","['DH', 'NG', 'EY']",2,CCV,3
9533,"['EY0', 'DH', 'NG']","['EY', 'DH', 'NG']",-2,VCC,3
9534,"['DH', 'NG', 'OW0']","['DH', 'NG', 'OW']",2,CCV,3
9535,"['OW0', 'DH', 'NG']","['OW', 'DH', 'NG']",-2,VCC,3
9536,"['DH', 'NG', 'AE0']","['DH', 'NG', 'AE']",2,CCV,3
9537,"['AE0', 'DH', 'NG']","['AE', 'DH', 'NG']",-2,VCC,3
9538,"['DH', 'NG', 'AW0']","['DH', 'NG', 'AW']",2,CCV,3
9539,"['AW0', 'DH', 'NG']","['AW', 'DH', 'NG']",-2,VCC,3
9540,"['DH', 'L', 'AH0']","['DH', 'L', 'AH']",3,CCV,3
9541,"['AH0', 'DH', 'L']","['AH', 'DH', 'L']",-3,VCC,3
9542,"['DH', 'L', 'OY0']","['DH', 'L', 'OY']",3,CCV,3
9543,"['OY0', 'DH', 'L']","['OY', 'DH', 'L']",-3,VCC,3
9544,"['DH', 'L', 'AA0']","['DH', 'L', 'AA']",3,CCV,3
9545,"['AA0', 'DH', 'L']","['AA', 'DH', 'L']",-3,VCC,3
9546,"['DH', 'L', 'AY0']","['DH', 'L', 'AY']",3,CCV,3
9547,"['AY0', 'DH', 'L']","['AY', 'DH', 'L']",-3,VCC,3
9548,"['DH', 'L', 'ER0']","['DH', 'L', 'ER']",3,CCV,3
9549,"['ER0', 'DH', 'L']","['ER', 'DH', 'L']",-3,VCC,3
9550,"['DH', 'L', 'AO0']","['DH', 'L', 'AO']",3,CCV,3
9551,"['AO0', 'DH', 'L']","['AO', 'DH', 'L']",-3,VCC,3
9552,"['DH', 'L', 'UW0']","['DH', 'L', 'UW']",3,CCV,3
9553,"['UW0', 'DH', 'L']","['UW', 'DH', 'L']",-3,VCC,3
9554,"['DH', 'L', 'IH0']","['DH', 'L', 'IH']",3,CCV,3
9555,"['IH0', 'DH', 'L']","['IH', 'DH', 'L']",-3,VCC,3
9556,"['DH', 'L', 'EH0']","['DH', 'L', 'EH']",3,CCV,3
9557,"['EH0', 'DH', 'L']","['EH', 'DH', 'L']",-3,VCC,3
9558,"['DH', 'L', 'UH0']","['DH', 'L', 'UH']",3,CCV,3
9559,"['UH0', 'DH', 'L']","['UH', 'DH', 'L']",-3,VCC,3
9560,"['DH', 'L', 'IY0']","['DH', 'L', 'IY']",3,CCV,3
9561,"['IY0', 'DH', 'L']","['IY', 'DH', 'L']",-3,VCC,3
9562,"['DH', 'L', 'EY0']","['DH', 'L', 'EY']",3,CCV,3
9563,"['EY0', 'DH', 'L']","['EY', 'DH', 'L']",-3,VCC,3
9564,"['DH', 'L', 'OW0']","['DH', 'L', 'OW']",3,CCV,3
9565,"['OW0', 'DH', 'L']","['OW', 'DH', 'L']",-3,VCC,3
9566,"['DH', 'L', 'AE0']","['DH', 'L', 'AE']",3,CCV,3
9567,"['AE0', 'DH', 'L']","['AE', 'DH', 'L']",-3,VCC,3
9568,"['DH', 'L', 'AW0']","['DH', 'L', 'AW']",3,CCV,3
9569,"['AW0', 'DH', 'L']","['AW', 'DH', 'L']",-3,VCC,3
9570,"['DH', 'R', 'AH0']","['DH', 'R', 'AH']",3,CCV,3
9571,"['AH0', 'DH', 'R']","['AH', 'DH', 'R']",-3,VCC,3
9572,"['DH', 'R', 'OY0']","['DH', 'R', 'OY']",3,CCV,3
9573,"['OY0', 'DH', 'R']","['OY', 'DH', 'R']",-3,VCC,3
9574,"['DH', 'R', 'AA0']","['DH', 'R', 'AA']",3,CCV,3
9575,"['AA0', 'DH', 'R']","['AA', 'DH', 'R']",-3,VCC,3
9576,"['DH', 'R', 'AY0']","['DH', 'R', 'AY']",3,CCV,3
9577,"['AY0', 'DH', 'R']","['AY', 'DH', 'R']",-3,VCC,3
9578,"['DH', 'R', 'ER0']","['DH', 'R', 'ER']",3,CCV,3
9579,"['ER0', 'DH', 'R']","['ER', 'DH', 'R']",-3,VCC,3
9580,"['DH', 'R', 'AO0']","['DH', 'R', 'AO']",3,CCV,3
9581,"['AO0', 'DH', 'R']","['AO', 'DH', 'R']",-3,VCC,3
9582,"['DH', 'R', 'UW0']","['DH', 'R', 'UW']",3,CCV,3
9583,"['UW0', 'DH', 'R']","['UW', 'DH', 'R']",-3,VCC,3
9584,"['DH', 'R', 'IH0']","['DH', 'R', 'IH']",3,CCV,3
9585,"['IH0', 'DH', 'R']","['IH', 'DH', 'R']",-3,VCC,3
9586,"['DH', 'R', 'EH0']","['DH', 'R', 'EH']",3,CCV,3
9587,"['EH0', 'DH', 'R']","['EH', 'DH', 'R']",-3,VCC,3
9588,"['DH', 'R', 'UH0']","['DH', 'R', 'UH']",3,CCV,3
9589,"['UH0', 'DH', 'R']","['UH', 'DH', 'R']",-3,VCC,3
9590,"['DH', 'R', 'IY0']","['DH', 'R', 'IY']",3,CCV,3
9591,"['IY0', 'DH', 'R']","['IY', 'DH', 'R']",-3,VCC,3
9592,"['DH', 'R', 'EY0']","['DH', 'R', 'EY']",3,CCV,3
9593,"['EY0', 'DH', 'R']","['EY', 'DH', 'R']",-3,VCC,3
9594,"['DH', 'R', 'OW0']","['DH', 'R', 'OW']",3,CCV,3
9595,"['OW0', 'DH', 'R']","['OW', 'DH', 'R']",-3,VCC,3
9596,"['DH', 'R', 'AE0']","['DH', 'R', 'AE']",3,CCV,3
9597,"['AE0', 'DH', 'R']","['AE', 'DH', 'R']",-3,VCC,3
9598,"['DH', 'R', 'AW0']","['DH', 'R', 'AW']",3,CCV,3
9599,"['AW0', 'DH', 'R']","['AW', 'DH', 'R']",-3,VCC,3
9600,"['DH', 'W', 'AH0']","['DH', 'W', 'AH']",4,CCV,3
9601,"['AH0', 'DH', 'W']","['AH', 'DH', 'W']",-4,VCC,3
9602,"['DH', 'W', 'OY0']","['DH', 'W', 'OY']",4,CCV,3
9603,"['OY0', 'DH', 'W']","['OY', 'DH', 'W']",-4,VCC,3
9604,"['DH', 'W', 'AA0']","['DH', 'W', 'AA']",4,CCV,3
9605,"['AA0', 'DH', 'W']","['AA', 'DH', 'W']",-4,VCC,3
9606,"['DH', 'W', 'AY0']","['DH', 'W', 'AY']",4,CCV,3
9607,"['AY0', 'DH', 'W']","['AY', 'DH', 'W']",-4,VCC,3
9608,"['DH', 'W', 'ER0']","['DH', 'W', 'ER']",4,CCV,3
9609,"['ER0', 'DH', 'W']","['ER', 'DH', 'W']",-4,VCC,3
9610,"['DH', 'W', 'AO0']","['DH', 'W', 'AO']",4,CCV,3
9611,"['AO0', 'DH', 'W']","['AO', 'DH', 'W']",-4,VCC,3
9612,"['DH', 'W', 'UW0']","['DH', 'W', 'UW']",4,CCV,3
9613,"['UW0', 'DH', 'W']","['UW', 'DH', 'W']",-4,VCC,3
9614,"['DH', 'W', 'IH0']","['DH', 'W', 'IH']",4,CCV,3
9615,"['IH0', 'DH', 'W']","['IH', 'DH', 'W']",-4,VCC,3
9616,"['DH', 'W', 'EH0']","['DH', 'W', 'EH']",4,CCV,3
9617,"['EH0', 'DH', 'W']","['EH', 'DH', 'W']",-4,VCC,3
9618,"['DH', 'W', 'UH0']","['DH', 'W', 'UH']",4,CCV,3
9619,"['UH0', 'DH', 'W']","['UH', 'DH', 'W']",-4,VCC,3
9620,"['DH', 'W', 'IY0']","['DH', 'W', 'IY']",4,CCV,3
9621,"['IY0', 'DH', 'W']","['IY', 'DH', 'W']",-4,VCC,3
9622,"['DH', 'W', 'EY0']","['DH', 'W', 'EY']",4,CCV,3
9623,"['EY0', 'DH', 'W']","['EY', 'DH', 'W']",-4,VCC,3
9624,"['DH', 'W', 'OW0']","['DH', 'W', 'OW']",4,CCV,3
9625,"['OW0', 'DH', 'W']","['OW', 'DH', 'W']",-4,VCC,3
9626,"['DH', 'W', 'AE0']","['DH', 'W', 'AE']",4,CCV,3
9627,"['AE0', 'DH', 'W']","['AE', 'DH', 'W']",-4,VCC,3
9628,"['DH', 'W', 'AW0']","['DH', 'W', 'AW']",4,CCV,3
9629,"['AW0', 'DH', 'W']","['AW', 'DH', 'W']",-4,VCC,3
9630,"['DH', 'Y', 'AH0']","['DH', 'Y', 'AH']",4,CCV,3
9631,"['AH0', 'DH', 'Y']","['AH', 'DH', 'Y']",-4,VCC,3
9632,"['DH', 'Y', 'OY0']","['DH', 'Y', 'OY']",4,CCV,3
9633,"['OY0', 'DH', 'Y']","['OY', 'DH', 'Y']",-4,VCC,3
9634,"['DH', 'Y', 'AA0']","['DH', 'Y', 'AA']",4,CCV,3
9635,"['AA0', 'DH', 'Y']","['AA', 'DH', 'Y']",-4,VCC,3
9636,"['DH', 'Y', 'AY0']","['DH', 'Y', 'AY']",4,CCV,3
9637,"['AY0', 'DH', 'Y']","['AY', 'DH', 'Y']",-4,VCC,3
9638,"['DH', 'Y', 'ER0']","['DH', 'Y', 'ER']",4,CCV,3
9639,"['ER0', 'DH', 'Y']","['ER', 'DH', 'Y']",-4,VCC,3
9640,"['DH', 'Y', 'AO0']","['DH', 'Y', 'AO']",4,CCV,3
9641,"['AO0', 'DH', 'Y']","['AO', 'DH', 'Y']",-4,VCC,3
9642,"['DH', 'Y', 'UW0']","['DH', 'Y', 'UW']",4,CCV,3
9643,"['UW0', 'DH', 'Y']","['UW', 'DH', 'Y']",-4,VCC,3
9644,"['DH', 'Y', 'IH0']","['DH', 'Y', 'IH']",4,CCV,3
9645,"['IH0', 'DH', 'Y']","['IH', 'DH', 'Y']",-4,VCC,3
9646,"['DH', 'Y', 'EH0']","['DH', 'Y', 'EH']",4,CCV,3
9647,"['EH0', 'DH', 'Y']","['EH', 'DH', 'Y']",-4,VCC,3
9648,"['DH', 'Y', 'UH0']","['DH', 'Y', 'UH']",4,CCV,3
9649,"['UH0', 'DH', 'Y']","['UH', 'DH', 'Y']",-4,VCC,3
9650,"['DH', 'Y', 'IY0']","['DH', 'Y', 'IY']",4,CCV,3
9651,"['IY0', 'DH', 'Y']","['IY', 'DH', 'Y']",-4,VCC,3
9652,"['DH', 'Y', 'EY0']","['DH', 'Y', 'EY']",4,CCV,3
9653,"['EY0', 'DH', 'Y']","['EY', 'DH', 'Y']",-4,VCC,3
9654,"['DH', 'Y', 'OW0']","['DH', 'Y', 'OW']",4,CCV,3
9655,"['OW0', 'DH', 'Y']","['OW', 'DH', 'Y']",-4,VCC,3
9656,"['DH', 'Y', 'AE0']","['DH', 'Y', 'AE']",4,CCV,3
9657,"['AE0', 'DH', 'Y']","['AE', 'DH', 'Y']",-4,VCC,3
9658,"['DH', 'Y', 'AW0']","['DH', 'Y', 'AW']",4,CCV,3
9659,"['AW0', 'DH', 'Y']","['AW', 'DH', 'Y']",-4,VCC,3
9660,"['HH', 'P', 'AH0']","['HH', 'P', 'AH']",-1,CCV,3
9661,"['AH0', 'HH', 'P']","['AH', 'HH', 'P']",1,VCC,3
9662,"['HH', 'P', 'OY0']","['HH', 'P', 'OY']",-1,CCV,3
9663,"['OY0', 'HH', 'P']","['OY', 'HH', 'P']",1,VCC,3
9664,"['HH', 'P', 'AA0']","['HH', 'P', 'AA']",-1,CCV,3
9665,"['AA0', 'HH', 'P']","['AA', 'HH', 'P']",1,VCC,3
9666,"['HH', 'P', 'AY0']","['HH', 'P', 'AY']",-1,CCV,3
9667,"['AY0', 'HH', 'P']","['AY', 'HH', 'P']",1,VCC,3
9668,"['HH', 'P', 'ER0']","['HH', 'P', 'ER']",-1,CCV,3
9669,"['ER0', 'HH', 'P']","['ER', 'HH', 'P']",1,VCC,3
9670,"['HH', 'P', 'AO0']","['HH', 'P', 'AO']",-1,CCV,3
9671,"['AO0', 'HH', 'P']","['AO', 'HH', 'P']",1,VCC,3
9672,"['HH', 'P', 'UW0']","['HH', 'P', 'UW']",-1,CCV,3
9673,"['UW0', 'HH', 'P']","['UW', 'HH', 'P']",1,VCC,3
9674,"['HH', 'P', 'IH0']","['HH', 'P', 'IH']",-1,CCV,3
9675,"['IH0', 'HH', 'P']","['IH', 'HH', 'P']",1,VCC,3
9676,"['HH', 'P', 'EH0']","['HH', 'P', 'EH']",-1,CCV,3
9677,"['EH0', 'HH', 'P']","['EH', 'HH', 'P']",1,VCC,3
9678,"['HH', 'P', 'UH0']","['HH', 'P', 'UH']",-1,CCV,3
9679,"['UH0', 'HH', 'P']","['UH', 'HH', 'P']",1,VCC,3
9680,"['HH', 'P', 'IY0']","['HH', 'P', 'IY']",-1,CCV,3
9681,"['IY0', 'HH', 'P']","['IY', 'HH', 'P']",1,VCC,3
9682,"['HH', 'P', 'EY0']","['HH', 'P', 'EY']",-1,CCV,3
9683,"['EY0', 'HH', 'P']","['EY', 'HH', 'P']",1,VCC,3
9684,"['HH', 'P', 'OW0']","['HH', 'P', 'OW']",-1,CCV,3
9685,"['OW0', 'HH', 'P']","['OW', 'HH', 'P']",1,VCC,3
9686,"['HH', 'P', 'AE0']","['HH', 'P', 'AE']",-1,CCV,3
9687,"['AE0', 'HH', 'P']","['AE', 'HH', 'P']",1,VCC,3
9688,"['HH', 'P', 'AW0']","['HH', 'P', 'AW']",-1,CCV,3
9689,"['AW0', 'HH', 'P']","['AW', 'HH', 'P']",1,VCC,3
9690,"['HH', 'T', 'AH0']","['HH', 'T', 'AH']",-1,CCV,3
9691,"['AH0', 'HH', 'T']","['AH', 'HH', 'T']",1,VCC,3
9692,"['HH', 'T', 'OY0']","['HH', 'T', 'OY']",-1,CCV,3
9693,"['OY0', 'HH', 'T']","['OY', 'HH', 'T']",1,VCC,3
9694,"['HH', 'T', 'AA0']","['HH', 'T', 'AA']",-1,CCV,3
9695,"['AA0', 'HH', 'T']","['AA', 'HH', 'T']",1,VCC,3
9696,"['HH', 'T', 'AY0']","['HH', 'T', 'AY']",-1,CCV,3
9697,"['AY0', 'HH', 'T']","['AY', 'HH', 'T']",1,VCC,3
9698,"['HH', 'T', 'ER0']","['HH', 'T', 'ER']",-1,CCV,3
9699,"['ER0', 'HH', 'T']","['ER', 'HH', 'T']",1,VCC,3
9700,"['HH', 'T', 'AO0']","['HH', 'T', 'AO']",-1,CCV,3
9701,"['AO0', 'HH', 'T']","['AO', 'HH', 'T']",1,VCC,3
9702,"['HH', 'T', 'UW0']","['HH', 'T', 'UW']",-1,CCV,3
9703,"['UW0', 'HH', 'T']","['UW', 'HH', 'T']",1,VCC,3
9704,"['HH', 'T', 'IH0']","['HH', 'T', 'IH']",-1,CCV,3
9705,"['IH0', 'HH', 'T']","['IH', 'HH', 'T']",1,VCC,3
9706,"['HH', 'T', 'EH0']","['HH', 'T', 'EH']",-1,CCV,3
9707,"['EH0', 'HH', 'T']","['EH', 'HH', 'T']",1,VCC,3
9708,"['HH', 'T', 'UH0']","['HH', 'T', 'UH']",-1,CCV,3
9709,"['UH0', 'HH', 'T']","['UH', 'HH', 'T']",1,VCC,3
9710,"['HH', 'T', 'IY0']","['HH', 'T', 'IY']",-1,CCV,3
9711,"['IY0', 'HH', 'T']","['IY', 'HH', 'T']",1,VCC,3
9712,"['HH', 'T', 'EY0']","['HH', 'T', 'EY']",-1,CCV,3
9713,"['EY0', 'HH', 'T']","['EY', 'HH', 'T']",1,VCC,3
9714,"['HH', 'T', 'OW0']","['HH', 'T', 'OW']",-1,CCV,3
9715,"['OW0', 'HH', 'T']","['OW', 'HH', 'T']",1,VCC,3
9716,"['HH', 'T', 'AE0']","['HH', 'T', 'AE']",-1,CCV,3
9717,"['AE0', 'HH', 'T']","['AE', 'HH', 'T']",1,VCC,3
9718,"['HH', 'T', 'AW0']","['HH', 'T', 'AW']",-1,CCV,3
9719,"['AW0', 'HH', 'T']","['AW', 'HH', 'T']",1,VCC,3
9720,"['HH', 'K', 'AH0']","['HH', 'K', 'AH']",-1,CCV,3
9721,"['AH0', 'HH', 'K']","['AH', 'HH', 'K']",1,VCC,3
9722,"['HH', 'K', 'OY0']","['HH', 'K', 'OY']",-1,CCV,3
9723,"['OY0', 'HH', 'K']","['OY', 'HH', 'K']",1,VCC,3
9724,"['HH', 'K', 'AA0']","['HH', 'K', 'AA']",-1,CCV,3
9725,"['AA0', 'HH', 'K']","['AA', 'HH', 'K']",1,VCC,3
9726,"['HH', 'K', 'AY0']","['HH', 'K', 'AY']",-1,CCV,3
9727,"['AY0', 'HH', 'K']","['AY', 'HH', 'K']",1,VCC,3
9728,"['HH', 'K', 'ER0']","['HH', 'K', 'ER']",-1,CCV,3
9729,"['ER0', 'HH', 'K']","['ER', 'HH', 'K']",1,VCC,3
9730,"['HH', 'K', 'AO0']","['HH', 'K', 'AO']",-1,CCV,3
9731,"['AO0', 'HH', 'K']","['AO', 'HH', 'K']",1,VCC,3
9732,"['HH', 'K', 'UW0']","['HH', 'K', 'UW']",-1,CCV,3
9733,"['UW0', 'HH', 'K']","['UW', 'HH', 'K']",1,VCC,3
9734,"['HH', 'K', 'IH0']","['HH', 'K', 'IH']",-1,CCV,3
9735,"['IH0', 'HH', 'K']","['IH', 'HH', 'K']",1,VCC,3
9736,"['HH', 'K', 'EH0']","['HH', 'K', 'EH']",-1,CCV,3
9737,"['EH0', 'HH', 'K']","['EH', 'HH', 'K']",1,VCC,3
9738,"['HH', 'K', 'UH0']","['HH', 'K', 'UH']",-1,CCV,3
9739,"['UH0', 'HH', 'K']","['UH', 'HH', 'K']",1,VCC,3
9740,"['HH', 'K', 'IY0']","['HH', 'K', 'IY']",-1,CCV,3
9741,"['IY0', 'HH', 'K']","['IY', 'HH', 'K']",1,VCC,3
9742,"['HH', 'K', 'EY0']","['HH', 'K', 'EY']",-1,CCV,3
9743,"['EY0', 'HH', 'K']","['EY', 'HH', 'K']",1,VCC,3
9744,"['HH', 'K', 'OW0']","['HH', 'K', 'OW']",-1,CCV,3
9745,"['OW0', 'HH', 'K']","['OW', 'HH', 'K']",1,VCC,3
9746,"['HH', 'K', 'AE0']","['HH', 'K', 'AE']",-1,CCV,3
9747,"['AE0', 'HH', 'K']","['AE', 'HH', 'K']",1,VCC,3
9748,"['HH', 'K', 'AW0']","['HH', 'K', 'AW']",-1,CCV,3
9749,"['AW0', 'HH', 'K']","['AW', 'HH', 'K']",1,VCC,3
9750,"['HH', 'B', 'AH0']","['HH', 'B', 'AH']",-1,CCV,3
9751,"['AH0', 'HH', 'B']","['AH', 'HH', 'B']",1,VCC,3
9752,"['HH', 'B', 'OY0']","['HH', 'B', 'OY']",-1,CCV,3
9753,"['OY0', 'HH', 'B']","['OY', 'HH', 'B']",1,VCC,3
9754,"['HH', 'B', 'AA0']","['HH', 'B', 'AA']",-1,CCV,3
9755,"['AA0', 'HH', 'B']","['AA', 'HH', 'B']",1,VCC,3
9756,"['HH', 'B', 'AY0']","['HH', 'B', 'AY']",-1,CCV,3
9757,"['AY0', 'HH', 'B']","['AY', 'HH', 'B']",1,VCC,3
9758,"['HH', 'B', 'ER0']","['HH', 'B', 'ER']",-1,CCV,3
9759,"['ER0', 'HH', 'B']","['ER', 'HH', 'B']",1,VCC,3
9760,"['HH', 'B', 'AO0']","['HH', 'B', 'AO']",-1,CCV,3
9761,"['AO0', 'HH', 'B']","['AO', 'HH', 'B']",1,VCC,3
9762,"['HH', 'B', 'UW0']","['HH', 'B', 'UW']",-1,CCV,3
9763,"['UW0', 'HH', 'B']","['UW', 'HH', 'B']",1,VCC,3
9764,"['HH', 'B', 'IH0']","['HH', 'B', 'IH']",-1,CCV,3
9765,"['IH0', 'HH', 'B']","['IH', 'HH', 'B']",1,VCC,3
9766,"['HH', 'B', 'EH0']","['HH', 'B', 'EH']",-1,CCV,3
9767,"['EH0', 'HH', 'B']","['EH', 'HH', 'B']",1,VCC,3
9768,"['HH', 'B', 'UH0']","['HH', 'B', 'UH']",-1,CCV,3
9769,"['UH0', 'HH', 'B']","['UH', 'HH', 'B']",1,VCC,3
9770,"['HH', 'B', 'IY0']","['HH', 'B', 'IY']",-1,CCV,3
9771,"['IY0', 'HH', 'B']","['IY', 'HH', 'B']",1,VCC,3
9772,"['HH', 'B', 'EY0']","['HH', 'B', 'EY']",-1,CCV,3
9773,"['EY0', 'HH', 'B']","['EY', 'HH', 'B']",1,VCC,3
9774,"['HH', 'B', 'OW0']","['HH', 'B', 'OW']",-1,CCV,3
9775,"['OW0', 'HH', 'B']","['OW', 'HH', 'B']",1,VCC,3
9776,"['HH', 'B', 'AE0']","['HH', 'B', 'AE']",-1,CCV,3
9777,"['AE0', 'HH', 'B']","['AE', 'HH', 'B']",1,VCC,3
9778,"['HH', 'B', 'AW0']","['HH', 'B', 'AW']",-1,CCV,3
9779,"['AW0', 'HH', 'B']","['AW', 'HH', 'B']",1,VCC,3
9780,"['HH', 'D', 'AH0']","['HH', 'D', 'AH']",-1,CCV,3
9781,"['AH0', 'HH', 'D']","['AH', 'HH', 'D']",1,VCC,3
9782,"['HH', 'D', 'OY0']","['HH', 'D', 'OY']",-1,CCV,3
9783,"['OY0', 'HH', 'D']","['OY', 'HH', 'D']",1,VCC,3
9784,"['HH', 'D', 'AA0']","['HH', 'D', 'AA']",-1,CCV,3
9785,"['AA0', 'HH', 'D']","['AA', 'HH', 'D']",1,VCC,3
9786,"['HH', 'D', 'AY0']","['HH', 'D', 'AY']",-1,CCV,3
9787,"['AY0', 'HH', 'D']","['AY', 'HH', 'D']",1,VCC,3
9788,"['HH', 'D', 'ER0']","['HH', 'D', 'ER']",-1,CCV,3
9789,"['ER0', 'HH', 'D']","['ER', 'HH', 'D']",1,VCC,3
9790,"['HH', 'D', 'AO0']","['HH', 'D', 'AO']",-1,CCV,3
9791,"['AO0', 'HH', 'D']","['AO', 'HH', 'D']",1,VCC,3
9792,"['HH', 'D', 'UW0']","['HH', 'D', 'UW']",-1,CCV,3
9793,"['UW0', 'HH', 'D']","['UW', 'HH', 'D']",1,VCC,3
9794,"['HH', 'D', 'IH0']","['HH', 'D', 'IH']",-1,CCV,3
9795,"['IH0', 'HH', 'D']","['IH', 'HH', 'D']",1,VCC,3
9796,"['HH', 'D', 'EH0']","['HH', 'D', 'EH']",-1,CCV,3
9797,"['EH0', 'HH', 'D']","['EH', 'HH', 'D']",1,VCC,3
9798,"['HH', 'D', 'UH0']","['HH', 'D', 'UH']",-1,CCV,3
9799,"['UH0', 'HH', 'D']","['UH', 'HH', 'D']",1,VCC,3
9800,"['HH', 'D', 'IY0']","['HH', 'D', 'IY']",-1,CCV,3
9801,"['IY0', 'HH', 'D']","['IY', 'HH', 'D']",1,VCC,3
9802,"['HH', 'D', 'EY0']","['HH', 'D', 'EY']",-1,CCV,3
9803,"['EY0', 'HH', 'D']","['EY', 'HH', 'D']",1,VCC,3
9804,"['HH', 'D', 'OW0']","['HH', 'D', 'OW']",-1,CCV,3
9805,"['OW0', 'HH', 'D']","['OW', 'HH', 'D']",1,VCC,3
9806,"['HH', 'D', 'AE0']","['HH', 'D', 'AE']",-1,CCV,3
9807,"['AE0', 'HH', 'D']","['AE', 'HH', 'D']",1,VCC,3
9808,"['HH', 'D', 'AW0']","['HH', 'D', 'AW']",-1,CCV,3
9809,"['AW0', 'HH', 'D']","['AW', 'HH', 'D']",1,VCC,3
9810,"['HH', 'G', 'AH0']","['HH', 'G', 'AH']",-1,CCV,3
9811,"['AH0', 'HH', 'G']","['AH', 'HH', 'G']",1,VCC,3
9812,"['HH', 'G', 'OY0']","['HH', 'G', 'OY']",-1,CCV,3
9813,"['OY0', 'HH', 'G']","['OY', 'HH', 'G']",1,VCC,3
9814,"['HH', 'G', 'AA0']","['HH', 'G', 'AA']",-1,CCV,3
9815,"['AA0', 'HH', 'G']","['AA', 'HH', 'G']",1,VCC,3
9816,"['HH', 'G', 'AY0']","['HH', 'G', 'AY']",-1,CCV,3
9817,"['AY0', 'HH', 'G']","['AY', 'HH', 'G']",1,VCC,3
9818,"['HH', 'G', 'ER0']","['HH', 'G', 'ER']",-1,CCV,3
9819,"['ER0', 'HH', 'G']","['ER', 'HH', 'G']",1,VCC,3
9820,"['HH', 'G', 'AO0']","['HH', 'G', 'AO']",-1,CCV,3
9821,"['AO0', 'HH', 'G']","['AO', 'HH', 'G']",1,VCC,3
9822,"['HH', 'G', 'UW0']","['HH', 'G', 'UW']",-1,CCV,3
9823,"['UW0', 'HH', 'G']","['UW', 'HH', 'G']",1,VCC,3
9824,"['HH', 'G', 'IH0']","['HH', 'G', 'IH']",-1,CCV,3
9825,"['IH0', 'HH', 'G']","['IH', 'HH', 'G']",1,VCC,3
9826,"['HH', 'G', 'EH0']","['HH', 'G', 'EH']",-1,CCV,3
9827,"['EH0', 'HH', 'G']","['EH', 'HH', 'G']",1,VCC,3
9828,"['HH', 'G', 'UH0']","['HH', 'G', 'UH']",-1,CCV,3
9829,"['UH0', 'HH', 'G']","['UH', 'HH', 'G']",1,VCC,3
9830,"['HH', 'G', 'IY0']","['HH', 'G', 'IY']",-1,CCV,3
9831,"['IY0', 'HH', 'G']","['IY', 'HH', 'G']",1,VCC,3
9832,"['HH', 'G', 'EY0']","['HH', 'G', 'EY']",-1,CCV,3
9833,"['EY0', 'HH', 'G']","['EY', 'HH', 'G']",1,VCC,3
9834,"['HH', 'G', 'OW0']","['HH', 'G', 'OW']",-1,CCV,3
9835,"['OW0', 'HH', 'G']","['OW', 'HH', 'G']",1,VCC,3
9836,"['HH', 'G', 'AE0']","['HH', 'G', 'AE']",-1,CCV,3
9837,"['AE0', 'HH', 'G']","['AE', 'HH', 'G']",1,VCC,3
9838,"['HH', 'G', 'AW0']","['HH', 'G', 'AW']",-1,CCV,3
9839,"['AW0', 'HH', 'G']","['AW', 'HH', 'G']",1,VCC,3
9840,"['HH', 'F', 'AH0']","['HH', 'F', 'AH']",0,CCV,3
9841,"['AH0', 'HH', 'F']","['AH', 'HH', 'F']",0,VCC,3
9842,"['HH', 'F', 'OY0']","['HH', 'F', 'OY']",0,CCV,3
9843,"['OY0', 'HH', 'F']","['OY', 'HH', 'F']",0,VCC,3
9844,"['HH', 'F', 'AA0']","['HH', 'F', 'AA']",0,CCV,3
9845,"['AA0', 'HH', 'F']","['AA', 'HH', 'F']",0,VCC,3
9846,"['HH', 'F', 'AY0']","['HH', 'F', 'AY']",0,CCV,3
9847,"['AY0', 'HH', 'F']","['AY', 'HH', 'F']",0,VCC,3
9848,"['HH', 'F', 'ER0']","['HH', 'F', 'ER']",0,CCV,3
9849,"['ER0', 'HH', 'F']","['ER', 'HH', 'F']",0,VCC,3
9850,"['HH', 'F', 'AO0']","['HH', 'F', 'AO']",0,CCV,3
9851,"['AO0', 'HH', 'F']","['AO', 'HH', 'F']",0,VCC,3
9852,"['HH', 'F', 'UW0']","['HH', 'F', 'UW']",0,CCV,3
9853,"['UW0', 'HH', 'F']","['UW', 'HH', 'F']",0,VCC,3
9854,"['HH', 'F', 'IH0']","['HH', 'F', 'IH']",0,CCV,3
9855,"['IH0', 'HH', 'F']","['IH', 'HH', 'F']",0,VCC,3
9856,"['HH', 'F', 'EH0']","['HH', 'F', 'EH']",0,CCV,3
9857,"['EH0', 'HH', 'F']","['EH', 'HH', 'F']",0,VCC,3
9858,"['HH', 'F', 'UH0']","['HH', 'F', 'UH']",0,CCV,3
9859,"['UH0', 'HH', 'F']","['UH', 'HH', 'F']",0,VCC,3
9860,"['HH', 'F', 'IY0']","['HH', 'F', 'IY']",0,CCV,3
9861,"['IY0', 'HH', 'F']","['IY', 'HH', 'F']",0,VCC,3
9862,"['HH', 'F', 'EY0']","['HH', 'F', 'EY']",0,CCV,3
9863,"['EY0', 'HH', 'F']","['EY', 'HH', 'F']",0,VCC,3
9864,"['HH', 'F', 'OW0']","['HH', 'F', 'OW']",0,CCV,3
9865,"['OW0', 'HH', 'F']","['OW', 'HH', 'F']",0,VCC,3
9866,"['HH', 'F', 'AE0']","['HH', 'F', 'AE']",0,CCV,3
9867,"['AE0', 'HH', 'F']","['AE', 'HH', 'F']",0,VCC,3
9868,"['HH', 'F', 'AW0']","['HH', 'F', 'AW']",0,CCV,3
9869,"['AW0', 'HH', 'F']","['AW', 'HH', 'F']",0,VCC,3
9870,"['HH', 'TH', 'AH0']","['HH', 'TH', 'AH']",0,CCV,3
9871,"['AH0', 'HH', 'TH']","['AH', 'HH', 'TH']",0,VCC,3
9872,"['HH', 'TH', 'OY0']","['HH', 'TH', 'OY']",0,CCV,3
9873,"['OY0', 'HH', 'TH']","['OY', 'HH', 'TH']",0,VCC,3
9874,"['HH', 'TH', 'AA0']","['HH', 'TH', 'AA']",0,CCV,3
9875,"['AA0', 'HH', 'TH']","['AA', 'HH', 'TH']",0,VCC,3
9876,"['HH', 'TH', 'AY0']","['HH', 'TH', 'AY']",0,CCV,3
9877,"['AY0', 'HH', 'TH']","['AY', 'HH', 'TH']",0,VCC,3
9878,"['HH', 'TH', 'ER0']","['HH', 'TH', 'ER']",0,CCV,3
9879,"['ER0', 'HH', 'TH']","['ER', 'HH', 'TH']",0,VCC,3
9880,"['HH', 'TH', 'AO0']","['HH', 'TH', 'AO']",0,CCV,3
9881,"['AO0', 'HH', 'TH']","['AO', 'HH', 'TH']",0,VCC,3
9882,"['HH', 'TH', 'UW0']","['HH', 'TH', 'UW']",0,CCV,3
9883,"['UW0', 'HH', 'TH']","['UW', 'HH', 'TH']",0,VCC,3
9884,"['HH', 'TH', 'IH0']","['HH', 'TH', 'IH']",0,CCV,3
9885,"['IH0', 'HH', 'TH']","['IH', 'HH', 'TH']",0,VCC,3
9886,"['HH', 'TH', 'EH0']","['HH', 'TH', 'EH']",0,CCV,3
9887,"['EH0', 'HH', 'TH']","['EH', 'HH', 'TH']",0,VCC,3
9888,"['HH', 'TH', 'UH0']","['HH', 'TH', 'UH']",0,CCV,3
9889,"['UH0', 'HH', 'TH']","['UH', 'HH', 'TH']",0,VCC,3
9890,"['HH', 'TH', 'IY0']","['HH', 'TH', 'IY']",0,CCV,3
9891,"['IY0', 'HH', 'TH']","['IY', 'HH', 'TH']",0,VCC,3
9892,"['HH', 'TH', 'EY0']","['HH', 'TH', 'EY']",0,CCV,3
9893,"['EY0', 'HH', 'TH']","['EY', 'HH', 'TH']",0,VCC,3
9894,"['HH', 'TH', 'OW0']","['HH', 'TH', 'OW']",0,CCV,3
9895,"['OW0', 'HH', 'TH']","['OW', 'HH', 'TH']",0,VCC,3
9896,"['HH', 'TH', 'AE0']","['HH', 'TH', 'AE']",0,CCV,3
9897,"['AE0', 'HH', 'TH']","['AE', 'HH', 'TH']",0,VCC,3
9898,"['HH', 'TH', 'AW0']","['HH', 'TH', 'AW']",0,CCV,3
9899,"['AW0', 'HH', 'TH']","['AW', 'HH', 'TH']",0,VCC,3
9900,"['HH', 'S', 'AH0']","['HH', 'S', 'AH']",0,CCV,3
9901,"['AH0', 'HH', 'S']","['AH', 'HH', 'S']",0,VCC,3
9902,"['HH', 'S', 'OY0']","['HH', 'S', 'OY']",0,CCV,3
9903,"['OY0', 'HH', 'S']","['OY', 'HH', 'S']",0,VCC,3
9904,"['HH', 'S', 'AA0']","['HH', 'S', 'AA']",0,CCV,3
9905,"['AA0', 'HH', 'S']","['AA', 'HH', 'S']",0,VCC,3
9906,"['HH', 'S', 'AY0']","['HH', 'S', 'AY']",0,CCV,3
9907,"['AY0', 'HH', 'S']","['AY', 'HH', 'S']",0,VCC,3
9908,"['HH', 'S', 'ER0']","['HH', 'S', 'ER']",0,CCV,3
9909,"['ER0', 'HH', 'S']","['ER', 'HH', 'S']",0,VCC,3
9910,"['HH', 'S', 'AO0']","['HH', 'S', 'AO']",0,CCV,3
9911,"['AO0', 'HH', 'S']","['AO', 'HH', 'S']",0,VCC,3
9912,"['HH', 'S', 'UW0']","['HH', 'S', 'UW']",0,CCV,3
9913,"['UW0', 'HH', 'S']","['UW', 'HH', 'S']",0,VCC,3
9914,"['HH', 'S', 'IH0']","['HH', 'S', 'IH']",0,CCV,3
9915,"['IH0', 'HH', 'S']","['IH', 'HH', 'S']",0,VCC,3
9916,"['HH', 'S', 'EH0']","['HH', 'S', 'EH']",0,CCV,3
9917,"['EH0', 'HH', 'S']","['EH', 'HH', 'S']",0,VCC,3
9918,"['HH', 'S', 'UH0']","['HH', 'S', 'UH']",0,CCV,3
9919,"['UH0', 'HH', 'S']","['UH', 'HH', 'S']",0,VCC,3
9920,"['HH', 'S', 'IY0']","['HH', 'S', 'IY']",0,CCV,3
9921,"['IY0', 'HH', 'S']","['IY', 'HH', 'S']",0,VCC,3
9922,"['HH', 'S', 'EY0']","['HH', 'S', 'EY']",0,CCV,3
9923,"['EY0', 'HH', 'S']","['EY', 'HH', 'S']",0,VCC,3
9924,"['HH', 'S', 'OW0']","['HH', 'S', 'OW']",0,CCV,3
9925,"['OW0', 'HH', 'S']","['OW', 'HH', 'S']",0,VCC,3
9926,"['HH', 'S', 'AE0']","['HH', 'S', 'AE']",0,CCV,3
9927,"['AE0', 'HH', 'S']","['AE', 'HH', 'S']",0,VCC,3
9928,"['HH', 'S', 'AW0']","['HH', 'S', 'AW']",0,CCV,3
9929,"['AW0', 'HH', 'S']","['AW', 'HH', 'S']",0,VCC,3
9930,"['HH', 'SH', 'AH0']","['HH', 'SH', 'AH']",0,CCV,3
9931,"['AH0', 'HH', 'SH']","['AH', 'HH', 'SH']",0,VCC,3
9932,"['HH', 'SH', 'OY0']","['HH', 'SH', 'OY']",0,CCV,3
9933,"['OY0', 'HH', 'SH']","['OY', 'HH', 'SH']",0,VCC,3
9934,"['HH', 'SH', 'AA0']","['HH', 'SH', 'AA']",0,CCV,3
9935,"['AA0', 'HH', 'SH']","['AA', 'HH', 'SH']",0,VCC,3
9936,"['HH', 'SH', 'AY0']","['HH', 'SH', 'AY']",0,CCV,3
9937,"['AY0', 'HH', 'SH']","['AY', 'HH', 'SH']",0,VCC,3
9938,"['HH', 'SH', 'ER0']","['HH', 'SH', 'ER']",0,CCV,3
9939,"['ER0', 'HH', 'SH']","['ER', 'HH', 'SH']",0,VCC,3
9940,"['HH', 'SH', 'AO0']","['HH', 'SH', 'AO']",0,CCV,3
9941,"['AO0', 'HH', 'SH']","['AO', 'HH', 'SH']",0,VCC,3
9942,"['HH', 'SH', 'UW0']","['HH', 'SH', 'UW']",0,CCV,3
9943,"['UW0', 'HH', 'SH']","['UW', 'HH', 'SH']",0,VCC,3
9944,"['HH', 'SH', 'IH0']","['HH', 'SH', 'IH']",0,CCV,3
9945,"['IH0', 'HH', 'SH']","['IH', 'HH', 'SH']",0,VCC,3
9946,"['HH', 'SH', 'EH0']","['HH', 'SH', 'EH']",0,CCV,3
9947,"['EH0', 'HH', 'SH']","['EH', 'HH', 'SH']",0,VCC,3
9948,"['HH', 'SH', 'UH0']","['HH', 'SH', 'UH']",0,CCV,3
9949,"['UH0', 'HH', 'SH']","['UH', 'HH', 'SH']",0,VCC,3
9950,"['HH', 'SH', 'IY0']","['HH', 'SH', 'IY']",0,CCV,3
9951,"['IY0', 'HH', 'SH']","['IY', 'HH', 'SH']",0,VCC,3
9952,"['HH', 'SH', 'EY0']","['HH', 'SH', 'EY']",0,CCV,3
9953,"['EY0', 'HH', 'SH']","['EY', 'HH', 'SH']",0,VCC,3
9954,"['HH', 'SH', 'OW0']","['HH', 'SH', 'OW']",0,CCV,3
9955,"['OW0', 'HH', 'SH']","['OW', 'HH', 'SH']",0,VCC,3
9956,"['HH', 'SH', 'AE0']","['HH', 'SH', 'AE']",0,CCV,3
9957,"['AE0', 'HH', 'SH']","['AE', 'HH', 'SH']",0,VCC,3
9958,"['HH', 'SH', 'AW0']","['HH', 'SH', 'AW']",0,CCV,3
9959,"['AW0', 'HH', 'SH']","['AW', 'HH', 'SH']",0,VCC,3
9960,"['HH', 'Z', 'AH0']","['HH', 'Z', 'AH']",0,CCV,3
9961,"['AH0', 'HH', 'Z']","['AH', 'HH', 'Z']",0,VCC,3
9962,"['HH', 'Z', 'OY0']","['HH', 'Z', 'OY']",0,CCV,3
9963,"['OY0', 'HH', 'Z']","['OY', 'HH', 'Z']",0,VCC,3
9964,"['HH', 'Z', 'AA0']","['HH', 'Z', 'AA']",0,CCV,3
9965,"['AA0', 'HH', 'Z']","['AA', 'HH', 'Z']",0,VCC,3
9966,"['HH', 'Z', 'AY0']","['HH', 'Z', 'AY']",0,CCV,3
9967,"['AY0', 'HH', 'Z']","['AY', 'HH', 'Z']",0,VCC,3
9968,"['HH', 'Z', 'ER0']","['HH', 'Z', 'ER']",0,CCV,3
9969,"['ER0', 'HH', 'Z']","['ER', 'HH', 'Z']",0,VCC,3
9970,"['HH', 'Z', 'AO0']","['HH', 'Z', 'AO']",0,CCV,3
9971,"['AO0', 'HH', 'Z']","['AO', 'HH', 'Z']",0,VCC,3
9972,"['HH', 'Z', 'UW0']","['HH', 'Z', 'UW']",0,CCV,3
9973,"['UW0', 'HH', 'Z']","['UW', 'HH', 'Z']",0,VCC,3
9974,"['HH', 'Z', 'IH0']","['HH', 'Z', 'IH']",0,CCV,3
9975,"['IH0', 'HH', 'Z']","['IH', 'HH', 'Z']",0,VCC,3
9976,"['HH', 'Z', 'EH0']","['HH', 'Z', 'EH']",0,CCV,3
9977,"['EH0', 'HH', 'Z']","['EH', 'HH', 'Z']",0,VCC,3
9978,"['HH', 'Z', 'UH0']","['HH', 'Z', 'UH']",0,CCV,3
9979,"['UH0', 'HH', 'Z']","['UH', 'HH', 'Z']",0,VCC,3
9980,"['HH', 'Z', 'IY0']","['HH', 'Z', 'IY']",0,CCV,3
9981,"['IY0', 'HH', 'Z']","['IY', 'HH', 'Z']",0,VCC,3
9982,"['HH', 'Z', 'EY0']","['HH', 'Z', 'EY']",0,CCV,3
9983,"['EY0', 'HH', 'Z']","['EY', 'HH', 'Z']",0,VCC,3
9984,"['HH', 'Z', 'OW0']","['HH', 'Z', 'OW']",0,CCV,3
9985,"['OW0', 'HH', 'Z']","['OW', 'HH', 'Z']",0,VCC,3
9986,"['HH', 'Z', 'AE0']","['HH', 'Z', 'AE']",0,CCV,3
9987,"['AE0', 'HH', 'Z']","['AE', 'HH', 'Z']",0,VCC,3
9988,"['HH', 'Z', 'AW0']","['HH', 'Z', 'AW']",0,CCV,3
9989,"['AW0', 'HH', 'Z']","['AW', 'HH', 'Z']",0,VCC,3
9990,"['HH', 'ZH', 'AH0']","['HH', 'ZH', 'AH']",0,CCV,3
9991,"['AH0', 'HH', 'ZH']","['AH', 'HH', 'ZH']",0,VCC,3
9992,"['HH', 'ZH', 'OY0']","['HH', 'ZH', 'OY']",0,CCV,3
9993,"['OY0', 'HH', 'ZH']","['OY', 'HH', 'ZH']",0,VCC,3
9994,"['HH', 'ZH', 'AA0']","['HH', 'ZH', 'AA']",0,CCV,3
9995,"['AA0', 'HH', 'ZH']","['AA', 'HH', 'ZH']",0,VCC,3
9996,"['HH', 'ZH', 'AY0']","['HH', 'ZH', 'AY']",0,CCV,3
9997,"['AY0', 'HH', 'ZH']","['AY', 'HH', 'ZH']",0,VCC,3
9998,"['HH', 'ZH', 'ER0']","['HH', 'ZH', 'ER']",0,CCV,3
9999,"['ER0', 'HH', 'ZH']","['ER', 'HH', 'ZH']",0,VCC,3
10000,"['HH', 'ZH', 'AO0']","['HH', 'ZH', 'AO']",0,CCV,3
10001,"['AO0', 'HH', 'ZH']","['AO', 'HH', 'ZH']",0,VCC,3
10002,"['HH', 'ZH', 'UW0']","['HH', 'ZH', 'UW']",0,CCV,3
10003,"['UW0', 'HH', 'ZH']","['UW', 'HH', 'ZH']",0,VCC,3
10004,"['HH', 'ZH', 'IH0']","['HH', 'ZH', 'IH']",0,CCV,3
10005,"['IH0', 'HH', 'ZH']","['IH', 'HH', 'ZH']",0,VCC,3
10006,"['HH', 'ZH', 'EH0']","['HH', 'ZH', 'EH']",0,CCV,3
10007,"['EH0', 'HH', 'ZH']","['EH', 'HH', 'ZH']",0,VCC,3
10008,"['HH', 'ZH', 'UH0']","['HH', 'ZH', 'UH']",0,CCV,3
10009,"['UH0', 'HH', 'ZH']","['UH', 'HH', 'ZH']",0,VCC,3
10010,"['HH', 'ZH', 'IY0']","['HH', 'ZH', 'IY']",0,CCV,3
10011,"['IY0', 'HH', 'ZH']","['IY', 'HH', 'ZH']",0,VCC,3
10012,"['HH', 'ZH', 'EY0']","['HH', 'ZH', 'EY']",0,CCV,3
10013,"['EY0', 'HH', 'ZH']","['EY', 'HH', 'ZH']",0,VCC,3
10014,"['HH', 'ZH', 'OW0']","['HH', 'ZH', 'OW']",0,CCV,3
10015,"['OW0', 'HH', 'ZH']","['OW', 'HH', 'ZH']",0,VCC,3
10016,"['HH', 'ZH', 'AE0']","['HH', 'ZH', 'AE']",0,CCV,3
10017,"['AE0', 'HH', 'ZH']","['AE', 'HH', 'ZH']",0,VCC,3
10018,"['HH', 'ZH', 'AW0']","['HH', 'ZH', 'AW']",0,CCV,3
10019,"['AW0', 'HH', 'ZH']","['AW', 'HH', 'ZH']",0,VCC,3
10020,"['HH', 'V', 'AH0']","['HH', 'V', 'AH']",0,CCV,3
10021,"['AH0', 'HH', 'V']","['AH', 'HH', 'V']",0,VCC,3
10022,"['HH', 'V', 'OY0']","['HH', 'V', 'OY']",0,CCV,3
10023,"['OY0', 'HH', 'V']","['OY', 'HH', 'V']",0,VCC,3
10024,"['HH', 'V', 'AA0']","['HH', 'V', 'AA']",0,CCV,3
10025,"['AA0', 'HH', 'V']","['AA', 'HH', 'V']",0,VCC,3
10026,"['HH', 'V', 'AY0']","['HH', 'V', 'AY']",0,CCV,3
10027,"['AY0', 'HH', 'V']","['AY', 'HH', 'V']",0,VCC,3
10028,"['HH', 'V', 'ER0']","['HH', 'V', 'ER']",0,CCV,3
10029,"['ER0', 'HH', 'V']","['ER', 'HH', 'V']",0,VCC,3
10030,"['HH', 'V', 'AO0']","['HH', 'V', 'AO']",0,CCV,3
10031,"['AO0', 'HH', 'V']","['AO', 'HH', 'V']",0,VCC,3
10032,"['HH', 'V', 'UW0']","['HH', 'V', 'UW']",0,CCV,3
10033,"['UW0', 'HH', 'V']","['UW', 'HH', 'V']",0,VCC,3
10034,"['HH', 'V', 'IH0']","['HH', 'V', 'IH']",0,CCV,3
10035,"['IH0', 'HH', 'V']","['IH', 'HH', 'V']",0,VCC,3
10036,"['HH', 'V', 'EH0']","['HH', 'V', 'EH']",0,CCV,3
10037,"['EH0', 'HH', 'V']","['EH', 'HH', 'V']",0,VCC,3
10038,"['HH', 'V', 'UH0']","['HH', 'V', 'UH']",0,CCV,3
10039,"['UH0', 'HH', 'V']","['UH', 'HH', 'V']",0,VCC,3
10040,"['HH', 'V', 'IY0']","['HH', 'V', 'IY']",0,CCV,3
10041,"['IY0', 'HH', 'V']","['IY', 'HH', 'V']",0,VCC,3
10042,"['HH', 'V', 'EY0']","['HH', 'V', 'EY']",0,CCV,3
10043,"['EY0', 'HH', 'V']","['EY', 'HH', 'V']",0,VCC,3
10044,"['HH', 'V', 'OW0']","['HH', 'V', 'OW']",0,CCV,3
10045,"['OW0', 'HH', 'V']","['OW', 'HH', 'V']",0,VCC,3
10046,"['HH', 'V', 'AE0']","['HH', 'V', 'AE']",0,CCV,3
10047,"['AE0', 'HH', 'V']","['AE', 'HH', 'V']",0,VCC,3
10048,"['HH', 'V', 'AW0']","['HH', 'V', 'AW']",0,CCV,3
10049,"['AW0', 'HH', 'V']","['AW', 'HH', 'V']",0,VCC,3
10050,"['HH', 'DH', 'AH0']","['HH', 'DH', 'AH']",0,CCV,3
10051,"['AH0', 'HH', 'DH']","['AH', 'HH', 'DH']",0,VCC,3
10052,"['HH', 'DH', 'OY0']","['HH', 'DH', 'OY']",0,CCV,3
10053,"['OY0', 'HH', 'DH']","['OY', 'HH', 'DH']",0,VCC,3
10054,"['HH', 'DH', 'AA0']","['HH', 'DH', 'AA']",0,CCV,3
10055,"['AA0', 'HH', 'DH']","['AA', 'HH', 'DH']",0,VCC,3
10056,"['HH', 'DH', 'AY0']","['HH', 'DH', 'AY']",0,CCV,3
10057,"['AY0', 'HH', 'DH']","['AY', 'HH', 'DH']",0,VCC,3
10058,"['HH', 'DH', 'ER0']","['HH', 'DH', 'ER']",0,CCV,3
10059,"['ER0', 'HH', 'DH']","['ER', 'HH', 'DH']",0,VCC,3
10060,"['HH', 'DH', 'AO0']","['HH', 'DH', 'AO']",0,CCV,3
10061,"['AO0', 'HH', 'DH']","['AO', 'HH', 'DH']",0,VCC,3
10062,"['HH', 'DH', 'UW0']","['HH', 'DH', 'UW']",0,CCV,3
10063,"['UW0', 'HH', 'DH']","['UW', 'HH', 'DH']",0,VCC,3
10064,"['HH', 'DH', 'IH0']","['HH', 'DH', 'IH']",0,CCV,3
10065,"['IH0', 'HH', 'DH']","['IH', 'HH', 'DH']",0,VCC,3
10066,"['HH', 'DH', 'EH0']","['HH', 'DH', 'EH']",0,CCV,3
10067,"['EH0', 'HH', 'DH']","['EH', 'HH', 'DH']",0,VCC,3
10068,"['HH', 'DH', 'UH0']","['HH', 'DH', 'UH']",0,CCV,3
10069,"['UH0', 'HH', 'DH']","['UH', 'HH', 'DH']",0,VCC,3
10070,"['HH', 'DH', 'IY0']","['HH', 'DH', 'IY']",0,CCV,3
10071,"['IY0', 'HH', 'DH']","['IY', 'HH', 'DH']",0,VCC,3
10072,"['HH', 'DH', 'EY0']","['HH', 'DH', 'EY']",0,CCV,3
10073,"['EY0', 'HH', 'DH']","['EY', 'HH', 'DH']",0,VCC,3
10074,"['HH', 'DH', 'OW0']","['HH', 'DH', 'OW']",0,CCV,3
10075,"['OW0', 'HH', 'DH']","['OW', 'HH', 'DH']",0,VCC,3
10076,"['HH', 'DH', 'AE0']","['HH', 'DH', 'AE']",0,CCV,3
10077,"['AE0', 'HH', 'DH']","['AE', 'HH', 'DH']",0,VCC,3
10078,"['HH', 'DH', 'AW0']","['HH', 'DH', 'AW']",0,CCV,3
10079,"['AW0', 'HH', 'DH']","['AW', 'HH', 'DH']",0,VCC,3
10080,"['HH', 'CH', 'AH0']","['HH', 'CH', 'AH']",1,CCV,3
10081,"['AH0', 'HH', 'CH']","['AH', 'HH', 'CH']",-1,VCC,3
10082,"['HH', 'CH', 'OY0']","['HH', 'CH', 'OY']",1,CCV,3
10083,"['OY0', 'HH', 'CH']","['OY', 'HH', 'CH']",-1,VCC,3
10084,"['HH', 'CH', 'AA0']","['HH', 'CH', 'AA']",1,CCV,3
10085,"['AA0', 'HH', 'CH']","['AA', 'HH', 'CH']",-1,VCC,3
10086,"['HH', 'CH', 'AY0']","['HH', 'CH', 'AY']",1,CCV,3
10087,"['AY0', 'HH', 'CH']","['AY', 'HH', 'CH']",-1,VCC,3
10088,"['HH', 'CH', 'ER0']","['HH', 'CH', 'ER']",1,CCV,3
10089,"['ER0', 'HH', 'CH']","['ER', 'HH', 'CH']",-1,VCC,3
10090,"['HH', 'CH', 'AO0']","['HH', 'CH', 'AO']",1,CCV,3
10091,"['AO0', 'HH', 'CH']","['AO', 'HH', 'CH']",-1,VCC,3
10092,"['HH', 'CH', 'UW0']","['HH', 'CH', 'UW']",1,CCV,3
10093,"['UW0', 'HH', 'CH']","['UW', 'HH', 'CH']",-1,VCC,3
10094,"['HH', 'CH', 'IH0']","['HH', 'CH', 'IH']",1,CCV,3
10095,"['IH0', 'HH', 'CH']","['IH', 'HH', 'CH']",-1,VCC,3
10096,"['HH', 'CH', 'EH0']","['HH', 'CH', 'EH']",1,CCV,3
10097,"['EH0', 'HH', 'CH']","['EH', 'HH', 'CH']",-1,VCC,3
10098,"['HH', 'CH', 'UH0']","['HH', 'CH', 'UH']",1,CCV,3
10099,"['UH0', 'HH', 'CH']","['UH', 'HH', 'CH']",-1,VCC,3
10100,"['HH', 'CH', 'IY0']","['HH', 'CH', 'IY']",1,CCV,3
10101,"['IY0', 'HH', 'CH']","['IY', 'HH', 'CH']",-1,VCC,3
10102,"['HH', 'CH', 'EY0']","['HH', 'CH', 'EY']",1,CCV,3
10103,"['EY0', 'HH', 'CH']","['EY', 'HH', 'CH']",-1,VCC,3
10104,"['HH', 'CH', 'OW0']","['HH', 'CH', 'OW']",1,CCV,3
10105,"['OW0', 'HH', 'CH']","['OW', 'HH', 'CH']",-1,VCC,3
10106,"['HH', 'CH', 'AE0']","['HH', 'CH', 'AE']",1,CCV,3
10107,"['AE0', 'HH', 'CH']","['AE', 'HH', 'CH']",-1,VCC,3
10108,"['HH', 'CH', 'AW0']","['HH', 'CH', 'AW']",1,CCV,3
10109,"['AW0', 'HH', 'CH']","['AW', 'HH', 'CH']",-1,VCC,3
10110,"['HH', 'JH', 'AH0']","['HH', 'JH', 'AH']",1,CCV,3
10111,"['AH0', 'HH', 'JH']","['AH', 'HH', 'JH']",-1,VCC,3
10112,"['HH', 'JH', 'OY0']","['HH', 'JH', 'OY']",1,CCV,3
10113,"['OY0', 'HH', 'JH']","['OY', 'HH', 'JH']",-1,VCC,3
10114,"['HH', 'JH', 'AA0']","['HH', 'JH', 'AA']",1,CCV,3
10115,"['AA0', 'HH', 'JH']","['AA', 'HH', 'JH']",-1,VCC,3
10116,"['HH', 'JH', 'AY0']","['HH', 'JH', 'AY']",1,CCV,3
10117,"['AY0', 'HH', 'JH']","['AY', 'HH', 'JH']",-1,VCC,3
10118,"['HH', 'JH', 'ER0']","['HH', 'JH', 'ER']",1,CCV,3
10119,"['ER0', 'HH', 'JH']","['ER', 'HH', 'JH']",-1,VCC,3
10120,"['HH', 'JH', 'AO0']","['HH', 'JH', 'AO']",1,CCV,3
10121,"['AO0', 'HH', 'JH']","['AO', 'HH', 'JH']",-1,VCC,3
10122,"['HH', 'JH', 'UW0']","['HH', 'JH', 'UW']",1,CCV,3
10123,"['UW0', 'HH', 'JH']","['UW', 'HH', 'JH']",-1,VCC,3
10124,"['HH', 'JH', 'IH0']","['HH', 'JH', 'IH']",1,CCV,3
10125,"['IH0', 'HH', 'JH']","['IH', 'HH', 'JH']",-1,VCC,3
10126,"['HH', 'JH', 'EH0']","['HH', 'JH', 'EH']",1,CCV,3
10127,"['EH0', 'HH', 'JH']","['EH', 'HH', 'JH']",-1,VCC,3
10128,"['HH', 'JH', 'UH0']","['HH', 'JH', 'UH']",1,CCV,3
10129,"['UH0', 'HH', 'JH']","['UH', 'HH', 'JH']",-1,VCC,3
10130,"['HH', 'JH', 'IY0']","['HH', 'JH', 'IY']",1,CCV,3
10131,"['IY0', 'HH', 'JH']","['IY', 'HH', 'JH']",-1,VCC,3
10132,"['HH', 'JH', 'EY0']","['HH', 'JH', 'EY']",1,CCV,3
10133,"['EY0', 'HH', 'JH']","['EY', 'HH', 'JH']",-1,VCC,3
10134,"['HH', 'JH', 'OW0']","['HH', 'JH', 'OW']",1,CCV,3
10135,"['OW0', 'HH', 'JH']","['OW', 'HH', 'JH']",-1,VCC,3
10136,"['HH', 'JH', 'AE0']","['HH', 'JH', 'AE']",1,CCV,3
10137,"['AE0', 'HH', 'JH']","['AE', 'HH', 'JH']",-1,VCC,3
10138,"['HH', 'JH', 'AW0']","['HH', 'JH', 'AW']",1,CCV,3
10139,"['AW0', 'HH', 'JH']","['AW', 'HH', 'JH']",-1,VCC,3
10140,"['HH', 'M', 'AH0']","['HH', 'M', 'AH']",2,CCV,3
10141,"['AH0', 'HH', 'M']","['AH', 'HH', 'M']",-2,VCC,3
10142,"['HH', 'M', 'OY0']","['HH', 'M', 'OY']",2,CCV,3
10143,"['OY0', 'HH', 'M']","['OY', 'HH', 'M']",-2,VCC,3
10144,"['HH', 'M', 'AA0']","['HH', 'M', 'AA']",2,CCV,3
10145,"['AA0', 'HH', 'M']","['AA', 'HH', 'M']",-2,VCC,3
10146,"['HH', 'M', 'AY0']","['HH', 'M', 'AY']",2,CCV,3
10147,"['AY0', 'HH', 'M']","['AY', 'HH', 'M']",-2,VCC,3
10148,"['HH', 'M', 'ER0']","['HH', 'M', 'ER']",2,CCV,3
10149,"['ER0', 'HH', 'M']","['ER', 'HH', 'M']",-2,VCC,3
10150,"['HH', 'M', 'AO0']","['HH', 'M', 'AO']",2,CCV,3
10151,"['AO0', 'HH', 'M']","['AO', 'HH', 'M']",-2,VCC,3
10152,"['HH', 'M', 'UW0']","['HH', 'M', 'UW']",2,CCV,3
10153,"['UW0', 'HH', 'M']","['UW', 'HH', 'M']",-2,VCC,3
10154,"['HH', 'M', 'IH0']","['HH', 'M', 'IH']",2,CCV,3
10155,"['IH0', 'HH', 'M']","['IH', 'HH', 'M']",-2,VCC,3
10156,"['HH', 'M', 'EH0']","['HH', 'M', 'EH']",2,CCV,3
10157,"['EH0', 'HH', 'M']","['EH', 'HH', 'M']",-2,VCC,3
10158,"['HH', 'M', 'UH0']","['HH', 'M', 'UH']",2,CCV,3
10159,"['UH0', 'HH', 'M']","['UH', 'HH', 'M']",-2,VCC,3
10160,"['HH', 'M', 'IY0']","['HH', 'M', 'IY']",2,CCV,3
10161,"['IY0', 'HH', 'M']","['IY', 'HH', 'M']",-2,VCC,3
10162,"['HH', 'M', 'EY0']","['HH', 'M', 'EY']",2,CCV,3
10163,"['EY0', 'HH', 'M']","['EY', 'HH', 'M']",-2,VCC,3
10164,"['HH', 'M', 'OW0']","['HH', 'M', 'OW']",2,CCV,3
10165,"['OW0', 'HH', 'M']","['OW', 'HH', 'M']",-2,VCC,3
10166,"['HH', 'M', 'AE0']","['HH', 'M', 'AE']",2,CCV,3
10167,"['AE0', 'HH', 'M']","['AE', 'HH', 'M']",-2,VCC,3
10168,"['HH', 'M', 'AW0']","['HH', 'M', 'AW']",2,CCV,3
10169,"['AW0', 'HH', 'M']","['AW', 'HH', 'M']",-2,VCC,3
10170,"['HH', 'N', 'AH0']","['HH', 'N', 'AH']",2,CCV,3
10171,"['AH0', 'HH', 'N']","['AH', 'HH', 'N']",-2,VCC,3
10172,"['HH', 'N', 'OY0']","['HH', 'N', 'OY']",2,CCV,3
10173,"['OY0', 'HH', 'N']","['OY', 'HH', 'N']",-2,VCC,3
10174,"['HH', 'N', 'AA0']","['HH', 'N', 'AA']",2,CCV,3
10175,"['AA0', 'HH', 'N']","['AA', 'HH', 'N']",-2,VCC,3
10176,"['HH', 'N', 'AY0']","['HH', 'N', 'AY']",2,CCV,3
10177,"['AY0', 'HH', 'N']","['AY', 'HH', 'N']",-2,VCC,3
10178,"['HH', 'N', 'ER0']","['HH', 'N', 'ER']",2,CCV,3
10179,"['ER0', 'HH', 'N']","['ER', 'HH', 'N']",-2,VCC,3
10180,"['HH', 'N', 'AO0']","['HH', 'N', 'AO']",2,CCV,3
10181,"['AO0', 'HH', 'N']","['AO', 'HH', 'N']",-2,VCC,3
10182,"['HH', 'N', 'UW0']","['HH', 'N', 'UW']",2,CCV,3
10183,"['UW0', 'HH', 'N']","['UW', 'HH', 'N']",-2,VCC,3
10184,"['HH', 'N', 'IH0']","['HH', 'N', 'IH']",2,CCV,3
10185,"['IH0', 'HH', 'N']","['IH', 'HH', 'N']",-2,VCC,3
10186,"['HH', 'N', 'EH0']","['HH', 'N', 'EH']",2,CCV,3
10187,"['EH0', 'HH', 'N']","['EH', 'HH', 'N']",-2,VCC,3
10188,"['HH', 'N', 'UH0']","['HH', 'N', 'UH']",2,CCV,3
10189,"['UH0', 'HH', 'N']","['UH', 'HH', 'N']",-2,VCC,3
10190,"['HH', 'N', 'IY0']","['HH', 'N', 'IY']",2,CCV,3
10191,"['IY0', 'HH', 'N']","['IY', 'HH', 'N']",-2,VCC,3
10192,"['HH', 'N', 'EY0']","['HH', 'N', 'EY']",2,CCV,3
10193,"['EY0', 'HH', 'N']","['EY', 'HH', 'N']",-2,VCC,3
10194,"['HH', 'N', 'OW0']","['HH', 'N', 'OW']",2,CCV,3
10195,"['OW0', 'HH', 'N']","['OW', 'HH', 'N']",-2,VCC,3
10196,"['HH', 'N', 'AE0']","['HH', 'N', 'AE']",2,CCV,3
10197,"['AE0', 'HH', 'N']","['AE', 'HH', 'N']",-2,VCC,3
10198,"['HH', 'N', 'AW0']","['HH', 'N', 'AW']",2,CCV,3
10199,"['AW0', 'HH', 'N']","['AW', 'HH', 'N']",-2,VCC,3
10200,"['HH', 'NG', 'AH0']","['HH', 'NG', 'AH']",2,CCV,3
10201,"['AH0', 'HH', 'NG']","['AH', 'HH', 'NG']",-2,VCC,3
10202,"['HH', 'NG', 'OY0']","['HH', 'NG', 'OY']",2,CCV,3
10203,"['OY0', 'HH', 'NG']","['OY', 'HH', 'NG']",-2,VCC,3
10204,"['HH', 'NG', 'AA0']","['HH', 'NG', 'AA']",2,CCV,3
10205,"['AA0', 'HH', 'NG']","['AA', 'HH', 'NG']",-2,VCC,3
10206,"['HH', 'NG', 'AY0']","['HH', 'NG', 'AY']",2,CCV,3
10207,"['AY0', 'HH', 'NG']","['AY', 'HH', 'NG']",-2,VCC,3
10208,"['HH', 'NG', 'ER0']","['HH', 'NG', 'ER']",2,CCV,3
10209,"['ER0', 'HH', 'NG']","['ER', 'HH', 'NG']",-2,VCC,3
10210,"['HH', 'NG', 'AO0']","['HH', 'NG', 'AO']",2,CCV,3
10211,"['AO0', 'HH', 'NG']","['AO', 'HH', 'NG']",-2,VCC,3
10212,"['HH', 'NG', 'UW0']","['HH', 'NG', 'UW']",2,CCV,3
10213,"['UW0', 'HH', 'NG']","['UW', 'HH', 'NG']",-2,VCC,3
10214,"['HH', 'NG', 'IH0']","['HH', 'NG', 'IH']",2,CCV,3
10215,"['IH0', 'HH', 'NG']","['IH', 'HH', 'NG']",-2,VCC,3
10216,"['HH', 'NG', 'EH0']","['HH', 'NG', 'EH']",2,CCV,3
10217,"['EH0', 'HH', 'NG']","['EH', 'HH', 'NG']",-2,VCC,3
10218,"['HH', 'NG', 'UH0']","['HH', 'NG', 'UH']",2,CCV,3
10219,"['UH0', 'HH', 'NG']","['UH', 'HH', 'NG']",-2,VCC,3
10220,"['HH', 'NG', 'IY0']","['HH', 'NG', 'IY']",2,CCV,3
10221,"['IY0', 'HH', 'NG']","['IY', 'HH', 'NG']",-2,VCC,3
10222,"['HH', 'NG', 'EY0']","['HH', 'NG', 'EY']",2,CCV,3
10223,"['EY0', 'HH', 'NG']","['EY', 'HH', 'NG']",-2,VCC,3
10224,"['HH', 'NG', 'OW0']","['HH', 'NG', 'OW']",2,CCV,3
10225,"['OW0', 'HH', 'NG']","['OW', 'HH', 'NG']",-2,VCC,3
10226,"['HH', 'NG', 'AE0']","['HH', 'NG', 'AE']",2,CCV,3
10227,"['AE0', 'HH', 'NG']","['AE', 'HH', 'NG']",-2,VCC,3
10228,"['HH', 'NG', 'AW0']","['HH', 'NG', 'AW']",2,CCV,3
10229,"['AW0', 'HH', 'NG']","['AW', 'HH', 'NG']",-2,VCC,3
10230,"['HH', 'L', 'AH0']","['HH', 'L', 'AH']",3,CCV,3
10231,"['AH0', 'HH', 'L']","['AH', 'HH', 'L']",-3,VCC,3
10232,"['HH', 'L', 'OY0']","['HH', 'L', 'OY']",3,CCV,3
10233,"['OY0', 'HH', 'L']","['OY', 'HH', 'L']",-3,VCC,3
10234,"['HH', 'L', 'AA0']","['HH', 'L', 'AA']",3,CCV,3
10235,"['AA0', 'HH', 'L']","['AA', 'HH', 'L']",-3,VCC,3
10236,"['HH', 'L', 'AY0']","['HH', 'L', 'AY']",3,CCV,3
10237,"['AY0', 'HH', 'L']","['AY', 'HH', 'L']",-3,VCC,3
10238,"['HH', 'L', 'ER0']","['HH', 'L', 'ER']",3,CCV,3
10239,"['ER0', 'HH', 'L']","['ER', 'HH', 'L']",-3,VCC,3
10240,"['HH', 'L', 'AO0']","['HH', 'L', 'AO']",3,CCV,3
10241,"['AO0', 'HH', 'L']","['AO', 'HH', 'L']",-3,VCC,3
10242,"['HH', 'L', 'UW0']","['HH', 'L', 'UW']",3,CCV,3
10243,"['UW0', 'HH', 'L']","['UW', 'HH', 'L']",-3,VCC,3
10244,"['HH', 'L', 'IH0']","['HH', 'L', 'IH']",3,CCV,3
10245,"['IH0', 'HH', 'L']","['IH', 'HH', 'L']",-3,VCC,3
10246,"['HH', 'L', 'EH0']","['HH', 'L', 'EH']",3,CCV,3
10247,"['EH0', 'HH', 'L']","['EH', 'HH', 'L']",-3,VCC,3
10248,"['HH', 'L', 'UH0']","['HH', 'L', 'UH']",3,CCV,3
10249,"['UH0', 'HH', 'L']","['UH', 'HH', 'L']",-3,VCC,3
10250,"['HH', 'L', 'IY0']","['HH', 'L', 'IY']",3,CCV,3
10251,"['IY0', 'HH', 'L']","['IY', 'HH', 'L']",-3,VCC,3
10252,"['HH', 'L', 'EY0']","['HH', 'L', 'EY']",3,CCV,3
10253,"['EY0', 'HH', 'L']","['EY', 'HH', 'L']",-3,VCC,3
10254,"['HH', 'L', 'OW0']","['HH', 'L', 'OW']",3,CCV,3
10255,"['OW0', 'HH', 'L']","['OW', 'HH', 'L']",-3,VCC,3
10256,"['HH', 'L', 'AE0']","['HH', 'L', 'AE']",3,CCV,3
10257,"['AE0', 'HH', 'L']","['AE', 'HH', 'L']",-3,VCC,3
10258,"['HH', 'L', 'AW0']","['HH', 'L', 'AW']",3,CCV,3
10259,"['AW0', 'HH', 'L']","['AW', 'HH', 'L']",-3,VCC,3
10260,"['HH', 'R', 'AH0']","['HH', 'R', 'AH']",3,CCV,3
10261,"['AH0', 'HH', 'R']","['AH', 'HH', 'R']",-3,VCC,3
10262,"['HH', 'R', 'OY0']","['HH', 'R', 'OY']",3,CCV,3
10263,"['OY0', 'HH', 'R']","['OY', 'HH', 'R']",-3,VCC,3
10264,"['HH', 'R', 'AA0']","['HH', 'R', 'AA']",3,CCV,3
10265,"['AA0', 'HH', 'R']","['AA', 'HH', 'R']",-3,VCC,3
10266,"['HH', 'R', 'AY0']","['HH', 'R', 'AY']",3,CCV,3
10267,"['AY0', 'HH', 'R']","['AY', 'HH', 'R']",-3,VCC,3
10268,"['HH', 'R', 'ER0']","['HH', 'R', 'ER']",3,CCV,3
10269,"['ER0', 'HH', 'R']","['ER', 'HH', 'R']",-3,VCC,3
10270,"['HH', 'R', 'AO0']","['HH', 'R', 'AO']",3,CCV,3
10271,"['AO0', 'HH', 'R']","['AO', 'HH', 'R']",-3,VCC,3
10272,"['HH', 'R', 'UW0']","['HH', 'R', 'UW']",3,CCV,3
10273,"['UW0', 'HH', 'R']","['UW', 'HH', 'R']",-3,VCC,3
10274,"['HH', 'R', 'IH0']","['HH', 'R', 'IH']",3,CCV,3
10275,"['IH0', 'HH', 'R']","['IH', 'HH', 'R']",-3,VCC,3
10276,"['HH', 'R', 'EH0']","['HH', 'R', 'EH']",3,CCV,3
10277,"['EH0', 'HH', 'R']","['EH', 'HH', 'R']",-3,VCC,3
10278,"['HH', 'R', 'UH0']","['HH', 'R', 'UH']",3,CCV,3
10279,"['UH0', 'HH', 'R']","['UH', 'HH', 'R']",-3,VCC,3
10280,"['HH', 'R', 'IY0']","['HH', 'R', 'IY']",3,CCV,3
10281,"['IY0', 'HH', 'R']","['IY', 'HH', 'R']",-3,VCC,3
10282,"['HH', 'R', 'EY0']","['HH', 'R', 'EY']",3,CCV,3
10283,"['EY0', 'HH', 'R']","['EY', 'HH', 'R']",-3,VCC,3
10284,"['HH', 'R', 'OW0']","['HH', 'R', 'OW']",3,CCV,3
10285,"['OW0', 'HH', 'R']","['OW', 'HH', 'R']",-3,VCC,3
10286,"['HH', 'R', 'AE0']","['HH', 'R', 'AE']",3,CCV,3
10287,"['AE0', 'HH', 'R']","['AE', 'HH', 'R']",-3,VCC,3
10288,"['HH', 'R', 'AW0']","['HH', 'R', 'AW']",3,CCV,3
10289,"['AW0', 'HH', 'R']","['AW', 'HH', 'R']",-3,VCC,3
10290,"['HH', 'W', 'AH0']","['HH', 'W', 'AH']",4,CCV,3
10291,"['AH0', 'HH', 'W']","['AH', 'HH', 'W']",-4,VCC,3
10292,"['HH', 'W', 'OY0']","['HH', 'W', 'OY']",4,CCV,3
10293,"['OY0', 'HH', 'W']","['OY', 'HH', 'W']",-4,VCC,3
10294,"['HH', 'W', 'AA0']","['HH', 'W', 'AA']",4,CCV,3
10295,"['AA0', 'HH', 'W']","['AA', 'HH', 'W']",-4,VCC,3
10296,"['HH', 'W', 'AY0']","['HH', 'W', 'AY']",4,CCV,3
10297,"['AY0', 'HH', 'W']","['AY', 'HH', 'W']",-4,VCC,3
10298,"['HH', 'W', 'ER0']","['HH', 'W', 'ER']",4,CCV,3
10299,"['ER0', 'HH', 'W']","['ER', 'HH', 'W']",-4,VCC,3
10300,"['HH', 'W', 'AO0']","['HH', 'W', 'AO']",4,CCV,3
10301,"['AO0', 'HH', 'W']","['AO', 'HH', 'W']",-4,VCC,3
10302,"['HH', 'W', 'UW0']","['HH', 'W', 'UW']",4,CCV,3
10303,"['UW0', 'HH', 'W']","['UW', 'HH', 'W']",-4,VCC,3
10304,"['HH', 'W', 'IH0']","['HH', 'W', 'IH']",4,CCV,3
10305,"['IH0', 'HH', 'W']","['IH', 'HH', 'W']",-4,VCC,3
10306,"['HH', 'W', 'EH0']","['HH', 'W', 'EH']",4,CCV,3
10307,"['EH0', 'HH', 'W']","['EH', 'HH', 'W']",-4,VCC,3
10308,"['HH', 'W', 'UH0']","['HH', 'W', 'UH']",4,CCV,3
10309,"['UH0', 'HH', 'W']","['UH', 'HH', 'W']",-4,VCC,3
10310,"['HH', 'W', 'IY0']","['HH', 'W', 'IY']",4,CCV,3
10311,"['IY0', 'HH', 'W']","['IY', 'HH', 'W']",-4,VCC,3
10312,"['HH', 'W', 'EY0']","['HH', 'W', 'EY']",4,CCV,3
10313,"['EY0', 'HH', 'W']","['EY', 'HH', 'W']",-4,VCC,3
10314,"['HH', 'W', 'OW0']","['HH', 'W', 'OW']",4,CCV,3
10315,"['OW0', 'HH', 'W']","['OW', 'HH', 'W']",-4,VCC,3
10316,"['HH', 'W', 'AE0']","['HH', 'W', 'AE']",4,CCV,3
10317,"['AE0', 'HH', 'W']","['AE', 'HH', 'W']",-4,VCC,3
10318,"['HH', 'W', 'AW0']","['HH', 'W', 'AW']",4,CCV,3
10319,"['AW0', 'HH', 'W']","['AW', 'HH', 'W']",-4,VCC,3
10320,"['HH', 'Y', 'AH0']","['HH', 'Y', 'AH']",4,CCV,3
10321,"['AH0', 'HH', 'Y']","['AH', 'HH', 'Y']",-4,VCC,3
10322,"['HH', 'Y', 'OY0']","['HH', 'Y', 'OY']",4,CCV,3
10323,"['OY0', 'HH', 'Y']","['OY', 'HH', 'Y']",-4,VCC,3
10324,"['HH', 'Y', 'AA0']","['HH', 'Y', 'AA']",4,CCV,3
10325,"['AA0', 'HH', 'Y']","['AA', 'HH', 'Y']",-4,VCC,3
10326,"['HH', 'Y', 'AY0']","['HH', 'Y', 'AY']",4,CCV,3
10327,"['AY0', 'HH', 'Y']","['AY', 'HH', 'Y']",-4,VCC,3
10328,"['HH', 'Y', 'ER0']","['HH', 'Y', 'ER']",4,CCV,3
10329,"['ER0', 'HH', 'Y']","['ER', 'HH', 'Y']",-4,VCC,3
10330,"['HH', 'Y', 'AO0']","['HH', 'Y', 'AO']",4,CCV,3
10331,"['AO0', 'HH', 'Y']","['AO', 'HH', 'Y']",-4,VCC,3
10332,"['HH', 'Y', 'UW0']","['HH', 'Y', 'UW']",4,CCV,3
10333,"['UW0', 'HH', 'Y']","['UW', 'HH', 'Y']",-4,VCC,3
10334,"['HH', 'Y', 'IH0']","['HH', 'Y', 'IH']",4,CCV,3
10335,"['IH0', 'HH', 'Y']","['IH', 'HH', 'Y']",-4,VCC,3
10336,"['HH', 'Y', 'EH0']","['HH', 'Y', 'EH']",4,CCV,3
10337,"['EH0', 'HH', 'Y']","['EH', 'HH', 'Y']",-4,VCC,3
10338,"['HH', 'Y', 'UH0']","['HH', 'Y', 'UH']",4,CCV,3
10339,"['UH0', 'HH', 'Y']","['UH', 'HH', 'Y']",-4,VCC,3
10340,"['HH', 'Y', 'IY0']","['HH', 'Y', 'IY']",4,CCV,3
10341,"['IY0', 'HH', 'Y']","['IY', 'HH', 'Y']",-4,VCC,3
10342,"['HH', 'Y', 'EY0']","['HH', 'Y', 'EY']",4,CCV,3
10343,"['EY0', 'HH', 'Y']","['EY', 'HH', 'Y']",-4,VCC,3
10344,"['HH', 'Y', 'OW0']","['HH', 'Y', 'OW']",4,CCV,3
10345,"['OW0', 'HH', 'Y']","['OW', 'HH', 'Y']",-4,VCC,3
10346,"['HH', 'Y', 'AE0']","['HH', 'Y', 'AE']",4,CCV,3
10347,"['AE0', 'HH', 'Y']","['AE', 'HH', 'Y']",-4,VCC,3
10348,"['HH', 'Y', 'AW0']","['HH', 'Y', 'AW']",4,CCV,3
10349,"['AW0', 'HH', 'Y']","['AW', 'HH', 'Y']",-4,VCC,3
10350,"['CH', 'P', 'AH0']","['CH', 'P', 'AH']",-2,CCV,3
10351,"['AH0', 'CH', 'P']","['AH', 'CH', 'P']",2,VCC,3
10352,"['CH', 'P', 'OY0']","['CH', 'P', 'OY']",-2,CCV,3
10353,"['OY0', 'CH', 'P']","['OY', 'CH', 'P']",2,VCC,3
10354,"['CH', 'P', 'AA0']","['CH', 'P', 'AA']",-2,CCV,3
10355,"['AA0', 'CH', 'P']","['AA', 'CH', 'P']",2,VCC,3
10356,"['CH', 'P', 'AY0']","['CH', 'P', 'AY']",-2,CCV,3
10357,"['AY0', 'CH', 'P']","['AY', 'CH', 'P']",2,VCC,3
10358,"['CH', 'P', 'ER0']","['CH', 'P', 'ER']",-2,CCV,3
10359,"['ER0', 'CH', 'P']","['ER', 'CH', 'P']",2,VCC,3
10360,"['CH', 'P', 'AO0']","['CH', 'P', 'AO']",-2,CCV,3
10361,"['AO0', 'CH', 'P']","['AO', 'CH', 'P']",2,VCC,3
10362,"['CH', 'P', 'UW0']","['CH', 'P', 'UW']",-2,CCV,3
10363,"['UW0', 'CH', 'P']","['UW', 'CH', 'P']",2,VCC,3
10364,"['CH', 'P', 'IH0']","['CH', 'P', 'IH']",-2,CCV,3
10365,"['IH0', 'CH', 'P']","['IH', 'CH', 'P']",2,VCC,3
10366,"['CH', 'P', 'EH0']","['CH', 'P', 'EH']",-2,CCV,3
10367,"['EH0', 'CH', 'P']","['EH', 'CH', 'P']",2,VCC,3
10368,"['CH', 'P', 'UH0']","['CH', 'P', 'UH']",-2,CCV,3
10369,"['UH0', 'CH', 'P']","['UH', 'CH', 'P']",2,VCC,3
10370,"['CH', 'P', 'IY0']","['CH', 'P', 'IY']",-2,CCV,3
10371,"['IY0', 'CH', 'P']","['IY', 'CH', 'P']",2,VCC,3
10372,"['CH', 'P', 'EY0']","['CH', 'P', 'EY']",-2,CCV,3
10373,"['EY0', 'CH', 'P']","['EY', 'CH', 'P']",2,VCC,3
10374,"['CH', 'P', 'OW0']","['CH', 'P', 'OW']",-2,CCV,3
10375,"['OW0', 'CH', 'P']","['OW', 'CH', 'P']",2,VCC,3
10376,"['CH', 'P', 'AE0']","['CH', 'P', 'AE']",-2,CCV,3
10377,"['AE0', 'CH', 'P']","['AE', 'CH', 'P']",2,VCC,3
10378,"['CH', 'P', 'AW0']","['CH', 'P', 'AW']",-2,CCV,3
10379,"['AW0', 'CH', 'P']","['AW', 'CH', 'P']",2,VCC,3
10380,"['CH', 'T', 'AH0']","['CH', 'T', 'AH']",-2,CCV,3
10381,"['AH0', 'CH', 'T']","['AH', 'CH', 'T']",2,VCC,3
10382,"['CH', 'T', 'OY0']","['CH', 'T', 'OY']",-2,CCV,3
10383,"['OY0', 'CH', 'T']","['OY', 'CH', 'T']",2,VCC,3
10384,"['CH', 'T', 'AA0']","['CH', 'T', 'AA']",-2,CCV,3
10385,"['AA0', 'CH', 'T']","['AA', 'CH', 'T']",2,VCC,3
10386,"['CH', 'T', 'AY0']","['CH', 'T', 'AY']",-2,CCV,3
10387,"['AY0', 'CH', 'T']","['AY', 'CH', 'T']",2,VCC,3
10388,"['CH', 'T', 'ER0']","['CH', 'T', 'ER']",-2,CCV,3
10389,"['ER0', 'CH', 'T']","['ER', 'CH', 'T']",2,VCC,3
10390,"['CH', 'T', 'AO0']","['CH', 'T', 'AO']",-2,CCV,3
10391,"['AO0', 'CH', 'T']","['AO', 'CH', 'T']",2,VCC,3
10392,"['CH', 'T', 'UW0']","['CH', 'T', 'UW']",-2,CCV,3
10393,"['UW0', 'CH', 'T']","['UW', 'CH', 'T']",2,VCC,3
10394,"['CH', 'T', 'IH0']","['CH', 'T', 'IH']",-2,CCV,3
10395,"['IH0', 'CH', 'T']","['IH', 'CH', 'T']",2,VCC,3
10396,"['CH', 'T', 'EH0']","['CH', 'T', 'EH']",-2,CCV,3
10397,"['EH0', 'CH', 'T']","['EH', 'CH', 'T']",2,VCC,3
10398,"['CH', 'T', 'UH0']","['CH', 'T', 'UH']",-2,CCV,3
10399,"['UH0', 'CH', 'T']","['UH', 'CH', 'T']",2,VCC,3
10400,"['CH', 'T', 'IY0']","['CH', 'T', 'IY']",-2,CCV,3
10401,"['IY0', 'CH', 'T']","['IY', 'CH', 'T']",2,VCC,3
10402,"['CH', 'T', 'EY0']","['CH', 'T', 'EY']",-2,CCV,3
10403,"['EY0', 'CH', 'T']","['EY', 'CH', 'T']",2,VCC,3
10404,"['CH', 'T', 'OW0']","['CH', 'T', 'OW']",-2,CCV,3
10405,"['OW0', 'CH', 'T']","['OW', 'CH', 'T']",2,VCC,3
10406,"['CH', 'T', 'AE0']","['CH', 'T', 'AE']",-2,CCV,3
10407,"['AE0', 'CH', 'T']","['AE', 'CH', 'T']",2,VCC,3
10408,"['CH', 'T', 'AW0']","['CH', 'T', 'AW']",-2,CCV,3
10409,"['AW0', 'CH', 'T']","['AW', 'CH', 'T']",2,VCC,3
10410,"['CH', 'K', 'AH0']","['CH', 'K', 'AH']",-2,CCV,3
10411,"['AH0', 'CH', 'K']","['AH', 'CH', 'K']",2,VCC,3
10412,"['CH', 'K', 'OY0']","['CH', 'K', 'OY']",-2,CCV,3
10413,"['OY0', 'CH', 'K']","['OY', 'CH', 'K']",2,VCC,3
10414,"['CH', 'K', 'AA0']","['CH', 'K', 'AA']",-2,CCV,3
10415,"['AA0', 'CH', 'K']","['AA', 'CH', 'K']",2,VCC,3
10416,"['CH', 'K', 'AY0']","['CH', 'K', 'AY']",-2,CCV,3
10417,"['AY0', 'CH', 'K']","['AY', 'CH', 'K']",2,VCC,3
10418,"['CH', 'K', 'ER0']","['CH', 'K', 'ER']",-2,CCV,3
10419,"['ER0', 'CH', 'K']","['ER', 'CH', 'K']",2,VCC,3
10420,"['CH', 'K', 'AO0']","['CH', 'K', 'AO']",-2,CCV,3
10421,"['AO0', 'CH', 'K']","['AO', 'CH', 'K']",2,VCC,3
10422,"['CH', 'K', 'UW0']","['CH', 'K', 'UW']",-2,CCV,3
10423,"['UW0', 'CH', 'K']","['UW', 'CH', 'K']",2,VCC,3
10424,"['CH', 'K', 'IH0']","['CH', 'K', 'IH']",-2,CCV,3
10425,"['IH0', 'CH', 'K']","['IH', 'CH', 'K']",2,VCC,3
10426,"['CH', 'K', 'EH0']","['CH', 'K', 'EH']",-2,CCV,3
10427,"['EH0', 'CH', 'K']","['EH', 'CH', 'K']",2,VCC,3
10428,"['CH', 'K', 'UH0']","['CH', 'K', 'UH']",-2,CCV,3
10429,"['UH0', 'CH', 'K']","['UH', 'CH', 'K']",2,VCC,3
10430,"['CH', 'K', 'IY0']","['CH', 'K', 'IY']",-2,CCV,3
10431,"['IY0', 'CH', 'K']","['IY', 'CH', 'K']",2,VCC,3
10432,"['CH', 'K', 'EY0']","['CH', 'K', 'EY']",-2,CCV,3
10433,"['EY0', 'CH', 'K']","['EY', 'CH', 'K']",2,VCC,3
10434,"['CH', 'K', 'OW0']","['CH', 'K', 'OW']",-2,CCV,3
10435,"['OW0', 'CH', 'K']","['OW', 'CH', 'K']",2,VCC,3
10436,"['CH', 'K', 'AE0']","['CH', 'K', 'AE']",-2,CCV,3
10437,"['AE0', 'CH', 'K']","['AE', 'CH', 'K']",2,VCC,3
10438,"['CH', 'K', 'AW0']","['CH', 'K', 'AW']",-2,CCV,3
10439,"['AW0', 'CH', 'K']","['AW', 'CH', 'K']",2,VCC,3
10440,"['CH', 'B', 'AH0']","['CH', 'B', 'AH']",-2,CCV,3
10441,"['AH0', 'CH', 'B']","['AH', 'CH', 'B']",2,VCC,3
10442,"['CH', 'B', 'OY0']","['CH', 'B', 'OY']",-2,CCV,3
10443,"['OY0', 'CH', 'B']","['OY', 'CH', 'B']",2,VCC,3
10444,"['CH', 'B', 'AA0']","['CH', 'B', 'AA']",-2,CCV,3
10445,"['AA0', 'CH', 'B']","['AA', 'CH', 'B']",2,VCC,3
10446,"['CH', 'B', 'AY0']","['CH', 'B', 'AY']",-2,CCV,3
10447,"['AY0', 'CH', 'B']","['AY', 'CH', 'B']",2,VCC,3
10448,"['CH', 'B', 'ER0']","['CH', 'B', 'ER']",-2,CCV,3
10449,"['ER0', 'CH', 'B']","['ER', 'CH', 'B']",2,VCC,3
10450,"['CH', 'B', 'AO0']","['CH', 'B', 'AO']",-2,CCV,3
10451,"['AO0', 'CH', 'B']","['AO', 'CH', 'B']",2,VCC,3
10452,"['CH', 'B', 'UW0']","['CH', 'B', 'UW']",-2,CCV,3
10453,"['UW0', 'CH', 'B']","['UW', 'CH', 'B']",2,VCC,3
10454,"['CH', 'B', 'IH0']","['CH', 'B', 'IH']",-2,CCV,3
10455,"['IH0', 'CH', 'B']","['IH', 'CH', 'B']",2,VCC,3
10456,"['CH', 'B', 'EH0']","['CH', 'B', 'EH']",-2,CCV,3
10457,"['EH0', 'CH', 'B']","['EH', 'CH', 'B']",2,VCC,3
10458,"['CH', 'B', 'UH0']","['CH', 'B', 'UH']",-2,CCV,3
10459,"['UH0', 'CH', 'B']","['UH', 'CH', 'B']",2,VCC,3
10460,"['CH', 'B', 'IY0']","['CH', 'B', 'IY']",-2,CCV,3
10461,"['IY0', 'CH', 'B']","['IY', 'CH', 'B']",2,VCC,3
10462,"['CH', 'B', 'EY0']","['CH', 'B', 'EY']",-2,CCV,3
10463,"['EY0', 'CH', 'B']","['EY', 'CH', 'B']",2,VCC,3
10464,"['CH', 'B', 'OW0']","['CH', 'B', 'OW']",-2,CCV,3
10465,"['OW0', 'CH', 'B']","['OW', 'CH', 'B']",2,VCC,3
10466,"['CH', 'B', 'AE0']","['CH', 'B', 'AE']",-2,CCV,3
10467,"['AE0', 'CH', 'B']","['AE', 'CH', 'B']",2,VCC,3
10468,"['CH', 'B', 'AW0']","['CH', 'B', 'AW']",-2,CCV,3
10469,"['AW0', 'CH', 'B']","['AW', 'CH', 'B']",2,VCC,3
10470,"['CH', 'D', 'AH0']","['CH', 'D', 'AH']",-2,CCV,3
10471,"['AH0', 'CH', 'D']","['AH', 'CH', 'D']",2,VCC,3
10472,"['CH', 'D', 'OY0']","['CH', 'D', 'OY']",-2,CCV,3
10473,"['OY0', 'CH', 'D']","['OY', 'CH', 'D']",2,VCC,3
10474,"['CH', 'D', 'AA0']","['CH', 'D', 'AA']",-2,CCV,3
10475,"['AA0', 'CH', 'D']","['AA', 'CH', 'D']",2,VCC,3
10476,"['CH', 'D', 'AY0']","['CH', 'D', 'AY']",-2,CCV,3
10477,"['AY0', 'CH', 'D']","['AY', 'CH', 'D']",2,VCC,3
10478,"['CH', 'D', 'ER0']","['CH', 'D', 'ER']",-2,CCV,3
10479,"['ER0', 'CH', 'D']","['ER', 'CH', 'D']",2,VCC,3
10480,"['CH', 'D', 'AO0']","['CH', 'D', 'AO']",-2,CCV,3
10481,"['AO0', 'CH', 'D']","['AO', 'CH', 'D']",2,VCC,3
10482,"['CH', 'D', 'UW0']","['CH', 'D', 'UW']",-2,CCV,3
10483,"['UW0', 'CH', 'D']","['UW', 'CH', 'D']",2,VCC,3
10484,"['CH', 'D', 'IH0']","['CH', 'D', 'IH']",-2,CCV,3
10485,"['IH0', 'CH', 'D']","['IH', 'CH', 'D']",2,VCC,3
10486,"['CH', 'D', 'EH0']","['CH', 'D', 'EH']",-2,CCV,3
10487,"['EH0', 'CH', 'D']","['EH', 'CH', 'D']",2,VCC,3
10488,"['CH', 'D', 'UH0']","['CH', 'D', 'UH']",-2,CCV,3
10489,"['UH0', 'CH', 'D']","['UH', 'CH', 'D']",2,VCC,3
10490,"['CH', 'D', 'IY0']","['CH', 'D', 'IY']",-2,CCV,3
10491,"['IY0', 'CH', 'D']","['IY', 'CH', 'D']",2,VCC,3
10492,"['CH', 'D', 'EY0']","['CH', 'D', 'EY']",-2,CCV,3
10493,"['EY0', 'CH', 'D']","['EY', 'CH', 'D']",2,VCC,3
10494,"['CH', 'D', 'OW0']","['CH', 'D', 'OW']",-2,CCV,3
10495,"['OW0', 'CH', 'D']","['OW', 'CH', 'D']",2,VCC,3
10496,"['CH', 'D', 'AE0']","['CH', 'D', 'AE']",-2,CCV,3
10497,"['AE0', 'CH', 'D']","['AE', 'CH', 'D']",2,VCC,3
10498,"['CH', 'D', 'AW0']","['CH', 'D', 'AW']",-2,CCV,3
10499,"['AW0', 'CH', 'D']","['AW', 'CH', 'D']",2,VCC,3
10500,"['CH', 'G', 'AH0']","['CH', 'G', 'AH']",-2,CCV,3
10501,"['AH0', 'CH', 'G']","['AH', 'CH', 'G']",2,VCC,3
10502,"['CH', 'G', 'OY0']","['CH', 'G', 'OY']",-2,CCV,3
10503,"['OY0', 'CH', 'G']","['OY', 'CH', 'G']",2,VCC,3
10504,"['CH', 'G', 'AA0']","['CH', 'G', 'AA']",-2,CCV,3
10505,"['AA0', 'CH', 'G']","['AA', 'CH', 'G']",2,VCC,3
10506,"['CH', 'G', 'AY0']","['CH', 'G', 'AY']",-2,CCV,3
10507,"['AY0', 'CH', 'G']","['AY', 'CH', 'G']",2,VCC,3
10508,"['CH', 'G', 'ER0']","['CH', 'G', 'ER']",-2,CCV,3
10509,"['ER0', 'CH', 'G']","['ER', 'CH', 'G']",2,VCC,3
10510,"['CH', 'G', 'AO0']","['CH', 'G', 'AO']",-2,CCV,3
10511,"['AO0', 'CH', 'G']","['AO', 'CH', 'G']",2,VCC,3
10512,"['CH', 'G', 'UW0']","['CH', 'G', 'UW']",-2,CCV,3
10513,"['UW0', 'CH', 'G']","['UW', 'CH', 'G']",2,VCC,3
10514,"['CH', 'G', 'IH0']","['CH', 'G', 'IH']",-2,CCV,3
10515,"['IH0', 'CH', 'G']","['IH', 'CH', 'G']",2,VCC,3
10516,"['CH', 'G', 'EH0']","['CH', 'G', 'EH']",-2,CCV,3
10517,"['EH0', 'CH', 'G']","['EH', 'CH', 'G']",2,VCC,3
10518,"['CH', 'G', 'UH0']","['CH', 'G', 'UH']",-2,CCV,3
10519,"['UH0', 'CH', 'G']","['UH', 'CH', 'G']",2,VCC,3
10520,"['CH', 'G', 'IY0']","['CH', 'G', 'IY']",-2,CCV,3
10521,"['IY0', 'CH', 'G']","['IY', 'CH', 'G']",2,VCC,3
10522,"['CH', 'G', 'EY0']","['CH', 'G', 'EY']",-2,CCV,3
10523,"['EY0', 'CH', 'G']","['EY', 'CH', 'G']",2,VCC,3
10524,"['CH', 'G', 'OW0']","['CH', 'G', 'OW']",-2,CCV,3
10525,"['OW0', 'CH', 'G']","['OW', 'CH', 'G']",2,VCC,3
10526,"['CH', 'G', 'AE0']","['CH', 'G', 'AE']",-2,CCV,3
10527,"['AE0', 'CH', 'G']","['AE', 'CH', 'G']",2,VCC,3
10528,"['CH', 'G', 'AW0']","['CH', 'G', 'AW']",-2,CCV,3
10529,"['AW0', 'CH', 'G']","['AW', 'CH', 'G']",2,VCC,3
10530,"['CH', 'F', 'AH0']","['CH', 'F', 'AH']",-1,CCV,3
10531,"['AH0', 'CH', 'F']","['AH', 'CH', 'F']",1,VCC,3
10532,"['CH', 'F', 'OY0']","['CH', 'F', 'OY']",-1,CCV,3
10533,"['OY0', 'CH', 'F']","['OY', 'CH', 'F']",1,VCC,3
10534,"['CH', 'F', 'AA0']","['CH', 'F', 'AA']",-1,CCV,3
10535,"['AA0', 'CH', 'F']","['AA', 'CH', 'F']",1,VCC,3
10536,"['CH', 'F', 'AY0']","['CH', 'F', 'AY']",-1,CCV,3
10537,"['AY0', 'CH', 'F']","['AY', 'CH', 'F']",1,VCC,3
10538,"['CH', 'F', 'ER0']","['CH', 'F', 'ER']",-1,CCV,3
10539,"['ER0', 'CH', 'F']","['ER', 'CH', 'F']",1,VCC,3
10540,"['CH', 'F', 'AO0']","['CH', 'F', 'AO']",-1,CCV,3
10541,"['AO0', 'CH', 'F']","['AO', 'CH', 'F']",1,VCC,3
10542,"['CH', 'F', 'UW0']","['CH', 'F', 'UW']",-1,CCV,3
10543,"['UW0', 'CH', 'F']","['UW', 'CH', 'F']",1,VCC,3
10544,"['CH', 'F', 'IH0']","['CH', 'F', 'IH']",-1,CCV,3
10545,"['IH0', 'CH', 'F']","['IH', 'CH', 'F']",1,VCC,3
10546,"['CH', 'F', 'EH0']","['CH', 'F', 'EH']",-1,CCV,3
10547,"['EH0', 'CH', 'F']","['EH', 'CH', 'F']",1,VCC,3
10548,"['CH', 'F', 'UH0']","['CH', 'F', 'UH']",-1,CCV,3
10549,"['UH0', 'CH', 'F']","['UH', 'CH', 'F']",1,VCC,3
10550,"['CH', 'F', 'IY0']","['CH', 'F', 'IY']",-1,CCV,3
10551,"['IY0', 'CH', 'F']","['IY', 'CH', 'F']",1,VCC,3
10552,"['CH', 'F', 'EY0']","['CH', 'F', 'EY']",-1,CCV,3
10553,"['EY0', 'CH', 'F']","['EY', 'CH', 'F']",1,VCC,3
10554,"['CH', 'F', 'OW0']","['CH', 'F', 'OW']",-1,CCV,3
10555,"['OW0', 'CH', 'F']","['OW', 'CH', 'F']",1,VCC,3
10556,"['CH', 'F', 'AE0']","['CH', 'F', 'AE']",-1,CCV,3
10557,"['AE0', 'CH', 'F']","['AE', 'CH', 'F']",1,VCC,3
10558,"['CH', 'F', 'AW0']","['CH', 'F', 'AW']",-1,CCV,3
10559,"['AW0', 'CH', 'F']","['AW', 'CH', 'F']",1,VCC,3
10560,"['CH', 'TH', 'AH0']","['CH', 'TH', 'AH']",-1,CCV,3
10561,"['AH0', 'CH', 'TH']","['AH', 'CH', 'TH']",1,VCC,3
10562,"['CH', 'TH', 'OY0']","['CH', 'TH', 'OY']",-1,CCV,3
10563,"['OY0', 'CH', 'TH']","['OY', 'CH', 'TH']",1,VCC,3
10564,"['CH', 'TH', 'AA0']","['CH', 'TH', 'AA']",-1,CCV,3
10565,"['AA0', 'CH', 'TH']","['AA', 'CH', 'TH']",1,VCC,3
10566,"['CH', 'TH', 'AY0']","['CH', 'TH', 'AY']",-1,CCV,3
10567,"['AY0', 'CH', 'TH']","['AY', 'CH', 'TH']",1,VCC,3
10568,"['CH', 'TH', 'ER0']","['CH', 'TH', 'ER']",-1,CCV,3
10569,"['ER0', 'CH', 'TH']","['ER', 'CH', 'TH']",1,VCC,3
10570,"['CH', 'TH', 'AO0']","['CH', 'TH', 'AO']",-1,CCV,3
10571,"['AO0', 'CH', 'TH']","['AO', 'CH', 'TH']",1,VCC,3
10572,"['CH', 'TH', 'UW0']","['CH', 'TH', 'UW']",-1,CCV,3
10573,"['UW0', 'CH', 'TH']","['UW', 'CH', 'TH']",1,VCC,3
10574,"['CH', 'TH', 'IH0']","['CH', 'TH', 'IH']",-1,CCV,3
10575,"['IH0', 'CH', 'TH']","['IH', 'CH', 'TH']",1,VCC,3
10576,"['CH', 'TH', 'EH0']","['CH', 'TH', 'EH']",-1,CCV,3
10577,"['EH0', 'CH', 'TH']","['EH', 'CH', 'TH']",1,VCC,3
10578,"['CH', 'TH', 'UH0']","['CH', 'TH', 'UH']",-1,CCV,3
10579,"['UH0', 'CH', 'TH']","['UH', 'CH', 'TH']",1,VCC,3
10580,"['CH', 'TH', 'IY0']","['CH', 'TH', 'IY']",-1,CCV,3
10581,"['IY0', 'CH', 'TH']","['IY', 'CH', 'TH']",1,VCC,3
10582,"['CH', 'TH', 'EY0']","['CH', 'TH', 'EY']",-1,CCV,3
10583,"['EY0', 'CH', 'TH']","['EY', 'CH', 'TH']",1,VCC,3
10584,"['CH', 'TH', 'OW0']","['CH', 'TH', 'OW']",-1,CCV,3
10585,"['OW0', 'CH', 'TH']","['OW', 'CH', 'TH']",1,VCC,3
10586,"['CH', 'TH', 'AE0']","['CH', 'TH', 'AE']",-1,CCV,3
10587,"['AE0', 'CH', 'TH']","['AE', 'CH', 'TH']",1,VCC,3
10588,"['CH', 'TH', 'AW0']","['CH', 'TH', 'AW']",-1,CCV,3
10589,"['AW0', 'CH', 'TH']","['AW', 'CH', 'TH']",1,VCC,3
10590,"['CH', 'S', 'AH0']","['CH', 'S', 'AH']",-1,CCV,3
10591,"['AH0', 'CH', 'S']","['AH', 'CH', 'S']",1,VCC,3
10592,"['CH', 'S', 'OY0']","['CH', 'S', 'OY']",-1,CCV,3
10593,"['OY0', 'CH', 'S']","['OY', 'CH', 'S']",1,VCC,3
10594,"['CH', 'S', 'AA0']","['CH', 'S', 'AA']",-1,CCV,3
10595,"['AA0', 'CH', 'S']","['AA', 'CH', 'S']",1,VCC,3
10596,"['CH', 'S', 'AY0']","['CH', 'S', 'AY']",-1,CCV,3
10597,"['AY0', 'CH', 'S']","['AY', 'CH', 'S']",1,VCC,3
10598,"['CH', 'S', 'ER0']","['CH', 'S', 'ER']",-1,CCV,3
10599,"['ER0', 'CH', 'S']","['ER', 'CH', 'S']",1,VCC,3
10600,"['CH', 'S', 'AO0']","['CH', 'S', 'AO']",-1,CCV,3
10601,"['AO0', 'CH', 'S']","['AO', 'CH', 'S']",1,VCC,3
10602,"['CH', 'S', 'UW0']","['CH', 'S', 'UW']",-1,CCV,3
10603,"['UW0', 'CH', 'S']","['UW', 'CH', 'S']",1,VCC,3
10604,"['CH', 'S', 'IH0']","['CH', 'S', 'IH']",-1,CCV,3
10605,"['IH0', 'CH', 'S']","['IH', 'CH', 'S']",1,VCC,3
10606,"['CH', 'S', 'EH0']","['CH', 'S', 'EH']",-1,CCV,3
10607,"['EH0', 'CH', 'S']","['EH', 'CH', 'S']",1,VCC,3
10608,"['CH', 'S', 'UH0']","['CH', 'S', 'UH']",-1,CCV,3
10609,"['UH0', 'CH', 'S']","['UH', 'CH', 'S']",1,VCC,3
10610,"['CH', 'S', 'IY0']","['CH', 'S', 'IY']",-1,CCV,3
10611,"['IY0', 'CH', 'S']","['IY', 'CH', 'S']",1,VCC,3
10612,"['CH', 'S', 'EY0']","['CH', 'S', 'EY']",-1,CCV,3
10613,"['EY0', 'CH', 'S']","['EY', 'CH', 'S']",1,VCC,3
10614,"['CH', 'S', 'OW0']","['CH', 'S', 'OW']",-1,CCV,3
10615,"['OW0', 'CH', 'S']","['OW', 'CH', 'S']",1,VCC,3
10616,"['CH', 'S', 'AE0']","['CH', 'S', 'AE']",-1,CCV,3
10617,"['AE0', 'CH', 'S']","['AE', 'CH', 'S']",1,VCC,3
10618,"['CH', 'S', 'AW0']","['CH', 'S', 'AW']",-1,CCV,3
10619,"['AW0', 'CH', 'S']","['AW', 'CH', 'S']",1,VCC,3
10620,"['CH', 'SH', 'AH0']","['CH', 'SH', 'AH']",-1,CCV,3
10621,"['AH0', 'CH', 'SH']","['AH', 'CH', 'SH']",1,VCC,3
10622,"['CH', 'SH', 'OY0']","['CH', 'SH', 'OY']",-1,CCV,3
10623,"['OY0', 'CH', 'SH']","['OY', 'CH', 'SH']",1,VCC,3
10624,"['CH', 'SH', 'AA0']","['CH', 'SH', 'AA']",-1,CCV,3
10625,"['AA0', 'CH', 'SH']","['AA', 'CH', 'SH']",1,VCC,3
10626,"['CH', 'SH', 'AY0']","['CH', 'SH', 'AY']",-1,CCV,3
10627,"['AY0', 'CH', 'SH']","['AY', 'CH', 'SH']",1,VCC,3
10628,"['CH', 'SH', 'ER0']","['CH', 'SH', 'ER']",-1,CCV,3
10629,"['ER0', 'CH', 'SH']","['ER', 'CH', 'SH']",1,VCC,3
10630,"['CH', 'SH', 'AO0']","['CH', 'SH', 'AO']",-1,CCV,3
10631,"['AO0', 'CH', 'SH']","['AO', 'CH', 'SH']",1,VCC,3
10632,"['CH', 'SH', 'UW0']","['CH', 'SH', 'UW']",-1,CCV,3
10633,"['UW0', 'CH', 'SH']","['UW', 'CH', 'SH']",1,VCC,3
10634,"['CH', 'SH', 'IH0']","['CH', 'SH', 'IH']",-1,CCV,3
10635,"['IH0', 'CH', 'SH']","['IH', 'CH', 'SH']",1,VCC,3
10636,"['CH', 'SH', 'EH0']","['CH', 'SH', 'EH']",-1,CCV,3
10637,"['EH0', 'CH', 'SH']","['EH', 'CH', 'SH']",1,VCC,3
10638,"['CH', 'SH', 'UH0']","['CH', 'SH', 'UH']",-1,CCV,3
10639,"['UH0', 'CH', 'SH']","['UH', 'CH', 'SH']",1,VCC,3
10640,"['CH', 'SH', 'IY0']","['CH', 'SH', 'IY']",-1,CCV,3
10641,"['IY0', 'CH', 'SH']","['IY', 'CH', 'SH']",1,VCC,3
10642,"['CH', 'SH', 'EY0']","['CH', 'SH', 'EY']",-1,CCV,3
10643,"['EY0', 'CH', 'SH']","['EY', 'CH', 'SH']",1,VCC,3
10644,"['CH', 'SH', 'OW0']","['CH', 'SH', 'OW']",-1,CCV,3
10645,"['OW0', 'CH', 'SH']","['OW', 'CH', 'SH']",1,VCC,3
10646,"['CH', 'SH', 'AE0']","['CH', 'SH', 'AE']",-1,CCV,3
10647,"['AE0', 'CH', 'SH']","['AE', 'CH', 'SH']",1,VCC,3
10648,"['CH', 'SH', 'AW0']","['CH', 'SH', 'AW']",-1,CCV,3
10649,"['AW0', 'CH', 'SH']","['AW', 'CH', 'SH']",1,VCC,3
10650,"['CH', 'Z', 'AH0']","['CH', 'Z', 'AH']",-1,CCV,3
10651,"['AH0', 'CH', 'Z']","['AH', 'CH', 'Z']",1,VCC,3
10652,"['CH', 'Z', 'OY0']","['CH', 'Z', 'OY']",-1,CCV,3
10653,"['OY0', 'CH', 'Z']","['OY', 'CH', 'Z']",1,VCC,3
10654,"['CH', 'Z', 'AA0']","['CH', 'Z', 'AA']",-1,CCV,3
10655,"['AA0', 'CH', 'Z']","['AA', 'CH', 'Z']",1,VCC,3
10656,"['CH', 'Z', 'AY0']","['CH', 'Z', 'AY']",-1,CCV,3
10657,"['AY0', 'CH', 'Z']","['AY', 'CH', 'Z']",1,VCC,3
10658,"['CH', 'Z', 'ER0']","['CH', 'Z', 'ER']",-1,CCV,3
10659,"['ER0', 'CH', 'Z']","['ER', 'CH', 'Z']",1,VCC,3
10660,"['CH', 'Z', 'AO0']","['CH', 'Z', 'AO']",-1,CCV,3
10661,"['AO0', 'CH', 'Z']","['AO', 'CH', 'Z']",1,VCC,3
10662,"['CH', 'Z', 'UW0']","['CH', 'Z', 'UW']",-1,CCV,3
10663,"['UW0', 'CH', 'Z']","['UW', 'CH', 'Z']",1,VCC,3
10664,"['CH', 'Z', 'IH0']","['CH', 'Z', 'IH']",-1,CCV,3
10665,"['IH0', 'CH', 'Z']","['IH', 'CH', 'Z']",1,VCC,3
10666,"['CH', 'Z', 'EH0']","['CH', 'Z', 'EH']",-1,CCV,3
10667,"['EH0', 'CH', 'Z']","['EH', 'CH', 'Z']",1,VCC,3
10668,"['CH', 'Z', 'UH0']","['CH', 'Z', 'UH']",-1,CCV,3
10669,"['UH0', 'CH', 'Z']","['UH', 'CH', 'Z']",1,VCC,3
10670,"['CH', 'Z', 'IY0']","['CH', 'Z', 'IY']",-1,CCV,3
10671,"['IY0', 'CH', 'Z']","['IY', 'CH', 'Z']",1,VCC,3
10672,"['CH', 'Z', 'EY0']","['CH', 'Z', 'EY']",-1,CCV,3
10673,"['EY0', 'CH', 'Z']","['EY', 'CH', 'Z']",1,VCC,3
10674,"['CH', 'Z', 'OW0']","['CH', 'Z', 'OW']",-1,CCV,3
10675,"['OW0', 'CH', 'Z']","['OW', 'CH', 'Z']",1,VCC,3
10676,"['CH', 'Z', 'AE0']","['CH', 'Z', 'AE']",-1,CCV,3
10677,"['AE0', 'CH', 'Z']","['AE', 'CH', 'Z']",1,VCC,3
10678,"['CH', 'Z', 'AW0']","['CH', 'Z', 'AW']",-1,CCV,3
10679,"['AW0', 'CH', 'Z']","['AW', 'CH', 'Z']",1,VCC,3
10680,"['CH', 'ZH', 'AH0']","['CH', 'ZH', 'AH']",-1,CCV,3
10681,"['AH0', 'CH', 'ZH']","['AH', 'CH', 'ZH']",1,VCC,3
10682,"['CH', 'ZH', 'OY0']","['CH', 'ZH', 'OY']",-1,CCV,3
10683,"['OY0', 'CH', 'ZH']","['OY', 'CH', 'ZH']",1,VCC,3
10684,"['CH', 'ZH', 'AA0']","['CH', 'ZH', 'AA']",-1,CCV,3
10685,"['AA0', 'CH', 'ZH']","['AA', 'CH', 'ZH']",1,VCC,3
10686,"['CH', 'ZH', 'AY0']","['CH', 'ZH', 'AY']",-1,CCV,3
10687,"['AY0', 'CH', 'ZH']","['AY', 'CH', 'ZH']",1,VCC,3
10688,"['CH', 'ZH', 'ER0']","['CH', 'ZH', 'ER']",-1,CCV,3
10689,"['ER0', 'CH', 'ZH']","['ER', 'CH', 'ZH']",1,VCC,3
10690,"['CH', 'ZH', 'AO0']","['CH', 'ZH', 'AO']",-1,CCV,3
10691,"['AO0', 'CH', 'ZH']","['AO', 'CH', 'ZH']",1,VCC,3
10692,"['CH', 'ZH', 'UW0']","['CH', 'ZH', 'UW']",-1,CCV,3
10693,"['UW0', 'CH', 'ZH']","['UW', 'CH', 'ZH']",1,VCC,3
10694,"['CH', 'ZH', 'IH0']","['CH', 'ZH', 'IH']",-1,CCV,3
10695,"['IH0', 'CH', 'ZH']","['IH', 'CH', 'ZH']",1,VCC,3
10696,"['CH', 'ZH', 'EH0']","['CH', 'ZH', 'EH']",-1,CCV,3
10697,"['EH0', 'CH', 'ZH']","['EH', 'CH', 'ZH']",1,VCC,3
10698,"['CH', 'ZH', 'UH0']","['CH', 'ZH', 'UH']",-1,CCV,3
10699,"['UH0', 'CH', 'ZH']","['UH', 'CH', 'ZH']",1,VCC,3
10700,"['CH', 'ZH', 'IY0']","['CH', 'ZH', 'IY']",-1,CCV,3
10701,"['IY0', 'CH', 'ZH']","['IY', 'CH', 'ZH']",1,VCC,3
10702,"['CH', 'ZH', 'EY0']","['CH', 'ZH', 'EY']",-1,CCV,3
10703,"['EY0', 'CH', 'ZH']","['EY', 'CH', 'ZH']",1,VCC,3
10704,"['CH', 'ZH', 'OW0']","['CH', 'ZH', 'OW']",-1,CCV,3
10705,"['OW0', 'CH', 'ZH']","['OW', 'CH', 'ZH']",1,VCC,3
10706,"['CH', 'ZH', 'AE0']","['CH', 'ZH', 'AE']",-1,CCV,3
10707,"['AE0', 'CH', 'ZH']","['AE', 'CH', 'ZH']",1,VCC,3
10708,"['CH', 'ZH', 'AW0']","['CH', 'ZH', 'AW']",-1,CCV,3
10709,"['AW0', 'CH', 'ZH']","['AW', 'CH', 'ZH']",1,VCC,3
10710,"['CH', 'V', 'AH0']","['CH', 'V', 'AH']",-1,CCV,3
10711,"['AH0', 'CH', 'V']","['AH', 'CH', 'V']",1,VCC,3
10712,"['CH', 'V', 'OY0']","['CH', 'V', 'OY']",-1,CCV,3
10713,"['OY0', 'CH', 'V']","['OY', 'CH', 'V']",1,VCC,3
10714,"['CH', 'V', 'AA0']","['CH', 'V', 'AA']",-1,CCV,3
10715,"['AA0', 'CH', 'V']","['AA', 'CH', 'V']",1,VCC,3
10716,"['CH', 'V', 'AY0']","['CH', 'V', 'AY']",-1,CCV,3
10717,"['AY0', 'CH', 'V']","['AY', 'CH', 'V']",1,VCC,3
10718,"['CH', 'V', 'ER0']","['CH', 'V', 'ER']",-1,CCV,3
10719,"['ER0', 'CH', 'V']","['ER', 'CH', 'V']",1,VCC,3
10720,"['CH', 'V', 'AO0']","['CH', 'V', 'AO']",-1,CCV,3
10721,"['AO0', 'CH', 'V']","['AO', 'CH', 'V']",1,VCC,3
10722,"['CH', 'V', 'UW0']","['CH', 'V', 'UW']",-1,CCV,3
10723,"['UW0', 'CH', 'V']","['UW', 'CH', 'V']",1,VCC,3
10724,"['CH', 'V', 'IH0']","['CH', 'V', 'IH']",-1,CCV,3
10725,"['IH0', 'CH', 'V']","['IH', 'CH', 'V']",1,VCC,3
10726,"['CH', 'V', 'EH0']","['CH', 'V', 'EH']",-1,CCV,3
10727,"['EH0', 'CH', 'V']","['EH', 'CH', 'V']",1,VCC,3
10728,"['CH', 'V', 'UH0']","['CH', 'V', 'UH']",-1,CCV,3
10729,"['UH0', 'CH', 'V']","['UH', 'CH', 'V']",1,VCC,3
10730,"['CH', 'V', 'IY0']","['CH', 'V', 'IY']",-1,CCV,3
10731,"['IY0', 'CH', 'V']","['IY', 'CH', 'V']",1,VCC,3
10732,"['CH', 'V', 'EY0']","['CH', 'V', 'EY']",-1,CCV,3
10733,"['EY0', 'CH', 'V']","['EY', 'CH', 'V']",1,VCC,3
10734,"['CH', 'V', 'OW0']","['CH', 'V', 'OW']",-1,CCV,3
10735,"['OW0', 'CH', 'V']","['OW', 'CH', 'V']",1,VCC,3
10736,"['CH', 'V', 'AE0']","['CH', 'V', 'AE']",-1,CCV,3
10737,"['AE0', 'CH', 'V']","['AE', 'CH', 'V']",1,VCC,3
10738,"['CH', 'V', 'AW0']","['CH', 'V', 'AW']",-1,CCV,3
10739,"['AW0', 'CH', 'V']","['AW', 'CH', 'V']",1,VCC,3
10740,"['CH', 'DH', 'AH0']","['CH', 'DH', 'AH']",-1,CCV,3
10741,"['AH0', 'CH', 'DH']","['AH', 'CH', 'DH']",1,VCC,3
10742,"['CH', 'DH', 'OY0']","['CH', 'DH', 'OY']",-1,CCV,3
10743,"['OY0', 'CH', 'DH']","['OY', 'CH', 'DH']",1,VCC,3
10744,"['CH', 'DH', 'AA0']","['CH', 'DH', 'AA']",-1,CCV,3
10745,"['AA0', 'CH', 'DH']","['AA', 'CH', 'DH']",1,VCC,3
10746,"['CH', 'DH', 'AY0']","['CH', 'DH', 'AY']",-1,CCV,3
10747,"['AY0', 'CH', 'DH']","['AY', 'CH', 'DH']",1,VCC,3
10748,"['CH', 'DH', 'ER0']","['CH', 'DH', 'ER']",-1,CCV,3
10749,"['ER0', 'CH', 'DH']","['ER', 'CH', 'DH']",1,VCC,3
10750,"['CH', 'DH', 'AO0']","['CH', 'DH', 'AO']",-1,CCV,3
10751,"['AO0', 'CH', 'DH']","['AO', 'CH', 'DH']",1,VCC,3
10752,"['CH', 'DH', 'UW0']","['CH', 'DH', 'UW']",-1,CCV,3
10753,"['UW0', 'CH', 'DH']","['UW', 'CH', 'DH']",1,VCC,3
10754,"['CH', 'DH', 'IH0']","['CH', 'DH', 'IH']",-1,CCV,3
10755,"['IH0', 'CH', 'DH']","['IH', 'CH', 'DH']",1,VCC,3
10756,"['CH', 'DH', 'EH0']","['CH', 'DH', 'EH']",-1,CCV,3
10757,"['EH0', 'CH', 'DH']","['EH', 'CH', 'DH']",1,VCC,3
10758,"['CH', 'DH', 'UH0']","['CH', 'DH', 'UH']",-1,CCV,3
10759,"['UH0', 'CH', 'DH']","['UH', 'CH', 'DH']",1,VCC,3
10760,"['CH', 'DH', 'IY0']","['CH', 'DH', 'IY']",-1,CCV,3
10761,"['IY0', 'CH', 'DH']","['IY', 'CH', 'DH']",1,VCC,3
10762,"['CH', 'DH', 'EY0']","['CH', 'DH', 'EY']",-1,CCV,3
10763,"['EY0', 'CH', 'DH']","['EY', 'CH', 'DH']",1,VCC,3
10764,"['CH', 'DH', 'OW0']","['CH', 'DH', 'OW']",-1,CCV,3
10765,"['OW0', 'CH', 'DH']","['OW', 'CH', 'DH']",1,VCC,3
10766,"['CH', 'DH', 'AE0']","['CH', 'DH', 'AE']",-1,CCV,3
10767,"['AE0', 'CH', 'DH']","['AE', 'CH', 'DH']",1,VCC,3
10768,"['CH', 'DH', 'AW0']","['CH', 'DH', 'AW']",-1,CCV,3
10769,"['AW0', 'CH', 'DH']","['AW', 'CH', 'DH']",1,VCC,3
10770,"['CH', 'HH', 'AH0']","['CH', 'HH', 'AH']",-1,CCV,3
10771,"['AH0', 'CH', 'HH']","['AH', 'CH', 'HH']",1,VCC,3
10772,"['CH', 'HH', 'OY0']","['CH', 'HH', 'OY']",-1,CCV,3
10773,"['OY0', 'CH', 'HH']","['OY', 'CH', 'HH']",1,VCC,3
10774,"['CH', 'HH', 'AA0']","['CH', 'HH', 'AA']",-1,CCV,3
10775,"['AA0', 'CH', 'HH']","['AA', 'CH', 'HH']",1,VCC,3
10776,"['CH', 'HH', 'AY0']","['CH', 'HH', 'AY']",-1,CCV,3
10777,"['AY0', 'CH', 'HH']","['AY', 'CH', 'HH']",1,VCC,3
10778,"['CH', 'HH', 'ER0']","['CH', 'HH', 'ER']",-1,CCV,3
10779,"['ER0', 'CH', 'HH']","['ER', 'CH', 'HH']",1,VCC,3
10780,"['CH', 'HH', 'AO0']","['CH', 'HH', 'AO']",-1,CCV,3
10781,"['AO0', 'CH', 'HH']","['AO', 'CH', 'HH']",1,VCC,3
10782,"['CH', 'HH', 'UW0']","['CH', 'HH', 'UW']",-1,CCV,3
10783,"['UW0', 'CH', 'HH']","['UW', 'CH', 'HH']",1,VCC,3
10784,"['CH', 'HH', 'IH0']","['CH', 'HH', 'IH']",-1,CCV,3
10785,"['IH0', 'CH', 'HH']","['IH', 'CH', 'HH']",1,VCC,3
10786,"['CH', 'HH', 'EH0']","['CH', 'HH', 'EH']",-1,CCV,3
10787,"['EH0', 'CH', 'HH']","['EH', 'CH', 'HH']",1,VCC,3
10788,"['CH', 'HH', 'UH0']","['CH', 'HH', 'UH']",-1,CCV,3
10789,"['UH0', 'CH', 'HH']","['UH', 'CH', 'HH']",1,VCC,3
10790,"['CH', 'HH', 'IY0']","['CH', 'HH', 'IY']",-1,CCV,3
10791,"['IY0', 'CH', 'HH']","['IY', 'CH', 'HH']",1,VCC,3
10792,"['CH', 'HH', 'EY0']","['CH', 'HH', 'EY']",-1,CCV,3
10793,"['EY0', 'CH', 'HH']","['EY', 'CH', 'HH']",1,VCC,3
10794,"['CH', 'HH', 'OW0']","['CH', 'HH', 'OW']",-1,CCV,3
10795,"['OW0', 'CH', 'HH']","['OW', 'CH', 'HH']",1,VCC,3
10796,"['CH', 'HH', 'AE0']","['CH', 'HH', 'AE']",-1,CCV,3
10797,"['AE0', 'CH', 'HH']","['AE', 'CH', 'HH']",1,VCC,3
10798,"['CH', 'HH', 'AW0']","['CH', 'HH', 'AW']",-1,CCV,3
10799,"['AW0', 'CH', 'HH']","['AW', 'CH', 'HH']",1,VCC,3
10800,"['CH', 'JH', 'AH0']","['CH', 'JH', 'AH']",0,CCV,3
10801,"['AH0', 'CH', 'JH']","['AH', 'CH', 'JH']",0,VCC,3
10802,"['CH', 'JH', 'OY0']","['CH', 'JH', 'OY']",0,CCV,3
10803,"['OY0', 'CH', 'JH']","['OY', 'CH', 'JH']",0,VCC,3
10804,"['CH', 'JH', 'AA0']","['CH', 'JH', 'AA']",0,CCV,3
10805,"['AA0', 'CH', 'JH']","['AA', 'CH', 'JH']",0,VCC,3
10806,"['CH', 'JH', 'AY0']","['CH', 'JH', 'AY']",0,CCV,3
10807,"['AY0', 'CH', 'JH']","['AY', 'CH', 'JH']",0,VCC,3
10808,"['CH', 'JH', 'ER0']","['CH', 'JH', 'ER']",0,CCV,3
10809,"['ER0', 'CH', 'JH']","['ER', 'CH', 'JH']",0,VCC,3
10810,"['CH', 'JH', 'AO0']","['CH', 'JH', 'AO']",0,CCV,3
10811,"['AO0', 'CH', 'JH']","['AO', 'CH', 'JH']",0,VCC,3
10812,"['CH', 'JH', 'UW0']","['CH', 'JH', 'UW']",0,CCV,3
10813,"['UW0', 'CH', 'JH']","['UW', 'CH', 'JH']",0,VCC,3
10814,"['CH', 'JH', 'IH0']","['CH', 'JH', 'IH']",0,CCV,3
10815,"['IH0', 'CH', 'JH']","['IH', 'CH', 'JH']",0,VCC,3
10816,"['CH', 'JH', 'EH0']","['CH', 'JH', 'EH']",0,CCV,3
10817,"['EH0', 'CH', 'JH']","['EH', 'CH', 'JH']",0,VCC,3
10818,"['CH', 'JH', 'UH0']","['CH', 'JH', 'UH']",0,CCV,3
10819,"['UH0', 'CH', 'JH']","['UH', 'CH', 'JH']",0,VCC,3
10820,"['CH', 'JH', 'IY0']","['CH', 'JH', 'IY']",0,CCV,3
10821,"['IY0', 'CH', 'JH']","['IY', 'CH', 'JH']",0,VCC,3
10822,"['CH', 'JH', 'EY0']","['CH', 'JH', 'EY']",0,CCV,3
10823,"['EY0', 'CH', 'JH']","['EY', 'CH', 'JH']",0,VCC,3
10824,"['CH', 'JH', 'OW0']","['CH', 'JH', 'OW']",0,CCV,3
10825,"['OW0', 'CH', 'JH']","['OW', 'CH', 'JH']",0,VCC,3
10826,"['CH', 'JH', 'AE0']","['CH', 'JH', 'AE']",0,CCV,3
10827,"['AE0', 'CH', 'JH']","['AE', 'CH', 'JH']",0,VCC,3
10828,"['CH', 'JH', 'AW0']","['CH', 'JH', 'AW']",0,CCV,3
10829,"['AW0', 'CH', 'JH']","['AW', 'CH', 'JH']",0,VCC,3
10830,"['CH', 'M', 'AH0']","['CH', 'M', 'AH']",1,CCV,3
10831,"['AH0', 'CH', 'M']","['AH', 'CH', 'M']",-1,VCC,3
10832,"['CH', 'M', 'OY0']","['CH', 'M', 'OY']",1,CCV,3
10833,"['OY0', 'CH', 'M']","['OY', 'CH', 'M']",-1,VCC,3
10834,"['CH', 'M', 'AA0']","['CH', 'M', 'AA']",1,CCV,3
10835,"['AA0', 'CH', 'M']","['AA', 'CH', 'M']",-1,VCC,3
10836,"['CH', 'M', 'AY0']","['CH', 'M', 'AY']",1,CCV,3
10837,"['AY0', 'CH', 'M']","['AY', 'CH', 'M']",-1,VCC,3
10838,"['CH', 'M', 'ER0']","['CH', 'M', 'ER']",1,CCV,3
10839,"['ER0', 'CH', 'M']","['ER', 'CH', 'M']",-1,VCC,3
10840,"['CH', 'M', 'AO0']","['CH', 'M', 'AO']",1,CCV,3
10841,"['AO0', 'CH', 'M']","['AO', 'CH', 'M']",-1,VCC,3
10842,"['CH', 'M', 'UW0']","['CH', 'M', 'UW']",1,CCV,3
10843,"['UW0', 'CH', 'M']","['UW', 'CH', 'M']",-1,VCC,3
10844,"['CH', 'M', 'IH0']","['CH', 'M', 'IH']",1,CCV,3
10845,"['IH0', 'CH', 'M']","['IH', 'CH', 'M']",-1,VCC,3
10846,"['CH', 'M', 'EH0']","['CH', 'M', 'EH']",1,CCV,3
10847,"['EH0', 'CH', 'M']","['EH', 'CH', 'M']",-1,VCC,3
10848,"['CH', 'M', 'UH0']","['CH', 'M', 'UH']",1,CCV,3
10849,"['UH0', 'CH', 'M']","['UH', 'CH', 'M']",-1,VCC,3
10850,"['CH', 'M', 'IY0']","['CH', 'M', 'IY']",1,CCV,3
10851,"['IY0', 'CH', 'M']","['IY', 'CH', 'M']",-1,VCC,3
10852,"['CH', 'M', 'EY0']","['CH', 'M', 'EY']",1,CCV,3
10853,"['EY0', 'CH', 'M']","['EY', 'CH', 'M']",-1,VCC,3
10854,"['CH', 'M', 'OW0']","['CH', 'M', 'OW']",1,CCV,3
10855,"['OW0', 'CH', 'M']","['OW', 'CH', 'M']",-1,VCC,3
10856,"['CH', 'M', 'AE0']","['CH', 'M', 'AE']",1,CCV,3
10857,"['AE0', 'CH', 'M']","['AE', 'CH', 'M']",-1,VCC,3
10858,"['CH', 'M', 'AW0']","['CH', 'M', 'AW']",1,CCV,3
10859,"['AW0', 'CH', 'M']","['AW', 'CH', 'M']",-1,VCC,3
10860,"['CH', 'N', 'AH0']","['CH', 'N', 'AH']",1,CCV,3
10861,"['AH0', 'CH', 'N']","['AH', 'CH', 'N']",-1,VCC,3
10862,"['CH', 'N', 'OY0']","['CH', 'N', 'OY']",1,CCV,3
10863,"['OY0', 'CH', 'N']","['OY', 'CH', 'N']",-1,VCC,3
10864,"['CH', 'N', 'AA0']","['CH', 'N', 'AA']",1,CCV,3
10865,"['AA0', 'CH', 'N']","['AA', 'CH', 'N']",-1,VCC,3
10866,"['CH', 'N', 'AY0']","['CH', 'N', 'AY']",1,CCV,3
10867,"['AY0', 'CH', 'N']","['AY', 'CH', 'N']",-1,VCC,3
10868,"['CH', 'N', 'ER0']","['CH', 'N', 'ER']",1,CCV,3
10869,"['ER0', 'CH', 'N']","['ER', 'CH', 'N']",-1,VCC,3
10870,"['CH', 'N', 'AO0']","['CH', 'N', 'AO']",1,CCV,3
10871,"['AO0', 'CH', 'N']","['AO', 'CH', 'N']",-1,VCC,3
10872,"['CH', 'N', 'UW0']","['CH', 'N', 'UW']",1,CCV,3
10873,"['UW0', 'CH', 'N']","['UW', 'CH', 'N']",-1,VCC,3
10874,"['CH', 'N', 'IH0']","['CH', 'N', 'IH']",1,CCV,3
10875,"['IH0', 'CH', 'N']","['IH', 'CH', 'N']",-1,VCC,3
10876,"['CH', 'N', 'EH0']","['CH', 'N', 'EH']",1,CCV,3
10877,"['EH0', 'CH', 'N']","['EH', 'CH', 'N']",-1,VCC,3
10878,"['CH', 'N', 'UH0']","['CH', 'N', 'UH']",1,CCV,3
10879,"['UH0', 'CH', 'N']","['UH', 'CH', 'N']",-1,VCC,3
10880,"['CH', 'N', 'IY0']","['CH', 'N', 'IY']",1,CCV,3
10881,"['IY0', 'CH', 'N']","['IY', 'CH', 'N']",-1,VCC,3
10882,"['CH', 'N', 'EY0']","['CH', 'N', 'EY']",1,CCV,3
10883,"['EY0', 'CH', 'N']","['EY', 'CH', 'N']",-1,VCC,3
10884,"['CH', 'N', 'OW0']","['CH', 'N', 'OW']",1,CCV,3
10885,"['OW0', 'CH', 'N']","['OW', 'CH', 'N']",-1,VCC,3
10886,"['CH', 'N', 'AE0']","['CH', 'N', 'AE']",1,CCV,3
10887,"['AE0', 'CH', 'N']","['AE', 'CH', 'N']",-1,VCC,3
10888,"['CH', 'N', 'AW0']","['CH', 'N', 'AW']",1,CCV,3
10889,"['AW0', 'CH', 'N']","['AW', 'CH', 'N']",-1,VCC,3
10890,"['CH', 'NG', 'AH0']","['CH', 'NG', 'AH']",1,CCV,3
10891,"['AH0', 'CH', 'NG']","['AH', 'CH', 'NG']",-1,VCC,3
10892,"['CH', 'NG', 'OY0']","['CH', 'NG', 'OY']",1,CCV,3
10893,"['OY0', 'CH', 'NG']","['OY', 'CH', 'NG']",-1,VCC,3
10894,"['CH', 'NG', 'AA0']","['CH', 'NG', 'AA']",1,CCV,3
10895,"['AA0', 'CH', 'NG']","['AA', 'CH', 'NG']",-1,VCC,3
10896,"['CH', 'NG', 'AY0']","['CH', 'NG', 'AY']",1,CCV,3
10897,"['AY0', 'CH', 'NG']","['AY', 'CH', 'NG']",-1,VCC,3
10898,"['CH', 'NG', 'ER0']","['CH', 'NG', 'ER']",1,CCV,3
10899,"['ER0', 'CH', 'NG']","['ER', 'CH', 'NG']",-1,VCC,3
10900,"['CH', 'NG', 'AO0']","['CH', 'NG', 'AO']",1,CCV,3
10901,"['AO0', 'CH', 'NG']","['AO', 'CH', 'NG']",-1,VCC,3
10902,"['CH', 'NG', 'UW0']","['CH', 'NG', 'UW']",1,CCV,3
10903,"['UW0', 'CH', 'NG']","['UW', 'CH', 'NG']",-1,VCC,3
10904,"['CH', 'NG', 'IH0']","['CH', 'NG', 'IH']",1,CCV,3
10905,"['IH0', 'CH', 'NG']","['IH', 'CH', 'NG']",-1,VCC,3
10906,"['CH', 'NG', 'EH0']","['CH', 'NG', 'EH']",1,CCV,3
10907,"['EH0', 'CH', 'NG']","['EH', 'CH', 'NG']",-1,VCC,3
10908,"['CH', 'NG', 'UH0']","['CH', 'NG', 'UH']",1,CCV,3
10909,"['UH0', 'CH', 'NG']","['UH', 'CH', 'NG']",-1,VCC,3
10910,"['CH', 'NG', 'IY0']","['CH', 'NG', 'IY']",1,CCV,3
10911,"['IY0', 'CH', 'NG']","['IY', 'CH', 'NG']",-1,VCC,3
10912,"['CH', 'NG', 'EY0']","['CH', 'NG', 'EY']",1,CCV,3
10913,"['EY0', 'CH', 'NG']","['EY', 'CH', 'NG']",-1,VCC,3
10914,"['CH', 'NG', 'OW0']","['CH', 'NG', 'OW']",1,CCV,3
10915,"['OW0', 'CH', 'NG']","['OW', 'CH', 'NG']",-1,VCC,3
10916,"['CH', 'NG', 'AE0']","['CH', 'NG', 'AE']",1,CCV,3
10917,"['AE0', 'CH', 'NG']","['AE', 'CH', 'NG']",-1,VCC,3
10918,"['CH', 'NG', 'AW0']","['CH', 'NG', 'AW']",1,CCV,3
10919,"['AW0', 'CH', 'NG']","['AW', 'CH', 'NG']",-1,VCC,3
10920,"['CH', 'L', 'AH0']","['CH', 'L', 'AH']",2,CCV,3
10921,"['AH0', 'CH', 'L']","['AH', 'CH', 'L']",-2,VCC,3
10922,"['CH', 'L', 'OY0']","['CH', 'L', 'OY']",2,CCV,3
10923,"['OY0', 'CH', 'L']","['OY', 'CH', 'L']",-2,VCC,3
10924,"['CH', 'L', 'AA0']","['CH', 'L', 'AA']",2,CCV,3
10925,"['AA0', 'CH', 'L']","['AA', 'CH', 'L']",-2,VCC,3
10926,"['CH', 'L', 'AY0']","['CH', 'L', 'AY']",2,CCV,3
10927,"['AY0', 'CH', 'L']","['AY', 'CH', 'L']",-2,VCC,3
10928,"['CH', 'L', 'ER0']","['CH', 'L', 'ER']",2,CCV,3
10929,"['ER0', 'CH', 'L']","['ER', 'CH', 'L']",-2,VCC,3
10930,"['CH', 'L', 'AO0']","['CH', 'L', 'AO']",2,CCV,3
10931,"['AO0', 'CH', 'L']","['AO', 'CH', 'L']",-2,VCC,3
10932,"['CH', 'L', 'UW0']","['CH', 'L', 'UW']",2,CCV,3
10933,"['UW0', 'CH', 'L']","['UW', 'CH', 'L']",-2,VCC,3
10934,"['CH', 'L', 'IH0']","['CH', 'L', 'IH']",2,CCV,3
10935,"['IH0', 'CH', 'L']","['IH', 'CH', 'L']",-2,VCC,3
10936,"['CH', 'L', 'EH0']","['CH', 'L', 'EH']",2,CCV,3
10937,"['EH0', 'CH', 'L']","['EH', 'CH', 'L']",-2,VCC,3
10938,"['CH', 'L', 'UH0']","['CH', 'L', 'UH']",2,CCV,3
10939,"['UH0', 'CH', 'L']","['UH', 'CH', 'L']",-2,VCC,3
10940,"['CH', 'L', 'IY0']","['CH', 'L', 'IY']",2,CCV,3
10941,"['IY0', 'CH', 'L']","['IY', 'CH', 'L']",-2,VCC,3
10942,"['CH', 'L', 'EY0']","['CH', 'L', 'EY']",2,CCV,3
10943,"['EY0', 'CH', 'L']","['EY', 'CH', 'L']",-2,VCC,3
10944,"['CH', 'L', 'OW0']","['CH', 'L', 'OW']",2,CCV,3
10945,"['OW0', 'CH', 'L']","['OW', 'CH', 'L']",-2,VCC,3
10946,"['CH', 'L', 'AE0']","['CH', 'L', 'AE']",2,CCV,3
10947,"['AE0', 'CH', 'L']","['AE', 'CH', 'L']",-2,VCC,3
10948,"['CH', 'L', 'AW0']","['CH', 'L', 'AW']",2,CCV,3
10949,"['AW0', 'CH', 'L']","['AW', 'CH', 'L']",-2,VCC,3
10950,"['CH', 'R', 'AH0']","['CH', 'R', 'AH']",2,CCV,3
10951,"['AH0', 'CH', 'R']","['AH', 'CH', 'R']",-2,VCC,3
10952,"['CH', 'R', 'OY0']","['CH', 'R', 'OY']",2,CCV,3
10953,"['OY0', 'CH', 'R']","['OY', 'CH', 'R']",-2,VCC,3
10954,"['CH', 'R', 'AA0']","['CH', 'R', 'AA']",2,CCV,3
10955,"['AA0', 'CH', 'R']","['AA', 'CH', 'R']",-2,VCC,3
10956,"['CH', 'R', 'AY0']","['CH', 'R', 'AY']",2,CCV,3
10957,"['AY0', 'CH', 'R']","['AY', 'CH', 'R']",-2,VCC,3
10958,"['CH', 'R', 'ER0']","['CH', 'R', 'ER']",2,CCV,3
10959,"['ER0', 'CH', 'R']","['ER', 'CH', 'R']",-2,VCC,3
10960,"['CH', 'R', 'AO0']","['CH', 'R', 'AO']",2,CCV,3
10961,"['AO0', 'CH', 'R']","['AO', 'CH', 'R']",-2,VCC,3
10962,"['CH', 'R', 'UW0']","['CH', 'R', 'UW']",2,CCV,3
10963,"['UW0', 'CH', 'R']","['UW', 'CH', 'R']",-2,VCC,3
10964,"['CH', 'R', 'IH0']","['CH', 'R', 'IH']",2,CCV,3
10965,"['IH0', 'CH', 'R']","['IH', 'CH', 'R']",-2,VCC,3
10966,"['CH', 'R', 'EH0']","['CH', 'R', 'EH']",2,CCV,3
10967,"['EH0', 'CH', 'R']","['EH', 'CH', 'R']",-2,VCC,3
10968,"['CH', 'R', 'UH0']","['CH', 'R', 'UH']",2,CCV,3
10969,"['UH0', 'CH', 'R']","['UH', 'CH', 'R']",-2,VCC,3
10970,"['CH', 'R', 'IY0']","['CH', 'R', 'IY']",2,CCV,3
10971,"['IY0', 'CH', 'R']","['IY', 'CH', 'R']",-2,VCC,3
10972,"['CH', 'R', 'EY0']","['CH', 'R', 'EY']",2,CCV,3
10973,"['EY0', 'CH', 'R']","['EY', 'CH', 'R']",-2,VCC,3
10974,"['CH', 'R', 'OW0']","['CH', 'R', 'OW']",2,CCV,3
10975,"['OW0', 'CH', 'R']","['OW', 'CH', 'R']",-2,VCC,3
10976,"['CH', 'R', 'AE0']","['CH', 'R', 'AE']",2,CCV,3
10977,"['AE0', 'CH', 'R']","['AE', 'CH', 'R']",-2,VCC,3
10978,"['CH', 'R', 'AW0']","['CH', 'R', 'AW']",2,CCV,3
10979,"['AW0', 'CH', 'R']","['AW', 'CH', 'R']",-2,VCC,3
10980,"['CH', 'W', 'AH0']","['CH', 'W', 'AH']",3,CCV,3
10981,"['AH0', 'CH', 'W']","['AH', 'CH', 'W']",-3,VCC,3
10982,"['CH', 'W', 'OY0']","['CH', 'W', 'OY']",3,CCV,3
10983,"['OY0', 'CH', 'W']","['OY', 'CH', 'W']",-3,VCC,3
10984,"['CH', 'W', 'AA0']","['CH', 'W', 'AA']",3,CCV,3
10985,"['AA0', 'CH', 'W']","['AA', 'CH', 'W']",-3,VCC,3
10986,"['CH', 'W', 'AY0']","['CH', 'W', 'AY']",3,CCV,3
10987,"['AY0', 'CH', 'W']","['AY', 'CH', 'W']",-3,VCC,3
10988,"['CH', 'W', 'ER0']","['CH', 'W', 'ER']",3,CCV,3
10989,"['ER0', 'CH', 'W']","['ER', 'CH', 'W']",-3,VCC,3
10990,"['CH', 'W', 'AO0']","['CH', 'W', 'AO']",3,CCV,3
10991,"['AO0', 'CH', 'W']","['AO', 'CH', 'W']",-3,VCC,3
10992,"['CH', 'W', 'UW0']","['CH', 'W', 'UW']",3,CCV,3
10993,"['UW0', 'CH', 'W']","['UW', 'CH', 'W']",-3,VCC,3
10994,"['CH', 'W', 'IH0']","['CH', 'W', 'IH']",3,CCV,3
10995,"['IH0', 'CH', 'W']","['IH', 'CH', 'W']",-3,VCC,3
10996,"['CH', 'W', 'EH0']","['CH', 'W', 'EH']",3,CCV,3
10997,"['EH0', 'CH', 'W']","['EH', 'CH', 'W']",-3,VCC,3
10998,"['CH', 'W', 'UH0']","['CH', 'W', 'UH']",3,CCV,3
10999,"['UH0', 'CH', 'W']","['UH', 'CH', 'W']",-3,VCC,3
11000,"['CH', 'W', 'IY0']","['CH', 'W', 'IY']",3,CCV,3
11001,"['IY0', 'CH', 'W']","['IY', 'CH', 'W']",-3,VCC,3
11002,"['CH', 'W', 'EY0']","['CH', 'W', 'EY']",3,CCV,3
11003,"['EY0', 'CH', 'W']","['EY', 'CH', 'W']",-3,VCC,3
11004,"['CH', 'W', 'OW0']","['CH', 'W', 'OW']",3,CCV,3
11005,"['OW0', 'CH', 'W']","['OW', 'CH', 'W']",-3,VCC,3
11006,"['CH', 'W', 'AE0']","['CH', 'W', 'AE']",3,CCV,3
11007,"['AE0', 'CH', 'W']","['AE', 'CH', 'W']",-3,VCC,3
11008,"['CH', 'W', 'AW0']","['CH', 'W', 'AW']",3,CCV,3
11009,"['AW0', 'CH', 'W']","['AW', 'CH', 'W']",-3,VCC,3
11010,"['CH', 'Y', 'AH0']","['CH', 'Y', 'AH']",3,CCV,3
11011,"['AH0', 'CH', 'Y']","['AH', 'CH', 'Y']",-3,VCC,3
11012,"['CH', 'Y', 'OY0']","['CH', 'Y', 'OY']",3,CCV,3
11013,"['OY0', 'CH', 'Y']","['OY', 'CH', 'Y']",-3,VCC,3
11014,"['CH', 'Y', 'AA0']","['CH', 'Y', 'AA']",3,CCV,3
11015,"['AA0', 'CH', 'Y']","['AA', 'CH', 'Y']",-3,VCC,3
11016,"['CH', 'Y', 'AY0']","['CH', 'Y', 'AY']",3,CCV,3
11017,"['AY0', 'CH', 'Y']","['AY', 'CH', 'Y']",-3,VCC,3
11018,"['CH', 'Y', 'ER0']","['CH', 'Y', 'ER']",3,CCV,3
11019,"['ER0', 'CH', 'Y']","['ER', 'CH', 'Y']",-3,VCC,3
11020,"['CH', 'Y', 'AO0']","['CH', 'Y', 'AO']",3,CCV,3
11021,"['AO0', 'CH', 'Y']","['AO', 'CH', 'Y']",-3,VCC,3
11022,"['CH', 'Y', 'UW0']","['CH', 'Y', 'UW']",3,CCV,3
11023,"['UW0', 'CH', 'Y']","['UW', 'CH', 'Y']",-3,VCC,3
11024,"['CH', 'Y', 'IH0']","['CH', 'Y', 'IH']",3,CCV,3
11025,"['IH0', 'CH', 'Y']","['IH', 'CH', 'Y']",-3,VCC,3
11026,"['CH', 'Y', 'EH0']","['CH', 'Y', 'EH']",3,CCV,3
11027,"['EH0', 'CH', 'Y']","['EH', 'CH', 'Y']",-3,VCC,3
11028,"['CH', 'Y', 'UH0']","['CH', 'Y', 'UH']",3,CCV,3
11029,"['UH0', 'CH', 'Y']","['UH', 'CH', 'Y']",-3,VCC,3
11030,"['CH', 'Y', 'IY0']","['CH', 'Y', 'IY']",3,CCV,3
11031,"['IY0', 'CH', 'Y']","['IY', 'CH', 'Y']",-3,VCC,3
11032,"['CH', 'Y', 'EY0']","['CH', 'Y', 'EY']",3,CCV,3
11033,"['EY0', 'CH', 'Y']","['EY', 'CH', 'Y']",-3,VCC,3
11034,"['CH', 'Y', 'OW0']","['CH', 'Y', 'OW']",3,CCV,3
11035,"['OW0', 'CH', 'Y']","['OW', 'CH', 'Y']",-3,VCC,3
11036,"['CH', 'Y', 'AE0']","['CH', 'Y', 'AE']",3,CCV,3
11037,"['AE0', 'CH', 'Y']","['AE', 'CH', 'Y']",-3,VCC,3
11038,"['CH', 'Y', 'AW0']","['CH', 'Y', 'AW']",3,CCV,3
11039,"['AW0', 'CH', 'Y']","['AW', 'CH', 'Y']",-3,VCC,3
11040,"['JH', 'P', 'AH0']","['JH', 'P', 'AH']",-2,CCV,3
11041,"['AH0', 'JH', 'P']","['AH', 'JH', 'P']",2,VCC,3
11042,"['JH', 'P', 'OY0']","['JH', 'P', 'OY']",-2,CCV,3
11043,"['OY0', 'JH', 'P']","['OY', 'JH', 'P']",2,VCC,3
11044,"['JH', 'P', 'AA0']","['JH', 'P', 'AA']",-2,CCV,3
11045,"['AA0', 'JH', 'P']","['AA', 'JH', 'P']",2,VCC,3
11046,"['JH', 'P', 'AY0']","['JH', 'P', 'AY']",-2,CCV,3
11047,"['AY0', 'JH', 'P']","['AY', 'JH', 'P']",2,VCC,3
11048,"['JH', 'P', 'ER0']","['JH', 'P', 'ER']",-2,CCV,3
11049,"['ER0', 'JH', 'P']","['ER', 'JH', 'P']",2,VCC,3
11050,"['JH', 'P', 'AO0']","['JH', 'P', 'AO']",-2,CCV,3
11051,"['AO0', 'JH', 'P']","['AO', 'JH', 'P']",2,VCC,3
11052,"['JH', 'P', 'UW0']","['JH', 'P', 'UW']",-2,CCV,3
11053,"['UW0', 'JH', 'P']","['UW', 'JH', 'P']",2,VCC,3
11054,"['JH', 'P', 'IH0']","['JH', 'P', 'IH']",-2,CCV,3
11055,"['IH0', 'JH', 'P']","['IH', 'JH', 'P']",2,VCC,3
11056,"['JH', 'P', 'EH0']","['JH', 'P', 'EH']",-2,CCV,3
11057,"['EH0', 'JH', 'P']","['EH', 'JH', 'P']",2,VCC,3
11058,"['JH', 'P', 'UH0']","['JH', 'P', 'UH']",-2,CCV,3
11059,"['UH0', 'JH', 'P']","['UH', 'JH', 'P']",2,VCC,3
11060,"['JH', 'P', 'IY0']","['JH', 'P', 'IY']",-2,CCV,3
11061,"['IY0', 'JH', 'P']","['IY', 'JH', 'P']",2,VCC,3
11062,"['JH', 'P', 'EY0']","['JH', 'P', 'EY']",-2,CCV,3
11063,"['EY0', 'JH', 'P']","['EY', 'JH', 'P']",2,VCC,3
11064,"['JH', 'P', 'OW0']","['JH', 'P', 'OW']",-2,CCV,3
11065,"['OW0', 'JH', 'P']","['OW', 'JH', 'P']",2,VCC,3
11066,"['JH', 'P', 'AE0']","['JH', 'P', 'AE']",-2,CCV,3
11067,"['AE0', 'JH', 'P']","['AE', 'JH', 'P']",2,VCC,3
11068,"['JH', 'P', 'AW0']","['JH', 'P', 'AW']",-2,CCV,3
11069,"['AW0', 'JH', 'P']","['AW', 'JH', 'P']",2,VCC,3
11070,"['JH', 'T', 'AH0']","['JH', 'T', 'AH']",-2,CCV,3
11071,"['AH0', 'JH', 'T']","['AH', 'JH', 'T']",2,VCC,3
11072,"['JH', 'T', 'OY0']","['JH', 'T', 'OY']",-2,CCV,3
11073,"['OY0', 'JH', 'T']","['OY', 'JH', 'T']",2,VCC,3
11074,"['JH', 'T', 'AA0']","['JH', 'T', 'AA']",-2,CCV,3
11075,"['AA0', 'JH', 'T']","['AA', 'JH', 'T']",2,VCC,3
11076,"['JH', 'T', 'AY0']","['JH', 'T', 'AY']",-2,CCV,3
11077,"['AY0', 'JH', 'T']","['AY', 'JH', 'T']",2,VCC,3
11078,"['JH', 'T', 'ER0']","['JH', 'T', 'ER']",-2,CCV,3
11079,"['ER0', 'JH', 'T']","['ER', 'JH', 'T']",2,VCC,3
11080,"['JH', 'T', 'AO0']","['JH', 'T', 'AO']",-2,CCV,3
11081,"['AO0', 'JH', 'T']","['AO', 'JH', 'T']",2,VCC,3
11082,"['JH', 'T', 'UW0']","['JH', 'T', 'UW']",-2,CCV,3
11083,"['UW0', 'JH', 'T']","['UW', 'JH', 'T']",2,VCC,3
11084,"['JH', 'T', 'IH0']","['JH', 'T', 'IH']",-2,CCV,3
11085,"['IH0', 'JH', 'T']","['IH', 'JH', 'T']",2,VCC,3
11086,"['JH', 'T', 'EH0']","['JH', 'T', 'EH']",-2,CCV,3
11087,"['EH0', 'JH', 'T']","['EH', 'JH', 'T']",2,VCC,3
11088,"['JH', 'T', 'UH0']","['JH', 'T', 'UH']",-2,CCV,3
11089,"['UH0', 'JH', 'T']","['UH', 'JH', 'T']",2,VCC,3
11090,"['JH', 'T', 'IY0']","['JH', 'T', 'IY']",-2,CCV,3
11091,"['IY0', 'JH', 'T']","['IY', 'JH', 'T']",2,VCC,3
11092,"['JH', 'T', 'EY0']","['JH', 'T', 'EY']",-2,CCV,3
11093,"['EY0', 'JH', 'T']","['EY', 'JH', 'T']",2,VCC,3
11094,"['JH', 'T', 'OW0']","['JH', 'T', 'OW']",-2,CCV,3
11095,"['OW0', 'JH', 'T']","['OW', 'JH', 'T']",2,VCC,3
11096,"['JH', 'T', 'AE0']","['JH', 'T', 'AE']",-2,CCV,3
11097,"['AE0', 'JH', 'T']","['AE', 'JH', 'T']",2,VCC,3
11098,"['JH', 'T', 'AW0']","['JH', 'T', 'AW']",-2,CCV,3
11099,"['AW0', 'JH', 'T']","['AW', 'JH', 'T']",2,VCC,3
11100,"['JH', 'K', 'AH0']","['JH', 'K', 'AH']",-2,CCV,3
11101,"['AH0', 'JH', 'K']","['AH', 'JH', 'K']",2,VCC,3
11102,"['JH', 'K', 'OY0']","['JH', 'K', 'OY']",-2,CCV,3
11103,"['OY0', 'JH', 'K']","['OY', 'JH', 'K']",2,VCC,3
11104,"['JH', 'K', 'AA0']","['JH', 'K', 'AA']",-2,CCV,3
11105,"['AA0', 'JH', 'K']","['AA', 'JH', 'K']",2,VCC,3
11106,"['JH', 'K', 'AY0']","['JH', 'K', 'AY']",-2,CCV,3
11107,"['AY0', 'JH', 'K']","['AY', 'JH', 'K']",2,VCC,3
11108,"['JH', 'K', 'ER0']","['JH', 'K', 'ER']",-2,CCV,3
11109,"['ER0', 'JH', 'K']","['ER', 'JH', 'K']",2,VCC,3
11110,"['JH', 'K', 'AO0']","['JH', 'K', 'AO']",-2,CCV,3
11111,"['AO0', 'JH', 'K']","['AO', 'JH', 'K']",2,VCC,3
11112,"['JH', 'K', 'UW0']","['JH', 'K', 'UW']",-2,CCV,3
11113,"['UW0', 'JH', 'K']","['UW', 'JH', 'K']",2,VCC,3
11114,"['JH', 'K', 'IH0']","['JH', 'K', 'IH']",-2,CCV,3
11115,"['IH0', 'JH', 'K']","['IH', 'JH', 'K']",2,VCC,3
11116,"['JH', 'K', 'EH0']","['JH', 'K', 'EH']",-2,CCV,3
11117,"['EH0', 'JH', 'K']","['EH', 'JH', 'K']",2,VCC,3
11118,"['JH', 'K', 'UH0']","['JH', 'K', 'UH']",-2,CCV,3
11119,"['UH0', 'JH', 'K']","['UH', 'JH', 'K']",2,VCC,3
11120,"['JH', 'K', 'IY0']","['JH', 'K', 'IY']",-2,CCV,3
11121,"['IY0', 'JH', 'K']","['IY', 'JH', 'K']",2,VCC,3
11122,"['JH', 'K', 'EY0']","['JH', 'K', 'EY']",-2,CCV,3
11123,"['EY0', 'JH', 'K']","['EY', 'JH', 'K']",2,VCC,3
11124,"['JH', 'K', 'OW0']","['JH', 'K', 'OW']",-2,CCV,3
11125,"['OW0', 'JH', 'K']","['OW', 'JH', 'K']",2,VCC,3
11126,"['JH', 'K', 'AE0']","['JH', 'K', 'AE']",-2,CCV,3
11127,"['AE0', 'JH', 'K']","['AE', 'JH', 'K']",2,VCC,3
11128,"['JH', 'K', 'AW0']","['JH', 'K', 'AW']",-2,CCV,3
11129,"['AW0', 'JH', 'K']","['AW', 'JH', 'K']",2,VCC,3
11130,"['JH', 'B', 'AH0']","['JH', 'B', 'AH']",-2,CCV,3
11131,"['AH0', 'JH', 'B']","['AH', 'JH', 'B']",2,VCC,3
11132,"['JH', 'B', 'OY0']","['JH', 'B', 'OY']",-2,CCV,3
11133,"['OY0', 'JH', 'B']","['OY', 'JH', 'B']",2,VCC,3
11134,"['JH', 'B', 'AA0']","['JH', 'B', 'AA']",-2,CCV,3
11135,"['AA0', 'JH', 'B']","['AA', 'JH', 'B']",2,VCC,3
11136,"['JH', 'B', 'AY0']","['JH', 'B', 'AY']",-2,CCV,3
11137,"['AY0', 'JH', 'B']","['AY', 'JH', 'B']",2,VCC,3
11138,"['JH', 'B', 'ER0']","['JH', 'B', 'ER']",-2,CCV,3
11139,"['ER0', 'JH', 'B']","['ER', 'JH', 'B']",2,VCC,3
11140,"['JH', 'B', 'AO0']","['JH', 'B', 'AO']",-2,CCV,3
11141,"['AO0', 'JH', 'B']","['AO', 'JH', 'B']",2,VCC,3
11142,"['JH', 'B', 'UW0']","['JH', 'B', 'UW']",-2,CCV,3
11143,"['UW0', 'JH', 'B']","['UW', 'JH', 'B']",2,VCC,3
11144,"['JH', 'B', 'IH0']","['JH', 'B', 'IH']",-2,CCV,3
11145,"['IH0', 'JH', 'B']","['IH', 'JH', 'B']",2,VCC,3
11146,"['JH', 'B', 'EH0']","['JH', 'B', 'EH']",-2,CCV,3
11147,"['EH0', 'JH', 'B']","['EH', 'JH', 'B']",2,VCC,3
11148,"['JH', 'B', 'UH0']","['JH', 'B', 'UH']",-2,CCV,3
11149,"['UH0', 'JH', 'B']","['UH', 'JH', 'B']",2,VCC,3
11150,"['JH', 'B', 'IY0']","['JH', 'B', 'IY']",-2,CCV,3
11151,"['IY0', 'JH', 'B']","['IY', 'JH', 'B']",2,VCC,3
11152,"['JH', 'B', 'EY0']","['JH', 'B', 'EY']",-2,CCV,3
11153,"['EY0', 'JH', 'B']","['EY', 'JH', 'B']",2,VCC,3
11154,"['JH', 'B', 'OW0']","['JH', 'B', 'OW']",-2,CCV,3
11155,"['OW0', 'JH', 'B']","['OW', 'JH', 'B']",2,VCC,3
11156,"['JH', 'B', 'AE0']","['JH', 'B', 'AE']",-2,CCV,3
11157,"['AE0', 'JH', 'B']","['AE', 'JH', 'B']",2,VCC,3
11158,"['JH', 'B', 'AW0']","['JH', 'B', 'AW']",-2,CCV,3
11159,"['AW0', 'JH', 'B']","['AW', 'JH', 'B']",2,VCC,3
11160,"['JH', 'D', 'AH0']","['JH', 'D', 'AH']",-2,CCV,3
11161,"['AH0', 'JH', 'D']","['AH', 'JH', 'D']",2,VCC,3
11162,"['JH', 'D', 'OY0']","['JH', 'D', 'OY']",-2,CCV,3
11163,"['OY0', 'JH', 'D']","['OY', 'JH', 'D']",2,VCC,3
11164,"['JH', 'D', 'AA0']","['JH', 'D', 'AA']",-2,CCV,3
11165,"['AA0', 'JH', 'D']","['AA', 'JH', 'D']",2,VCC,3
11166,"['JH', 'D', 'AY0']","['JH', 'D', 'AY']",-2,CCV,3
11167,"['AY0', 'JH', 'D']","['AY', 'JH', 'D']",2,VCC,3
11168,"['JH', 'D', 'ER0']","['JH', 'D', 'ER']",-2,CCV,3
11169,"['ER0', 'JH', 'D']","['ER', 'JH', 'D']",2,VCC,3
11170,"['JH', 'D', 'AO0']","['JH', 'D', 'AO']",-2,CCV,3
11171,"['AO0', 'JH', 'D']","['AO', 'JH', 'D']",2,VCC,3
11172,"['JH', 'D', 'UW0']","['JH', 'D', 'UW']",-2,CCV,3
11173,"['UW0', 'JH', 'D']","['UW', 'JH', 'D']",2,VCC,3
11174,"['JH', 'D', 'IH0']","['JH', 'D', 'IH']",-2,CCV,3
11175,"['IH0', 'JH', 'D']","['IH', 'JH', 'D']",2,VCC,3
11176,"['JH', 'D', 'EH0']","['JH', 'D', 'EH']",-2,CCV,3
11177,"['EH0', 'JH', 'D']","['EH', 'JH', 'D']",2,VCC,3
11178,"['JH', 'D', 'UH0']","['JH', 'D', 'UH']",-2,CCV,3
11179,"['UH0', 'JH', 'D']","['UH', 'JH', 'D']",2,VCC,3
11180,"['JH', 'D', 'IY0']","['JH', 'D', 'IY']",-2,CCV,3
11181,"['IY0', 'JH', 'D']","['IY', 'JH', 'D']",2,VCC,3
11182,"['JH', 'D', 'EY0']","['JH', 'D', 'EY']",-2,CCV,3
11183,"['EY0', 'JH', 'D']","['EY', 'JH', 'D']",2,VCC,3
11184,"['JH', 'D', 'OW0']","['JH', 'D', 'OW']",-2,CCV,3
11185,"['OW0', 'JH', 'D']","['OW', 'JH', 'D']",2,VCC,3
11186,"['JH', 'D', 'AE0']","['JH', 'D', 'AE']",-2,CCV,3
11187,"['AE0', 'JH', 'D']","['AE', 'JH', 'D']",2,VCC,3
11188,"['JH', 'D', 'AW0']","['JH', 'D', 'AW']",-2,CCV,3
11189,"['AW0', 'JH', 'D']","['AW', 'JH', 'D']",2,VCC,3
11190,"['JH', 'G', 'AH0']","['JH', 'G', 'AH']",-2,CCV,3
11191,"['AH0', 'JH', 'G']","['AH', 'JH', 'G']",2,VCC,3
11192,"['JH', 'G', 'OY0']","['JH', 'G', 'OY']",-2,CCV,3
11193,"['OY0', 'JH', 'G']","['OY', 'JH', 'G']",2,VCC,3
11194,"['JH', 'G', 'AA0']","['JH', 'G', 'AA']",-2,CCV,3
11195,"['AA0', 'JH', 'G']","['AA', 'JH', 'G']",2,VCC,3
11196,"['JH', 'G', 'AY0']","['JH', 'G', 'AY']",-2,CCV,3
11197,"['AY0', 'JH', 'G']","['AY', 'JH', 'G']",2,VCC,3
11198,"['JH', 'G', 'ER0']","['JH', 'G', 'ER']",-2,CCV,3
11199,"['ER0', 'JH', 'G']","['ER', 'JH', 'G']",2,VCC,3
11200,"['JH', 'G', 'AO0']","['JH', 'G', 'AO']",-2,CCV,3
11201,"['AO0', 'JH', 'G']","['AO', 'JH', 'G']",2,VCC,3
11202,"['JH', 'G', 'UW0']","['JH', 'G', 'UW']",-2,CCV,3
11203,"['UW0', 'JH', 'G']","['UW', 'JH', 'G']",2,VCC,3
11204,"['JH', 'G', 'IH0']","['JH', 'G', 'IH']",-2,CCV,3
11205,"['IH0', 'JH', 'G']","['IH', 'JH', 'G']",2,VCC,3
11206,"['JH', 'G', 'EH0']","['JH', 'G', 'EH']",-2,CCV,3
11207,"['EH0', 'JH', 'G']","['EH', 'JH', 'G']",2,VCC,3
11208,"['JH', 'G', 'UH0']","['JH', 'G', 'UH']",-2,CCV,3
11209,"['UH0', 'JH', 'G']","['UH', 'JH', 'G']",2,VCC,3
11210,"['JH', 'G', 'IY0']","['JH', 'G', 'IY']",-2,CCV,3
11211,"['IY0', 'JH', 'G']","['IY', 'JH', 'G']",2,VCC,3
11212,"['JH', 'G', 'EY0']","['JH', 'G', 'EY']",-2,CCV,3
11213,"['EY0', 'JH', 'G']","['EY', 'JH', 'G']",2,VCC,3
11214,"['JH', 'G', 'OW0']","['JH', 'G', 'OW']",-2,CCV,3
11215,"['OW0', 'JH', 'G']","['OW', 'JH', 'G']",2,VCC,3
11216,"['JH', 'G', 'AE0']","['JH', 'G', 'AE']",-2,CCV,3
11217,"['AE0', 'JH', 'G']","['AE', 'JH', 'G']",2,VCC,3
11218,"['JH', 'G', 'AW0']","['JH', 'G', 'AW']",-2,CCV,3
11219,"['AW0', 'JH', 'G']","['AW', 'JH', 'G']",2,VCC,3
11220,"['JH', 'F', 'AH0']","['JH', 'F', 'AH']",-1,CCV,3
11221,"['AH0', 'JH', 'F']","['AH', 'JH', 'F']",1,VCC,3
11222,"['JH', 'F', 'OY0']","['JH', 'F', 'OY']",-1,CCV,3
11223,"['OY0', 'JH', 'F']","['OY', 'JH', 'F']",1,VCC,3
11224,"['JH', 'F', 'AA0']","['JH', 'F', 'AA']",-1,CCV,3
11225,"['AA0', 'JH', 'F']","['AA', 'JH', 'F']",1,VCC,3
11226,"['JH', 'F', 'AY0']","['JH', 'F', 'AY']",-1,CCV,3
11227,"['AY0', 'JH', 'F']","['AY', 'JH', 'F']",1,VCC,3
11228,"['JH', 'F', 'ER0']","['JH', 'F', 'ER']",-1,CCV,3
11229,"['ER0', 'JH', 'F']","['ER', 'JH', 'F']",1,VCC,3
11230,"['JH', 'F', 'AO0']","['JH', 'F', 'AO']",-1,CCV,3
11231,"['AO0', 'JH', 'F']","['AO', 'JH', 'F']",1,VCC,3
11232,"['JH', 'F', 'UW0']","['JH', 'F', 'UW']",-1,CCV,3
11233,"['UW0', 'JH', 'F']","['UW', 'JH', 'F']",1,VCC,3
11234,"['JH', 'F', 'IH0']","['JH', 'F', 'IH']",-1,CCV,3
11235,"['IH0', 'JH', 'F']","['IH', 'JH', 'F']",1,VCC,3
11236,"['JH', 'F', 'EH0']","['JH', 'F', 'EH']",-1,CCV,3
11237,"['EH0', 'JH', 'F']","['EH', 'JH', 'F']",1,VCC,3
11238,"['JH', 'F', 'UH0']","['JH', 'F', 'UH']",-1,CCV,3
11239,"['UH0', 'JH', 'F']","['UH', 'JH', 'F']",1,VCC,3
11240,"['JH', 'F', 'IY0']","['JH', 'F', 'IY']",-1,CCV,3
11241,"['IY0', 'JH', 'F']","['IY', 'JH', 'F']",1,VCC,3
11242,"['JH', 'F', 'EY0']","['JH', 'F', 'EY']",-1,CCV,3
11243,"['EY0', 'JH', 'F']","['EY', 'JH', 'F']",1,VCC,3
11244,"['JH', 'F', 'OW0']","['JH', 'F', 'OW']",-1,CCV,3
11245,"['OW0', 'JH', 'F']","['OW', 'JH', 'F']",1,VCC,3
11246,"['JH', 'F', 'AE0']","['JH', 'F', 'AE']",-1,CCV,3
11247,"['AE0', 'JH', 'F']","['AE', 'JH', 'F']",1,VCC,3
11248,"['JH', 'F', 'AW0']","['JH', 'F', 'AW']",-1,CCV,3
11249,"['AW0', 'JH', 'F']","['AW', 'JH', 'F']",1,VCC,3
11250,"['JH', 'TH', 'AH0']","['JH', 'TH', 'AH']",-1,CCV,3
11251,"['AH0', 'JH', 'TH']","['AH', 'JH', 'TH']",1,VCC,3
11252,"['JH', 'TH', 'OY0']","['JH', 'TH', 'OY']",-1,CCV,3
11253,"['OY0', 'JH', 'TH']","['OY', 'JH', 'TH']",1,VCC,3
11254,"['JH', 'TH', 'AA0']","['JH', 'TH', 'AA']",-1,CCV,3
11255,"['AA0', 'JH', 'TH']","['AA', 'JH', 'TH']",1,VCC,3
11256,"['JH', 'TH', 'AY0']","['JH', 'TH', 'AY']",-1,CCV,3
11257,"['AY0', 'JH', 'TH']","['AY', 'JH', 'TH']",1,VCC,3
11258,"['JH', 'TH', 'ER0']","['JH', 'TH', 'ER']",-1,CCV,3
11259,"['ER0', 'JH', 'TH']","['ER', 'JH', 'TH']",1,VCC,3
11260,"['JH', 'TH', 'AO0']","['JH', 'TH', 'AO']",-1,CCV,3
11261,"['AO0', 'JH', 'TH']","['AO', 'JH', 'TH']",1,VCC,3
11262,"['JH', 'TH', 'UW0']","['JH', 'TH', 'UW']",-1,CCV,3
11263,"['UW0', 'JH', 'TH']","['UW', 'JH', 'TH']",1,VCC,3
11264,"['JH', 'TH', 'IH0']","['JH', 'TH', 'IH']",-1,CCV,3
11265,"['IH0', 'JH', 'TH']","['IH', 'JH', 'TH']",1,VCC,3
11266,"['JH', 'TH', 'EH0']","['JH', 'TH', 'EH']",-1,CCV,3
11267,"['EH0', 'JH', 'TH']","['EH', 'JH', 'TH']",1,VCC,3
11268,"['JH', 'TH', 'UH0']","['JH', 'TH', 'UH']",-1,CCV,3
11269,"['UH0', 'JH', 'TH']","['UH', 'JH', 'TH']",1,VCC,3
11270,"['JH', 'TH', 'IY0']","['JH', 'TH', 'IY']",-1,CCV,3
11271,"['IY0', 'JH', 'TH']","['IY', 'JH', 'TH']",1,VCC,3
11272,"['JH', 'TH', 'EY0']","['JH', 'TH', 'EY']",-1,CCV,3
11273,"['EY0', 'JH', 'TH']","['EY', 'JH', 'TH']",1,VCC,3
11274,"['JH', 'TH', 'OW0']","['JH', 'TH', 'OW']",-1,CCV,3
11275,"['OW0', 'JH', 'TH']","['OW', 'JH', 'TH']",1,VCC,3
11276,"['JH', 'TH', 'AE0']","['JH', 'TH', 'AE']",-1,CCV,3
11277,"['AE0', 'JH', 'TH']","['AE', 'JH', 'TH']",1,VCC,3
11278,"['JH', 'TH', 'AW0']","['JH', 'TH', 'AW']",-1,CCV,3
11279,"['AW0', 'JH', 'TH']","['AW', 'JH', 'TH']",1,VCC,3
11280,"['JH', 'S', 'AH0']","['JH', 'S', 'AH']",-1,CCV,3
11281,"['AH0', 'JH', 'S']","['AH', 'JH', 'S']",1,VCC,3
11282,"['JH', 'S', 'OY0']","['JH', 'S', 'OY']",-1,CCV,3
11283,"['OY0', 'JH', 'S']","['OY', 'JH', 'S']",1,VCC,3
11284,"['JH', 'S', 'AA0']","['JH', 'S', 'AA']",-1,CCV,3
11285,"['AA0', 'JH', 'S']","['AA', 'JH', 'S']",1,VCC,3
11286,"['JH', 'S', 'AY0']","['JH', 'S', 'AY']",-1,CCV,3
11287,"['AY0', 'JH', 'S']","['AY', 'JH', 'S']",1,VCC,3
11288,"['JH', 'S', 'ER0']","['JH', 'S', 'ER']",-1,CCV,3
11289,"['ER0', 'JH', 'S']","['ER', 'JH', 'S']",1,VCC,3
11290,"['JH', 'S', 'AO0']","['JH', 'S', 'AO']",-1,CCV,3
11291,"['AO0', 'JH', 'S']","['AO', 'JH', 'S']",1,VCC,3
11292,"['JH', 'S', 'UW0']","['JH', 'S', 'UW']",-1,CCV,3
11293,"['UW0', 'JH', 'S']","['UW', 'JH', 'S']",1,VCC,3
11294,"['JH', 'S', 'IH0']","['JH', 'S', 'IH']",-1,CCV,3
11295,"['IH0', 'JH', 'S']","['IH', 'JH', 'S']",1,VCC,3
11296,"['JH', 'S', 'EH0']","['JH', 'S', 'EH']",-1,CCV,3
11297,"['EH0', 'JH', 'S']","['EH', 'JH', 'S']",1,VCC,3
11298,"['JH', 'S', 'UH0']","['JH', 'S', 'UH']",-1,CCV,3
11299,"['UH0', 'JH', 'S']","['UH', 'JH', 'S']",1,VCC,3
11300,"['JH', 'S', 'IY0']","['JH', 'S', 'IY']",-1,CCV,3
11301,"['IY0', 'JH', 'S']","['IY', 'JH', 'S']",1,VCC,3
11302,"['JH', 'S', 'EY0']","['JH', 'S', 'EY']",-1,CCV,3
11303,"['EY0', 'JH', 'S']","['EY', 'JH', 'S']",1,VCC,3
11304,"['JH', 'S', 'OW0']","['JH', 'S', 'OW']",-1,CCV,3
11305,"['OW0', 'JH', 'S']","['OW', 'JH', 'S']",1,VCC,3
11306,"['JH', 'S', 'AE0']","['JH', 'S', 'AE']",-1,CCV,3
11307,"['AE0', 'JH', 'S']","['AE', 'JH', 'S']",1,VCC,3
11308,"['JH', 'S', 'AW0']","['JH', 'S', 'AW']",-1,CCV,3
11309,"['AW0', 'JH', 'S']","['AW', 'JH', 'S']",1,VCC,3
11310,"['JH', 'SH', 'AH0']","['JH', 'SH', 'AH']",-1,CCV,3
11311,"['AH0', 'JH', 'SH']","['AH', 'JH', 'SH']",1,VCC,3
11312,"['JH', 'SH', 'OY0']","['JH', 'SH', 'OY']",-1,CCV,3
11313,"['OY0', 'JH', 'SH']","['OY', 'JH', 'SH']",1,VCC,3
11314,"['JH', 'SH', 'AA0']","['JH', 'SH', 'AA']",-1,CCV,3
11315,"['AA0', 'JH', 'SH']","['AA', 'JH', 'SH']",1,VCC,3
11316,"['JH', 'SH', 'AY0']","['JH', 'SH', 'AY']",-1,CCV,3
11317,"['AY0', 'JH', 'SH']","['AY', 'JH', 'SH']",1,VCC,3
11318,"['JH', 'SH', 'ER0']","['JH', 'SH', 'ER']",-1,CCV,3
11319,"['ER0', 'JH', 'SH']","['ER', 'JH', 'SH']",1,VCC,3
11320,"['JH', 'SH', 'AO0']","['JH', 'SH', 'AO']",-1,CCV,3
11321,"['AO0', 'JH', 'SH']","['AO', 'JH', 'SH']",1,VCC,3
11322,"['JH', 'SH', 'UW0']","['JH', 'SH', 'UW']",-1,CCV,3
11323,"['UW0', 'JH', 'SH']","['UW', 'JH', 'SH']",1,VCC,3
11324,"['JH', 'SH', 'IH0']","['JH', 'SH', 'IH']",-1,CCV,3
11325,"['IH0', 'JH', 'SH']","['IH', 'JH', 'SH']",1,VCC,3
11326,"['JH', 'SH', 'EH0']","['JH', 'SH', 'EH']",-1,CCV,3
11327,"['EH0', 'JH', 'SH']","['EH', 'JH', 'SH']",1,VCC,3
11328,"['JH', 'SH', 'UH0']","['JH', 'SH', 'UH']",-1,CCV,3
11329,"['UH0', 'JH', 'SH']","['UH', 'JH', 'SH']",1,VCC,3
11330,"['JH', 'SH', 'IY0']","['JH', 'SH', 'IY']",-1,CCV,3
11331,"['IY0', 'JH', 'SH']","['IY', 'JH', 'SH']",1,VCC,3
11332,"['JH', 'SH', 'EY0']","['JH', 'SH', 'EY']",-1,CCV,3
11333,"['EY0', 'JH', 'SH']","['EY', 'JH', 'SH']",1,VCC,3
11334,"['JH', 'SH', 'OW0']","['JH', 'SH', 'OW']",-1,CCV,3
11335,"['OW0', 'JH', 'SH']","['OW', 'JH', 'SH']",1,VCC,3
11336,"['JH', 'SH', 'AE0']","['JH', 'SH', 'AE']",-1,CCV,3
11337,"['AE0', 'JH', 'SH']","['AE', 'JH', 'SH']",1,VCC,3
11338,"['JH', 'SH', 'AW0']","['JH', 'SH', 'AW']",-1,CCV,3
11339,"['AW0', 'JH', 'SH']","['AW', 'JH', 'SH']",1,VCC,3
11340,"['JH', 'Z', 'AH0']","['JH', 'Z', 'AH']",-1,CCV,3
11341,"['AH0', 'JH', 'Z']","['AH', 'JH', 'Z']",1,VCC,3
11342,"['JH', 'Z', 'OY0']","['JH', 'Z', 'OY']",-1,CCV,3
11343,"['OY0', 'JH', 'Z']","['OY', 'JH', 'Z']",1,VCC,3
11344,"['JH', 'Z', 'AA0']","['JH', 'Z', 'AA']",-1,CCV,3
11345,"['AA0', 'JH', 'Z']","['AA', 'JH', 'Z']",1,VCC,3
11346,"['JH', 'Z', 'AY0']","['JH', 'Z', 'AY']",-1,CCV,3
11347,"['AY0', 'JH', 'Z']","['AY', 'JH', 'Z']",1,VCC,3
11348,"['JH', 'Z', 'ER0']","['JH', 'Z', 'ER']",-1,CCV,3
11349,"['ER0', 'JH', 'Z']","['ER', 'JH', 'Z']",1,VCC,3
11350,"['JH', 'Z', 'AO0']","['JH', 'Z', 'AO']",-1,CCV,3
11351,"['AO0', 'JH', 'Z']","['AO', 'JH', 'Z']",1,VCC,3
11352,"['JH', 'Z', 'UW0']","['JH', 'Z', 'UW']",-1,CCV,3
11353,"['UW0', 'JH', 'Z']","['UW', 'JH', 'Z']",1,VCC,3
11354,"['JH', 'Z', 'IH0']","['JH', 'Z', 'IH']",-1,CCV,3
11355,"['IH0', 'JH', 'Z']","['IH', 'JH', 'Z']",1,VCC,3
11356,"['JH', 'Z', 'EH0']","['JH', 'Z', 'EH']",-1,CCV,3
11357,"['EH0', 'JH', 'Z']","['EH', 'JH', 'Z']",1,VCC,3
11358,"['JH', 'Z', 'UH0']","['JH', 'Z', 'UH']",-1,CCV,3
11359,"['UH0', 'JH', 'Z']","['UH', 'JH', 'Z']",1,VCC,3
11360,"['JH', 'Z', 'IY0']","['JH', 'Z', 'IY']",-1,CCV,3
11361,"['IY0', 'JH', 'Z']","['IY', 'JH', 'Z']",1,VCC,3
11362,"['JH', 'Z', 'EY0']","['JH', 'Z', 'EY']",-1,CCV,3
11363,"['EY0', 'JH', 'Z']","['EY', 'JH', 'Z']",1,VCC,3
11364,"['JH', 'Z', 'OW0']","['JH', 'Z', 'OW']",-1,CCV,3
11365,"['OW0', 'JH', 'Z']","['OW', 'JH', 'Z']",1,VCC,3
11366,"['JH', 'Z', 'AE0']","['JH', 'Z', 'AE']",-1,CCV,3
11367,"['AE0', 'JH', 'Z']","['AE', 'JH', 'Z']",1,VCC,3
11368,"['JH', 'Z', 'AW0']","['JH', 'Z', 'AW']",-1,CCV,3
11369,"['AW0', 'JH', 'Z']","['AW', 'JH', 'Z']",1,VCC,3
11370,"['JH', 'ZH', 'AH0']","['JH', 'ZH', 'AH']",-1,CCV,3
11371,"['AH0', 'JH', 'ZH']","['AH', 'JH', 'ZH']",1,VCC,3
11372,"['JH', 'ZH', 'OY0']","['JH', 'ZH', 'OY']",-1,CCV,3
11373,"['OY0', 'JH', 'ZH']","['OY', 'JH', 'ZH']",1,VCC,3
11374,"['JH', 'ZH', 'AA0']","['JH', 'ZH', 'AA']",-1,CCV,3
11375,"['AA0', 'JH', 'ZH']","['AA', 'JH', 'ZH']",1,VCC,3
11376,"['JH', 'ZH', 'AY0']","['JH', 'ZH', 'AY']",-1,CCV,3
11377,"['AY0', 'JH', 'ZH']","['AY', 'JH', 'ZH']",1,VCC,3
11378,"['JH', 'ZH', 'ER0']","['JH', 'ZH', 'ER']",-1,CCV,3
11379,"['ER0', 'JH', 'ZH']","['ER', 'JH', 'ZH']",1,VCC,3
11380,"['JH', 'ZH', 'AO0']","['JH', 'ZH', 'AO']",-1,CCV,3
11381,"['AO0', 'JH', 'ZH']","['AO', 'JH', 'ZH']",1,VCC,3
11382,"['JH', 'ZH', 'UW0']","['JH', 'ZH', 'UW']",-1,CCV,3
11383,"['UW0', 'JH', 'ZH']","['UW', 'JH', 'ZH']",1,VCC,3
11384,"['JH', 'ZH', 'IH0']","['JH', 'ZH', 'IH']",-1,CCV,3
11385,"['IH0', 'JH', 'ZH']","['IH', 'JH', 'ZH']",1,VCC,3
11386,"['JH', 'ZH', 'EH0']","['JH', 'ZH', 'EH']",-1,CCV,3
11387,"['EH0', 'JH', 'ZH']","['EH', 'JH', 'ZH']",1,VCC,3
11388,"['JH', 'ZH', 'UH0']","['JH', 'ZH', 'UH']",-1,CCV,3
11389,"['UH0', 'JH', 'ZH']","['UH', 'JH', 'ZH']",1,VCC,3
11390,"['JH', 'ZH', 'IY0']","['JH', 'ZH', 'IY']",-1,CCV,3
11391,"['IY0', 'JH', 'ZH']","['IY', 'JH', 'ZH']",1,VCC,3
11392,"['JH', 'ZH', 'EY0']","['JH', 'ZH', 'EY']",-1,CCV,3
11393,"['EY0', 'JH', 'ZH']","['EY', 'JH', 'ZH']",1,VCC,3
11394,"['JH', 'ZH', 'OW0']","['JH', 'ZH', 'OW']",-1,CCV,3
11395,"['OW0', 'JH', 'ZH']","['OW', 'JH', 'ZH']",1,VCC,3
11396,"['JH', 'ZH', 'AE0']","['JH', 'ZH', 'AE']",-1,CCV,3
11397,"['AE0', 'JH', 'ZH']","['AE', 'JH', 'ZH']",1,VCC,3
11398,"['JH', 'ZH', 'AW0']","['JH', 'ZH', 'AW']",-1,CCV,3
11399,"['AW0', 'JH', 'ZH']","['AW', 'JH', 'ZH']",1,VCC,3
11400,"['JH', 'V', 'AH0']","['JH', 'V', 'AH']",-1,CCV,3
11401,"['AH0', 'JH', 'V']","['AH', 'JH', 'V']",1,VCC,3
11402,"['JH', 'V', 'OY0']","['JH', 'V', 'OY']",-1,CCV,3
11403,"['OY0', 'JH', 'V']","['OY', 'JH', 'V']",1,VCC,3
11404,"['JH', 'V', 'AA0']","['JH', 'V', 'AA']",-1,CCV,3
11405,"['AA0', 'JH', 'V']","['AA', 'JH', 'V']",1,VCC,3
11406,"['JH', 'V', 'AY0']","['JH', 'V', 'AY']",-1,CCV,3
11407,"['AY0', 'JH', 'V']","['AY', 'JH', 'V']",1,VCC,3
11408,"['JH', 'V', 'ER0']","['JH', 'V', 'ER']",-1,CCV,3
11409,"['ER0', 'JH', 'V']","['ER', 'JH', 'V']",1,VCC,3
11410,"['JH', 'V', 'AO0']","['JH', 'V', 'AO']",-1,CCV,3
11411,"['AO0', 'JH', 'V']","['AO', 'JH', 'V']",1,VCC,3
11412,"['JH', 'V', 'UW0']","['JH', 'V', 'UW']",-1,CCV,3
11413,"['UW0', 'JH', 'V']","['UW', 'JH', 'V']",1,VCC,3
11414,"['JH', 'V', 'IH0']","['JH', 'V', 'IH']",-1,CCV,3
11415,"['IH0', 'JH', 'V']","['IH', 'JH', 'V']",1,VCC,3
11416,"['JH', 'V', 'EH0']","['JH', 'V', 'EH']",-1,CCV,3
11417,"['EH0', 'JH', 'V']","['EH', 'JH', 'V']",1,VCC,3
11418,"['JH', 'V', 'UH0']","['JH', 'V', 'UH']",-1,CCV,3
11419,"['UH0', 'JH', 'V']","['UH', 'JH', 'V']",1,VCC,3
11420,"['JH', 'V', 'IY0']","['JH', 'V', 'IY']",-1,CCV,3
11421,"['IY0', 'JH', 'V']","['IY', 'JH', 'V']",1,VCC,3
11422,"['JH', 'V', 'EY0']","['JH', 'V', 'EY']",-1,CCV,3
11423,"['EY0', 'JH', 'V']","['EY', 'JH', 'V']",1,VCC,3
11424,"['JH', 'V', 'OW0']","['JH', 'V', 'OW']",-1,CCV,3
11425,"['OW0', 'JH', 'V']","['OW', 'JH', 'V']",1,VCC,3
11426,"['JH', 'V', 'AE0']","['JH', 'V', 'AE']",-1,CCV,3
11427,"['AE0', 'JH', 'V']","['AE', 'JH', 'V']",1,VCC,3
11428,"['JH', 'V', 'AW0']","['JH', 'V', 'AW']",-1,CCV,3
11429,"['AW0', 'JH', 'V']","['AW', 'JH', 'V']",1,VCC,3
11430,"['JH', 'DH', 'AH0']","['JH', 'DH', 'AH']",-1,CCV,3
11431,"['AH0', 'JH', 'DH']","['AH', 'JH', 'DH']",1,VCC,3
11432,"['JH', 'DH', 'OY0']","['JH', 'DH', 'OY']",-1,CCV,3
11433,"['OY0', 'JH', 'DH']","['OY', 'JH', 'DH']",1,VCC,3
11434,"['JH', 'DH', 'AA0']","['JH', 'DH', 'AA']",-1,CCV,3
11435,"['AA0', 'JH', 'DH']","['AA', 'JH', 'DH']",1,VCC,3
11436,"['JH', 'DH', 'AY0']","['JH', 'DH', 'AY']",-1,CCV,3
11437,"['AY0', 'JH', 'DH']","['AY', 'JH', 'DH']",1,VCC,3
11438,"['JH', 'DH', 'ER0']","['JH', 'DH', 'ER']",-1,CCV,3
11439,"['ER0', 'JH', 'DH']","['ER', 'JH', 'DH']",1,VCC,3
11440,"['JH', 'DH', 'AO0']","['JH', 'DH', 'AO']",-1,CCV,3
11441,"['AO0', 'JH', 'DH']","['AO', 'JH', 'DH']",1,VCC,3
11442,"['JH', 'DH', 'UW0']","['JH', 'DH', 'UW']",-1,CCV,3
11443,"['UW0', 'JH', 'DH']","['UW', 'JH', 'DH']",1,VCC,3
11444,"['JH', 'DH', 'IH0']","['JH', 'DH', 'IH']",-1,CCV,3
11445,"['IH0', 'JH', 'DH']","['IH', 'JH', 'DH']",1,VCC,3
11446,"['JH', 'DH', 'EH0']","['JH', 'DH', 'EH']",-1,CCV,3
11447,"['EH0', 'JH', 'DH']","['EH', 'JH', 'DH']",1,VCC,3
11448,"['JH', 'DH', 'UH0']","['JH', 'DH', 'UH']",-1,CCV,3
11449,"['UH0', 'JH', 'DH']","['UH', 'JH', 'DH']",1,VCC,3
11450,"['JH', 'DH', 'IY0']","['JH', 'DH', 'IY']",-1,CCV,3
11451,"['IY0', 'JH', 'DH']","['IY', 'JH', 'DH']",1,VCC,3
11452,"['JH', 'DH', 'EY0']","['JH', 'DH', 'EY']",-1,CCV,3
11453,"['EY0', 'JH', 'DH']","['EY', 'JH', 'DH']",1,VCC,3
11454,"['JH', 'DH', 'OW0']","['JH', 'DH', 'OW']",-1,CCV,3
11455,"['OW0', 'JH', 'DH']","['OW', 'JH', 'DH']",1,VCC,3
11456,"['JH', 'DH', 'AE0']","['JH', 'DH', 'AE']",-1,CCV,3
11457,"['AE0', 'JH', 'DH']","['AE', 'JH', 'DH']",1,VCC,3
11458,"['JH', 'DH', 'AW0']","['JH', 'DH', 'AW']",-1,CCV,3
11459,"['AW0', 'JH', 'DH']","['AW', 'JH', 'DH']",1,VCC,3
11460,"['JH', 'HH', 'AH0']","['JH', 'HH', 'AH']",-1,CCV,3
11461,"['AH0', 'JH', 'HH']","['AH', 'JH', 'HH']",1,VCC,3
11462,"['JH', 'HH', 'OY0']","['JH', 'HH', 'OY']",-1,CCV,3
11463,"['OY0', 'JH', 'HH']","['OY', 'JH', 'HH']",1,VCC,3
11464,"['JH', 'HH', 'AA0']","['JH', 'HH', 'AA']",-1,CCV,3
11465,"['AA0', 'JH', 'HH']","['AA', 'JH', 'HH']",1,VCC,3
11466,"['JH', 'HH', 'AY0']","['JH', 'HH', 'AY']",-1,CCV,3
11467,"['AY0', 'JH', 'HH']","['AY', 'JH', 'HH']",1,VCC,3
11468,"['JH', 'HH', 'ER0']","['JH', 'HH', 'ER']",-1,CCV,3
11469,"['ER0', 'JH', 'HH']","['ER', 'JH', 'HH']",1,VCC,3
11470,"['JH', 'HH', 'AO0']","['JH', 'HH', 'AO']",-1,CCV,3
11471,"['AO0', 'JH', 'HH']","['AO', 'JH', 'HH']",1,VCC,3
11472,"['JH', 'HH', 'UW0']","['JH', 'HH', 'UW']",-1,CCV,3
11473,"['UW0', 'JH', 'HH']","['UW', 'JH', 'HH']",1,VCC,3
11474,"['JH', 'HH', 'IH0']","['JH', 'HH', 'IH']",-1,CCV,3
11475,"['IH0', 'JH', 'HH']","['IH', 'JH', 'HH']",1,VCC,3
11476,"['JH', 'HH', 'EH0']","['JH', 'HH', 'EH']",-1,CCV,3
11477,"['EH0', 'JH', 'HH']","['EH', 'JH', 'HH']",1,VCC,3
11478,"['JH', 'HH', 'UH0']","['JH', 'HH', 'UH']",-1,CCV,3
11479,"['UH0', 'JH', 'HH']","['UH', 'JH', 'HH']",1,VCC,3
11480,"['JH', 'HH', 'IY0']","['JH', 'HH', 'IY']",-1,CCV,3
11481,"['IY0', 'JH', 'HH']","['IY', 'JH', 'HH']",1,VCC,3
11482,"['JH', 'HH', 'EY0']","['JH', 'HH', 'EY']",-1,CCV,3
11483,"['EY0', 'JH', 'HH']","['EY', 'JH', 'HH']",1,VCC,3
11484,"['JH', 'HH', 'OW0']","['JH', 'HH', 'OW']",-1,CCV,3
11485,"['OW0', 'JH', 'HH']","['OW', 'JH', 'HH']",1,VCC,3
11486,"['JH', 'HH', 'AE0']","['JH', 'HH', 'AE']",-1,CCV,3
11487,"['AE0', 'JH', 'HH']","['AE', 'JH', 'HH']",1,VCC,3
11488,"['JH', 'HH', 'AW0']","['JH', 'HH', 'AW']",-1,CCV,3
11489,"['AW0', 'JH', 'HH']","['AW', 'JH', 'HH']",1,VCC,3
11490,"['JH', 'CH', 'AH0']","['JH', 'CH', 'AH']",0,CCV,3
11491,"['AH0', 'JH', 'CH']","['AH', 'JH', 'CH']",0,VCC,3
11492,"['JH', 'CH', 'OY0']","['JH', 'CH', 'OY']",0,CCV,3
11493,"['OY0', 'JH', 'CH']","['OY', 'JH', 'CH']",0,VCC,3
11494,"['JH', 'CH', 'AA0']","['JH', 'CH', 'AA']",0,CCV,3
11495,"['AA0', 'JH', 'CH']","['AA', 'JH', 'CH']",0,VCC,3
11496,"['JH', 'CH', 'AY0']","['JH', 'CH', 'AY']",0,CCV,3
11497,"['AY0', 'JH', 'CH']","['AY', 'JH', 'CH']",0,VCC,3
11498,"['JH', 'CH', 'ER0']","['JH', 'CH', 'ER']",0,CCV,3
11499,"['ER0', 'JH', 'CH']","['ER', 'JH', 'CH']",0,VCC,3
11500,"['JH', 'CH', 'AO0']","['JH', 'CH', 'AO']",0,CCV,3
11501,"['AO0', 'JH', 'CH']","['AO', 'JH', 'CH']",0,VCC,3
11502,"['JH', 'CH', 'UW0']","['JH', 'CH', 'UW']",0,CCV,3
11503,"['UW0', 'JH', 'CH']","['UW', 'JH', 'CH']",0,VCC,3
11504,"['JH', 'CH', 'IH0']","['JH', 'CH', 'IH']",0,CCV,3
11505,"['IH0', 'JH', 'CH']","['IH', 'JH', 'CH']",0,VCC,3
11506,"['JH', 'CH', 'EH0']","['JH', 'CH', 'EH']",0,CCV,3
11507,"['EH0', 'JH', 'CH']","['EH', 'JH', 'CH']",0,VCC,3
11508,"['JH', 'CH', 'UH0']","['JH', 'CH', 'UH']",0,CCV,3
11509,"['UH0', 'JH', 'CH']","['UH', 'JH', 'CH']",0,VCC,3
11510,"['JH', 'CH', 'IY0']","['JH', 'CH', 'IY']",0,CCV,3
11511,"['IY0', 'JH', 'CH']","['IY', 'JH', 'CH']",0,VCC,3
11512,"['JH', 'CH', 'EY0']","['JH', 'CH', 'EY']",0,CCV,3
11513,"['EY0', 'JH', 'CH']","['EY', 'JH', 'CH']",0,VCC,3
11514,"['JH', 'CH', 'OW0']","['JH', 'CH', 'OW']",0,CCV,3
11515,"['OW0', 'JH', 'CH']","['OW', 'JH', 'CH']",0,VCC,3
11516,"['JH', 'CH', 'AE0']","['JH', 'CH', 'AE']",0,CCV,3
11517,"['AE0', 'JH', 'CH']","['AE', 'JH', 'CH']",0,VCC,3
11518,"['JH', 'CH', 'AW0']","['JH', 'CH', 'AW']",0,CCV,3
11519,"['AW0', 'JH', 'CH']","['AW', 'JH', 'CH']",0,VCC,3
11520,"['JH', 'M', 'AH0']","['JH', 'M', 'AH']",1,CCV,3
11521,"['AH0', 'JH', 'M']","['AH', 'JH', 'M']",-1,VCC,3
11522,"['JH', 'M', 'OY0']","['JH', 'M', 'OY']",1,CCV,3
11523,"['OY0', 'JH', 'M']","['OY', 'JH', 'M']",-1,VCC,3
11524,"['JH', 'M', 'AA0']","['JH', 'M', 'AA']",1,CCV,3
11525,"['AA0', 'JH', 'M']","['AA', 'JH', 'M']",-1,VCC,3
11526,"['JH', 'M', 'AY0']","['JH', 'M', 'AY']",1,CCV,3
11527,"['AY0', 'JH', 'M']","['AY', 'JH', 'M']",-1,VCC,3
11528,"['JH', 'M', 'ER0']","['JH', 'M', 'ER']",1,CCV,3
11529,"['ER0', 'JH', 'M']","['ER', 'JH', 'M']",-1,VCC,3
11530,"['JH', 'M', 'AO0']","['JH', 'M', 'AO']",1,CCV,3
11531,"['AO0', 'JH', 'M']","['AO', 'JH', 'M']",-1,VCC,3
11532,"['JH', 'M', 'UW0']","['JH', 'M', 'UW']",1,CCV,3
11533,"['UW0', 'JH', 'M']","['UW', 'JH', 'M']",-1,VCC,3
11534,"['JH', 'M', 'IH0']","['JH', 'M', 'IH']",1,CCV,3
11535,"['IH0', 'JH', 'M']","['IH', 'JH', 'M']",-1,VCC,3
11536,"['JH', 'M', 'EH0']","['JH', 'M', 'EH']",1,CCV,3
11537,"['EH0', 'JH', 'M']","['EH', 'JH', 'M']",-1,VCC,3
11538,"['JH', 'M', 'UH0']","['JH', 'M', 'UH']",1,CCV,3
11539,"['UH0', 'JH', 'M']","['UH', 'JH', 'M']",-1,VCC,3
11540,"['JH', 'M', 'IY0']","['JH', 'M', 'IY']",1,CCV,3
11541,"['IY0', 'JH', 'M']","['IY', 'JH', 'M']",-1,VCC,3
11542,"['JH', 'M', 'EY0']","['JH', 'M', 'EY']",1,CCV,3
11543,"['EY0', 'JH', 'M']","['EY', 'JH', 'M']",-1,VCC,3
11544,"['JH', 'M', 'OW0']","['JH', 'M', 'OW']",1,CCV,3
11545,"['OW0', 'JH', 'M']","['OW', 'JH', 'M']",-1,VCC,3
11546,"['JH', 'M', 'AE0']","['JH', 'M', 'AE']",1,CCV,3
11547,"['AE0', 'JH', 'M']","['AE', 'JH', 'M']",-1,VCC,3
11548,"['JH', 'M', 'AW0']","['JH', 'M', 'AW']",1,CCV,3
11549,"['AW0', 'JH', 'M']","['AW', 'JH', 'M']",-1,VCC,3
11550,"['JH', 'N', 'AH0']","['JH', 'N', 'AH']",1,CCV,3
11551,"['AH0', 'JH', 'N']","['AH', 'JH', 'N']",-1,VCC,3
11552,"['JH', 'N', 'OY0']","['JH', 'N', 'OY']",1,CCV,3
11553,"['OY0', 'JH', 'N']","['OY', 'JH', 'N']",-1,VCC,3
11554,"['JH', 'N', 'AA0']","['JH', 'N', 'AA']",1,CCV,3
11555,"['AA0', 'JH', 'N']","['AA', 'JH', 'N']",-1,VCC,3
11556,"['JH', 'N', 'AY0']","['JH', 'N', 'AY']",1,CCV,3
11557,"['AY0', 'JH', 'N']","['AY', 'JH', 'N']",-1,VCC,3
11558,"['JH', 'N', 'ER0']","['JH', 'N', 'ER']",1,CCV,3
11559,"['ER0', 'JH', 'N']","['ER', 'JH', 'N']",-1,VCC,3
11560,"['JH', 'N', 'AO0']","['JH', 'N', 'AO']",1,CCV,3
11561,"['AO0', 'JH', 'N']","['AO', 'JH', 'N']",-1,VCC,3
11562,"['JH', 'N', 'UW0']","['JH', 'N', 'UW']",1,CCV,3
11563,"['UW0', 'JH', 'N']","['UW', 'JH', 'N']",-1,VCC,3
11564,"['JH', 'N', 'IH0']","['JH', 'N', 'IH']",1,CCV,3
11565,"['IH0', 'JH', 'N']","['IH', 'JH', 'N']",-1,VCC,3
11566,"['JH', 'N', 'EH0']","['JH', 'N', 'EH']",1,CCV,3
11567,"['EH0', 'JH', 'N']","['EH', 'JH', 'N']",-1,VCC,3
11568,"['JH', 'N', 'UH0']","['JH', 'N', 'UH']",1,CCV,3
11569,"['UH0', 'JH', 'N']","['UH', 'JH', 'N']",-1,VCC,3
11570,"['JH', 'N', 'IY0']","['JH', 'N', 'IY']",1,CCV,3
11571,"['IY0', 'JH', 'N']","['IY', 'JH', 'N']",-1,VCC,3
11572,"['JH', 'N', 'EY0']","['JH', 'N', 'EY']",1,CCV,3
11573,"['EY0', 'JH', 'N']","['EY', 'JH', 'N']",-1,VCC,3
11574,"['JH', 'N', 'OW0']","['JH', 'N', 'OW']",1,CCV,3
11575,"['OW0', 'JH', 'N']","['OW', 'JH', 'N']",-1,VCC,3
11576,"['JH', 'N', 'AE0']","['JH', 'N', 'AE']",1,CCV,3
11577,"['AE0', 'JH', 'N']","['AE', 'JH', 'N']",-1,VCC,3
11578,"['JH', 'N', 'AW0']","['JH', 'N', 'AW']",1,CCV,3
11579,"['AW0', 'JH', 'N']","['AW', 'JH', 'N']",-1,VCC,3
11580,"['JH', 'NG', 'AH0']","['JH', 'NG', 'AH']",1,CCV,3
11581,"['AH0', 'JH', 'NG']","['AH', 'JH', 'NG']",-1,VCC,3
11582,"['JH', 'NG', 'OY0']","['JH', 'NG', 'OY']",1,CCV,3
11583,"['OY0', 'JH', 'NG']","['OY', 'JH', 'NG']",-1,VCC,3
11584,"['JH', 'NG', 'AA0']","['JH', 'NG', 'AA']",1,CCV,3
11585,"['AA0', 'JH', 'NG']","['AA', 'JH', 'NG']",-1,VCC,3
11586,"['JH', 'NG', 'AY0']","['JH', 'NG', 'AY']",1,CCV,3
11587,"['AY0', 'JH', 'NG']","['AY', 'JH', 'NG']",-1,VCC,3
11588,"['JH', 'NG', 'ER0']","['JH', 'NG', 'ER']",1,CCV,3
11589,"['ER0', 'JH', 'NG']","['ER', 'JH', 'NG']",-1,VCC,3
11590,"['JH', 'NG', 'AO0']","['JH', 'NG', 'AO']",1,CCV,3
11591,"['AO0', 'JH', 'NG']","['AO', 'JH', 'NG']",-1,VCC,3
11592,"['JH', 'NG', 'UW0']","['JH', 'NG', 'UW']",1,CCV,3
11593,"['UW0', 'JH', 'NG']","['UW', 'JH', 'NG']",-1,VCC,3
11594,"['JH', 'NG', 'IH0']","['JH', 'NG', 'IH']",1,CCV,3
11595,"['IH0', 'JH', 'NG']","['IH', 'JH', 'NG']",-1,VCC,3
11596,"['JH', 'NG', 'EH0']","['JH', 'NG', 'EH']",1,CCV,3
11597,"['EH0', 'JH', 'NG']","['EH', 'JH', 'NG']",-1,VCC,3
11598,"['JH', 'NG', 'UH0']","['JH', 'NG', 'UH']",1,CCV,3
11599,"['UH0', 'JH', 'NG']","['UH', 'JH', 'NG']",-1,VCC,3
11600,"['JH', 'NG', 'IY0']","['JH', 'NG', 'IY']",1,CCV,3
11601,"['IY0', 'JH', 'NG']","['IY', 'JH', 'NG']",-1,VCC,3
11602,"['JH', 'NG', 'EY0']","['JH', 'NG', 'EY']",1,CCV,3
11603,"['EY0', 'JH', 'NG']","['EY', 'JH', 'NG']",-1,VCC,3
11604,"['JH', 'NG', 'OW0']","['JH', 'NG', 'OW']",1,CCV,3
11605,"['OW0', 'JH', 'NG']","['OW', 'JH', 'NG']",-1,VCC,3
11606,"['JH', 'NG', 'AE0']","['JH', 'NG', 'AE']",1,CCV,3
11607,"['AE0', 'JH', 'NG']","['AE', 'JH', 'NG']",-1,VCC,3
11608,"['JH', 'NG', 'AW0']","['JH', 'NG', 'AW']",1,CCV,3
11609,"['AW0', 'JH', 'NG']","['AW', 'JH', 'NG']",-1,VCC,3
11610,"['JH', 'L', 'AH0']","['JH', 'L', 'AH']",2,CCV,3
11611,"['AH0', 'JH', 'L']","['AH', 'JH', 'L']",-2,VCC,3
11612,"['JH', 'L', 'OY0']","['JH', 'L', 'OY']",2,CCV,3
11613,"['OY0', 'JH', 'L']","['OY', 'JH', 'L']",-2,VCC,3
11614,"['JH', 'L', 'AA0']","['JH', 'L', 'AA']",2,CCV,3
11615,"['AA0', 'JH', 'L']","['AA', 'JH', 'L']",-2,VCC,3
11616,"['JH', 'L', 'AY0']","['JH', 'L', 'AY']",2,CCV,3
11617,"['AY0', 'JH', 'L']","['AY', 'JH', 'L']",-2,VCC,3
11618,"['JH', 'L', 'ER0']","['JH', 'L', 'ER']",2,CCV,3
11619,"['ER0', 'JH', 'L']","['ER', 'JH', 'L']",-2,VCC,3
11620,"['JH', 'L', 'AO0']","['JH', 'L', 'AO']",2,CCV,3
11621,"['AO0', 'JH', 'L']","['AO', 'JH', 'L']",-2,VCC,3
11622,"['JH', 'L', 'UW0']","['JH', 'L', 'UW']",2,CCV,3
11623,"['UW0', 'JH', 'L']","['UW', 'JH', 'L']",-2,VCC,3
11624,"['JH', 'L', 'IH0']","['JH', 'L', 'IH']",2,CCV,3
11625,"['IH0', 'JH', 'L']","['IH', 'JH', 'L']",-2,VCC,3
11626,"['JH', 'L', 'EH0']","['JH', 'L', 'EH']",2,CCV,3
11627,"['EH0', 'JH', 'L']","['EH', 'JH', 'L']",-2,VCC,3
11628,"['JH', 'L', 'UH0']","['JH', 'L', 'UH']",2,CCV,3
11629,"['UH0', 'JH', 'L']","['UH', 'JH', 'L']",-2,VCC,3
11630,"['JH', 'L', 'IY0']","['JH', 'L', 'IY']",2,CCV,3
11631,"['IY0', 'JH', 'L']","['IY', 'JH', 'L']",-2,VCC,3
11632,"['JH', 'L', 'EY0']","['JH', 'L', 'EY']",2,CCV,3
11633,"['EY0', 'JH', 'L']","['EY', 'JH', 'L']",-2,VCC,3
11634,"['JH', 'L', 'OW0']","['JH', 'L', 'OW']",2,CCV,3
11635,"['OW0', 'JH', 'L']","['OW', 'JH', 'L']",-2,VCC,3
11636,"['JH', 'L', 'AE0']","['JH', 'L', 'AE']",2,CCV,3
11637,"['AE0', 'JH', 'L']","['AE', 'JH', 'L']",-2,VCC,3
11638,"['JH', 'L', 'AW0']","['JH', 'L', 'AW']",2,CCV,3
11639,"['AW0', 'JH', 'L']","['AW', 'JH', 'L']",-2,VCC,3
11640,"['JH', 'R', 'AH0']","['JH', 'R', 'AH']",2,CCV,3
11641,"['AH0', 'JH', 'R']","['AH', 'JH', 'R']",-2,VCC,3
11642,"['JH', 'R', 'OY0']","['JH', 'R', 'OY']",2,CCV,3
11643,"['OY0', 'JH', 'R']","['OY', 'JH', 'R']",-2,VCC,3
11644,"['JH', 'R', 'AA0']","['JH', 'R', 'AA']",2,CCV,3
11645,"['AA0', 'JH', 'R']","['AA', 'JH', 'R']",-2,VCC,3
11646,"['JH', 'R', 'AY0']","['JH', 'R', 'AY']",2,CCV,3
11647,"['AY0', 'JH', 'R']","['AY', 'JH', 'R']",-2,VCC,3
11648,"['JH', 'R', 'ER0']","['JH', 'R', 'ER']",2,CCV,3
11649,"['ER0', 'JH', 'R']","['ER', 'JH', 'R']",-2,VCC,3
11650,"['JH', 'R', 'AO0']","['JH', 'R', 'AO']",2,CCV,3
11651,"['AO0', 'JH', 'R']","['AO', 'JH', 'R']",-2,VCC,3
11652,"['JH', 'R', 'UW0']","['JH', 'R', 'UW']",2,CCV,3
11653,"['UW0', 'JH', 'R']","['UW', 'JH', 'R']",-2,VCC,3
11654,"['JH', 'R', 'IH0']","['JH', 'R', 'IH']",2,CCV,3
11655,"['IH0', 'JH', 'R']","['IH', 'JH', 'R']",-2,VCC,3
11656,"['JH', 'R', 'EH0']","['JH', 'R', 'EH']",2,CCV,3
11657,"['EH0', 'JH', 'R']","['EH', 'JH', 'R']",-2,VCC,3
11658,"['JH', 'R', 'UH0']","['JH', 'R', 'UH']",2,CCV,3
11659,"['UH0', 'JH', 'R']","['UH', 'JH', 'R']",-2,VCC,3
11660,"['JH', 'R', 'IY0']","['JH', 'R', 'IY']",2,CCV,3
11661,"['IY0', 'JH', 'R']","['IY', 'JH', 'R']",-2,VCC,3
11662,"['JH', 'R', 'EY0']","['JH', 'R', 'EY']",2,CCV,3
11663,"['EY0', 'JH', 'R']","['EY', 'JH', 'R']",-2,VCC,3
11664,"['JH', 'R', 'OW0']","['JH', 'R', 'OW']",2,CCV,3
11665,"['OW0', 'JH', 'R']","['OW', 'JH', 'R']",-2,VCC,3
11666,"['JH', 'R', 'AE0']","['JH', 'R', 'AE']",2,CCV,3
11667,"['AE0', 'JH', 'R']","['AE', 'JH', 'R']",-2,VCC,3
11668,"['JH', 'R', 'AW0']","['JH', 'R', 'AW']",2,CCV,3
11669,"['AW0', 'JH', 'R']","['AW', 'JH', 'R']",-2,VCC,3
11670,"['JH', 'W', 'AH0']","['JH', 'W', 'AH']",3,CCV,3
11671,"['AH0', 'JH', 'W']","['AH', 'JH', 'W']",-3,VCC,3
11672,"['JH', 'W', 'OY0']","['JH', 'W', 'OY']",3,CCV,3
11673,"['OY0', 'JH', 'W']","['OY', 'JH', 'W']",-3,VCC,3
11674,"['JH', 'W', 'AA0']","['JH', 'W', 'AA']",3,CCV,3
11675,"['AA0', 'JH', 'W']","['AA', 'JH', 'W']",-3,VCC,3
11676,"['JH', 'W', 'AY0']","['JH', 'W', 'AY']",3,CCV,3
11677,"['AY0', 'JH', 'W']","['AY', 'JH', 'W']",-3,VCC,3
11678,"['JH', 'W', 'ER0']","['JH', 'W', 'ER']",3,CCV,3
11679,"['ER0', 'JH', 'W']","['ER', 'JH', 'W']",-3,VCC,3
11680,"['JH', 'W', 'AO0']","['JH', 'W', 'AO']",3,CCV,3
11681,"['AO0', 'JH', 'W']","['AO', 'JH', 'W']",-3,VCC,3
11682,"['JH', 'W', 'UW0']","['JH', 'W', 'UW']",3,CCV,3
11683,"['UW0', 'JH', 'W']","['UW', 'JH', 'W']",-3,VCC,3
11684,"['JH', 'W', 'IH0']","['JH', 'W', 'IH']",3,CCV,3
11685,"['IH0', 'JH', 'W']","['IH', 'JH', 'W']",-3,VCC,3
11686,"['JH', 'W', 'EH0']","['JH', 'W', 'EH']",3,CCV,3
11687,"['EH0', 'JH', 'W']","['EH', 'JH', 'W']",-3,VCC,3
11688,"['JH', 'W', 'UH0']","['JH', 'W', 'UH']",3,CCV,3
11689,"['UH0', 'JH', 'W']","['UH', 'JH', 'W']",-3,VCC,3
11690,"['JH', 'W', 'IY0']","['JH', 'W', 'IY']",3,CCV,3
11691,"['IY0', 'JH', 'W']","['IY', 'JH', 'W']",-3,VCC,3
11692,"['JH', 'W', 'EY0']","['JH', 'W', 'EY']",3,CCV,3
11693,"['EY0', 'JH', 'W']","['EY', 'JH', 'W']",-3,VCC,3
11694,"['JH', 'W', 'OW0']","['JH', 'W', 'OW']",3,CCV,3
11695,"['OW0', 'JH', 'W']","['OW', 'JH', 'W']",-3,VCC,3
11696,"['JH', 'W', 'AE0']","['JH', 'W', 'AE']",3,CCV,3
11697,"['AE0', 'JH', 'W']","['AE', 'JH', 'W']",-3,VCC,3
11698,"['JH', 'W', 'AW0']","['JH', 'W', 'AW']",3,CCV,3
11699,"['AW0', 'JH', 'W']","['AW', 'JH', 'W']",-3,VCC,3
11700,"['JH', 'Y', 'AH0']","['JH', 'Y', 'AH']",3,CCV,3
11701,"['AH0', 'JH', 'Y']","['AH', 'JH', 'Y']",-3,VCC,3
11702,"['JH', 'Y', 'OY0']","['JH', 'Y', 'OY']",3,CCV,3
11703,"['OY0', 'JH', 'Y']","['OY', 'JH', 'Y']",-3,VCC,3
11704,"['JH', 'Y', 'AA0']","['JH', 'Y', 'AA']",3,CCV,3
11705,"['AA0', 'JH', 'Y']","['AA', 'JH', 'Y']",-3,VCC,3
11706,"['JH', 'Y', 'AY0']","['JH', 'Y', 'AY']",3,CCV,3
11707,"['AY0', 'JH', 'Y']","['AY', 'JH', 'Y']",-3,VCC,3
11708,"['JH', 'Y', 'ER0']","['JH', 'Y', 'ER']",3,CCV,3
11709,"['ER0', 'JH', 'Y']","['ER', 'JH', 'Y']",-3,VCC,3
11710,"['JH', 'Y', 'AO0']","['JH', 'Y', 'AO']",3,CCV,3
11711,"['AO0', 'JH', 'Y']","['AO', 'JH', 'Y']",-3,VCC,3
11712,"['JH', 'Y', 'UW0']","['JH', 'Y', 'UW']",3,CCV,3
11713,"['UW0', 'JH', 'Y']","['UW', 'JH', 'Y']",-3,VCC,3
11714,"['JH', 'Y', 'IH0']","['JH', 'Y', 'IH']",3,CCV,3
11715,"['IH0', 'JH', 'Y']","['IH', 'JH', 'Y']",-3,VCC,3
11716,"['JH', 'Y', 'EH0']","['JH', 'Y', 'EH']",3,CCV,3
11717,"['EH0', 'JH', 'Y']","['EH', 'JH', 'Y']",-3,VCC,3
11718,"['JH', 'Y', 'UH0']","['JH', 'Y', 'UH']",3,CCV,3
11719,"['UH0', 'JH', 'Y']","['UH', 'JH', 'Y']",-3,VCC,3
11720,"['JH', 'Y', 'IY0']","['JH', 'Y', 'IY']",3,CCV,3
11721,"['IY0', 'JH', 'Y']","['IY', 'JH', 'Y']",-3,VCC,3
11722,"['JH', 'Y', 'EY0']","['JH', 'Y', 'EY']",3,CCV,3
11723,"['EY0', 'JH', 'Y']","['EY', 'JH', 'Y']",-3,VCC,3
11724,"['JH', 'Y', 'OW0']","['JH', 'Y', 'OW']",3,CCV,3
11725,"['OW0', 'JH', 'Y']","['OW', 'JH', 'Y']",-3,VCC,3
11726,"['JH', 'Y', 'AE0']","['JH', 'Y', 'AE']",3,CCV,3
11727,"['AE0', 'JH', 'Y']","['AE', 'JH', 'Y']",-3,VCC,3
11728,"['JH', 'Y', 'AW0']","['JH', 'Y', 'AW']",3,CCV,3
11729,"['AW0', 'JH', 'Y']","['AW', 'JH', 'Y']",-3,VCC,3
11730,"['M', 'P', 'AH0']","['M', 'P', 'AH']",-3,CCV,3
11731,"['AH0', 'M', 'P']","['AH', 'M', 'P']",3,VCC,3
11732,"['M', 'P', 'OY0']","['M', 'P', 'OY']",-3,CCV,3
11733,"['OY0', 'M', 'P']","['OY', 'M', 'P']",3,VCC,3
11734,"['M', 'P', 'AA0']","['M', 'P', 'AA']",-3,CCV,3
11735,"['AA0', 'M', 'P']","['AA', 'M', 'P']",3,VCC,3
11736,"['M', 'P', 'AY0']","['M', 'P', 'AY']",-3,CCV,3
11737,"['AY0', 'M', 'P']","['AY', 'M', 'P']",3,VCC,3
11738,"['M', 'P', 'ER0']","['M', 'P', 'ER']",-3,CCV,3
11739,"['ER0', 'M', 'P']","['ER', 'M', 'P']",3,VCC,3
11740,"['M', 'P', 'AO0']","['M', 'P', 'AO']",-3,CCV,3
11741,"['AO0', 'M', 'P']","['AO', 'M', 'P']",3,VCC,3
11742,"['M', 'P', 'UW0']","['M', 'P', 'UW']",-3,CCV,3
11743,"['UW0', 'M', 'P']","['UW', 'M', 'P']",3,VCC,3
11744,"['M', 'P', 'IH0']","['M', 'P', 'IH']",-3,CCV,3
11745,"['IH0', 'M', 'P']","['IH', 'M', 'P']",3,VCC,3
11746,"['M', 'P', 'EH0']","['M', 'P', 'EH']",-3,CCV,3
11747,"['EH0', 'M', 'P']","['EH', 'M', 'P']",3,VCC,3
11748,"['M', 'P', 'UH0']","['M', 'P', 'UH']",-3,CCV,3
11749,"['UH0', 'M', 'P']","['UH', 'M', 'P']",3,VCC,3
11750,"['M', 'P', 'IY0']","['M', 'P', 'IY']",-3,CCV,3
11751,"['IY0', 'M', 'P']","['IY', 'M', 'P']",3,VCC,3
11752,"['M', 'P', 'EY0']","['M', 'P', 'EY']",-3,CCV,3
11753,"['EY0', 'M', 'P']","['EY', 'M', 'P']",3,VCC,3
11754,"['M', 'P', 'OW0']","['M', 'P', 'OW']",-3,CCV,3
11755,"['OW0', 'M', 'P']","['OW', 'M', 'P']",3,VCC,3
11756,"['M', 'P', 'AE0']","['M', 'P', 'AE']",-3,CCV,3
11757,"['AE0', 'M', 'P']","['AE', 'M', 'P']",3,VCC,3
11758,"['M', 'P', 'AW0']","['M', 'P', 'AW']",-3,CCV,3
11759,"['AW0', 'M', 'P']","['AW', 'M', 'P']",3,VCC,3
11760,"['M', 'T', 'AH0']","['M', 'T', 'AH']",-3,CCV,3
11761,"['AH0', 'M', 'T']","['AH', 'M', 'T']",3,VCC,3
11762,"['M', 'T', 'OY0']","['M', 'T', 'OY']",-3,CCV,3
11763,"['OY0', 'M', 'T']","['OY', 'M', 'T']",3,VCC,3
11764,"['M', 'T', 'AA0']","['M', 'T', 'AA']",-3,CCV,3
11765,"['AA0', 'M', 'T']","['AA', 'M', 'T']",3,VCC,3
11766,"['M', 'T', 'AY0']","['M', 'T', 'AY']",-3,CCV,3
11767,"['AY0', 'M', 'T']","['AY', 'M', 'T']",3,VCC,3
11768,"['M', 'T', 'ER0']","['M', 'T', 'ER']",-3,CCV,3
11769,"['ER0', 'M', 'T']","['ER', 'M', 'T']",3,VCC,3
11770,"['M', 'T', 'AO0']","['M', 'T', 'AO']",-3,CCV,3
11771,"['AO0', 'M', 'T']","['AO', 'M', 'T']",3,VCC,3
11772,"['M', 'T', 'UW0']","['M', 'T', 'UW']",-3,CCV,3
11773,"['UW0', 'M', 'T']","['UW', 'M', 'T']",3,VCC,3
11774,"['M', 'T', 'IH0']","['M', 'T', 'IH']",-3,CCV,3
11775,"['IH0', 'M', 'T']","['IH', 'M', 'T']",3,VCC,3
11776,"['M', 'T', 'EH0']","['M', 'T', 'EH']",-3,CCV,3
11777,"['EH0', 'M', 'T']","['EH', 'M', 'T']",3,VCC,3
11778,"['M', 'T', 'UH0']","['M', 'T', 'UH']",-3,CCV,3
11779,"['UH0', 'M', 'T']","['UH', 'M', 'T']",3,VCC,3
11780,"['M', 'T', 'IY0']","['M', 'T', 'IY']",-3,CCV,3
11781,"['IY0', 'M', 'T']","['IY', 'M', 'T']",3,VCC,3
11782,"['M', 'T', 'EY0']","['M', 'T', 'EY']",-3,CCV,3
11783,"['EY0', 'M', 'T']","['EY', 'M', 'T']",3,VCC,3
11784,"['M', 'T', 'OW0']","['M', 'T', 'OW']",-3,CCV,3
11785,"['OW0', 'M', 'T']","['OW', 'M', 'T']",3,VCC,3
11786,"['M', 'T', 'AE0']","['M', 'T', 'AE']",-3,CCV,3
11787,"['AE0', 'M', 'T']","['AE', 'M', 'T']",3,VCC,3
11788,"['M', 'T', 'AW0']","['M', 'T', 'AW']",-3,CCV,3
11789,"['AW0', 'M', 'T']","['AW', 'M', 'T']",3,VCC,3
11790,"['M', 'K', 'AH0']","['M', 'K', 'AH']",-3,CCV,3
11791,"['AH0', 'M', 'K']","['AH', 'M', 'K']",3,VCC,3
11792,"['M', 'K', 'OY0']","['M', 'K', 'OY']",-3,CCV,3
11793,"['OY0', 'M', 'K']","['OY', 'M', 'K']",3,VCC,3
11794,"['M', 'K', 'AA0']","['M', 'K', 'AA']",-3,CCV,3
11795,"['AA0', 'M', 'K']","['AA', 'M', 'K']",3,VCC,3
11796,"['M', 'K', 'AY0']","['M', 'K', 'AY']",-3,CCV,3
11797,"['AY0', 'M', 'K']","['AY', 'M', 'K']",3,VCC,3
11798,"['M', 'K', 'ER0']","['M', 'K', 'ER']",-3,CCV,3
11799,"['ER0', 'M', 'K']","['ER', 'M', 'K']",3,VCC,3
11800,"['M', 'K', 'AO0']","['M', 'K', 'AO']",-3,CCV,3
11801,"['AO0', 'M', 'K']","['AO', 'M', 'K']",3,VCC,3
11802,"['M', 'K', 'UW0']","['M', 'K', 'UW']",-3,CCV,3
11803,"['UW0', 'M', 'K']","['UW', 'M', 'K']",3,VCC,3
11804,"['M', 'K', 'IH0']","['M', 'K', 'IH']",-3,CCV,3
11805,"['IH0', 'M', 'K']","['IH', 'M', 'K']",3,VCC,3
11806,"['M', 'K', 'EH0']","['M', 'K', 'EH']",-3,CCV,3
11807,"['EH0', 'M', 'K']","['EH', 'M', 'K']",3,VCC,3
11808,"['M', 'K', 'UH0']","['M', 'K', 'UH']",-3,CCV,3
11809,"['UH0', 'M', 'K']","['UH', 'M', 'K']",3,VCC,3
11810,"['M', 'K', 'IY0']","['M', 'K', 'IY']",-3,CCV,3
11811,"['IY0', 'M', 'K']","['IY', 'M', 'K']",3,VCC,3
11812,"['M', 'K', 'EY0']","['M', 'K', 'EY']",-3,CCV,3
11813,"['EY0', 'M', 'K']","['EY', 'M', 'K']",3,VCC,3
11814,"['M', 'K', 'OW0']","['M', 'K', 'OW']",-3,CCV,3
11815,"['OW0', 'M', 'K']","['OW', 'M', 'K']",3,VCC,3
11816,"['M', 'K', 'AE0']","['M', 'K', 'AE']",-3,CCV,3
11817,"['AE0', 'M', 'K']","['AE', 'M', 'K']",3,VCC,3
11818,"['M', 'K', 'AW0']","['M', 'K', 'AW']",-3,CCV,3
11819,"['AW0', 'M', 'K']","['AW', 'M', 'K']",3,VCC,3
11820,"['M', 'B', 'AH0']","['M', 'B', 'AH']",-3,CCV,3
11821,"['AH0', 'M', 'B']","['AH', 'M', 'B']",3,VCC,3
11822,"['M', 'B', 'OY0']","['M', 'B', 'OY']",-3,CCV,3
11823,"['OY0', 'M', 'B']","['OY', 'M', 'B']",3,VCC,3
11824,"['M', 'B', 'AA0']","['M', 'B', 'AA']",-3,CCV,3
11825,"['AA0', 'M', 'B']","['AA', 'M', 'B']",3,VCC,3
11826,"['M', 'B', 'AY0']","['M', 'B', 'AY']",-3,CCV,3
11827,"['AY0', 'M', 'B']","['AY', 'M', 'B']",3,VCC,3
11828,"['M', 'B', 'ER0']","['M', 'B', 'ER']",-3,CCV,3
11829,"['ER0', 'M', 'B']","['ER', 'M', 'B']",3,VCC,3
11830,"['M', 'B', 'AO0']","['M', 'B', 'AO']",-3,CCV,3
11831,"['AO0', 'M', 'B']","['AO', 'M', 'B']",3,VCC,3
11832,"['M', 'B', 'UW0']","['M', 'B', 'UW']",-3,CCV,3
11833,"['UW0', 'M', 'B']","['UW', 'M', 'B']",3,VCC,3
11834,"['M', 'B', 'IH0']","['M', 'B', 'IH']",-3,CCV,3
11835,"['IH0', 'M', 'B']","['IH', 'M', 'B']",3,VCC,3
11836,"['M', 'B', 'EH0']","['M', 'B', 'EH']",-3,CCV,3
11837,"['EH0', 'M', 'B']","['EH', 'M', 'B']",3,VCC,3
11838,"['M', 'B', 'UH0']","['M', 'B', 'UH']",-3,CCV,3
11839,"['UH0', 'M', 'B']","['UH', 'M', 'B']",3,VCC,3
11840,"['M', 'B', 'IY0']","['M', 'B', 'IY']",-3,CCV,3
11841,"['IY0', 'M', 'B']","['IY', 'M', 'B']",3,VCC,3
11842,"['M', 'B', 'EY0']","['M', 'B', 'EY']",-3,CCV,3
11843,"['EY0', 'M', 'B']","['EY', 'M', 'B']",3,VCC,3
11844,"['M', 'B', 'OW0']","['M', 'B', 'OW']",-3,CCV,3
11845,"['OW0', 'M', 'B']","['OW', 'M', 'B']",3,VCC,3
11846,"['M', 'B', 'AE0']","['M', 'B', 'AE']",-3,CCV,3
11847,"['AE0', 'M', 'B']","['AE', 'M', 'B']",3,VCC,3
11848,"['M', 'B', 'AW0']","['M', 'B', 'AW']",-3,CCV,3
11849,"['AW0', 'M', 'B']","['AW', 'M', 'B']",3,VCC,3
11850,"['M', 'D', 'AH0']","['M', 'D', 'AH']",-3,CCV,3
11851,"['AH0', 'M', 'D']","['AH', 'M', 'D']",3,VCC,3
11852,"['M', 'D', 'OY0']","['M', 'D', 'OY']",-3,CCV,3
11853,"['OY0', 'M', 'D']","['OY', 'M', 'D']",3,VCC,3
11854,"['M', 'D', 'AA0']","['M', 'D', 'AA']",-3,CCV,3
11855,"['AA0', 'M', 'D']","['AA', 'M', 'D']",3,VCC,3
11856,"['M', 'D', 'AY0']","['M', 'D', 'AY']",-3,CCV,3
11857,"['AY0', 'M', 'D']","['AY', 'M', 'D']",3,VCC,3
11858,"['M', 'D', 'ER0']","['M', 'D', 'ER']",-3,CCV,3
11859,"['ER0', 'M', 'D']","['ER', 'M', 'D']",3,VCC,3
11860,"['M', 'D', 'AO0']","['M', 'D', 'AO']",-3,CCV,3
11861,"['AO0', 'M', 'D']","['AO', 'M', 'D']",3,VCC,3
11862,"['M', 'D', 'UW0']","['M', 'D', 'UW']",-3,CCV,3
11863,"['UW0', 'M', 'D']","['UW', 'M', 'D']",3,VCC,3
11864,"['M', 'D', 'IH0']","['M', 'D', 'IH']",-3,CCV,3
11865,"['IH0', 'M', 'D']","['IH', 'M', 'D']",3,VCC,3
11866,"['M', 'D', 'EH0']","['M', 'D', 'EH']",-3,CCV,3
11867,"['EH0', 'M', 'D']","['EH', 'M', 'D']",3,VCC,3
11868,"['M', 'D', 'UH0']","['M', 'D', 'UH']",-3,CCV,3
11869,"['UH0', 'M', 'D']","['UH', 'M', 'D']",3,VCC,3
11870,"['M', 'D', 'IY0']","['M', 'D', 'IY']",-3,CCV,3
11871,"['IY0', 'M', 'D']","['IY', 'M', 'D']",3,VCC,3
11872,"['M', 'D', 'EY0']","['M', 'D', 'EY']",-3,CCV,3
11873,"['EY0', 'M', 'D']","['EY', 'M', 'D']",3,VCC,3
11874,"['M', 'D', 'OW0']","['M', 'D', 'OW']",-3,CCV,3
11875,"['OW0', 'M', 'D']","['OW', 'M', 'D']",3,VCC,3
11876,"['M', 'D', 'AE0']","['M', 'D', 'AE']",-3,CCV,3
11877,"['AE0', 'M', 'D']","['AE', 'M', 'D']",3,VCC,3
11878,"['M', 'D', 'AW0']","['M', 'D', 'AW']",-3,CCV,3
11879,"['AW0', 'M', 'D']","['AW', 'M', 'D']",3,VCC,3
11880,"['M', 'G', 'AH0']","['M', 'G', 'AH']",-3,CCV,3
11881,"['AH0', 'M', 'G']","['AH', 'M', 'G']",3,VCC,3
11882,"['M', 'G', 'OY0']","['M', 'G', 'OY']",-3,CCV,3
11883,"['OY0', 'M', 'G']","['OY', 'M', 'G']",3,VCC,3
11884,"['M', 'G', 'AA0']","['M', 'G', 'AA']",-3,CCV,3
11885,"['AA0', 'M', 'G']","['AA', 'M', 'G']",3,VCC,3
11886,"['M', 'G', 'AY0']","['M', 'G', 'AY']",-3,CCV,3
11887,"['AY0', 'M', 'G']","['AY', 'M', 'G']",3,VCC,3
11888,"['M', 'G', 'ER0']","['M', 'G', 'ER']",-3,CCV,3
11889,"['ER0', 'M', 'G']","['ER', 'M', 'G']",3,VCC,3
11890,"['M', 'G', 'AO0']","['M', 'G', 'AO']",-3,CCV,3
11891,"['AO0', 'M', 'G']","['AO', 'M', 'G']",3,VCC,3
11892,"['M', 'G', 'UW0']","['M', 'G', 'UW']",-3,CCV,3
11893,"['UW0', 'M', 'G']","['UW', 'M', 'G']",3,VCC,3
11894,"['M', 'G', 'IH0']","['M', 'G', 'IH']",-3,CCV,3
11895,"['IH0', 'M', 'G']","['IH', 'M', 'G']",3,VCC,3
11896,"['M', 'G', 'EH0']","['M', 'G', 'EH']",-3,CCV,3
11897,"['EH0', 'M', 'G']","['EH', 'M', 'G']",3,VCC,3
11898,"['M', 'G', 'UH0']","['M', 'G', 'UH']",-3,CCV,3
11899,"['UH0', 'M', 'G']","['UH', 'M', 'G']",3,VCC,3
11900,"['M', 'G', 'IY0']","['M', 'G', 'IY']",-3,CCV,3
11901,"['IY0', 'M', 'G']","['IY', 'M', 'G']",3,VCC,3
11902,"['M', 'G', 'EY0']","['M', 'G', 'EY']",-3,CCV,3
11903,"['EY0', 'M', 'G']","['EY', 'M', 'G']",3,VCC,3
11904,"['M', 'G', 'OW0']","['M', 'G', 'OW']",-3,CCV,3
11905,"['OW0', 'M', 'G']","['OW', 'M', 'G']",3,VCC,3
11906,"['M', 'G', 'AE0']","['M', 'G', 'AE']",-3,CCV,3
11907,"['AE0', 'M', 'G']","['AE', 'M', 'G']",3,VCC,3
11908,"['M', 'G', 'AW0']","['M', 'G', 'AW']",-3,CCV,3
11909,"['AW0', 'M', 'G']","['AW', 'M', 'G']",3,VCC,3
11910,"['M', 'F', 'AH0']","['M', 'F', 'AH']",-2,CCV,3
11911,"['AH0', 'M', 'F']","['AH', 'M', 'F']",2,VCC,3
11912,"['M', 'F', 'OY0']","['M', 'F', 'OY']",-2,CCV,3
11913,"['OY0', 'M', 'F']","['OY', 'M', 'F']",2,VCC,3
11914,"['M', 'F', 'AA0']","['M', 'F', 'AA']",-2,CCV,3
11915,"['AA0', 'M', 'F']","['AA', 'M', 'F']",2,VCC,3
11916,"['M', 'F', 'AY0']","['M', 'F', 'AY']",-2,CCV,3
11917,"['AY0', 'M', 'F']","['AY', 'M', 'F']",2,VCC,3
11918,"['M', 'F', 'ER0']","['M', 'F', 'ER']",-2,CCV,3
11919,"['ER0', 'M', 'F']","['ER', 'M', 'F']",2,VCC,3
11920,"['M', 'F', 'AO0']","['M', 'F', 'AO']",-2,CCV,3
11921,"['AO0', 'M', 'F']","['AO', 'M', 'F']",2,VCC,3
11922,"['M', 'F', 'UW0']","['M', 'F', 'UW']",-2,CCV,3
11923,"['UW0', 'M', 'F']","['UW', 'M', 'F']",2,VCC,3
11924,"['M', 'F', 'IH0']","['M', 'F', 'IH']",-2,CCV,3
11925,"['IH0', 'M', 'F']","['IH', 'M', 'F']",2,VCC,3
11926,"['M', 'F', 'EH0']","['M', 'F', 'EH']",-2,CCV,3
11927,"['EH0', 'M', 'F']","['EH', 'M', 'F']",2,VCC,3
11928,"['M', 'F', 'UH0']","['M', 'F', 'UH']",-2,CCV,3
11929,"['UH0', 'M', 'F']","['UH', 'M', 'F']",2,VCC,3
11930,"['M', 'F', 'IY0']","['M', 'F', 'IY']",-2,CCV,3
11931,"['IY0', 'M', 'F']","['IY', 'M', 'F']",2,VCC,3
11932,"['M', 'F', 'EY0']","['M', 'F', 'EY']",-2,CCV,3
11933,"['EY0', 'M', 'F']","['EY', 'M', 'F']",2,VCC,3
11934,"['M', 'F', 'OW0']","['M', 'F', 'OW']",-2,CCV,3
11935,"['OW0', 'M', 'F']","['OW', 'M', 'F']",2,VCC,3
11936,"['M', 'F', 'AE0']","['M', 'F', 'AE']",-2,CCV,3
11937,"['AE0', 'M', 'F']","['AE', 'M', 'F']",2,VCC,3
11938,"['M', 'F', 'AW0']","['M', 'F', 'AW']",-2,CCV,3
11939,"['AW0', 'M', 'F']","['AW', 'M', 'F']",2,VCC,3
11940,"['M', 'TH', 'AH0']","['M', 'TH', 'AH']",-2,CCV,3
11941,"['AH0', 'M', 'TH']","['AH', 'M', 'TH']",2,VCC,3
11942,"['M', 'TH', 'OY0']","['M', 'TH', 'OY']",-2,CCV,3
11943,"['OY0', 'M', 'TH']","['OY', 'M', 'TH']",2,VCC,3
11944,"['M', 'TH', 'AA0']","['M', 'TH', 'AA']",-2,CCV,3
11945,"['AA0', 'M', 'TH']","['AA', 'M', 'TH']",2,VCC,3
11946,"['M', 'TH', 'AY0']","['M', 'TH', 'AY']",-2,CCV,3
11947,"['AY0', 'M', 'TH']","['AY', 'M', 'TH']",2,VCC,3
11948,"['M', 'TH', 'ER0']","['M', 'TH', 'ER']",-2,CCV,3
11949,"['ER0', 'M', 'TH']","['ER', 'M', 'TH']",2,VCC,3
11950,"['M', 'TH', 'AO0']","['M', 'TH', 'AO']",-2,CCV,3
11951,"['AO0', 'M', 'TH']","['AO', 'M', 'TH']",2,VCC,3
11952,"['M', 'TH', 'UW0']","['M', 'TH', 'UW']",-2,CCV,3
11953,"['UW0', 'M', 'TH']","['UW', 'M', 'TH']",2,VCC,3
11954,"['M', 'TH', 'IH0']","['M', 'TH', 'IH']",-2,CCV,3
11955,"['IH0', 'M', 'TH']","['IH', 'M', 'TH']",2,VCC,3
11956,"['M', 'TH', 'EH0']","['M', 'TH', 'EH']",-2,CCV,3
11957,"['EH0', 'M', 'TH']","['EH', 'M', 'TH']",2,VCC,3
11958,"['M', 'TH', 'UH0']","['M', 'TH', 'UH']",-2,CCV,3
11959,"['UH0', 'M', 'TH']","['UH', 'M', 'TH']",2,VCC,3
11960,"['M', 'TH', 'IY0']","['M', 'TH', 'IY']",-2,CCV,3
11961,"['IY0', 'M', 'TH']","['IY', 'M', 'TH']",2,VCC,3
11962,"['M', 'TH', 'EY0']","['M', 'TH', 'EY']",-2,CCV,3
11963,"['EY0', 'M', 'TH']","['EY', 'M', 'TH']",2,VCC,3
11964,"['M', 'TH', 'OW0']","['M', 'TH', 'OW']",-2,CCV,3
11965,"['OW0', 'M', 'TH']","['OW', 'M', 'TH']",2,VCC,3
11966,"['M', 'TH', 'AE0']","['M', 'TH', 'AE']",-2,CCV,3
11967,"['AE0', 'M', 'TH']","['AE', 'M', 'TH']",2,VCC,3
11968,"['M', 'TH', 'AW0']","['M', 'TH', 'AW']",-2,CCV,3
11969,"['AW0', 'M', 'TH']","['AW', 'M', 'TH']",2,VCC,3
11970,"['M', 'S', 'AH0']","['M', 'S', 'AH']",-2,CCV,3
11971,"['AH0', 'M', 'S']","['AH', 'M', 'S']",2,VCC,3
11972,"['M', 'S', 'OY0']","['M', 'S', 'OY']",-2,CCV,3
11973,"['OY0', 'M', 'S']","['OY', 'M', 'S']",2,VCC,3
11974,"['M', 'S', 'AA0']","['M', 'S', 'AA']",-2,CCV,3
11975,"['AA0', 'M', 'S']","['AA', 'M', 'S']",2,VCC,3
11976,"['M', 'S', 'AY0']","['M', 'S', 'AY']",-2,CCV,3
11977,"['AY0', 'M', 'S']","['AY', 'M', 'S']",2,VCC,3
11978,"['M', 'S', 'ER0']","['M', 'S', 'ER']",-2,CCV,3
11979,"['ER0', 'M', 'S']","['ER', 'M', 'S']",2,VCC,3
11980,"['M', 'S', 'AO0']","['M', 'S', 'AO']",-2,CCV,3
11981,"['AO0', 'M', 'S']","['AO', 'M', 'S']",2,VCC,3
11982,"['M', 'S', 'UW0']","['M', 'S', 'UW']",-2,CCV,3
11983,"['UW0', 'M', 'S']","['UW', 'M', 'S']",2,VCC,3
11984,"['M', 'S', 'IH0']","['M', 'S', 'IH']",-2,CCV,3
11985,"['IH0', 'M', 'S']","['IH', 'M', 'S']",2,VCC,3
11986,"['M', 'S', 'EH0']","['M', 'S', 'EH']",-2,CCV,3
11987,"['EH0', 'M', 'S']","['EH', 'M', 'S']",2,VCC,3
11988,"['M', 'S', 'UH0']","['M', 'S', 'UH']",-2,CCV,3
11989,"['UH0', 'M', 'S']","['UH', 'M', 'S']",2,VCC,3
11990,"['M', 'S', 'IY0']","['M', 'S', 'IY']",-2,CCV,3
11991,"['IY0', 'M', 'S']","['IY', 'M', 'S']",2,VCC,3
11992,"['M', 'S', 'EY0']","['M', 'S', 'EY']",-2,CCV,3
11993,"['EY0', 'M', 'S']","['EY', 'M', 'S']",2,VCC,3
11994,"['M', 'S', 'OW0']","['M', 'S', 'OW']",-2,CCV,3
11995,"['OW0', 'M', 'S']","['OW', 'M', 'S']",2,VCC,3
11996,"['M', 'S', 'AE0']","['M', 'S', 'AE']",-2,CCV,3
11997,"['AE0', 'M', 'S']","['AE', 'M', 'S']",2,VCC,3
11998,"['M', 'S', 'AW0']","['M', 'S', 'AW']",-2,CCV,3
11999,"['AW0', 'M', 'S']","['AW', 'M', 'S']",2,VCC,3
12000,"['M', 'SH', 'AH0']","['M', 'SH', 'AH']",-2,CCV,3
12001,"['AH0', 'M', 'SH']","['AH', 'M', 'SH']",2,VCC,3
12002,"['M', 'SH', 'OY0']","['M', 'SH', 'OY']",-2,CCV,3
12003,"['OY0', 'M', 'SH']","['OY', 'M', 'SH']",2,VCC,3
12004,"['M', 'SH', 'AA0']","['M', 'SH', 'AA']",-2,CCV,3
12005,"['AA0', 'M', 'SH']","['AA', 'M', 'SH']",2,VCC,3
12006,"['M', 'SH', 'AY0']","['M', 'SH', 'AY']",-2,CCV,3
12007,"['AY0', 'M', 'SH']","['AY', 'M', 'SH']",2,VCC,3
12008,"['M', 'SH', 'ER0']","['M', 'SH', 'ER']",-2,CCV,3
12009,"['ER0', 'M', 'SH']","['ER', 'M', 'SH']",2,VCC,3
12010,"['M', 'SH', 'AO0']","['M', 'SH', 'AO']",-2,CCV,3
12011,"['AO0', 'M', 'SH']","['AO', 'M', 'SH']",2,VCC,3
12012,"['M', 'SH', 'UW0']","['M', 'SH', 'UW']",-2,CCV,3
12013,"['UW0', 'M', 'SH']","['UW', 'M', 'SH']",2,VCC,3
12014,"['M', 'SH', 'IH0']","['M', 'SH', 'IH']",-2,CCV,3
12015,"['IH0', 'M', 'SH']","['IH', 'M', 'SH']",2,VCC,3
12016,"['M', 'SH', 'EH0']","['M', 'SH', 'EH']",-2,CCV,3
12017,"['EH0', 'M', 'SH']","['EH', 'M', 'SH']",2,VCC,3
12018,"['M', 'SH', 'UH0']","['M', 'SH', 'UH']",-2,CCV,3
12019,"['UH0', 'M', 'SH']","['UH', 'M', 'SH']",2,VCC,3
12020,"['M', 'SH', 'IY0']","['M', 'SH', 'IY']",-2,CCV,3
12021,"['IY0', 'M', 'SH']","['IY', 'M', 'SH']",2,VCC,3
12022,"['M', 'SH', 'EY0']","['M', 'SH', 'EY']",-2,CCV,3
12023,"['EY0', 'M', 'SH']","['EY', 'M', 'SH']",2,VCC,3
12024,"['M', 'SH', 'OW0']","['M', 'SH', 'OW']",-2,CCV,3
12025,"['OW0', 'M', 'SH']","['OW', 'M', 'SH']",2,VCC,3
12026,"['M', 'SH', 'AE0']","['M', 'SH', 'AE']",-2,CCV,3
12027,"['AE0', 'M', 'SH']","['AE', 'M', 'SH']",2,VCC,3
12028,"['M', 'SH', 'AW0']","['M', 'SH', 'AW']",-2,CCV,3
12029,"['AW0', 'M', 'SH']","['AW', 'M', 'SH']",2,VCC,3
12030,"['M', 'Z', 'AH0']","['M', 'Z', 'AH']",-2,CCV,3
12031,"['AH0', 'M', 'Z']","['AH', 'M', 'Z']",2,VCC,3
12032,"['M', 'Z', 'OY0']","['M', 'Z', 'OY']",-2,CCV,3
12033,"['OY0', 'M', 'Z']","['OY', 'M', 'Z']",2,VCC,3
12034,"['M', 'Z', 'AA0']","['M', 'Z', 'AA']",-2,CCV,3
12035,"['AA0', 'M', 'Z']","['AA', 'M', 'Z']",2,VCC,3
12036,"['M', 'Z', 'AY0']","['M', 'Z', 'AY']",-2,CCV,3
12037,"['AY0', 'M', 'Z']","['AY', 'M', 'Z']",2,VCC,3
12038,"['M', 'Z', 'ER0']","['M', 'Z', 'ER']",-2,CCV,3
12039,"['ER0', 'M', 'Z']","['ER', 'M', 'Z']",2,VCC,3
12040,"['M', 'Z', 'AO0']","['M', 'Z', 'AO']",-2,CCV,3
12041,"['AO0', 'M', 'Z']","['AO', 'M', 'Z']",2,VCC,3
12042,"['M', 'Z', 'UW0']","['M', 'Z', 'UW']",-2,CCV,3
12043,"['UW0', 'M', 'Z']","['UW', 'M', 'Z']",2,VCC,3
12044,"['M', 'Z', 'IH0']","['M', 'Z', 'IH']",-2,CCV,3
12045,"['IH0', 'M', 'Z']","['IH', 'M', 'Z']",2,VCC,3
12046,"['M', 'Z', 'EH0']","['M', 'Z', 'EH']",-2,CCV,3
12047,"['EH0', 'M', 'Z']","['EH', 'M', 'Z']",2,VCC,3
12048,"['M', 'Z', 'UH0']","['M', 'Z', 'UH']",-2,CCV,3
12049,"['UH0', 'M', 'Z']","['UH', 'M', 'Z']",2,VCC,3
12050,"['M', 'Z', 'IY0']","['M', 'Z', 'IY']",-2,CCV,3
12051,"['IY0', 'M', 'Z']","['IY', 'M', 'Z']",2,VCC,3
12052,"['M', 'Z', 'EY0']","['M', 'Z', 'EY']",-2,CCV,3
12053,"['EY0', 'M', 'Z']","['EY', 'M', 'Z']",2,VCC,3
12054,"['M', 'Z', 'OW0']","['M', 'Z', 'OW']",-2,CCV,3
12055,"['OW0', 'M', 'Z']","['OW', 'M', 'Z']",2,VCC,3
12056,"['M', 'Z', 'AE0']","['M', 'Z', 'AE']",-2,CCV,3
12057,"['AE0', 'M', 'Z']","['AE', 'M', 'Z']",2,VCC,3
12058,"['M', 'Z', 'AW0']","['M', 'Z', 'AW']",-2,CCV,3
12059,"['AW0', 'M', 'Z']","['AW', 'M', 'Z']",2,VCC,3
12060,"['M', 'ZH', 'AH0']","['M', 'ZH', 'AH']",-2,CCV,3
12061,"['AH0', 'M', 'ZH']","['AH', 'M', 'ZH']",2,VCC,3
12062,"['M', 'ZH', 'OY0']","['M', 'ZH', 'OY']",-2,CCV,3
12063,"['OY0', 'M', 'ZH']","['OY', 'M', 'ZH']",2,VCC,3
12064,"['M', 'ZH', 'AA0']","['M', 'ZH', 'AA']",-2,CCV,3
12065,"['AA0', 'M', 'ZH']","['AA', 'M', 'ZH']",2,VCC,3
12066,"['M', 'ZH', 'AY0']","['M', 'ZH', 'AY']",-2,CCV,3
12067,"['AY0', 'M', 'ZH']","['AY', 'M', 'ZH']",2,VCC,3
12068,"['M', 'ZH', 'ER0']","['M', 'ZH', 'ER']",-2,CCV,3
12069,"['ER0', 'M', 'ZH']","['ER', 'M', 'ZH']",2,VCC,3
12070,"['M', 'ZH', 'AO0']","['M', 'ZH', 'AO']",-2,CCV,3
12071,"['AO0', 'M', 'ZH']","['AO', 'M', 'ZH']",2,VCC,3
12072,"['M', 'ZH', 'UW0']","['M', 'ZH', 'UW']",-2,CCV,3
12073,"['UW0', 'M', 'ZH']","['UW', 'M', 'ZH']",2,VCC,3
12074,"['M', 'ZH', 'IH0']","['M', 'ZH', 'IH']",-2,CCV,3
12075,"['IH0', 'M', 'ZH']","['IH', 'M', 'ZH']",2,VCC,3
12076,"['M', 'ZH', 'EH0']","['M', 'ZH', 'EH']",-2,CCV,3
12077,"['EH0', 'M', 'ZH']","['EH', 'M', 'ZH']",2,VCC,3
12078,"['M', 'ZH', 'UH0']","['M', 'ZH', 'UH']",-2,CCV,3
12079,"['UH0', 'M', 'ZH']","['UH', 'M', 'ZH']",2,VCC,3
12080,"['M', 'ZH', 'IY0']","['M', 'ZH', 'IY']",-2,CCV,3
12081,"['IY0', 'M', 'ZH']","['IY', 'M', 'ZH']",2,VCC,3
12082,"['M', 'ZH', 'EY0']","['M', 'ZH', 'EY']",-2,CCV,3
12083,"['EY0', 'M', 'ZH']","['EY', 'M', 'ZH']",2,VCC,3
12084,"['M', 'ZH', 'OW0']","['M', 'ZH', 'OW']",-2,CCV,3
12085,"['OW0', 'M', 'ZH']","['OW', 'M', 'ZH']",2,VCC,3
12086,"['M', 'ZH', 'AE0']","['M', 'ZH', 'AE']",-2,CCV,3
12087,"['AE0', 'M', 'ZH']","['AE', 'M', 'ZH']",2,VCC,3
12088,"['M', 'ZH', 'AW0']","['M', 'ZH', 'AW']",-2,CCV,3
12089,"['AW0', 'M', 'ZH']","['AW', 'M', 'ZH']",2,VCC,3
12090,"['M', 'V', 'AH0']","['M', 'V', 'AH']",-2,CCV,3
12091,"['AH0', 'M', 'V']","['AH', 'M', 'V']",2,VCC,3
12092,"['M', 'V', 'OY0']","['M', 'V', 'OY']",-2,CCV,3
12093,"['OY0', 'M', 'V']","['OY', 'M', 'V']",2,VCC,3
12094,"['M', 'V', 'AA0']","['M', 'V', 'AA']",-2,CCV,3
12095,"['AA0', 'M', 'V']","['AA', 'M', 'V']",2,VCC,3
12096,"['M', 'V', 'AY0']","['M', 'V', 'AY']",-2,CCV,3
12097,"['AY0', 'M', 'V']","['AY', 'M', 'V']",2,VCC,3
12098,"['M', 'V', 'ER0']","['M', 'V', 'ER']",-2,CCV,3
12099,"['ER0', 'M', 'V']","['ER', 'M', 'V']",2,VCC,3
12100,"['M', 'V', 'AO0']","['M', 'V', 'AO']",-2,CCV,3
12101,"['AO0', 'M', 'V']","['AO', 'M', 'V']",2,VCC,3
12102,"['M', 'V', 'UW0']","['M', 'V', 'UW']",-2,CCV,3
12103,"['UW0', 'M', 'V']","['UW', 'M', 'V']",2,VCC,3
12104,"['M', 'V', 'IH0']","['M', 'V', 'IH']",-2,CCV,3
12105,"['IH0', 'M', 'V']","['IH', 'M', 'V']",2,VCC,3
12106,"['M', 'V', 'EH0']","['M', 'V', 'EH']",-2,CCV,3
12107,"['EH0', 'M', 'V']","['EH', 'M', 'V']",2,VCC,3
12108,"['M', 'V', 'UH0']","['M', 'V', 'UH']",-2,CCV,3
12109,"['UH0', 'M', 'V']","['UH', 'M', 'V']",2,VCC,3
12110,"['M', 'V', 'IY0']","['M', 'V', 'IY']",-2,CCV,3
12111,"['IY0', 'M', 'V']","['IY', 'M', 'V']",2,VCC,3
12112,"['M', 'V', 'EY0']","['M', 'V', 'EY']",-2,CCV,3
12113,"['EY0', 'M', 'V']","['EY', 'M', 'V']",2,VCC,3
12114,"['M', 'V', 'OW0']","['M', 'V', 'OW']",-2,CCV,3
12115,"['OW0', 'M', 'V']","['OW', 'M', 'V']",2,VCC,3
12116,"['M', 'V', 'AE0']","['M', 'V', 'AE']",-2,CCV,3
12117,"['AE0', 'M', 'V']","['AE', 'M', 'V']",2,VCC,3
12118,"['M', 'V', 'AW0']","['M', 'V', 'AW']",-2,CCV,3
12119,"['AW0', 'M', 'V']","['AW', 'M', 'V']",2,VCC,3
12120,"['M', 'DH', 'AH0']","['M', 'DH', 'AH']",-2,CCV,3
12121,"['AH0', 'M', 'DH']","['AH', 'M', 'DH']",2,VCC,3
12122,"['M', 'DH', 'OY0']","['M', 'DH', 'OY']",-2,CCV,3
12123,"['OY0', 'M', 'DH']","['OY', 'M', 'DH']",2,VCC,3
12124,"['M', 'DH', 'AA0']","['M', 'DH', 'AA']",-2,CCV,3
12125,"['AA0', 'M', 'DH']","['AA', 'M', 'DH']",2,VCC,3
12126,"['M', 'DH', 'AY0']","['M', 'DH', 'AY']",-2,CCV,3
12127,"['AY0', 'M', 'DH']","['AY', 'M', 'DH']",2,VCC,3
12128,"['M', 'DH', 'ER0']","['M', 'DH', 'ER']",-2,CCV,3
12129,"['ER0', 'M', 'DH']","['ER', 'M', 'DH']",2,VCC,3
12130,"['M', 'DH', 'AO0']","['M', 'DH', 'AO']",-2,CCV,3
12131,"['AO0', 'M', 'DH']","['AO', 'M', 'DH']",2,VCC,3
12132,"['M', 'DH', 'UW0']","['M', 'DH', 'UW']",-2,CCV,3
12133,"['UW0', 'M', 'DH']","['UW', 'M', 'DH']",2,VCC,3
12134,"['M', 'DH', 'IH0']","['M', 'DH', 'IH']",-2,CCV,3
12135,"['IH0', 'M', 'DH']","['IH', 'M', 'DH']",2,VCC,3
12136,"['M', 'DH', 'EH0']","['M', 'DH', 'EH']",-2,CCV,3
12137,"['EH0', 'M', 'DH']","['EH', 'M', 'DH']",2,VCC,3
12138,"['M', 'DH', 'UH0']","['M', 'DH', 'UH']",-2,CCV,3
12139,"['UH0', 'M', 'DH']","['UH', 'M', 'DH']",2,VCC,3
12140,"['M', 'DH', 'IY0']","['M', 'DH', 'IY']",-2,CCV,3
12141,"['IY0', 'M', 'DH']","['IY', 'M', 'DH']",2,VCC,3
12142,"['M', 'DH', 'EY0']","['M', 'DH', 'EY']",-2,CCV,3
12143,"['EY0', 'M', 'DH']","['EY', 'M', 'DH']",2,VCC,3
12144,"['M', 'DH', 'OW0']","['M', 'DH', 'OW']",-2,CCV,3
12145,"['OW0', 'M', 'DH']","['OW', 'M', 'DH']",2,VCC,3
12146,"['M', 'DH', 'AE0']","['M', 'DH', 'AE']",-2,CCV,3
12147,"['AE0', 'M', 'DH']","['AE', 'M', 'DH']",2,VCC,3
12148,"['M', 'DH', 'AW0']","['M', 'DH', 'AW']",-2,CCV,3
12149,"['AW0', 'M', 'DH']","['AW', 'M', 'DH']",2,VCC,3
12150,"['M', 'HH', 'AH0']","['M', 'HH', 'AH']",-2,CCV,3
12151,"['AH0', 'M', 'HH']","['AH', 'M', 'HH']",2,VCC,3
12152,"['M', 'HH', 'OY0']","['M', 'HH', 'OY']",-2,CCV,3
12153,"['OY0', 'M', 'HH']","['OY', 'M', 'HH']",2,VCC,3
12154,"['M', 'HH', 'AA0']","['M', 'HH', 'AA']",-2,CCV,3
12155,"['AA0', 'M', 'HH']","['AA', 'M', 'HH']",2,VCC,3
12156,"['M', 'HH', 'AY0']","['M', 'HH', 'AY']",-2,CCV,3
12157,"['AY0', 'M', 'HH']","['AY', 'M', 'HH']",2,VCC,3
12158,"['M', 'HH', 'ER0']","['M', 'HH', 'ER']",-2,CCV,3
12159,"['ER0', 'M', 'HH']","['ER', 'M', 'HH']",2,VCC,3
12160,"['M', 'HH', 'AO0']","['M', 'HH', 'AO']",-2,CCV,3
12161,"['AO0', 'M', 'HH']","['AO', 'M', 'HH']",2,VCC,3
12162,"['M', 'HH', 'UW0']","['M', 'HH', 'UW']",-2,CCV,3
12163,"['UW0', 'M', 'HH']","['UW', 'M', 'HH']",2,VCC,3
12164,"['M', 'HH', 'IH0']","['M', 'HH', 'IH']",-2,CCV,3
12165,"['IH0', 'M', 'HH']","['IH', 'M', 'HH']",2,VCC,3
12166,"['M', 'HH', 'EH0']","['M', 'HH', 'EH']",-2,CCV,3
12167,"['EH0', 'M', 'HH']","['EH', 'M', 'HH']",2,VCC,3
12168,"['M', 'HH', 'UH0']","['M', 'HH', 'UH']",-2,CCV,3
12169,"['UH0', 'M', 'HH']","['UH', 'M', 'HH']",2,VCC,3
12170,"['M', 'HH', 'IY0']","['M', 'HH', 'IY']",-2,CCV,3
12171,"['IY0', 'M', 'HH']","['IY', 'M', 'HH']",2,VCC,3
12172,"['M', 'HH', 'EY0']","['M', 'HH', 'EY']",-2,CCV,3
12173,"['EY0', 'M', 'HH']","['EY', 'M', 'HH']",2,VCC,3
12174,"['M', 'HH', 'OW0']","['M', 'HH', 'OW']",-2,CCV,3
12175,"['OW0', 'M', 'HH']","['OW', 'M', 'HH']",2,VCC,3
12176,"['M', 'HH', 'AE0']","['M', 'HH', 'AE']",-2,CCV,3
12177,"['AE0', 'M', 'HH']","['AE', 'M', 'HH']",2,VCC,3
12178,"['M', 'HH', 'AW0']","['M', 'HH', 'AW']",-2,CCV,3
12179,"['AW0', 'M', 'HH']","['AW', 'M', 'HH']",2,VCC,3
12180,"['M', 'CH', 'AH0']","['M', 'CH', 'AH']",-1,CCV,3
12181,"['AH0', 'M', 'CH']","['AH', 'M', 'CH']",1,VCC,3
12182,"['M', 'CH', 'OY0']","['M', 'CH', 'OY']",-1,CCV,3
12183,"['OY0', 'M', 'CH']","['OY', 'M', 'CH']",1,VCC,3
12184,"['M', 'CH', 'AA0']","['M', 'CH', 'AA']",-1,CCV,3
12185,"['AA0', 'M', 'CH']","['AA', 'M', 'CH']",1,VCC,3
12186,"['M', 'CH', 'AY0']","['M', 'CH', 'AY']",-1,CCV,3
12187,"['AY0', 'M', 'CH']","['AY', 'M', 'CH']",1,VCC,3
12188,"['M', 'CH', 'ER0']","['M', 'CH', 'ER']",-1,CCV,3
12189,"['ER0', 'M', 'CH']","['ER', 'M', 'CH']",1,VCC,3
12190,"['M', 'CH', 'AO0']","['M', 'CH', 'AO']",-1,CCV,3
12191,"['AO0', 'M', 'CH']","['AO', 'M', 'CH']",1,VCC,3
12192,"['M', 'CH', 'UW0']","['M', 'CH', 'UW']",-1,CCV,3
12193,"['UW0', 'M', 'CH']","['UW', 'M', 'CH']",1,VCC,3
12194,"['M', 'CH', 'IH0']","['M', 'CH', 'IH']",-1,CCV,3
12195,"['IH0', 'M', 'CH']","['IH', 'M', 'CH']",1,VCC,3
12196,"['M', 'CH', 'EH0']","['M', 'CH', 'EH']",-1,CCV,3
12197,"['EH0', 'M', 'CH']","['EH', 'M', 'CH']",1,VCC,3
12198,"['M', 'CH', 'UH0']","['M', 'CH', 'UH']",-1,CCV,3
12199,"['UH0', 'M', 'CH']","['UH', 'M', 'CH']",1,VCC,3
12200,"['M', 'CH', 'IY0']","['M', 'CH', 'IY']",-1,CCV,3
12201,"['IY0', 'M', 'CH']","['IY', 'M', 'CH']",1,VCC,3
12202,"['M', 'CH', 'EY0']","['M', 'CH', 'EY']",-1,CCV,3
12203,"['EY0', 'M', 'CH']","['EY', 'M', 'CH']",1,VCC,3
12204,"['M', 'CH', 'OW0']","['M', 'CH', 'OW']",-1,CCV,3
12205,"['OW0', 'M', 'CH']","['OW', 'M', 'CH']",1,VCC,3
12206,"['M', 'CH', 'AE0']","['M', 'CH', 'AE']",-1,CCV,3
12207,"['AE0', 'M', 'CH']","['AE', 'M', 'CH']",1,VCC,3
12208,"['M', 'CH', 'AW0']","['M', 'CH', 'AW']",-1,CCV,3
12209,"['AW0', 'M', 'CH']","['AW', 'M', 'CH']",1,VCC,3
12210,"['M', 'JH', 'AH0']","['M', 'JH', 'AH']",-1,CCV,3
12211,"['AH0', 'M', 'JH']","['AH', 'M', 'JH']",1,VCC,3
12212,"['M', 'JH', 'OY0']","['M', 'JH', 'OY']",-1,CCV,3
12213,"['OY0', 'M', 'JH']","['OY', 'M', 'JH']",1,VCC,3
12214,"['M', 'JH', 'AA0']","['M', 'JH', 'AA']",-1,CCV,3
12215,"['AA0', 'M', 'JH']","['AA', 'M', 'JH']",1,VCC,3
12216,"['M', 'JH', 'AY0']","['M', 'JH', 'AY']",-1,CCV,3
12217,"['AY0', 'M', 'JH']","['AY', 'M', 'JH']",1,VCC,3
12218,"['M', 'JH', 'ER0']","['M', 'JH', 'ER']",-1,CCV,3
12219,"['ER0', 'M', 'JH']","['ER', 'M', 'JH']",1,VCC,3
12220,"['M', 'JH', 'AO0']","['M', 'JH', 'AO']",-1,CCV,3
12221,"['AO0', 'M', 'JH']","['AO', 'M', 'JH']",1,VCC,3
12222,"['M', 'JH', 'UW0']","['M', 'JH', 'UW']",-1,CCV,3
12223,"['UW0', 'M', 'JH']","['UW', 'M', 'JH']",1,VCC,3
12224,"['M', 'JH', 'IH0']","['M', 'JH', 'IH']",-1,CCV,3
12225,"['IH0', 'M', 'JH']","['IH', 'M', 'JH']",1,VCC,3
12226,"['M', 'JH', 'EH0']","['M', 'JH', 'EH']",-1,CCV,3
12227,"['EH0', 'M', 'JH']","['EH', 'M', 'JH']",1,VCC,3
12228,"['M', 'JH', 'UH0']","['M', 'JH', 'UH']",-1,CCV,3
12229,"['UH0', 'M', 'JH']","['UH', 'M', 'JH']",1,VCC,3
12230,"['M', 'JH', 'IY0']","['M', 'JH', 'IY']",-1,CCV,3
12231,"['IY0', 'M', 'JH']","['IY', 'M', 'JH']",1,VCC,3
12232,"['M', 'JH', 'EY0']","['M', 'JH', 'EY']",-1,CCV,3
12233,"['EY0', 'M', 'JH']","['EY', 'M', 'JH']",1,VCC,3
12234,"['M', 'JH', 'OW0']","['M', 'JH', 'OW']",-1,CCV,3
12235,"['OW0', 'M', 'JH']","['OW', 'M', 'JH']",1,VCC,3
12236,"['M', 'JH', 'AE0']","['M', 'JH', 'AE']",-1,CCV,3
12237,"['AE0', 'M', 'JH']","['AE', 'M', 'JH']",1,VCC,3
12238,"['M', 'JH', 'AW0']","['M', 'JH', 'AW']",-1,CCV,3
12239,"['AW0', 'M', 'JH']","['AW', 'M', 'JH']",1,VCC,3
12240,"['M', 'N', 'AH0']","['M', 'N', 'AH']",0,CCV,3
12241,"['AH0', 'M', 'N']","['AH', 'M', 'N']",0,VCC,3
12242,"['M', 'N', 'OY0']","['M', 'N', 'OY']",0,CCV,3
12243,"['OY0', 'M', 'N']","['OY', 'M', 'N']",0,VCC,3
12244,"['M', 'N', 'AA0']","['M', 'N', 'AA']",0,CCV,3
12245,"['AA0', 'M', 'N']","['AA', 'M', 'N']",0,VCC,3
12246,"['M', 'N', 'AY0']","['M', 'N', 'AY']",0,CCV,3
12247,"['AY0', 'M', 'N']","['AY', 'M', 'N']",0,VCC,3
12248,"['M', 'N', 'ER0']","['M', 'N', 'ER']",0,CCV,3
12249,"['ER0', 'M', 'N']","['ER', 'M', 'N']",0,VCC,3
12250,"['M', 'N', 'AO0']","['M', 'N', 'AO']",0,CCV,3
12251,"['AO0', 'M', 'N']","['AO', 'M', 'N']",0,VCC,3
12252,"['M', 'N', 'UW0']","['M', 'N', 'UW']",0,CCV,3
12253,"['UW0', 'M', 'N']","['UW', 'M', 'N']",0,VCC,3
12254,"['M', 'N', 'IH0']","['M', 'N', 'IH']",0,CCV,3
12255,"['IH0', 'M', 'N']","['IH', 'M', 'N']",0,VCC,3
12256,"['M', 'N', 'EH0']","['M', 'N', 'EH']",0,CCV,3
12257,"['EH0', 'M', 'N']","['EH', 'M', 'N']",0,VCC,3
12258,"['M', 'N', 'UH0']","['M', 'N', 'UH']",0,CCV,3
12259,"['UH0', 'M', 'N']","['UH', 'M', 'N']",0,VCC,3
12260,"['M', 'N', 'IY0']","['M', 'N', 'IY']",0,CCV,3
12261,"['IY0', 'M', 'N']","['IY', 'M', 'N']",0,VCC,3
12262,"['M', 'N', 'EY0']","['M', 'N', 'EY']",0,CCV,3
12263,"['EY0', 'M', 'N']","['EY', 'M', 'N']",0,VCC,3
12264,"['M', 'N', 'OW0']","['M', 'N', 'OW']",0,CCV,3
12265,"['OW0', 'M', 'N']","['OW', 'M', 'N']",0,VCC,3
12266,"['M', 'N', 'AE0']","['M', 'N', 'AE']",0,CCV,3
12267,"['AE0', 'M', 'N']","['AE', 'M', 'N']",0,VCC,3
12268,"['M', 'N', 'AW0']","['M', 'N', 'AW']",0,CCV,3
12269,"['AW0', 'M', 'N']","['AW', 'M', 'N']",0,VCC,3
12270,"['M', 'NG', 'AH0']","['M', 'NG', 'AH']",0,CCV,3
12271,"['AH0', 'M', 'NG']","['AH', 'M', 'NG']",0,VCC,3
12272,"['M', 'NG', 'OY0']","['M', 'NG', 'OY']",0,CCV,3
12273,"['OY0', 'M', 'NG']","['OY', 'M', 'NG']",0,VCC,3
12274,"['M', 'NG', 'AA0']","['M', 'NG', 'AA']",0,CCV,3
12275,"['AA0', 'M', 'NG']","['AA', 'M', 'NG']",0,VCC,3
12276,"['M', 'NG', 'AY0']","['M', 'NG', 'AY']",0,CCV,3
12277,"['AY0', 'M', 'NG']","['AY', 'M', 'NG']",0,VCC,3
12278,"['M', 'NG', 'ER0']","['M', 'NG', 'ER']",0,CCV,3
12279,"['ER0', 'M', 'NG']","['ER', 'M', 'NG']",0,VCC,3
12280,"['M', 'NG', 'AO0']","['M', 'NG', 'AO']",0,CCV,3
12281,"['AO0', 'M', 'NG']","['AO', 'M', 'NG']",0,VCC,3
12282,"['M', 'NG', 'UW0']","['M', 'NG', 'UW']",0,CCV,3
12283,"['UW0', 'M', 'NG']","['UW', 'M', 'NG']",0,VCC,3
12284,"['M', 'NG', 'IH0']","['M', 'NG', 'IH']",0,CCV,3
12285,"['IH0', 'M', 'NG']","['IH', 'M', 'NG']",0,VCC,3
12286,"['M', 'NG', 'EH0']","['M', 'NG', 'EH']",0,CCV,3
12287,"['EH0', 'M', 'NG']","['EH', 'M', 'NG']",0,VCC,3
12288,"['M', 'NG', 'UH0']","['M', 'NG', 'UH']",0,CCV,3
12289,"['UH0', 'M', 'NG']","['UH', 'M', 'NG']",0,VCC,3
12290,"['M', 'NG', 'IY0']","['M', 'NG', 'IY']",0,CCV,3
12291,"['IY0', 'M', 'NG']","['IY', 'M', 'NG']",0,VCC,3
12292,"['M', 'NG', 'EY0']","['M', 'NG', 'EY']",0,CCV,3
12293,"['EY0', 'M', 'NG']","['EY', 'M', 'NG']",0,VCC,3
12294,"['M', 'NG', 'OW0']","['M', 'NG', 'OW']",0,CCV,3
12295,"['OW0', 'M', 'NG']","['OW', 'M', 'NG']",0,VCC,3
12296,"['M', 'NG', 'AE0']","['M', 'NG', 'AE']",0,CCV,3
12297,"['AE0', 'M', 'NG']","['AE', 'M', 'NG']",0,VCC,3
12298,"['M', 'NG', 'AW0']","['M', 'NG', 'AW']",0,CCV,3
12299,"['AW0', 'M', 'NG']","['AW', 'M', 'NG']",0,VCC,3
12300,"['M', 'L', 'AH0']","['M', 'L', 'AH']",1,CCV,3
12301,"['AH0', 'M', 'L']","['AH', 'M', 'L']",-1,VCC,3
12302,"['M', 'L', 'OY0']","['M', 'L', 'OY']",1,CCV,3
12303,"['OY0', 'M', 'L']","['OY', 'M', 'L']",-1,VCC,3
12304,"['M', 'L', 'AA0']","['M', 'L', 'AA']",1,CCV,3
12305,"['AA0', 'M', 'L']","['AA', 'M', 'L']",-1,VCC,3
12306,"['M', 'L', 'AY0']","['M', 'L', 'AY']",1,CCV,3
12307,"['AY0', 'M', 'L']","['AY', 'M', 'L']",-1,VCC,3
12308,"['M', 'L', 'ER0']","['M', 'L', 'ER']",1,CCV,3
12309,"['ER0', 'M', 'L']","['ER', 'M', 'L']",-1,VCC,3
12310,"['M', 'L', 'AO0']","['M', 'L', 'AO']",1,CCV,3
12311,"['AO0', 'M', 'L']","['AO', 'M', 'L']",-1,VCC,3
12312,"['M', 'L', 'UW0']","['M', 'L', 'UW']",1,CCV,3
12313,"['UW0', 'M', 'L']","['UW', 'M', 'L']",-1,VCC,3
12314,"['M', 'L', 'IH0']","['M', 'L', 'IH']",1,CCV,3
12315,"['IH0', 'M', 'L']","['IH', 'M', 'L']",-1,VCC,3
12316,"['M', 'L', 'EH0']","['M', 'L', 'EH']",1,CCV,3
12317,"['EH0', 'M', 'L']","['EH', 'M', 'L']",-1,VCC,3
12318,"['M', 'L', 'UH0']","['M', 'L', 'UH']",1,CCV,3
12319,"['UH0', 'M', 'L']","['UH', 'M', 'L']",-1,VCC,3
12320,"['M', 'L', 'IY0']","['M', 'L', 'IY']",1,CCV,3
12321,"['IY0', 'M', 'L']","['IY', 'M', 'L']",-1,VCC,3
12322,"['M', 'L', 'EY0']","['M', 'L', 'EY']",1,CCV,3
12323,"['EY0', 'M', 'L']","['EY', 'M', 'L']",-1,VCC,3
12324,"['M', 'L', 'OW0']","['M', 'L', 'OW']",1,CCV,3
12325,"['OW0', 'M', 'L']","['OW', 'M', 'L']",-1,VCC,3
12326,"['M', 'L', 'AE0']","['M', 'L', 'AE']",1,CCV,3
12327,"['AE0', 'M', 'L']","['AE', 'M', 'L']",-1,VCC,3
12328,"['M', 'L', 'AW0']","['M', 'L', 'AW']",1,CCV,3
12329,"['AW0', 'M', 'L']","['AW', 'M', 'L']",-1,VCC,3
12330,"['M', 'R', 'AH0']","['M', 'R', 'AH']",1,CCV,3
12331,"['AH0', 'M', 'R']","['AH', 'M', 'R']",-1,VCC,3
12332,"['M', 'R', 'OY0']","['M', 'R', 'OY']",1,CCV,3
12333,"['OY0', 'M', 'R']","['OY', 'M', 'R']",-1,VCC,3
12334,"['M', 'R', 'AA0']","['M', 'R', 'AA']",1,CCV,3
12335,"['AA0', 'M', 'R']","['AA', 'M', 'R']",-1,VCC,3
12336,"['M', 'R', 'AY0']","['M', 'R', 'AY']",1,CCV,3
12337,"['AY0', 'M', 'R']","['AY', 'M', 'R']",-1,VCC,3
12338,"['M', 'R', 'ER0']","['M', 'R', 'ER']",1,CCV,3
12339,"['ER0', 'M', 'R']","['ER', 'M', 'R']",-1,VCC,3
12340,"['M', 'R', 'AO0']","['M', 'R', 'AO']",1,CCV,3
12341,"['AO0', 'M', 'R']","['AO', 'M', 'R']",-1,VCC,3
12342,"['M', 'R', 'UW0']","['M', 'R', 'UW']",1,CCV,3
12343,"['UW0', 'M', 'R']","['UW', 'M', 'R']",-1,VCC,3
12344,"['M', 'R', 'IH0']","['M', 'R', 'IH']",1,CCV,3
12345,"['IH0', 'M', 'R']","['IH', 'M', 'R']",-1,VCC,3
12346,"['M', 'R', 'EH0']","['M', 'R', 'EH']",1,CCV,3
12347,"['EH0', 'M', 'R']","['EH', 'M', 'R']",-1,VCC,3
12348,"['M', 'R', 'UH0']","['M', 'R', 'UH']",1,CCV,3
12349,"['UH0', 'M', 'R']","['UH', 'M', 'R']",-1,VCC,3
12350,"['M', 'R', 'IY0']","['M', 'R', 'IY']",1,CCV,3
12351,"['IY0', 'M', 'R']","['IY', 'M', 'R']",-1,VCC,3
12352,"['M', 'R', 'EY0']","['M', 'R', 'EY']",1,CCV,3
12353,"['EY0', 'M', 'R']","['EY', 'M', 'R']",-1,VCC,3
12354,"['M', 'R', 'OW0']","['M', 'R', 'OW']",1,CCV,3
12355,"['OW0', 'M', 'R']","['OW', 'M', 'R']",-1,VCC,3
12356,"['M', 'R', 'AE0']","['M', 'R', 'AE']",1,CCV,3
12357,"['AE0', 'M', 'R']","['AE', 'M', 'R']",-1,VCC,3
12358,"['M', 'R', 'AW0']","['M', 'R', 'AW']",1,CCV,3
12359,"['AW0', 'M', 'R']","['AW', 'M', 'R']",-1,VCC,3
12360,"['M', 'W', 'AH0']","['M', 'W', 'AH']",2,CCV,3
12361,"['AH0', 'M', 'W']","['AH', 'M', 'W']",-2,VCC,3
12362,"['M', 'W', 'OY0']","['M', 'W', 'OY']",2,CCV,3
12363,"['OY0', 'M', 'W']","['OY', 'M', 'W']",-2,VCC,3
12364,"['M', 'W', 'AA0']","['M', 'W', 'AA']",2,CCV,3
12365,"['AA0', 'M', 'W']","['AA', 'M', 'W']",-2,VCC,3
12366,"['M', 'W', 'AY0']","['M', 'W', 'AY']",2,CCV,3
12367,"['AY0', 'M', 'W']","['AY', 'M', 'W']",-2,VCC,3
12368,"['M', 'W', 'ER0']","['M', 'W', 'ER']",2,CCV,3
12369,"['ER0', 'M', 'W']","['ER', 'M', 'W']",-2,VCC,3
12370,"['M', 'W', 'AO0']","['M', 'W', 'AO']",2,CCV,3
12371,"['AO0', 'M', 'W']","['AO', 'M', 'W']",-2,VCC,3
12372,"['M', 'W', 'UW0']","['M', 'W', 'UW']",2,CCV,3
12373,"['UW0', 'M', 'W']","['UW', 'M', 'W']",-2,VCC,3
12374,"['M', 'W', 'IH0']","['M', 'W', 'IH']",2,CCV,3
12375,"['IH0', 'M', 'W']","['IH', 'M', 'W']",-2,VCC,3
12376,"['M', 'W', 'EH0']","['M', 'W', 'EH']",2,CCV,3
12377,"['EH0', 'M', 'W']","['EH', 'M', 'W']",-2,VCC,3
12378,"['M', 'W', 'UH0']","['M', 'W', 'UH']",2,CCV,3
12379,"['UH0', 'M', 'W']","['UH', 'M', 'W']",-2,VCC,3
12380,"['M', 'W', 'IY0']","['M', 'W', 'IY']",2,CCV,3
12381,"['IY0', 'M', 'W']","['IY', 'M', 'W']",-2,VCC,3
12382,"['M', 'W', 'EY0']","['M', 'W', 'EY']",2,CCV,3
12383,"['EY0', 'M', 'W']","['EY', 'M', 'W']",-2,VCC,3
12384,"['M', 'W', 'OW0']","['M', 'W', 'OW']",2,CCV,3
12385,"['OW0', 'M', 'W']","['OW', 'M', 'W']",-2,VCC,3
12386,"['M', 'W', 'AE0']","['M', 'W', 'AE']",2,CCV,3
12387,"['AE0', 'M', 'W']","['AE', 'M', 'W']",-2,VCC,3
12388,"['M', 'W', 'AW0']","['M', 'W', 'AW']",2,CCV,3
12389,"['AW0', 'M', 'W']","['AW', 'M', 'W']",-2,VCC,3
12390,"['M', 'Y', 'AH0']","['M', 'Y', 'AH']",2,CCV,3
12391,"['AH0', 'M', 'Y']","['AH', 'M', 'Y']",-2,VCC,3
12392,"['M', 'Y', 'OY0']","['M', 'Y', 'OY']",2,CCV,3
12393,"['OY0', 'M', 'Y']","['OY', 'M', 'Y']",-2,VCC,3
12394,"['M', 'Y', 'AA0']","['M', 'Y', 'AA']",2,CCV,3
12395,"['AA0', 'M', 'Y']","['AA', 'M', 'Y']",-2,VCC,3
12396,"['M', 'Y', 'AY0']","['M', 'Y', 'AY']",2,CCV,3
12397,"['AY0', 'M', 'Y']","['AY', 'M', 'Y']",-2,VCC,3
12398,"['M', 'Y', 'ER0']","['M', 'Y', 'ER']",2,CCV,3
12399,"['ER0', 'M', 'Y']","['ER', 'M', 'Y']",-2,VCC,3
12400,"['M', 'Y', 'AO0']","['M', 'Y', 'AO']",2,CCV,3
12401,"['AO0', 'M', 'Y']","['AO', 'M', 'Y']",-2,VCC,3
12402,"['M', 'Y', 'UW0']","['M', 'Y', 'UW']",2,CCV,3
12403,"['UW0', 'M', 'Y']","['UW', 'M', 'Y']",-2,VCC,3
12404,"['M', 'Y', 'IH0']","['M', 'Y', 'IH']",2,CCV,3
12405,"['IH0', 'M', 'Y']","['IH', 'M', 'Y']",-2,VCC,3
12406,"['M', 'Y', 'EH0']","['M', 'Y', 'EH']",2,CCV,3
12407,"['EH0', 'M', 'Y']","['EH', 'M', 'Y']",-2,VCC,3
12408,"['M', 'Y', 'UH0']","['M', 'Y', 'UH']",2,CCV,3
12409,"['UH0', 'M', 'Y']","['UH', 'M', 'Y']",-2,VCC,3
12410,"['M', 'Y', 'IY0']","['M', 'Y', 'IY']",2,CCV,3
12411,"['IY0', 'M', 'Y']","['IY', 'M', 'Y']",-2,VCC,3
12412,"['M', 'Y', 'EY0']","['M', 'Y', 'EY']",2,CCV,3
12413,"['EY0', 'M', 'Y']","['EY', 'M', 'Y']",-2,VCC,3
12414,"['M', 'Y', 'OW0']","['M', 'Y', 'OW']",2,CCV,3
12415,"['OW0', 'M', 'Y']","['OW', 'M', 'Y']",-2,VCC,3
12416,"['M', 'Y', 'AE0']","['M', 'Y', 'AE']",2,CCV,3
12417,"['AE0', 'M', 'Y']","['AE', 'M', 'Y']",-2,VCC,3
12418,"['M', 'Y', 'AW0']","['M', 'Y', 'AW']",2,CCV,3
12419,"['AW0', 'M', 'Y']","['AW', 'M', 'Y']",-2,VCC,3
12420,"['N', 'P', 'AH0']","['N', 'P', 'AH']",-3,CCV,3
12421,"['AH0', 'N', 'P']","['AH', 'N', 'P']",3,VCC,3
12422,"['N', 'P', 'OY0']","['N', 'P', 'OY']",-3,CCV,3
12423,"['OY0', 'N', 'P']","['OY', 'N', 'P']",3,VCC,3
12424,"['N', 'P', 'AA0']","['N', 'P', 'AA']",-3,CCV,3
12425,"['AA0', 'N', 'P']","['AA', 'N', 'P']",3,VCC,3
12426,"['N', 'P', 'AY0']","['N', 'P', 'AY']",-3,CCV,3
12427,"['AY0', 'N', 'P']","['AY', 'N', 'P']",3,VCC,3
12428,"['N', 'P', 'ER0']","['N', 'P', 'ER']",-3,CCV,3
12429,"['ER0', 'N', 'P']","['ER', 'N', 'P']",3,VCC,3
12430,"['N', 'P', 'AO0']","['N', 'P', 'AO']",-3,CCV,3
12431,"['AO0', 'N', 'P']","['AO', 'N', 'P']",3,VCC,3
12432,"['N', 'P', 'UW0']","['N', 'P', 'UW']",-3,CCV,3
12433,"['UW0', 'N', 'P']","['UW', 'N', 'P']",3,VCC,3
12434,"['N', 'P', 'IH0']","['N', 'P', 'IH']",-3,CCV,3
12435,"['IH0', 'N', 'P']","['IH', 'N', 'P']",3,VCC,3
12436,"['N', 'P', 'EH0']","['N', 'P', 'EH']",-3,CCV,3
12437,"['EH0', 'N', 'P']","['EH', 'N', 'P']",3,VCC,3
12438,"['N', 'P', 'UH0']","['N', 'P', 'UH']",-3,CCV,3
12439,"['UH0', 'N', 'P']","['UH', 'N', 'P']",3,VCC,3
12440,"['N', 'P', 'IY0']","['N', 'P', 'IY']",-3,CCV,3
12441,"['IY0', 'N', 'P']","['IY', 'N', 'P']",3,VCC,3
12442,"['N', 'P', 'EY0']","['N', 'P', 'EY']",-3,CCV,3
12443,"['EY0', 'N', 'P']","['EY', 'N', 'P']",3,VCC,3
12444,"['N', 'P', 'OW0']","['N', 'P', 'OW']",-3,CCV,3
12445,"['OW0', 'N', 'P']","['OW', 'N', 'P']",3,VCC,3
12446,"['N', 'P', 'AE0']","['N', 'P', 'AE']",-3,CCV,3
12447,"['AE0', 'N', 'P']","['AE', 'N', 'P']",3,VCC,3
12448,"['N', 'P', 'AW0']","['N', 'P', 'AW']",-3,CCV,3
12449,"['AW0', 'N', 'P']","['AW', 'N', 'P']",3,VCC,3
12450,"['N', 'T', 'AH0']","['N', 'T', 'AH']",-3,CCV,3
12451,"['AH0', 'N', 'T']","['AH', 'N', 'T']",3,VCC,3
12452,"['N', 'T', 'OY0']","['N', 'T', 'OY']",-3,CCV,3
12453,"['OY0', 'N', 'T']","['OY', 'N', 'T']",3,VCC,3
12454,"['N', 'T', 'AA0']","['N', 'T', 'AA']",-3,CCV,3
12455,"['AA0', 'N', 'T']","['AA', 'N', 'T']",3,VCC,3
12456,"['N', 'T', 'AY0']","['N', 'T', 'AY']",-3,CCV,3
12457,"['AY0', 'N', 'T']","['AY', 'N', 'T']",3,VCC,3
12458,"['N', 'T', 'ER0']","['N', 'T', 'ER']",-3,CCV,3
12459,"['ER0', 'N', 'T']","['ER', 'N', 'T']",3,VCC,3
12460,"['N', 'T', 'AO0']","['N', 'T', 'AO']",-3,CCV,3
12461,"['AO0', 'N', 'T']","['AO', 'N', 'T']",3,VCC,3
12462,"['N', 'T', 'UW0']","['N', 'T', 'UW']",-3,CCV,3
12463,"['UW0', 'N', 'T']","['UW', 'N', 'T']",3,VCC,3
12464,"['N', 'T', 'IH0']","['N', 'T', 'IH']",-3,CCV,3
12465,"['IH0', 'N', 'T']","['IH', 'N', 'T']",3,VCC,3
12466,"['N', 'T', 'EH0']","['N', 'T', 'EH']",-3,CCV,3
12467,"['EH0', 'N', 'T']","['EH', 'N', 'T']",3,VCC,3
12468,"['N', 'T', 'UH0']","['N', 'T', 'UH']",-3,CCV,3
12469,"['UH0', 'N', 'T']","['UH', 'N', 'T']",3,VCC,3
12470,"['N', 'T', 'IY0']","['N', 'T', 'IY']",-3,CCV,3
12471,"['IY0', 'N', 'T']","['IY', 'N', 'T']",3,VCC,3
12472,"['N', 'T', 'EY0']","['N', 'T', 'EY']",-3,CCV,3
12473,"['EY0', 'N', 'T']","['EY', 'N', 'T']",3,VCC,3
12474,"['N', 'T', 'OW0']","['N', 'T', 'OW']",-3,CCV,3
12475,"['OW0', 'N', 'T']","['OW', 'N', 'T']",3,VCC,3
12476,"['N', 'T', 'AE0']","['N', 'T', 'AE']",-3,CCV,3
12477,"['AE0', 'N', 'T']","['AE', 'N', 'T']",3,VCC,3
12478,"['N', 'T', 'AW0']","['N', 'T', 'AW']",-3,CCV,3
12479,"['AW0', 'N', 'T']","['AW', 'N', 'T']",3,VCC,3
12480,"['N', 'K', 'AH0']","['N', 'K', 'AH']",-3,CCV,3
12481,"['AH0', 'N', 'K']","['AH', 'N', 'K']",3,VCC,3
12482,"['N', 'K', 'OY0']","['N', 'K', 'OY']",-3,CCV,3
12483,"['OY0', 'N', 'K']","['OY', 'N', 'K']",3,VCC,3
12484,"['N', 'K', 'AA0']","['N', 'K', 'AA']",-3,CCV,3
12485,"['AA0', 'N', 'K']","['AA', 'N', 'K']",3,VCC,3
12486,"['N', 'K', 'AY0']","['N', 'K', 'AY']",-3,CCV,3
12487,"['AY0', 'N', 'K']","['AY', 'N', 'K']",3,VCC,3
12488,"['N', 'K', 'ER0']","['N', 'K', 'ER']",-3,CCV,3
12489,"['ER0', 'N', 'K']","['ER', 'N', 'K']",3,VCC,3
12490,"['N', 'K', 'AO0']","['N', 'K', 'AO']",-3,CCV,3
12491,"['AO0', 'N', 'K']","['AO', 'N', 'K']",3,VCC,3
12492,"['N', 'K', 'UW0']","['N', 'K', 'UW']",-3,CCV,3
12493,"['UW0', 'N', 'K']","['UW', 'N', 'K']",3,VCC,3
12494,"['N', 'K', 'IH0']","['N', 'K', 'IH']",-3,CCV,3
12495,"['IH0', 'N', 'K']","['IH', 'N', 'K']",3,VCC,3
12496,"['N', 'K', 'EH0']","['N', 'K', 'EH']",-3,CCV,3
12497,"['EH0', 'N', 'K']","['EH', 'N', 'K']",3,VCC,3
12498,"['N', 'K', 'UH0']","['N', 'K', 'UH']",-3,CCV,3
12499,"['UH0', 'N', 'K']","['UH', 'N', 'K']",3,VCC,3
12500,"['N', 'K', 'IY0']","['N', 'K', 'IY']",-3,CCV,3
12501,"['IY0', 'N', 'K']","['IY', 'N', 'K']",3,VCC,3
12502,"['N', 'K', 'EY0']","['N', 'K', 'EY']",-3,CCV,3
12503,"['EY0', 'N', 'K']","['EY', 'N', 'K']",3,VCC,3
12504,"['N', 'K', 'OW0']","['N', 'K', 'OW']",-3,CCV,3
12505,"['OW0', 'N', 'K']","['OW', 'N', 'K']",3,VCC,3
12506,"['N', 'K', 'AE0']","['N', 'K', 'AE']",-3,CCV,3
12507,"['AE0', 'N', 'K']","['AE', 'N', 'K']",3,VCC,3
12508,"['N', 'K', 'AW0']","['N', 'K', 'AW']",-3,CCV,3
12509,"['AW0', 'N', 'K']","['AW', 'N', 'K']",3,VCC,3
12510,"['N', 'B', 'AH0']","['N', 'B', 'AH']",-3,CCV,3
12511,"['AH0', 'N', 'B']","['AH', 'N', 'B']",3,VCC,3
12512,"['N', 'B', 'OY0']","['N', 'B', 'OY']",-3,CCV,3
12513,"['OY0', 'N', 'B']","['OY', 'N', 'B']",3,VCC,3
12514,"['N', 'B', 'AA0']","['N', 'B', 'AA']",-3,CCV,3
12515,"['AA0', 'N', 'B']","['AA', 'N', 'B']",3,VCC,3
12516,"['N', 'B', 'AY0']","['N', 'B', 'AY']",-3,CCV,3
12517,"['AY0', 'N', 'B']","['AY', 'N', 'B']",3,VCC,3
12518,"['N', 'B', 'ER0']","['N', 'B', 'ER']",-3,CCV,3
12519,"['ER0', 'N', 'B']","['ER', 'N', 'B']",3,VCC,3
12520,"['N', 'B', 'AO0']","['N', 'B', 'AO']",-3,CCV,3
12521,"['AO0', 'N', 'B']","['AO', 'N', 'B']",3,VCC,3
12522,"['N', 'B', 'UW0']","['N', 'B', 'UW']",-3,CCV,3
12523,"['UW0', 'N', 'B']","['UW', 'N', 'B']",3,VCC,3
12524,"['N', 'B', 'IH0']","['N', 'B', 'IH']",-3,CCV,3
12525,"['IH0', 'N', 'B']","['IH', 'N', 'B']",3,VCC,3
12526,"['N', 'B', 'EH0']","['N', 'B', 'EH']",-3,CCV,3
12527,"['EH0', 'N', 'B']","['EH', 'N', 'B']",3,VCC,3
12528,"['N', 'B', 'UH0']","['N', 'B', 'UH']",-3,CCV,3
12529,"['UH0', 'N', 'B']","['UH', 'N', 'B']",3,VCC,3
12530,"['N', 'B', 'IY0']","['N', 'B', 'IY']",-3,CCV,3
12531,"['IY0', 'N', 'B']","['IY', 'N', 'B']",3,VCC,3
12532,"['N', 'B', 'EY0']","['N', 'B', 'EY']",-3,CCV,3
12533,"['EY0', 'N', 'B']","['EY', 'N', 'B']",3,VCC,3
12534,"['N', 'B', 'OW0']","['N', 'B', 'OW']",-3,CCV,3
12535,"['OW0', 'N', 'B']","['OW', 'N', 'B']",3,VCC,3
12536,"['N', 'B', 'AE0']","['N', 'B', 'AE']",-3,CCV,3
12537,"['AE0', 'N', 'B']","['AE', 'N', 'B']",3,VCC,3
12538,"['N', 'B', 'AW0']","['N', 'B', 'AW']",-3,CCV,3
12539,"['AW0', 'N', 'B']","['AW', 'N', 'B']",3,VCC,3
12540,"['N', 'D', 'AH0']","['N', 'D', 'AH']",-3,CCV,3
12541,"['AH0', 'N', 'D']","['AH', 'N', 'D']",3,VCC,3
12542,"['N', 'D', 'OY0']","['N', 'D', 'OY']",-3,CCV,3
12543,"['OY0', 'N', 'D']","['OY', 'N', 'D']",3,VCC,3
12544,"['N', 'D', 'AA0']","['N', 'D', 'AA']",-3,CCV,3
12545,"['AA0', 'N', 'D']","['AA', 'N', 'D']",3,VCC,3
12546,"['N', 'D', 'AY0']","['N', 'D', 'AY']",-3,CCV,3
12547,"['AY0', 'N', 'D']","['AY', 'N', 'D']",3,VCC,3
12548,"['N', 'D', 'ER0']","['N', 'D', 'ER']",-3,CCV,3
12549,"['ER0', 'N', 'D']","['ER', 'N', 'D']",3,VCC,3
12550,"['N', 'D', 'AO0']","['N', 'D', 'AO']",-3,CCV,3
12551,"['AO0', 'N', 'D']","['AO', 'N', 'D']",3,VCC,3
12552,"['N', 'D', 'UW0']","['N', 'D', 'UW']",-3,CCV,3
12553,"['UW0', 'N', 'D']","['UW', 'N', 'D']",3,VCC,3
12554,"['N', 'D', 'IH0']","['N', 'D', 'IH']",-3,CCV,3
12555,"['IH0', 'N', 'D']","['IH', 'N', 'D']",3,VCC,3
12556,"['N', 'D', 'EH0']","['N', 'D', 'EH']",-3,CCV,3
12557,"['EH0', 'N', 'D']","['EH', 'N', 'D']",3,VCC,3
12558,"['N', 'D', 'UH0']","['N', 'D', 'UH']",-3,CCV,3
12559,"['UH0', 'N', 'D']","['UH', 'N', 'D']",3,VCC,3
12560,"['N', 'D', 'IY0']","['N', 'D', 'IY']",-3,CCV,3
12561,"['IY0', 'N', 'D']","['IY', 'N', 'D']",3,VCC,3
12562,"['N', 'D', 'EY0']","['N', 'D', 'EY']",-3,CCV,3
12563,"['EY0', 'N', 'D']","['EY', 'N', 'D']",3,VCC,3
12564,"['N', 'D', 'OW0']","['N', 'D', 'OW']",-3,CCV,3
12565,"['OW0', 'N', 'D']","['OW', 'N', 'D']",3,VCC,3
12566,"['N', 'D', 'AE0']","['N', 'D', 'AE']",-3,CCV,3
12567,"['AE0', 'N', 'D']","['AE', 'N', 'D']",3,VCC,3
12568,"['N', 'D', 'AW0']","['N', 'D', 'AW']",-3,CCV,3
12569,"['AW0', 'N', 'D']","['AW', 'N', 'D']",3,VCC,3
12570,"['N', 'G', 'AH0']","['N', 'G', 'AH']",-3,CCV,3
12571,"['AH0', 'N', 'G']","['AH', 'N', 'G']",3,VCC,3
12572,"['N', 'G', 'OY0']","['N', 'G', 'OY']",-3,CCV,3
12573,"['OY0', 'N', 'G']","['OY', 'N', 'G']",3,VCC,3
12574,"['N', 'G', 'AA0']","['N', 'G', 'AA']",-3,CCV,3
12575,"['AA0', 'N', 'G']","['AA', 'N', 'G']",3,VCC,3
12576,"['N', 'G', 'AY0']","['N', 'G', 'AY']",-3,CCV,3
12577,"['AY0', 'N', 'G']","['AY', 'N', 'G']",3,VCC,3
12578,"['N', 'G', 'ER0']","['N', 'G', 'ER']",-3,CCV,3
12579,"['ER0', 'N', 'G']","['ER', 'N', 'G']",3,VCC,3
12580,"['N', 'G', 'AO0']","['N', 'G', 'AO']",-3,CCV,3
12581,"['AO0', 'N', 'G']","['AO', 'N', 'G']",3,VCC,3
12582,"['N', 'G', 'UW0']","['N', 'G', 'UW']",-3,CCV,3
12583,"['UW0', 'N', 'G']","['UW', 'N', 'G']",3,VCC,3
12584,"['N', 'G', 'IH0']","['N', 'G', 'IH']",-3,CCV,3
12585,"['IH0', 'N', 'G']","['IH', 'N', 'G']",3,VCC,3
12586,"['N', 'G', 'EH0']","['N', 'G', 'EH']",-3,CCV,3
12587,"['EH0', 'N', 'G']","['EH', 'N', 'G']",3,VCC,3
12588,"['N', 'G', 'UH0']","['N', 'G', 'UH']",-3,CCV,3
12589,"['UH0', 'N', 'G']","['UH', 'N', 'G']",3,VCC,3
12590,"['N', 'G', 'IY0']","['N', 'G', 'IY']",-3,CCV,3
12591,"['IY0', 'N', 'G']","['IY', 'N', 'G']",3,VCC,3
12592,"['N', 'G', 'EY0']","['N', 'G', 'EY']",-3,CCV,3
12593,"['EY0', 'N', 'G']","['EY', 'N', 'G']",3,VCC,3
12594,"['N', 'G', 'OW0']","['N', 'G', 'OW']",-3,CCV,3
12595,"['OW0', 'N', 'G']","['OW', 'N', 'G']",3,VCC,3
12596,"['N', 'G', 'AE0']","['N', 'G', 'AE']",-3,CCV,3
12597,"['AE0', 'N', 'G']","['AE', 'N', 'G']",3,VCC,3
12598,"['N', 'G', 'AW0']","['N', 'G', 'AW']",-3,CCV,3
12599,"['AW0', 'N', 'G']","['AW', 'N', 'G']",3,VCC,3
12600,"['N', 'F', 'AH0']","['N', 'F', 'AH']",-2,CCV,3
12601,"['AH0', 'N', 'F']","['AH', 'N', 'F']",2,VCC,3
12602,"['N', 'F', 'OY0']","['N', 'F', 'OY']",-2,CCV,3
12603,"['OY0', 'N', 'F']","['OY', 'N', 'F']",2,VCC,3
12604,"['N', 'F', 'AA0']","['N', 'F', 'AA']",-2,CCV,3
12605,"['AA0', 'N', 'F']","['AA', 'N', 'F']",2,VCC,3
12606,"['N', 'F', 'AY0']","['N', 'F', 'AY']",-2,CCV,3
12607,"['AY0', 'N', 'F']","['AY', 'N', 'F']",2,VCC,3
12608,"['N', 'F', 'ER0']","['N', 'F', 'ER']",-2,CCV,3
12609,"['ER0', 'N', 'F']","['ER', 'N', 'F']",2,VCC,3
12610,"['N', 'F', 'AO0']","['N', 'F', 'AO']",-2,CCV,3
12611,"['AO0', 'N', 'F']","['AO', 'N', 'F']",2,VCC,3
12612,"['N', 'F', 'UW0']","['N', 'F', 'UW']",-2,CCV,3
12613,"['UW0', 'N', 'F']","['UW', 'N', 'F']",2,VCC,3
12614,"['N', 'F', 'IH0']","['N', 'F', 'IH']",-2,CCV,3
12615,"['IH0', 'N', 'F']","['IH', 'N', 'F']",2,VCC,3
12616,"['N', 'F', 'EH0']","['N', 'F', 'EH']",-2,CCV,3
12617,"['EH0', 'N', 'F']","['EH', 'N', 'F']",2,VCC,3
12618,"['N', 'F', 'UH0']","['N', 'F', 'UH']",-2,CCV,3
12619,"['UH0', 'N', 'F']","['UH', 'N', 'F']",2,VCC,3
12620,"['N', 'F', 'IY0']","['N', 'F', 'IY']",-2,CCV,3
12621,"['IY0', 'N', 'F']","['IY', 'N', 'F']",2,VCC,3
12622,"['N', 'F', 'EY0']","['N', 'F', 'EY']",-2,CCV,3
12623,"['EY0', 'N', 'F']","['EY', 'N', 'F']",2,VCC,3
12624,"['N', 'F', 'OW0']","['N', 'F', 'OW']",-2,CCV,3
12625,"['OW0', 'N', 'F']","['OW', 'N', 'F']",2,VCC,3
12626,"['N', 'F', 'AE0']","['N', 'F', 'AE']",-2,CCV,3
12627,"['AE0', 'N', 'F']","['AE', 'N', 'F']",2,VCC,3
12628,"['N', 'F', 'AW0']","['N', 'F', 'AW']",-2,CCV,3
12629,"['AW0', 'N', 'F']","['AW', 'N', 'F']",2,VCC,3
12630,"['N', 'TH', 'AH0']","['N', 'TH', 'AH']",-2,CCV,3
12631,"['AH0', 'N', 'TH']","['AH', 'N', 'TH']",2,VCC,3
12632,"['N', 'TH', 'OY0']","['N', 'TH', 'OY']",-2,CCV,3
12633,"['OY0', 'N', 'TH']","['OY', 'N', 'TH']",2,VCC,3
12634,"['N', 'TH', 'AA0']","['N', 'TH', 'AA']",-2,CCV,3
12635,"['AA0', 'N', 'TH']","['AA', 'N', 'TH']",2,VCC,3
12636,"['N', 'TH', 'AY0']","['N', 'TH', 'AY']",-2,CCV,3
12637,"['AY0', 'N', 'TH']","['AY', 'N', 'TH']",2,VCC,3
12638,"['N', 'TH', 'ER0']","['N', 'TH', 'ER']",-2,CCV,3
12639,"['ER0', 'N', 'TH']","['ER', 'N', 'TH']",2,VCC,3
12640,"['N', 'TH', 'AO0']","['N', 'TH', 'AO']",-2,CCV,3
12641,"['AO0', 'N', 'TH']","['AO', 'N', 'TH']",2,VCC,3
12642,"['N', 'TH', 'UW0']","['N', 'TH', 'UW']",-2,CCV,3
12643,"['UW0', 'N', 'TH']","['UW', 'N', 'TH']",2,VCC,3
12644,"['N', 'TH', 'IH0']","['N', 'TH', 'IH']",-2,CCV,3
12645,"['IH0', 'N', 'TH']","['IH', 'N', 'TH']",2,VCC,3
12646,"['N', 'TH', 'EH0']","['N', 'TH', 'EH']",-2,CCV,3
12647,"['EH0', 'N', 'TH']","['EH', 'N', 'TH']",2,VCC,3
12648,"['N', 'TH', 'UH0']","['N', 'TH', 'UH']",-2,CCV,3
12649,"['UH0', 'N', 'TH']","['UH', 'N', 'TH']",2,VCC,3
12650,"['N', 'TH', 'IY0']","['N', 'TH', 'IY']",-2,CCV,3
12651,"['IY0', 'N', 'TH']","['IY', 'N', 'TH']",2,VCC,3
12652,"['N', 'TH', 'EY0']","['N', 'TH', 'EY']",-2,CCV,3
12653,"['EY0', 'N', 'TH']","['EY', 'N', 'TH']",2,VCC,3
12654,"['N', 'TH', 'OW0']","['N', 'TH', 'OW']",-2,CCV,3
12655,"['OW0', 'N', 'TH']","['OW', 'N', 'TH']",2,VCC,3
12656,"['N', 'TH', 'AE0']","['N', 'TH', 'AE']",-2,CCV,3
12657,"['AE0', 'N', 'TH']","['AE', 'N', 'TH']",2,VCC,3
12658,"['N', 'TH', 'AW0']","['N', 'TH', 'AW']",-2,CCV,3
12659,"['AW0', 'N', 'TH']","['AW', 'N', 'TH']",2,VCC,3
12660,"['N', 'S', 'AH0']","['N', 'S', 'AH']",-2,CCV,3
12661,"['AH0', 'N', 'S']","['AH', 'N', 'S']",2,VCC,3
12662,"['N', 'S', 'OY0']","['N', 'S', 'OY']",-2,CCV,3
12663,"['OY0', 'N', 'S']","['OY', 'N', 'S']",2,VCC,3
12664,"['N', 'S', 'AA0']","['N', 'S', 'AA']",-2,CCV,3
12665,"['AA0', 'N', 'S']","['AA', 'N', 'S']",2,VCC,3
12666,"['N', 'S', 'AY0']","['N', 'S', 'AY']",-2,CCV,3
12667,"['AY0', 'N', 'S']","['AY', 'N', 'S']",2,VCC,3
12668,"['N', 'S', 'ER0']","['N', 'S', 'ER']",-2,CCV,3
12669,"['ER0', 'N', 'S']","['ER', 'N', 'S']",2,VCC,3
12670,"['N', 'S', 'AO0']","['N', 'S', 'AO']",-2,CCV,3
12671,"['AO0', 'N', 'S']","['AO', 'N', 'S']",2,VCC,3
12672,"['N', 'S', 'UW0']","['N', 'S', 'UW']",-2,CCV,3
12673,"['UW0', 'N', 'S']","['UW', 'N', 'S']",2,VCC,3
12674,"['N', 'S', 'IH0']","['N', 'S', 'IH']",-2,CCV,3
12675,"['IH0', 'N', 'S']","['IH', 'N', 'S']",2,VCC,3
12676,"['N', 'S', 'EH0']","['N', 'S', 'EH']",-2,CCV,3
12677,"['EH0', 'N', 'S']","['EH', 'N', 'S']",2,VCC,3
12678,"['N', 'S', 'UH0']","['N', 'S', 'UH']",-2,CCV,3
12679,"['UH0', 'N', 'S']","['UH', 'N', 'S']",2,VCC,3
12680,"['N', 'S', 'IY0']","['N', 'S', 'IY']",-2,CCV,3
12681,"['IY0', 'N', 'S']","['IY', 'N', 'S']",2,VCC,3
12682,"['N', 'S', 'EY0']","['N', 'S', 'EY']",-2,CCV,3
12683,"['EY0', 'N', 'S']","['EY', 'N', 'S']",2,VCC,3
12684,"['N', 'S', 'OW0']","['N', 'S', 'OW']",-2,CCV,3
12685,"['OW0', 'N', 'S']","['OW', 'N', 'S']",2,VCC,3
12686,"['N', 'S', 'AE0']","['N', 'S', 'AE']",-2,CCV,3
12687,"['AE0', 'N', 'S']","['AE', 'N', 'S']",2,VCC,3
12688,"['N', 'S', 'AW0']","['N', 'S', 'AW']",-2,CCV,3
12689,"['AW0', 'N', 'S']","['AW', 'N', 'S']",2,VCC,3
12690,"['N', 'SH', 'AH0']","['N', 'SH', 'AH']",-2,CCV,3
12691,"['AH0', 'N', 'SH']","['AH', 'N', 'SH']",2,VCC,3
12692,"['N', 'SH', 'OY0']","['N', 'SH', 'OY']",-2,CCV,3
12693,"['OY0', 'N', 'SH']","['OY', 'N', 'SH']",2,VCC,3
12694,"['N', 'SH', 'AA0']","['N', 'SH', 'AA']",-2,CCV,3
12695,"['AA0', 'N', 'SH']","['AA', 'N', 'SH']",2,VCC,3
12696,"['N', 'SH', 'AY0']","['N', 'SH', 'AY']",-2,CCV,3
12697,"['AY0', 'N', 'SH']","['AY', 'N', 'SH']",2,VCC,3
12698,"['N', 'SH', 'ER0']","['N', 'SH', 'ER']",-2,CCV,3
12699,"['ER0', 'N', 'SH']","['ER', 'N', 'SH']",2,VCC,3
12700,"['N', 'SH', 'AO0']","['N', 'SH', 'AO']",-2,CCV,3
12701,"['AO0', 'N', 'SH']","['AO', 'N', 'SH']",2,VCC,3
12702,"['N', 'SH', 'UW0']","['N', 'SH', 'UW']",-2,CCV,3
12703,"['UW0', 'N', 'SH']","['UW', 'N', 'SH']",2,VCC,3
12704,"['N', 'SH', 'IH0']","['N', 'SH', 'IH']",-2,CCV,3
12705,"['IH0', 'N', 'SH']","['IH', 'N', 'SH']",2,VCC,3
12706,"['N', 'SH', 'EH0']","['N', 'SH', 'EH']",-2,CCV,3
12707,"['EH0', 'N', 'SH']","['EH', 'N', 'SH']",2,VCC,3
12708,"['N', 'SH', 'UH0']","['N', 'SH', 'UH']",-2,CCV,3
12709,"['UH0', 'N', 'SH']","['UH', 'N', 'SH']",2,VCC,3
12710,"['N', 'SH', 'IY0']","['N', 'SH', 'IY']",-2,CCV,3
12711,"['IY0', 'N', 'SH']","['IY', 'N', 'SH']",2,VCC,3
12712,"['N', 'SH', 'EY0']","['N', 'SH', 'EY']",-2,CCV,3
12713,"['EY0', 'N', 'SH']","['EY', 'N', 'SH']",2,VCC,3
12714,"['N', 'SH', 'OW0']","['N', 'SH', 'OW']",-2,CCV,3
12715,"['OW0', 'N', 'SH']","['OW', 'N', 'SH']",2,VCC,3
12716,"['N', 'SH', 'AE0']","['N', 'SH', 'AE']",-2,CCV,3
12717,"['AE0', 'N', 'SH']","['AE', 'N', 'SH']",2,VCC,3
12718,"['N', 'SH', 'AW0']","['N', 'SH', 'AW']",-2,CCV,3
12719,"['AW0', 'N', 'SH']","['AW', 'N', 'SH']",2,VCC,3
12720,"['N', 'Z', 'AH0']","['N', 'Z', 'AH']",-2,CCV,3
12721,"['AH0', 'N', 'Z']","['AH', 'N', 'Z']",2,VCC,3
12722,"['N', 'Z', 'OY0']","['N', 'Z', 'OY']",-2,CCV,3
12723,"['OY0', 'N', 'Z']","['OY', 'N', 'Z']",2,VCC,3
12724,"['N', 'Z', 'AA0']","['N', 'Z', 'AA']",-2,CCV,3
12725,"['AA0', 'N', 'Z']","['AA', 'N', 'Z']",2,VCC,3
12726,"['N', 'Z', 'AY0']","['N', 'Z', 'AY']",-2,CCV,3
12727,"['AY0', 'N', 'Z']","['AY', 'N', 'Z']",2,VCC,3
12728,"['N', 'Z', 'ER0']","['N', 'Z', 'ER']",-2,CCV,3
12729,"['ER0', 'N', 'Z']","['ER', 'N', 'Z']",2,VCC,3
12730,"['N', 'Z', 'AO0']","['N', 'Z', 'AO']",-2,CCV,3
12731,"['AO0', 'N', 'Z']","['AO', 'N', 'Z']",2,VCC,3
12732,"['N', 'Z', 'UW0']","['N', 'Z', 'UW']",-2,CCV,3
12733,"['UW0', 'N', 'Z']","['UW', 'N', 'Z']",2,VCC,3
12734,"['N', 'Z', 'IH0']","['N', 'Z', 'IH']",-2,CCV,3
12735,"['IH0', 'N', 'Z']","['IH', 'N', 'Z']",2,VCC,3
12736,"['N', 'Z', 'EH0']","['N', 'Z', 'EH']",-2,CCV,3
12737,"['EH0', 'N', 'Z']","['EH', 'N', 'Z']",2,VCC,3
12738,"['N', 'Z', 'UH0']","['N', 'Z', 'UH']",-2,CCV,3
12739,"['UH0', 'N', 'Z']","['UH', 'N', 'Z']",2,VCC,3
12740,"['N', 'Z', 'IY0']","['N', 'Z', 'IY']",-2,CCV,3
12741,"['IY0', 'N', 'Z']","['IY', 'N', 'Z']",2,VCC,3
12742,"['N', 'Z', 'EY0']","['N', 'Z', 'EY']",-2,CCV,3
12743,"['EY0', 'N', 'Z']","['EY', 'N', 'Z']",2,VCC,3
12744,"['N', 'Z', 'OW0']","['N', 'Z', 'OW']",-2,CCV,3
12745,"['OW0', 'N', 'Z']","['OW', 'N', 'Z']",2,VCC,3
12746,"['N', 'Z', 'AE0']","['N', 'Z', 'AE']",-2,CCV,3
12747,"['AE0', 'N', 'Z']","['AE', 'N', 'Z']",2,VCC,3
12748,"['N', 'Z', 'AW0']","['N', 'Z', 'AW']",-2,CCV,3
12749,"['AW0', 'N', 'Z']","['AW', 'N', 'Z']",2,VCC,3
12750,"['N', 'ZH', 'AH0']","['N', 'ZH', 'AH']",-2,CCV,3
12751,"['AH0', 'N', 'ZH']","['AH', 'N', 'ZH']",2,VCC,3
12752,"['N', 'ZH', 'OY0']","['N', 'ZH', 'OY']",-2,CCV,3
12753,"['OY0', 'N', 'ZH']","['OY', 'N', 'ZH']",2,VCC,3
12754,"['N', 'ZH', 'AA0']","['N', 'ZH', 'AA']",-2,CCV,3
12755,"['AA0', 'N', 'ZH']","['AA', 'N', 'ZH']",2,VCC,3
12756,"['N', 'ZH', 'AY0']","['N', 'ZH', 'AY']",-2,CCV,3
12757,"['AY0', 'N', 'ZH']","['AY', 'N', 'ZH']",2,VCC,3
12758,"['N', 'ZH', 'ER0']","['N', 'ZH', 'ER']",-2,CCV,3
12759,"['ER0', 'N', 'ZH']","['ER', 'N', 'ZH']",2,VCC,3
12760,"['N', 'ZH', 'AO0']","['N', 'ZH', 'AO']",-2,CCV,3
12761,"['AO0', 'N', 'ZH']","['AO', 'N', 'ZH']",2,VCC,3
12762,"['N', 'ZH', 'UW0']","['N', 'ZH', 'UW']",-2,CCV,3
12763,"['UW0', 'N', 'ZH']","['UW', 'N', 'ZH']",2,VCC,3
12764,"['N', 'ZH', 'IH0']","['N', 'ZH', 'IH']",-2,CCV,3
12765,"['IH0', 'N', 'ZH']","['IH', 'N', 'ZH']",2,VCC,3
12766,"['N', 'ZH', 'EH0']","['N', 'ZH', 'EH']",-2,CCV,3
12767,"['EH0', 'N', 'ZH']","['EH', 'N', 'ZH']",2,VCC,3
12768,"['N', 'ZH', 'UH0']","['N', 'ZH', 'UH']",-2,CCV,3
12769,"['UH0', 'N', 'ZH']","['UH', 'N', 'ZH']",2,VCC,3
12770,"['N', 'ZH', 'IY0']","['N', 'ZH', 'IY']",-2,CCV,3
12771,"['IY0', 'N', 'ZH']","['IY', 'N', 'ZH']",2,VCC,3
12772,"['N', 'ZH', 'EY0']","['N', 'ZH', 'EY']",-2,CCV,3
12773,"['EY0', 'N', 'ZH']","['EY', 'N', 'ZH']",2,VCC,3
12774,"['N', 'ZH', 'OW0']","['N', 'ZH', 'OW']",-2,CCV,3
12775,"['OW0', 'N', 'ZH']","['OW', 'N', 'ZH']",2,VCC,3
12776,"['N', 'ZH', 'AE0']","['N', 'ZH', 'AE']",-2,CCV,3
12777,"['AE0', 'N', 'ZH']","['AE', 'N', 'ZH']",2,VCC,3
12778,"['N', 'ZH', 'AW0']","['N', 'ZH', 'AW']",-2,CCV,3
12779,"['AW0', 'N', 'ZH']","['AW', 'N', 'ZH']",2,VCC,3
12780,"['N', 'V', 'AH0']","['N', 'V', 'AH']",-2,CCV,3
12781,"['AH0', 'N', 'V']","['AH', 'N', 'V']",2,VCC,3
12782,"['N', 'V', 'OY0']","['N', 'V', 'OY']",-2,CCV,3
12783,"['OY0', 'N', 'V']","['OY', 'N', 'V']",2,VCC,3
12784,"['N', 'V', 'AA0']","['N', 'V', 'AA']",-2,CCV,3
12785,"['AA0', 'N', 'V']","['AA', 'N', 'V']",2,VCC,3
12786,"['N', 'V', 'AY0']","['N', 'V', 'AY']",-2,CCV,3
12787,"['AY0', 'N', 'V']","['AY', 'N', 'V']",2,VCC,3
12788,"['N', 'V', 'ER0']","['N', 'V', 'ER']",-2,CCV,3
12789,"['ER0', 'N', 'V']","['ER', 'N', 'V']",2,VCC,3
12790,"['N', 'V', 'AO0']","['N', 'V', 'AO']",-2,CCV,3
12791,"['AO0', 'N', 'V']","['AO', 'N', 'V']",2,VCC,3
12792,"['N', 'V', 'UW0']","['N', 'V', 'UW']",-2,CCV,3
12793,"['UW0', 'N', 'V']","['UW', 'N', 'V']",2,VCC,3
12794,"['N', 'V', 'IH0']","['N', 'V', 'IH']",-2,CCV,3
12795,"['IH0', 'N', 'V']","['IH', 'N', 'V']",2,VCC,3
12796,"['N', 'V', 'EH0']","['N', 'V', 'EH']",-2,CCV,3
12797,"['EH0', 'N', 'V']","['EH', 'N', 'V']",2,VCC,3
12798,"['N', 'V', 'UH0']","['N', 'V', 'UH']",-2,CCV,3
12799,"['UH0', 'N', 'V']","['UH', 'N', 'V']",2,VCC,3
12800,"['N', 'V', 'IY0']","['N', 'V', 'IY']",-2,CCV,3
12801,"['IY0', 'N', 'V']","['IY', 'N', 'V']",2,VCC,3
12802,"['N', 'V', 'EY0']","['N', 'V', 'EY']",-2,CCV,3
12803,"['EY0', 'N', 'V']","['EY', 'N', 'V']",2,VCC,3
12804,"['N', 'V', 'OW0']","['N', 'V', 'OW']",-2,CCV,3
12805,"['OW0', 'N', 'V']","['OW', 'N', 'V']",2,VCC,3
12806,"['N', 'V', 'AE0']","['N', 'V', 'AE']",-2,CCV,3
12807,"['AE0', 'N', 'V']","['AE', 'N', 'V']",2,VCC,3
12808,"['N', 'V', 'AW0']","['N', 'V', 'AW']",-2,CCV,3
12809,"['AW0', 'N', 'V']","['AW', 'N', 'V']",2,VCC,3
12810,"['N', 'DH', 'AH0']","['N', 'DH', 'AH']",-2,CCV,3
12811,"['AH0', 'N', 'DH']","['AH', 'N', 'DH']",2,VCC,3
12812,"['N', 'DH', 'OY0']","['N', 'DH', 'OY']",-2,CCV,3
12813,"['OY0', 'N', 'DH']","['OY', 'N', 'DH']",2,VCC,3
12814,"['N', 'DH', 'AA0']","['N', 'DH', 'AA']",-2,CCV,3
12815,"['AA0', 'N', 'DH']","['AA', 'N', 'DH']",2,VCC,3
12816,"['N', 'DH', 'AY0']","['N', 'DH', 'AY']",-2,CCV,3
12817,"['AY0', 'N', 'DH']","['AY', 'N', 'DH']",2,VCC,3
12818,"['N', 'DH', 'ER0']","['N', 'DH', 'ER']",-2,CCV,3
12819,"['ER0', 'N', 'DH']","['ER', 'N', 'DH']",2,VCC,3
12820,"['N', 'DH', 'AO0']","['N', 'DH', 'AO']",-2,CCV,3
12821,"['AO0', 'N', 'DH']","['AO', 'N', 'DH']",2,VCC,3
12822,"['N', 'DH', 'UW0']","['N', 'DH', 'UW']",-2,CCV,3
12823,"['UW0', 'N', 'DH']","['UW', 'N', 'DH']",2,VCC,3
12824,"['N', 'DH', 'IH0']","['N', 'DH', 'IH']",-2,CCV,3
12825,"['IH0', 'N', 'DH']","['IH', 'N', 'DH']",2,VCC,3
12826,"['N', 'DH', 'EH0']","['N', 'DH', 'EH']",-2,CCV,3
12827,"['EH0', 'N', 'DH']","['EH', 'N', 'DH']",2,VCC,3
12828,"['N', 'DH', 'UH0']","['N', 'DH', 'UH']",-2,CCV,3
12829,"['UH0', 'N', 'DH']","['UH', 'N', 'DH']",2,VCC,3
12830,"['N', 'DH', 'IY0']","['N', 'DH', 'IY']",-2,CCV,3
12831,"['IY0', 'N', 'DH']","['IY', 'N', 'DH']",2,VCC,3
12832,"['N', 'DH', 'EY0']","['N', 'DH', 'EY']",-2,CCV,3
12833,"['EY0', 'N', 'DH']","['EY', 'N', 'DH']",2,VCC,3
12834,"['N', 'DH', 'OW0']","['N', 'DH', 'OW']",-2,CCV,3
12835,"['OW0', 'N', 'DH']","['OW', 'N', 'DH']",2,VCC,3
12836,"['N', 'DH', 'AE0']","['N', 'DH', 'AE']",-2,CCV,3
12837,"['AE0', 'N', 'DH']","['AE', 'N', 'DH']",2,VCC,3
12838,"['N', 'DH', 'AW0']","['N', 'DH', 'AW']",-2,CCV,3
12839,"['AW0', 'N', 'DH']","['AW', 'N', 'DH']",2,VCC,3
12840,"['N', 'HH', 'AH0']","['N', 'HH', 'AH']",-2,CCV,3
12841,"['AH0', 'N', 'HH']","['AH', 'N', 'HH']",2,VCC,3
12842,"['N', 'HH', 'OY0']","['N', 'HH', 'OY']",-2,CCV,3
12843,"['OY0', 'N', 'HH']","['OY', 'N', 'HH']",2,VCC,3
12844,"['N', 'HH', 'AA0']","['N', 'HH', 'AA']",-2,CCV,3
12845,"['AA0', 'N', 'HH']","['AA', 'N', 'HH']",2,VCC,3
12846,"['N', 'HH', 'AY0']","['N', 'HH', 'AY']",-2,CCV,3
12847,"['AY0', 'N', 'HH']","['AY', 'N', 'HH']",2,VCC,3
12848,"['N', 'HH', 'ER0']","['N', 'HH', 'ER']",-2,CCV,3
12849,"['ER0', 'N', 'HH']","['ER', 'N', 'HH']",2,VCC,3
12850,"['N', 'HH', 'AO0']","['N', 'HH', 'AO']",-2,CCV,3
12851,"['AO0', 'N', 'HH']","['AO', 'N', 'HH']",2,VCC,3
12852,"['N', 'HH', 'UW0']","['N', 'HH', 'UW']",-2,CCV,3
12853,"['UW0', 'N', 'HH']","['UW', 'N', 'HH']",2,VCC,3
12854,"['N', 'HH', 'IH0']","['N', 'HH', 'IH']",-2,CCV,3
12855,"['IH0', 'N', 'HH']","['IH', 'N', 'HH']",2,VCC,3
12856,"['N', 'HH', 'EH0']","['N', 'HH', 'EH']",-2,CCV,3
12857,"['EH0', 'N', 'HH']","['EH', 'N', 'HH']",2,VCC,3
12858,"['N', 'HH', 'UH0']","['N', 'HH', 'UH']",-2,CCV,3
12859,"['UH0', 'N', 'HH']","['UH', 'N', 'HH']",2,VCC,3
12860,"['N', 'HH', 'IY0']","['N', 'HH', 'IY']",-2,CCV,3
12861,"['IY0', 'N', 'HH']","['IY', 'N', 'HH']",2,VCC,3
12862,"['N', 'HH', 'EY0']","['N', 'HH', 'EY']",-2,CCV,3
12863,"['EY0', 'N', 'HH']","['EY', 'N', 'HH']",2,VCC,3
12864,"['N', 'HH', 'OW0']","['N', 'HH', 'OW']",-2,CCV,3
12865,"['OW0', 'N', 'HH']","['OW', 'N', 'HH']",2,VCC,3
12866,"['N', 'HH', 'AE0']","['N', 'HH', 'AE']",-2,CCV,3
12867,"['AE0', 'N', 'HH']","['AE', 'N', 'HH']",2,VCC,3
12868,"['N', 'HH', 'AW0']","['N', 'HH', 'AW']",-2,CCV,3
12869,"['AW0', 'N', 'HH']","['AW', 'N', 'HH']",2,VCC,3
12870,"['N', 'CH', 'AH0']","['N', 'CH', 'AH']",-1,CCV,3
12871,"['AH0', 'N', 'CH']","['AH', 'N', 'CH']",1,VCC,3
12872,"['N', 'CH', 'OY0']","['N', 'CH', 'OY']",-1,CCV,3
12873,"['OY0', 'N', 'CH']","['OY', 'N', 'CH']",1,VCC,3
12874,"['N', 'CH', 'AA0']","['N', 'CH', 'AA']",-1,CCV,3
12875,"['AA0', 'N', 'CH']","['AA', 'N', 'CH']",1,VCC,3
12876,"['N', 'CH', 'AY0']","['N', 'CH', 'AY']",-1,CCV,3
12877,"['AY0', 'N', 'CH']","['AY', 'N', 'CH']",1,VCC,3
12878,"['N', 'CH', 'ER0']","['N', 'CH', 'ER']",-1,CCV,3
12879,"['ER0', 'N', 'CH']","['ER', 'N', 'CH']",1,VCC,3
12880,"['N', 'CH', 'AO0']","['N', 'CH', 'AO']",-1,CCV,3
12881,"['AO0', 'N', 'CH']","['AO', 'N', 'CH']",1,VCC,3
12882,"['N', 'CH', 'UW0']","['N', 'CH', 'UW']",-1,CCV,3
12883,"['UW0', 'N', 'CH']","['UW', 'N', 'CH']",1,VCC,3
12884,"['N', 'CH', 'IH0']","['N', 'CH', 'IH']",-1,CCV,3
12885,"['IH0', 'N', 'CH']","['IH', 'N', 'CH']",1,VCC,3
12886,"['N', 'CH', 'EH0']","['N', 'CH', 'EH']",-1,CCV,3
12887,"['EH0', 'N', 'CH']","['EH', 'N', 'CH']",1,VCC,3
12888,"['N', 'CH', 'UH0']","['N', 'CH', 'UH']",-1,CCV,3
12889,"['UH0', 'N', 'CH']","['UH', 'N', 'CH']",1,VCC,3
12890,"['N', 'CH', 'IY0']","['N', 'CH', 'IY']",-1,CCV,3
12891,"['IY0', 'N', 'CH']","['IY', 'N', 'CH']",1,VCC,3
12892,"['N', 'CH', 'EY0']","['N', 'CH', 'EY']",-1,CCV,3
12893,"['EY0', 'N', 'CH']","['EY', 'N', 'CH']",1,VCC,3
12894,"['N', 'CH', 'OW0']","['N', 'CH', 'OW']",-1,CCV,3
12895,"['OW0', 'N', 'CH']","['OW', 'N', 'CH']",1,VCC,3
12896,"['N', 'CH', 'AE0']","['N', 'CH', 'AE']",-1,CCV,3
12897,"['AE0', 'N', 'CH']","['AE', 'N', 'CH']",1,VCC,3
12898,"['N', 'CH', 'AW0']","['N', 'CH', 'AW']",-1,CCV,3
12899,"['AW0', 'N', 'CH']","['AW', 'N', 'CH']",1,VCC,3
12900,"['N', 'JH', 'AH0']","['N', 'JH', 'AH']",-1,CCV,3
12901,"['AH0', 'N', 'JH']","['AH', 'N', 'JH']",1,VCC,3
12902,"['N', 'JH', 'OY0']","['N', 'JH', 'OY']",-1,CCV,3
12903,"['OY0', 'N', 'JH']","['OY', 'N', 'JH']",1,VCC,3
12904,"['N', 'JH', 'AA0']","['N', 'JH', 'AA']",-1,CCV,3
12905,"['AA0', 'N', 'JH']","['AA', 'N', 'JH']",1,VCC,3
12906,"['N', 'JH', 'AY0']","['N', 'JH', 'AY']",-1,CCV,3
12907,"['AY0', 'N', 'JH']","['AY', 'N', 'JH']",1,VCC,3
12908,"['N', 'JH', 'ER0']","['N', 'JH', 'ER']",-1,CCV,3
12909,"['ER0', 'N', 'JH']","['ER', 'N', 'JH']",1,VCC,3
12910,"['N', 'JH', 'AO0']","['N', 'JH', 'AO']",-1,CCV,3
12911,"['AO0', 'N', 'JH']","['AO', 'N', 'JH']",1,VCC,3
12912,"['N', 'JH', 'UW0']","['N', 'JH', 'UW']",-1,CCV,3
12913,"['UW0', 'N', 'JH']","['UW', 'N', 'JH']",1,VCC,3
12914,"['N', 'JH', 'IH0']","['N', 'JH', 'IH']",-1,CCV,3
12915,"['IH0', 'N', 'JH']","['IH', 'N', 'JH']",1,VCC,3
12916,"['N', 'JH', 'EH0']","['N', 'JH', 'EH']",-1,CCV,3
12917,"['EH0', 'N', 'JH']","['EH', 'N', 'JH']",1,VCC,3
12918,"['N', 'JH', 'UH0']","['N', 'JH', 'UH']",-1,CCV,3
12919,"['UH0', 'N', 'JH']","['UH', 'N', 'JH']",1,VCC,3
12920,"['N', 'JH', 'IY0']","['N', 'JH', 'IY']",-1,CCV,3
12921,"['IY0', 'N', 'JH']","['IY', 'N', 'JH']",1,VCC,3
12922,"['N', 'JH', 'EY0']","['N', 'JH', 'EY']",-1,CCV,3
12923,"['EY0', 'N', 'JH']","['EY', 'N', 'JH']",1,VCC,3
12924,"['N', 'JH', 'OW0']","['N', 'JH', 'OW']",-1,CCV,3
12925,"['OW0', 'N', 'JH']","['OW', 'N', 'JH']",1,VCC,3
12926,"['N', 'JH', 'AE0']","['N', 'JH', 'AE']",-1,CCV,3
12927,"['AE0', 'N', 'JH']","['AE', 'N', 'JH']",1,VCC,3
12928,"['N', 'JH', 'AW0']","['N', 'JH', 'AW']",-1,CCV,3
12929,"['AW0', 'N', 'JH']","['AW', 'N', 'JH']",1,VCC,3
12930,"['N', 'M', 'AH0']","['N', 'M', 'AH']",0,CCV,3
12931,"['AH0', 'N', 'M']","['AH', 'N', 'M']",0,VCC,3
12932,"['N', 'M', 'OY0']","['N', 'M', 'OY']",0,CCV,3
12933,"['OY0', 'N', 'M']","['OY', 'N', 'M']",0,VCC,3
12934,"['N', 'M', 'AA0']","['N', 'M', 'AA']",0,CCV,3
12935,"['AA0', 'N', 'M']","['AA', 'N', 'M']",0,VCC,3
12936,"['N', 'M', 'AY0']","['N', 'M', 'AY']",0,CCV,3
12937,"['AY0', 'N', 'M']","['AY', 'N', 'M']",0,VCC,3
12938,"['N', 'M', 'ER0']","['N', 'M', 'ER']",0,CCV,3
12939,"['ER0', 'N', 'M']","['ER', 'N', 'M']",0,VCC,3
12940,"['N', 'M', 'AO0']","['N', 'M', 'AO']",0,CCV,3
12941,"['AO0', 'N', 'M']","['AO', 'N', 'M']",0,VCC,3
12942,"['N', 'M', 'UW0']","['N', 'M', 'UW']",0,CCV,3
12943,"['UW0', 'N', 'M']","['UW', 'N', 'M']",0,VCC,3
12944,"['N', 'M', 'IH0']","['N', 'M', 'IH']",0,CCV,3
12945,"['IH0', 'N', 'M']","['IH', 'N', 'M']",0,VCC,3
12946,"['N', 'M', 'EH0']","['N', 'M', 'EH']",0,CCV,3
12947,"['EH0', 'N', 'M']","['EH', 'N', 'M']",0,VCC,3
12948,"['N', 'M', 'UH0']","['N', 'M', 'UH']",0,CCV,3
12949,"['UH0', 'N', 'M']","['UH', 'N', 'M']",0,VCC,3
12950,"['N', 'M', 'IY0']","['N', 'M', 'IY']",0,CCV,3
12951,"['IY0', 'N', 'M']","['IY', 'N', 'M']",0,VCC,3
12952,"['N', 'M', 'EY0']","['N', 'M', 'EY']",0,CCV,3
12953,"['EY0', 'N', 'M']","['EY', 'N', 'M']",0,VCC,3
12954,"['N', 'M', 'OW0']","['N', 'M', 'OW']",0,CCV,3
12955,"['OW0', 'N', 'M']","['OW', 'N', 'M']",0,VCC,3
12956,"['N', 'M', 'AE0']","['N', 'M', 'AE']",0,CCV,3
12957,"['AE0', 'N', 'M']","['AE', 'N', 'M']",0,VCC,3
12958,"['N', 'M', 'AW0']","['N', 'M', 'AW']",0,CCV,3
12959,"['AW0', 'N', 'M']","['AW', 'N', 'M']",0,VCC,3
12960,"['N', 'NG', 'AH0']","['N', 'NG', 'AH']",0,CCV,3
12961,"['AH0', 'N', 'NG']","['AH', 'N', 'NG']",0,VCC,3
12962,"['N', 'NG', 'OY0']","['N', 'NG', 'OY']",0,CCV,3
12963,"['OY0', 'N', 'NG']","['OY', 'N', 'NG']",0,VCC,3
12964,"['N', 'NG', 'AA0']","['N', 'NG', 'AA']",0,CCV,3
12965,"['AA0', 'N', 'NG']","['AA', 'N', 'NG']",0,VCC,3
12966,"['N', 'NG', 'AY0']","['N', 'NG', 'AY']",0,CCV,3
12967,"['AY0', 'N', 'NG']","['AY', 'N', 'NG']",0,VCC,3
12968,"['N', 'NG', 'ER0']","['N', 'NG', 'ER']",0,CCV,3
12969,"['ER0', 'N', 'NG']","['ER', 'N', 'NG']",0,VCC,3
12970,"['N', 'NG', 'AO0']","['N', 'NG', 'AO']",0,CCV,3
12971,"['AO0', 'N', 'NG']","['AO', 'N', 'NG']",0,VCC,3
12972,"['N', 'NG', 'UW0']","['N', 'NG', 'UW']",0,CCV,3
12973,"['UW0', 'N', 'NG']","['UW', 'N', 'NG']",0,VCC,3
12974,"['N', 'NG', 'IH0']","['N', 'NG', 'IH']",0,CCV,3
12975,"['IH0', 'N', 'NG']","['IH', 'N', 'NG']",0,VCC,3
12976,"['N', 'NG', 'EH0']","['N', 'NG', 'EH']",0,CCV,3
12977,"['EH0', 'N', 'NG']","['EH', 'N', 'NG']",0,VCC,3
12978,"['N', 'NG', 'UH0']","['N', 'NG', 'UH']",0,CCV,3
12979,"['UH0', 'N', 'NG']","['UH', 'N', 'NG']",0,VCC,3
12980,"['N', 'NG', 'IY0']","['N', 'NG', 'IY']",0,CCV,3
12981,"['IY0', 'N', 'NG']","['IY', 'N', 'NG']",0,VCC,3
12982,"['N', 'NG', 'EY0']","['N', 'NG', 'EY']",0,CCV,3
12983,"['EY0', 'N', 'NG']","['EY', 'N', 'NG']",0,VCC,3
12984,"['N', 'NG', 'OW0']","['N', 'NG', 'OW']",0,CCV,3
12985,"['OW0', 'N', 'NG']","['OW', 'N', 'NG']",0,VCC,3
12986,"['N', 'NG', 'AE0']","['N', 'NG', 'AE']",0,CCV,3
12987,"['AE0', 'N', 'NG']","['AE', 'N', 'NG']",0,VCC,3
12988,"['N', 'NG', 'AW0']","['N', 'NG', 'AW']",0,CCV,3
12989,"['AW0', 'N', 'NG']","['AW', 'N', 'NG']",0,VCC,3
12990,"['N', 'L', 'AH0']","['N', 'L', 'AH']",1,CCV,3
12991,"['AH0', 'N', 'L']","['AH', 'N', 'L']",-1,VCC,3
12992,"['N', 'L', 'OY0']","['N', 'L', 'OY']",1,CCV,3
12993,"['OY0', 'N', 'L']","['OY', 'N', 'L']",-1,VCC,3
12994,"['N', 'L', 'AA0']","['N', 'L', 'AA']",1,CCV,3
12995,"['AA0', 'N', 'L']","['AA', 'N', 'L']",-1,VCC,3
12996,"['N', 'L', 'AY0']","['N', 'L', 'AY']",1,CCV,3
12997,"['AY0', 'N', 'L']","['AY', 'N', 'L']",-1,VCC,3
12998,"['N', 'L', 'ER0']","['N', 'L', 'ER']",1,CCV,3
12999,"['ER0', 'N', 'L']","['ER', 'N', 'L']",-1,VCC,3
13000,"['N', 'L', 'AO0']","['N', 'L', 'AO']",1,CCV,3
13001,"['AO0', 'N', 'L']","['AO', 'N', 'L']",-1,VCC,3
13002,"['N', 'L', 'UW0']","['N', 'L', 'UW']",1,CCV,3
13003,"['UW0', 'N', 'L']","['UW', 'N', 'L']",-1,VCC,3
13004,"['N', 'L', 'IH0']","['N', 'L', 'IH']",1,CCV,3
13005,"['IH0', 'N', 'L']","['IH', 'N', 'L']",-1,VCC,3
13006,"['N', 'L', 'EH0']","['N', 'L', 'EH']",1,CCV,3
13007,"['EH0', 'N', 'L']","['EH', 'N', 'L']",-1,VCC,3
13008,"['N', 'L', 'UH0']","['N', 'L', 'UH']",1,CCV,3
13009,"['UH0', 'N', 'L']","['UH', 'N', 'L']",-1,VCC,3
13010,"['N', 'L', 'IY0']","['N', 'L', 'IY']",1,CCV,3
13011,"['IY0', 'N', 'L']","['IY', 'N', 'L']",-1,VCC,3
13012,"['N', 'L', 'EY0']","['N', 'L', 'EY']",1,CCV,3
13013,"['EY0', 'N', 'L']","['EY', 'N', 'L']",-1,VCC,3
13014,"['N', 'L', 'OW0']","['N', 'L', 'OW']",1,CCV,3
13015,"['OW0', 'N', 'L']","['OW', 'N', 'L']",-1,VCC,3
13016,"['N', 'L', 'AE0']","['N', 'L', 'AE']",1,CCV,3
13017,"['AE0', 'N', 'L']","['AE', 'N', 'L']",-1,VCC,3
13018,"['N', 'L', 'AW0']","['N', 'L', 'AW']",1,CCV,3
13019,"['AW0', 'N', 'L']","['AW', 'N', 'L']",-1,VCC,3
13020,"['N', 'R', 'AH0']","['N', 'R', 'AH']",1,CCV,3
13021,"['AH0', 'N', 'R']","['AH', 'N', 'R']",-1,VCC,3
13022,"['N', 'R', 'OY0']","['N', 'R', 'OY']",1,CCV,3
13023,"['OY0', 'N', 'R']","['OY', 'N', 'R']",-1,VCC,3
13024,"['N', 'R', 'AA0']","['N', 'R', 'AA']",1,CCV,3
13025,"['AA0', 'N', 'R']","['AA', 'N', 'R']",-1,VCC,3
13026,"['N', 'R', 'AY0']","['N', 'R', 'AY']",1,CCV,3
13027,"['AY0', 'N', 'R']","['AY', 'N', 'R']",-1,VCC,3
13028,"['N', 'R', 'ER0']","['N', 'R', 'ER']",1,CCV,3
13029,"['ER0', 'N', 'R']","['ER', 'N', 'R']",-1,VCC,3
13030,"['N', 'R', 'AO0']","['N', 'R', 'AO']",1,CCV,3
13031,"['AO0', 'N', 'R']","['AO', 'N', 'R']",-1,VCC,3
13032,"['N', 'R', 'UW0']","['N', 'R', 'UW']",1,CCV,3
13033,"['UW0', 'N', 'R']","['UW', 'N', 'R']",-1,VCC,3
13034,"['N', 'R', 'IH0']","['N', 'R', 'IH']",1,CCV,3
13035,"['IH0', 'N', 'R']","['IH', 'N', 'R']",-1,VCC,3
13036,"['N', 'R', 'EH0']","['N', 'R', 'EH']",1,CCV,3
13037,"['EH0', 'N', 'R']","['EH', 'N', 'R']",-1,VCC,3
13038,"['N', 'R', 'UH0']","['N', 'R', 'UH']",1,CCV,3
13039,"['UH0', 'N', 'R']","['UH', 'N', 'R']",-1,VCC,3
13040,"['N', 'R', 'IY0']","['N', 'R', 'IY']",1,CCV,3
13041,"['IY0', 'N', 'R']","['IY', 'N', 'R']",-1,VCC,3
13042,"['N', 'R', 'EY0']","['N', 'R', 'EY']",1,CCV,3
13043,"['EY0', 'N', 'R']","['EY', 'N', 'R']",-1,VCC,3
13044,"['N', 'R', 'OW0']","['N', 'R', 'OW']",1,CCV,3
13045,"['OW0', 'N', 'R']","['OW', 'N', 'R']",-1,VCC,3
13046,"['N', 'R', 'AE0']","['N', 'R', 'AE']",1,CCV,3
13047,"['AE0', 'N', 'R']","['AE', 'N', 'R']",-1,VCC,3
13048,"['N', 'R', 'AW0']","['N', 'R', 'AW']",1,CCV,3
13049,"['AW0', 'N', 'R']","['AW', 'N', 'R']",-1,VCC,3
13050,"['N', 'W', 'AH0']","['N', 'W', 'AH']",2,CCV,3
13051,"['AH0', 'N', 'W']","['AH', 'N', 'W']",-2,VCC,3
13052,"['N', 'W', 'OY0']","['N', 'W', 'OY']",2,CCV,3
13053,"['OY0', 'N', 'W']","['OY', 'N', 'W']",-2,VCC,3
13054,"['N', 'W', 'AA0']","['N', 'W', 'AA']",2,CCV,3
13055,"['AA0', 'N', 'W']","['AA', 'N', 'W']",-2,VCC,3
13056,"['N', 'W', 'AY0']","['N', 'W', 'AY']",2,CCV,3
13057,"['AY0', 'N', 'W']","['AY', 'N', 'W']",-2,VCC,3
13058,"['N', 'W', 'ER0']","['N', 'W', 'ER']",2,CCV,3
13059,"['ER0', 'N', 'W']","['ER', 'N', 'W']",-2,VCC,3
13060,"['N', 'W', 'AO0']","['N', 'W', 'AO']",2,CCV,3
13061,"['AO0', 'N', 'W']","['AO', 'N', 'W']",-2,VCC,3
13062,"['N', 'W', 'UW0']","['N', 'W', 'UW']",2,CCV,3
13063,"['UW0', 'N', 'W']","['UW', 'N', 'W']",-2,VCC,3
13064,"['N', 'W', 'IH0']","['N', 'W', 'IH']",2,CCV,3
13065,"['IH0', 'N', 'W']","['IH', 'N', 'W']",-2,VCC,3
13066,"['N', 'W', 'EH0']","['N', 'W', 'EH']",2,CCV,3
13067,"['EH0', 'N', 'W']","['EH', 'N', 'W']",-2,VCC,3
13068,"['N', 'W', 'UH0']","['N', 'W', 'UH']",2,CCV,3
13069,"['UH0', 'N', 'W']","['UH', 'N', 'W']",-2,VCC,3
13070,"['N', 'W', 'IY0']","['N', 'W', 'IY']",2,CCV,3
13071,"['IY0', 'N', 'W']","['IY', 'N', 'W']",-2,VCC,3
13072,"['N', 'W', 'EY0']","['N', 'W', 'EY']",2,CCV,3
13073,"['EY0', 'N', 'W']","['EY', 'N', 'W']",-2,VCC,3
13074,"['N', 'W', 'OW0']","['N', 'W', 'OW']",2,CCV,3
13075,"['OW0', 'N', 'W']","['OW', 'N', 'W']",-2,VCC,3
13076,"['N', 'W', 'AE0']","['N', 'W', 'AE']",2,CCV,3
13077,"['AE0', 'N', 'W']","['AE', 'N', 'W']",-2,VCC,3
13078,"['N', 'W', 'AW0']","['N', 'W', 'AW']",2,CCV,3
13079,"['AW0', 'N', 'W']","['AW', 'N', 'W']",-2,VCC,3
13080,"['N', 'Y', 'AH0']","['N', 'Y', 'AH']",2,CCV,3
13081,"['AH0', 'N', 'Y']","['AH', 'N', 'Y']",-2,VCC,3
13082,"['N', 'Y', 'OY0']","['N', 'Y', 'OY']",2,CCV,3
13083,"['OY0', 'N', 'Y']","['OY', 'N', 'Y']",-2,VCC,3
13084,"['N', 'Y', 'AA0']","['N', 'Y', 'AA']",2,CCV,3
13085,"['AA0', 'N', 'Y']","['AA', 'N', 'Y']",-2,VCC,3
13086,"['N', 'Y', 'AY0']","['N', 'Y', 'AY']",2,CCV,3
13087,"['AY0', 'N', 'Y']","['AY', 'N', 'Y']",-2,VCC,3
13088,"['N', 'Y', 'ER0']","['N', 'Y', 'ER']",2,CCV,3
13089,"['ER0', 'N', 'Y']","['ER', 'N', 'Y']",-2,VCC,3
13090,"['N', 'Y', 'AO0']","['N', 'Y', 'AO']",2,CCV,3
13091,"['AO0', 'N', 'Y']","['AO', 'N', 'Y']",-2,VCC,3
13092,"['N', 'Y', 'UW0']","['N', 'Y', 'UW']",2,CCV,3
13093,"['UW0', 'N', 'Y']","['UW', 'N', 'Y']",-2,VCC,3
13094,"['N', 'Y', 'IH0']","['N', 'Y', 'IH']",2,CCV,3
13095,"['IH0', 'N', 'Y']","['IH', 'N', 'Y']",-2,VCC,3
13096,"['N', 'Y', 'EH0']","['N', 'Y', 'EH']",2,CCV,3
13097,"['EH0', 'N', 'Y']","['EH', 'N', 'Y']",-2,VCC,3
13098,"['N', 'Y', 'UH0']","['N', 'Y', 'UH']",2,CCV,3
13099,"['UH0', 'N', 'Y']","['UH', 'N', 'Y']",-2,VCC,3
13100,"['N', 'Y', 'IY0']","['N', 'Y', 'IY']",2,CCV,3
13101,"['IY0', 'N', 'Y']","['IY', 'N', 'Y']",-2,VCC,3
13102,"['N', 'Y', 'EY0']","['N', 'Y', 'EY']",2,CCV,3
13103,"['EY0', 'N', 'Y']","['EY', 'N', 'Y']",-2,VCC,3
13104,"['N', 'Y', 'OW0']","['N', 'Y', 'OW']",2,CCV,3
13105,"['OW0', 'N', 'Y']","['OW', 'N', 'Y']",-2,VCC,3
13106,"['N', 'Y', 'AE0']","['N', 'Y', 'AE']",2,CCV,3
13107,"['AE0', 'N', 'Y']","['AE', 'N', 'Y']",-2,VCC,3
13108,"['N', 'Y', 'AW0']","['N', 'Y', 'AW']",2,CCV,3
13109,"['AW0', 'N', 'Y']","['AW', 'N', 'Y']",-2,VCC,3
13110,"['NG', 'P', 'AH0']","['NG', 'P', 'AH']",-3,CCV,3
13111,"['AH0', 'NG', 'P']","['AH', 'NG', 'P']",3,VCC,3
13112,"['NG', 'P', 'OY0']","['NG', 'P', 'OY']",-3,CCV,3
13113,"['OY0', 'NG', 'P']","['OY', 'NG', 'P']",3,VCC,3
13114,"['NG', 'P', 'AA0']","['NG', 'P', 'AA']",-3,CCV,3
13115,"['AA0', 'NG', 'P']","['AA', 'NG', 'P']",3,VCC,3
13116,"['NG', 'P', 'AY0']","['NG', 'P', 'AY']",-3,CCV,3
13117,"['AY0', 'NG', 'P']","['AY', 'NG', 'P']",3,VCC,3
13118,"['NG', 'P', 'ER0']","['NG', 'P', 'ER']",-3,CCV,3
13119,"['ER0', 'NG', 'P']","['ER', 'NG', 'P']",3,VCC,3
13120,"['NG', 'P', 'AO0']","['NG', 'P', 'AO']",-3,CCV,3
13121,"['AO0', 'NG', 'P']","['AO', 'NG', 'P']",3,VCC,3
13122,"['NG', 'P', 'UW0']","['NG', 'P', 'UW']",-3,CCV,3
13123,"['UW0', 'NG', 'P']","['UW', 'NG', 'P']",3,VCC,3
13124,"['NG', 'P', 'IH0']","['NG', 'P', 'IH']",-3,CCV,3
13125,"['IH0', 'NG', 'P']","['IH', 'NG', 'P']",3,VCC,3
13126,"['NG', 'P', 'EH0']","['NG', 'P', 'EH']",-3,CCV,3
13127,"['EH0', 'NG', 'P']","['EH', 'NG', 'P']",3,VCC,3
13128,"['NG', 'P', 'UH0']","['NG', 'P', 'UH']",-3,CCV,3
13129,"['UH0', 'NG', 'P']","['UH', 'NG', 'P']",3,VCC,3
13130,"['NG', 'P', 'IY0']","['NG', 'P', 'IY']",-3,CCV,3
13131,"['IY0', 'NG', 'P']","['IY', 'NG', 'P']",3,VCC,3
13132,"['NG', 'P', 'EY0']","['NG', 'P', 'EY']",-3,CCV,3
13133,"['EY0', 'NG', 'P']","['EY', 'NG', 'P']",3,VCC,3
13134,"['NG', 'P', 'OW0']","['NG', 'P', 'OW']",-3,CCV,3
13135,"['OW0', 'NG', 'P']","['OW', 'NG', 'P']",3,VCC,3
13136,"['NG', 'P', 'AE0']","['NG', 'P', 'AE']",-3,CCV,3
13137,"['AE0', 'NG', 'P']","['AE', 'NG', 'P']",3,VCC,3
13138,"['NG', 'P', 'AW0']","['NG', 'P', 'AW']",-3,CCV,3
13139,"['AW0', 'NG', 'P']","['AW', 'NG', 'P']",3,VCC,3
13140,"['NG', 'T', 'AH0']","['NG', 'T', 'AH']",-3,CCV,3
13141,"['AH0', 'NG', 'T']","['AH', 'NG', 'T']",3,VCC,3
13142,"['NG', 'T', 'OY0']","['NG', 'T', 'OY']",-3,CCV,3
13143,"['OY0', 'NG', 'T']","['OY', 'NG', 'T']",3,VCC,3
13144,"['NG', 'T', 'AA0']","['NG', 'T', 'AA']",-3,CCV,3
13145,"['AA0', 'NG', 'T']","['AA', 'NG', 'T']",3,VCC,3
13146,"['NG', 'T', 'AY0']","['NG', 'T', 'AY']",-3,CCV,3
13147,"['AY0', 'NG', 'T']","['AY', 'NG', 'T']",3,VCC,3
13148,"['NG', 'T', 'ER0']","['NG', 'T', 'ER']",-3,CCV,3
13149,"['ER0', 'NG', 'T']","['ER', 'NG', 'T']",3,VCC,3
13150,"['NG', 'T', 'AO0']","['NG', 'T', 'AO']",-3,CCV,3
13151,"['AO0', 'NG', 'T']","['AO', 'NG', 'T']",3,VCC,3
13152,"['NG', 'T', 'UW0']","['NG', 'T', 'UW']",-3,CCV,3
13153,"['UW0', 'NG', 'T']","['UW', 'NG', 'T']",3,VCC,3
13154,"['NG', 'T', 'IH0']","['NG', 'T', 'IH']",-3,CCV,3
13155,"['IH0', 'NG', 'T']","['IH', 'NG', 'T']",3,VCC,3
13156,"['NG', 'T', 'EH0']","['NG', 'T', 'EH']",-3,CCV,3
13157,"['EH0', 'NG', 'T']","['EH', 'NG', 'T']",3,VCC,3
13158,"['NG', 'T', 'UH0']","['NG', 'T', 'UH']",-3,CCV,3
13159,"['UH0', 'NG', 'T']","['UH', 'NG', 'T']",3,VCC,3
13160,"['NG', 'T', 'IY0']","['NG', 'T', 'IY']",-3,CCV,3
13161,"['IY0', 'NG', 'T']","['IY', 'NG', 'T']",3,VCC,3
13162,"['NG', 'T', 'EY0']","['NG', 'T', 'EY']",-3,CCV,3
13163,"['EY0', 'NG', 'T']","['EY', 'NG', 'T']",3,VCC,3
13164,"['NG', 'T', 'OW0']","['NG', 'T', 'OW']",-3,CCV,3
13165,"['OW0', 'NG', 'T']","['OW', 'NG', 'T']",3,VCC,3
13166,"['NG', 'T', 'AE0']","['NG', 'T', 'AE']",-3,CCV,3
13167,"['AE0', 'NG', 'T']","['AE', 'NG', 'T']",3,VCC,3
13168,"['NG', 'T', 'AW0']","['NG', 'T', 'AW']",-3,CCV,3
13169,"['AW0', 'NG', 'T']","['AW', 'NG', 'T']",3,VCC,3
13170,"['NG', 'K', 'AH0']","['NG', 'K', 'AH']",-3,CCV,3
13171,"['AH0', 'NG', 'K']","['AH', 'NG', 'K']",3,VCC,3
13172,"['NG', 'K', 'OY0']","['NG', 'K', 'OY']",-3,CCV,3
13173,"['OY0', 'NG', 'K']","['OY', 'NG', 'K']",3,VCC,3
13174,"['NG', 'K', 'AA0']","['NG', 'K', 'AA']",-3,CCV,3
13175,"['AA0', 'NG', 'K']","['AA', 'NG', 'K']",3,VCC,3
13176,"['NG', 'K', 'AY0']","['NG', 'K', 'AY']",-3,CCV,3
13177,"['AY0', 'NG', 'K']","['AY', 'NG', 'K']",3,VCC,3
13178,"['NG', 'K', 'ER0']","['NG', 'K', 'ER']",-3,CCV,3
13179,"['ER0', 'NG', 'K']","['ER', 'NG', 'K']",3,VCC,3
13180,"['NG', 'K', 'AO0']","['NG', 'K', 'AO']",-3,CCV,3
13181,"['AO0', 'NG', 'K']","['AO', 'NG', 'K']",3,VCC,3
13182,"['NG', 'K', 'UW0']","['NG', 'K', 'UW']",-3,CCV,3
13183,"['UW0', 'NG', 'K']","['UW', 'NG', 'K']",3,VCC,3
13184,"['NG', 'K', 'IH0']","['NG', 'K', 'IH']",-3,CCV,3
13185,"['IH0', 'NG', 'K']","['IH', 'NG', 'K']",3,VCC,3
13186,"['NG', 'K', 'EH0']","['NG', 'K', 'EH']",-3,CCV,3
13187,"['EH0', 'NG', 'K']","['EH', 'NG', 'K']",3,VCC,3
13188,"['NG', 'K', 'UH0']","['NG', 'K', 'UH']",-3,CCV,3
13189,"['UH0', 'NG', 'K']","['UH', 'NG', 'K']",3,VCC,3
13190,"['NG', 'K', 'IY0']","['NG', 'K', 'IY']",-3,CCV,3
13191,"['IY0', 'NG', 'K']","['IY', 'NG', 'K']",3,VCC,3
13192,"['NG', 'K', 'EY0']","['NG', 'K', 'EY']",-3,CCV,3
13193,"['EY0', 'NG', 'K']","['EY', 'NG', 'K']",3,VCC,3
13194,"['NG', 'K', 'OW0']","['NG', 'K', 'OW']",-3,CCV,3
13195,"['OW0', 'NG', 'K']","['OW', 'NG', 'K']",3,VCC,3
13196,"['NG', 'K', 'AE0']","['NG', 'K', 'AE']",-3,CCV,3
13197,"['AE0', 'NG', 'K']","['AE', 'NG', 'K']",3,VCC,3
13198,"['NG', 'K', 'AW0']","['NG', 'K', 'AW']",-3,CCV,3
13199,"['AW0', 'NG', 'K']","['AW', 'NG', 'K']",3,VCC,3
13200,"['NG', 'B', 'AH0']","['NG', 'B', 'AH']",-3,CCV,3
13201,"['AH0', 'NG', 'B']","['AH', 'NG', 'B']",3,VCC,3
13202,"['NG', 'B', 'OY0']","['NG', 'B', 'OY']",-3,CCV,3
13203,"['OY0', 'NG', 'B']","['OY', 'NG', 'B']",3,VCC,3
13204,"['NG', 'B', 'AA0']","['NG', 'B', 'AA']",-3,CCV,3
13205,"['AA0', 'NG', 'B']","['AA', 'NG', 'B']",3,VCC,3
13206,"['NG', 'B', 'AY0']","['NG', 'B', 'AY']",-3,CCV,3
13207,"['AY0', 'NG', 'B']","['AY', 'NG', 'B']",3,VCC,3
13208,"['NG', 'B', 'ER0']","['NG', 'B', 'ER']",-3,CCV,3
13209,"['ER0', 'NG', 'B']","['ER', 'NG', 'B']",3,VCC,3
13210,"['NG', 'B', 'AO0']","['NG', 'B', 'AO']",-3,CCV,3
13211,"['AO0', 'NG', 'B']","['AO', 'NG', 'B']",3,VCC,3
13212,"['NG', 'B', 'UW0']","['NG', 'B', 'UW']",-3,CCV,3
13213,"['UW0', 'NG', 'B']","['UW', 'NG', 'B']",3,VCC,3
13214,"['NG', 'B', 'IH0']","['NG', 'B', 'IH']",-3,CCV,3
13215,"['IH0', 'NG', 'B']","['IH', 'NG', 'B']",3,VCC,3
13216,"['NG', 'B', 'EH0']","['NG', 'B', 'EH']",-3,CCV,3
13217,"['EH0', 'NG', 'B']","['EH', 'NG', 'B']",3,VCC,3
13218,"['NG', 'B', 'UH0']","['NG', 'B', 'UH']",-3,CCV,3
13219,"['UH0', 'NG', 'B']","['UH', 'NG', 'B']",3,VCC,3
13220,"['NG', 'B', 'IY0']","['NG', 'B', 'IY']",-3,CCV,3
13221,"['IY0', 'NG', 'B']","['IY', 'NG', 'B']",3,VCC,3
13222,"['NG', 'B', 'EY0']","['NG', 'B', 'EY']",-3,CCV,3
13223,"['EY0', 'NG', 'B']","['EY', 'NG', 'B']",3,VCC,3
13224,"['NG', 'B', 'OW0']","['NG', 'B', 'OW']",-3,CCV,3
13225,"['OW0', 'NG', 'B']","['OW', 'NG', 'B']",3,VCC,3
13226,"['NG', 'B', 'AE0']","['NG', 'B', 'AE']",-3,CCV,3
13227,"['AE0', 'NG', 'B']","['AE', 'NG', 'B']",3,VCC,3
13228,"['NG', 'B', 'AW0']","['NG', 'B', 'AW']",-3,CCV,3
13229,"['AW0', 'NG', 'B']","['AW', 'NG', 'B']",3,VCC,3
13230,"['NG', 'D', 'AH0']","['NG', 'D', 'AH']",-3,CCV,3
13231,"['AH0', 'NG', 'D']","['AH', 'NG', 'D']",3,VCC,3
13232,"['NG', 'D', 'OY0']","['NG', 'D', 'OY']",-3,CCV,3
13233,"['OY0', 'NG', 'D']","['OY', 'NG', 'D']",3,VCC,3
13234,"['NG', 'D', 'AA0']","['NG', 'D', 'AA']",-3,CCV,3
13235,"['AA0', 'NG', 'D']","['AA', 'NG', 'D']",3,VCC,3
13236,"['NG', 'D', 'AY0']","['NG', 'D', 'AY']",-3,CCV,3
13237,"['AY0', 'NG', 'D']","['AY', 'NG', 'D']",3,VCC,3
13238,"['NG', 'D', 'ER0']","['NG', 'D', 'ER']",-3,CCV,3
13239,"['ER0', 'NG', 'D']","['ER', 'NG', 'D']",3,VCC,3
13240,"['NG', 'D', 'AO0']","['NG', 'D', 'AO']",-3,CCV,3
13241,"['AO0', 'NG', 'D']","['AO', 'NG', 'D']",3,VCC,3
13242,"['NG', 'D', 'UW0']","['NG', 'D', 'UW']",-3,CCV,3
13243,"['UW0', 'NG', 'D']","['UW', 'NG', 'D']",3,VCC,3
13244,"['NG', 'D', 'IH0']","['NG', 'D', 'IH']",-3,CCV,3
13245,"['IH0', 'NG', 'D']","['IH', 'NG', 'D']",3,VCC,3
13246,"['NG', 'D', 'EH0']","['NG', 'D', 'EH']",-3,CCV,3
13247,"['EH0', 'NG', 'D']","['EH', 'NG', 'D']",3,VCC,3
13248,"['NG', 'D', 'UH0']","['NG', 'D', 'UH']",-3,CCV,3
13249,"['UH0', 'NG', 'D']","['UH', 'NG', 'D']",3,VCC,3
13250,"['NG', 'D', 'IY0']","['NG', 'D', 'IY']",-3,CCV,3
13251,"['IY0', 'NG', 'D']","['IY', 'NG', 'D']",3,VCC,3
13252,"['NG', 'D', 'EY0']","['NG', 'D', 'EY']",-3,CCV,3
13253,"['EY0', 'NG', 'D']","['EY', 'NG', 'D']",3,VCC,3
13254,"['NG', 'D', 'OW0']","['NG', 'D', 'OW']",-3,CCV,3
13255,"['OW0', 'NG', 'D']","['OW', 'NG', 'D']",3,VCC,3
13256,"['NG', 'D', 'AE0']","['NG', 'D', 'AE']",-3,CCV,3
13257,"['AE0', 'NG', 'D']","['AE', 'NG', 'D']",3,VCC,3
13258,"['NG', 'D', 'AW0']","['NG', 'D', 'AW']",-3,CCV,3
13259,"['AW0', 'NG', 'D']","['AW', 'NG', 'D']",3,VCC,3
13260,"['NG', 'G', 'AH0']","['NG', 'G', 'AH']",-3,CCV,3
13261,"['AH0', 'NG', 'G']","['AH', 'NG', 'G']",3,VCC,3
13262,"['NG', 'G', 'OY0']","['NG', 'G', 'OY']",-3,CCV,3
13263,"['OY0', 'NG', 'G']","['OY', 'NG', 'G']",3,VCC,3
13264,"['NG', 'G', 'AA0']","['NG', 'G', 'AA']",-3,CCV,3
13265,"['AA0', 'NG', 'G']","['AA', 'NG', 'G']",3,VCC,3
13266,"['NG', 'G', 'AY0']","['NG', 'G', 'AY']",-3,CCV,3
13267,"['AY0', 'NG', 'G']","['AY', 'NG', 'G']",3,VCC,3
13268,"['NG', 'G', 'ER0']","['NG', 'G', 'ER']",-3,CCV,3
13269,"['ER0', 'NG', 'G']","['ER', 'NG', 'G']",3,VCC,3
13270,"['NG', 'G', 'AO0']","['NG', 'G', 'AO']",-3,CCV,3
13271,"['AO0', 'NG', 'G']","['AO', 'NG', 'G']",3,VCC,3
13272,"['NG', 'G', 'UW0']","['NG', 'G', 'UW']",-3,CCV,3
13273,"['UW0', 'NG', 'G']","['UW', 'NG', 'G']",3,VCC,3
13274,"['NG', 'G', 'IH0']","['NG', 'G', 'IH']",-3,CCV,3
13275,"['IH0', 'NG', 'G']","['IH', 'NG', 'G']",3,VCC,3
13276,"['NG', 'G', 'EH0']","['NG', 'G', 'EH']",-3,CCV,3
13277,"['EH0', 'NG', 'G']","['EH', 'NG', 'G']",3,VCC,3
13278,"['NG', 'G', 'UH0']","['NG', 'G', 'UH']",-3,CCV,3
13279,"['UH0', 'NG', 'G']","['UH', 'NG', 'G']",3,VCC,3
13280,"['NG', 'G', 'IY0']","['NG', 'G', 'IY']",-3,CCV,3
13281,"['IY0', 'NG', 'G']","['IY', 'NG', 'G']",3,VCC,3
13282,"['NG', 'G', 'EY0']","['NG', 'G', 'EY']",-3,CCV,3
13283,"['EY0', 'NG', 'G']","['EY', 'NG', 'G']",3,VCC,3
13284,"['NG', 'G', 'OW0']","['NG', 'G', 'OW']",-3,CCV,3
13285,"['OW0', 'NG', 'G']","['OW', 'NG', 'G']",3,VCC,3
13286,"['NG', 'G', 'AE0']","['NG', 'G', 'AE']",-3,CCV,3
13287,"['AE0', 'NG', 'G']","['AE', 'NG', 'G']",3,VCC,3
13288,"['NG', 'G', 'AW0']","['NG', 'G', 'AW']",-3,CCV,3
13289,"['AW0', 'NG', 'G']","['AW', 'NG', 'G']",3,VCC,3
13290,"['NG', 'F', 'AH0']","['NG', 'F', 'AH']",-2,CCV,3
13291,"['AH0', 'NG', 'F']","['AH', 'NG', 'F']",2,VCC,3
13292,"['NG', 'F', 'OY0']","['NG', 'F', 'OY']",-2,CCV,3
13293,"['OY0', 'NG', 'F']","['OY', 'NG', 'F']",2,VCC,3
13294,"['NG', 'F', 'AA0']","['NG', 'F', 'AA']",-2,CCV,3
13295,"['AA0', 'NG', 'F']","['AA', 'NG', 'F']",2,VCC,3
13296,"['NG', 'F', 'AY0']","['NG', 'F', 'AY']",-2,CCV,3
13297,"['AY0', 'NG', 'F']","['AY', 'NG', 'F']",2,VCC,3
13298,"['NG', 'F', 'ER0']","['NG', 'F', 'ER']",-2,CCV,3
13299,"['ER0', 'NG', 'F']","['ER', 'NG', 'F']",2,VCC,3
13300,"['NG', 'F', 'AO0']","['NG', 'F', 'AO']",-2,CCV,3
13301,"['AO0', 'NG', 'F']","['AO', 'NG', 'F']",2,VCC,3
13302,"['NG', 'F', 'UW0']","['NG', 'F', 'UW']",-2,CCV,3
13303,"['UW0', 'NG', 'F']","['UW', 'NG', 'F']",2,VCC,3
13304,"['NG', 'F', 'IH0']","['NG', 'F', 'IH']",-2,CCV,3
13305,"['IH0', 'NG', 'F']","['IH', 'NG', 'F']",2,VCC,3
13306,"['NG', 'F', 'EH0']","['NG', 'F', 'EH']",-2,CCV,3
13307,"['EH0', 'NG', 'F']","['EH', 'NG', 'F']",2,VCC,3
13308,"['NG', 'F', 'UH0']","['NG', 'F', 'UH']",-2,CCV,3
13309,"['UH0', 'NG', 'F']","['UH', 'NG', 'F']",2,VCC,3
13310,"['NG', 'F', 'IY0']","['NG', 'F', 'IY']",-2,CCV,3
13311,"['IY0', 'NG', 'F']","['IY', 'NG', 'F']",2,VCC,3
13312,"['NG', 'F', 'EY0']","['NG', 'F', 'EY']",-2,CCV,3
13313,"['EY0', 'NG', 'F']","['EY', 'NG', 'F']",2,VCC,3
13314,"['NG', 'F', 'OW0']","['NG', 'F', 'OW']",-2,CCV,3
13315,"['OW0', 'NG', 'F']","['OW', 'NG', 'F']",2,VCC,3
13316,"['NG', 'F', 'AE0']","['NG', 'F', 'AE']",-2,CCV,3
13317,"['AE0', 'NG', 'F']","['AE', 'NG', 'F']",2,VCC,3
13318,"['NG', 'F', 'AW0']","['NG', 'F', 'AW']",-2,CCV,3
13319,"['AW0', 'NG', 'F']","['AW', 'NG', 'F']",2,VCC,3
13320,"['NG', 'TH', 'AH0']","['NG', 'TH', 'AH']",-2,CCV,3
13321,"['AH0', 'NG', 'TH']","['AH', 'NG', 'TH']",2,VCC,3
13322,"['NG', 'TH', 'OY0']","['NG', 'TH', 'OY']",-2,CCV,3
13323,"['OY0', 'NG', 'TH']","['OY', 'NG', 'TH']",2,VCC,3
13324,"['NG', 'TH', 'AA0']","['NG', 'TH', 'AA']",-2,CCV,3
13325,"['AA0', 'NG', 'TH']","['AA', 'NG', 'TH']",2,VCC,3
13326,"['NG', 'TH', 'AY0']","['NG', 'TH', 'AY']",-2,CCV,3
13327,"['AY0', 'NG', 'TH']","['AY', 'NG', 'TH']",2,VCC,3
13328,"['NG', 'TH', 'ER0']","['NG', 'TH', 'ER']",-2,CCV,3
13329,"['ER0', 'NG', 'TH']","['ER', 'NG', 'TH']",2,VCC,3
13330,"['NG', 'TH', 'AO0']","['NG', 'TH', 'AO']",-2,CCV,3
13331,"['AO0', 'NG', 'TH']","['AO', 'NG', 'TH']",2,VCC,3
13332,"['NG', 'TH', 'UW0']","['NG', 'TH', 'UW']",-2,CCV,3
13333,"['UW0', 'NG', 'TH']","['UW', 'NG', 'TH']",2,VCC,3
13334,"['NG', 'TH', 'IH0']","['NG', 'TH', 'IH']",-2,CCV,3
13335,"['IH0', 'NG', 'TH']","['IH', 'NG', 'TH']",2,VCC,3
13336,"['NG', 'TH', 'EH0']","['NG', 'TH', 'EH']",-2,CCV,3
13337,"['EH0', 'NG', 'TH']","['EH', 'NG', 'TH']",2,VCC,3
13338,"['NG', 'TH', 'UH0']","['NG', 'TH', 'UH']",-2,CCV,3
13339,"['UH0', 'NG', 'TH']","['UH', 'NG', 'TH']",2,VCC,3
13340,"['NG', 'TH', 'IY0']","['NG', 'TH', 'IY']",-2,CCV,3
13341,"['IY0', 'NG', 'TH']","['IY', 'NG', 'TH']",2,VCC,3
13342,"['NG', 'TH', 'EY0']","['NG', 'TH', 'EY']",-2,CCV,3
13343,"['EY0', 'NG', 'TH']","['EY', 'NG', 'TH']",2,VCC,3
13344,"['NG', 'TH', 'OW0']","['NG', 'TH', 'OW']",-2,CCV,3
13345,"['OW0', 'NG', 'TH']","['OW', 'NG', 'TH']",2,VCC,3
13346,"['NG', 'TH', 'AE0']","['NG', 'TH', 'AE']",-2,CCV,3
13347,"['AE0', 'NG', 'TH']","['AE', 'NG', 'TH']",2,VCC,3
13348,"['NG', 'TH', 'AW0']","['NG', 'TH', 'AW']",-2,CCV,3
13349,"['AW0', 'NG', 'TH']","['AW', 'NG', 'TH']",2,VCC,3
13350,"['NG', 'S', 'AH0']","['NG', 'S', 'AH']",-2,CCV,3
13351,"['AH0', 'NG', 'S']","['AH', 'NG', 'S']",2,VCC,3
13352,"['NG', 'S', 'OY0']","['NG', 'S', 'OY']",-2,CCV,3
13353,"['OY0', 'NG', 'S']","['OY', 'NG', 'S']",2,VCC,3
13354,"['NG', 'S', 'AA0']","['NG', 'S', 'AA']",-2,CCV,3
13355,"['AA0', 'NG', 'S']","['AA', 'NG', 'S']",2,VCC,3
13356,"['NG', 'S', 'AY0']","['NG', 'S', 'AY']",-2,CCV,3
13357,"['AY0', 'NG', 'S']","['AY', 'NG', 'S']",2,VCC,3
13358,"['NG', 'S', 'ER0']","['NG', 'S', 'ER']",-2,CCV,3
13359,"['ER0', 'NG', 'S']","['ER', 'NG', 'S']",2,VCC,3
13360,"['NG', 'S', 'AO0']","['NG', 'S', 'AO']",-2,CCV,3
13361,"['AO0', 'NG', 'S']","['AO', 'NG', 'S']",2,VCC,3
13362,"['NG', 'S', 'UW0']","['NG', 'S', 'UW']",-2,CCV,3
13363,"['UW0', 'NG', 'S']","['UW', 'NG', 'S']",2,VCC,3
13364,"['NG', 'S', 'IH0']","['NG', 'S', 'IH']",-2,CCV,3
13365,"['IH0', 'NG', 'S']","['IH', 'NG', 'S']",2,VCC,3
13366,"['NG', 'S', 'EH0']","['NG', 'S', 'EH']",-2,CCV,3
13367,"['EH0', 'NG', 'S']","['EH', 'NG', 'S']",2,VCC,3
13368,"['NG', 'S', 'UH0']","['NG', 'S', 'UH']",-2,CCV,3
13369,"['UH0', 'NG', 'S']","['UH', 'NG', 'S']",2,VCC,3
13370,"['NG', 'S', 'IY0']","['NG', 'S', 'IY']",-2,CCV,3
13371,"['IY0', 'NG', 'S']","['IY', 'NG', 'S']",2,VCC,3
13372,"['NG', 'S', 'EY0']","['NG', 'S', 'EY']",-2,CCV,3
13373,"['EY0', 'NG', 'S']","['EY', 'NG', 'S']",2,VCC,3
13374,"['NG', 'S', 'OW0']","['NG', 'S', 'OW']",-2,CCV,3
13375,"['OW0', 'NG', 'S']","['OW', 'NG', 'S']",2,VCC,3
13376,"['NG', 'S', 'AE0']","['NG', 'S', 'AE']",-2,CCV,3
13377,"['AE0', 'NG', 'S']","['AE', 'NG', 'S']",2,VCC,3
13378,"['NG', 'S', 'AW0']","['NG', 'S', 'AW']",-2,CCV,3
13379,"['AW0', 'NG', 'S']","['AW', 'NG', 'S']",2,VCC,3
13380,"['NG', 'SH', 'AH0']","['NG', 'SH', 'AH']",-2,CCV,3
13381,"['AH0', 'NG', 'SH']","['AH', 'NG', 'SH']",2,VCC,3
13382,"['NG', 'SH', 'OY0']","['NG', 'SH', 'OY']",-2,CCV,3
13383,"['OY0', 'NG', 'SH']","['OY', 'NG', 'SH']",2,VCC,3
13384,"['NG', 'SH', 'AA0']","['NG', 'SH', 'AA']",-2,CCV,3
13385,"['AA0', 'NG', 'SH']","['AA', 'NG', 'SH']",2,VCC,3
13386,"['NG', 'SH', 'AY0']","['NG', 'SH', 'AY']",-2,CCV,3
13387,"['AY0', 'NG', 'SH']","['AY', 'NG', 'SH']",2,VCC,3
13388,"['NG', 'SH', 'ER0']","['NG', 'SH', 'ER']",-2,CCV,3
13389,"['ER0', 'NG', 'SH']","['ER', 'NG', 'SH']",2,VCC,3
13390,"['NG', 'SH', 'AO0']","['NG', 'SH', 'AO']",-2,CCV,3
13391,"['AO0', 'NG', 'SH']","['AO', 'NG', 'SH']",2,VCC,3
13392,"['NG', 'SH', 'UW0']","['NG', 'SH', 'UW']",-2,CCV,3
13393,"['UW0', 'NG', 'SH']","['UW', 'NG', 'SH']",2,VCC,3
13394,"['NG', 'SH', 'IH0']","['NG', 'SH', 'IH']",-2,CCV,3
13395,"['IH0', 'NG', 'SH']","['IH', 'NG', 'SH']",2,VCC,3
13396,"['NG', 'SH', 'EH0']","['NG', 'SH', 'EH']",-2,CCV,3
13397,"['EH0', 'NG', 'SH']","['EH', 'NG', 'SH']",2,VCC,3
13398,"['NG', 'SH', 'UH0']","['NG', 'SH', 'UH']",-2,CCV,3
13399,"['UH0', 'NG', 'SH']","['UH', 'NG', 'SH']",2,VCC,3
13400,"['NG', 'SH', 'IY0']","['NG', 'SH', 'IY']",-2,CCV,3
13401,"['IY0', 'NG', 'SH']","['IY', 'NG', 'SH']",2,VCC,3
13402,"['NG', 'SH', 'EY0']","['NG', 'SH', 'EY']",-2,CCV,3
13403,"['EY0', 'NG', 'SH']","['EY', 'NG', 'SH']",2,VCC,3
13404,"['NG', 'SH', 'OW0']","['NG', 'SH', 'OW']",-2,CCV,3
13405,"['OW0', 'NG', 'SH']","['OW', 'NG', 'SH']",2,VCC,3
13406,"['NG', 'SH', 'AE0']","['NG', 'SH', 'AE']",-2,CCV,3
13407,"['AE0', 'NG', 'SH']","['AE', 'NG', 'SH']",2,VCC,3
13408,"['NG', 'SH', 'AW0']","['NG', 'SH', 'AW']",-2,CCV,3
13409,"['AW0', 'NG', 'SH']","['AW', 'NG', 'SH']",2,VCC,3
13410,"['NG', 'Z', 'AH0']","['NG', 'Z', 'AH']",-2,CCV,3
13411,"['AH0', 'NG', 'Z']","['AH', 'NG', 'Z']",2,VCC,3
13412,"['NG', 'Z', 'OY0']","['NG', 'Z', 'OY']",-2,CCV,3
13413,"['OY0', 'NG', 'Z']","['OY', 'NG', 'Z']",2,VCC,3
13414,"['NG', 'Z', 'AA0']","['NG', 'Z', 'AA']",-2,CCV,3
13415,"['AA0', 'NG', 'Z']","['AA', 'NG', 'Z']",2,VCC,3
13416,"['NG', 'Z', 'AY0']","['NG', 'Z', 'AY']",-2,CCV,3
13417,"['AY0', 'NG', 'Z']","['AY', 'NG', 'Z']",2,VCC,3
13418,"['NG', 'Z', 'ER0']","['NG', 'Z', 'ER']",-2,CCV,3
13419,"['ER0', 'NG', 'Z']","['ER', 'NG', 'Z']",2,VCC,3
13420,"['NG', 'Z', 'AO0']","['NG', 'Z', 'AO']",-2,CCV,3
13421,"['AO0', 'NG', 'Z']","['AO', 'NG', 'Z']",2,VCC,3
13422,"['NG', 'Z', 'UW0']","['NG', 'Z', 'UW']",-2,CCV,3
13423,"['UW0', 'NG', 'Z']","['UW', 'NG', 'Z']",2,VCC,3
13424,"['NG', 'Z', 'IH0']","['NG', 'Z', 'IH']",-2,CCV,3
13425,"['IH0', 'NG', 'Z']","['IH', 'NG', 'Z']",2,VCC,3
13426,"['NG', 'Z', 'EH0']","['NG', 'Z', 'EH']",-2,CCV,3
13427,"['EH0', 'NG', 'Z']","['EH', 'NG', 'Z']",2,VCC,3
13428,"['NG', 'Z', 'UH0']","['NG', 'Z', 'UH']",-2,CCV,3
13429,"['UH0', 'NG', 'Z']","['UH', 'NG', 'Z']",2,VCC,3
13430,"['NG', 'Z', 'IY0']","['NG', 'Z', 'IY']",-2,CCV,3
13431,"['IY0', 'NG', 'Z']","['IY', 'NG', 'Z']",2,VCC,3
13432,"['NG', 'Z', 'EY0']","['NG', 'Z', 'EY']",-2,CCV,3
13433,"['EY0', 'NG', 'Z']","['EY', 'NG', 'Z']",2,VCC,3
13434,"['NG', 'Z', 'OW0']","['NG', 'Z', 'OW']",-2,CCV,3
13435,"['OW0', 'NG', 'Z']","['OW', 'NG', 'Z']",2,VCC,3
13436,"['NG', 'Z', 'AE0']","['NG', 'Z', 'AE']",-2,CCV,3
13437,"['AE0', 'NG', 'Z']","['AE', 'NG', 'Z']",2,VCC,3
13438,"['NG', 'Z', 'AW0']","['NG', 'Z', 'AW']",-2,CCV,3
13439,"['AW0', 'NG', 'Z']","['AW', 'NG', 'Z']",2,VCC,3
13440,"['NG', 'ZH', 'AH0']","['NG', 'ZH', 'AH']",-2,CCV,3
13441,"['AH0', 'NG', 'ZH']","['AH', 'NG', 'ZH']",2,VCC,3
13442,"['NG', 'ZH', 'OY0']","['NG', 'ZH', 'OY']",-2,CCV,3
13443,"['OY0', 'NG', 'ZH']","['OY', 'NG', 'ZH']",2,VCC,3
13444,"['NG', 'ZH', 'AA0']","['NG', 'ZH', 'AA']",-2,CCV,3
13445,"['AA0', 'NG', 'ZH']","['AA', 'NG', 'ZH']",2,VCC,3
13446,"['NG', 'ZH', 'AY0']","['NG', 'ZH', 'AY']",-2,CCV,3
13447,"['AY0', 'NG', 'ZH']","['AY', 'NG', 'ZH']",2,VCC,3
13448,"['NG', 'ZH', 'ER0']","['NG', 'ZH', 'ER']",-2,CCV,3
13449,"['ER0', 'NG', 'ZH']","['ER', 'NG', 'ZH']",2,VCC,3
13450,"['NG', 'ZH', 'AO0']","['NG', 'ZH', 'AO']",-2,CCV,3
13451,"['AO0', 'NG', 'ZH']","['AO', 'NG', 'ZH']",2,VCC,3
13452,"['NG', 'ZH', 'UW0']","['NG', 'ZH', 'UW']",-2,CCV,3
13453,"['UW0', 'NG', 'ZH']","['UW', 'NG', 'ZH']",2,VCC,3
13454,"['NG', 'ZH', 'IH0']","['NG', 'ZH', 'IH']",-2,CCV,3
13455,"['IH0', 'NG', 'ZH']","['IH', 'NG', 'ZH']",2,VCC,3
13456,"['NG', 'ZH', 'EH0']","['NG', 'ZH', 'EH']",-2,CCV,3
13457,"['EH0', 'NG', 'ZH']","['EH', 'NG', 'ZH']",2,VCC,3
13458,"['NG', 'ZH', 'UH0']","['NG', 'ZH', 'UH']",-2,CCV,3
13459,"['UH0', 'NG', 'ZH']","['UH', 'NG', 'ZH']",2,VCC,3
13460,"['NG', 'ZH', 'IY0']","['NG', 'ZH', 'IY']",-2,CCV,3
13461,"['IY0', 'NG', 'ZH']","['IY', 'NG', 'ZH']",2,VCC,3
13462,"['NG', 'ZH', 'EY0']","['NG', 'ZH', 'EY']",-2,CCV,3
13463,"['EY0', 'NG', 'ZH']","['EY', 'NG', 'ZH']",2,VCC,3
13464,"['NG', 'ZH', 'OW0']","['NG', 'ZH', 'OW']",-2,CCV,3
13465,"['OW0', 'NG', 'ZH']","['OW', 'NG', 'ZH']",2,VCC,3
13466,"['NG', 'ZH', 'AE0']","['NG', 'ZH', 'AE']",-2,CCV,3
13467,"['AE0', 'NG', 'ZH']","['AE', 'NG', 'ZH']",2,VCC,3
13468,"['NG', 'ZH', 'AW0']","['NG', 'ZH', 'AW']",-2,CCV,3
13469,"['AW0', 'NG', 'ZH']","['AW', 'NG', 'ZH']",2,VCC,3
13470,"['NG', 'V', 'AH0']","['NG', 'V', 'AH']",-2,CCV,3
13471,"['AH0', 'NG', 'V']","['AH', 'NG', 'V']",2,VCC,3
13472,"['NG', 'V', 'OY0']","['NG', 'V', 'OY']",-2,CCV,3
13473,"['OY0', 'NG', 'V']","['OY', 'NG', 'V']",2,VCC,3
13474,"['NG', 'V', 'AA0']","['NG', 'V', 'AA']",-2,CCV,3
13475,"['AA0', 'NG', 'V']","['AA', 'NG', 'V']",2,VCC,3
13476,"['NG', 'V', 'AY0']","['NG', 'V', 'AY']",-2,CCV,3
13477,"['AY0', 'NG', 'V']","['AY', 'NG', 'V']",2,VCC,3
13478,"['NG', 'V', 'ER0']","['NG', 'V', 'ER']",-2,CCV,3
13479,"['ER0', 'NG', 'V']","['ER', 'NG', 'V']",2,VCC,3
13480,"['NG', 'V', 'AO0']","['NG', 'V', 'AO']",-2,CCV,3
13481,"['AO0', 'NG', 'V']","['AO', 'NG', 'V']",2,VCC,3
13482,"['NG', 'V', 'UW0']","['NG', 'V', 'UW']",-2,CCV,3
13483,"['UW0', 'NG', 'V']","['UW', 'NG', 'V']",2,VCC,3
13484,"['NG', 'V', 'IH0']","['NG', 'V', 'IH']",-2,CCV,3
13485,"['IH0', 'NG', 'V']","['IH', 'NG', 'V']",2,VCC,3
13486,"['NG', 'V', 'EH0']","['NG', 'V', 'EH']",-2,CCV,3
13487,"['EH0', 'NG', 'V']","['EH', 'NG', 'V']",2,VCC,3
13488,"['NG', 'V', 'UH0']","['NG', 'V', 'UH']",-2,CCV,3
13489,"['UH0', 'NG', 'V']","['UH', 'NG', 'V']",2,VCC,3
13490,"['NG', 'V', 'IY0']","['NG', 'V', 'IY']",-2,CCV,3
13491,"['IY0', 'NG', 'V']","['IY', 'NG', 'V']",2,VCC,3
13492,"['NG', 'V', 'EY0']","['NG', 'V', 'EY']",-2,CCV,3
13493,"['EY0', 'NG', 'V']","['EY', 'NG', 'V']",2,VCC,3
13494,"['NG', 'V', 'OW0']","['NG', 'V', 'OW']",-2,CCV,3
13495,"['OW0', 'NG', 'V']","['OW', 'NG', 'V']",2,VCC,3
13496,"['NG', 'V', 'AE0']","['NG', 'V', 'AE']",-2,CCV,3
13497,"['AE0', 'NG', 'V']","['AE', 'NG', 'V']",2,VCC,3
13498,"['NG', 'V', 'AW0']","['NG', 'V', 'AW']",-2,CCV,3
13499,"['AW0', 'NG', 'V']","['AW', 'NG', 'V']",2,VCC,3
13500,"['NG', 'DH', 'AH0']","['NG', 'DH', 'AH']",-2,CCV,3
13501,"['AH0', 'NG', 'DH']","['AH', 'NG', 'DH']",2,VCC,3
13502,"['NG', 'DH', 'OY0']","['NG', 'DH', 'OY']",-2,CCV,3
13503,"['OY0', 'NG', 'DH']","['OY', 'NG', 'DH']",2,VCC,3
13504,"['NG', 'DH', 'AA0']","['NG', 'DH', 'AA']",-2,CCV,3
13505,"['AA0', 'NG', 'DH']","['AA', 'NG', 'DH']",2,VCC,3
13506,"['NG', 'DH', 'AY0']","['NG', 'DH', 'AY']",-2,CCV,3
13507,"['AY0', 'NG', 'DH']","['AY', 'NG', 'DH']",2,VCC,3
13508,"['NG', 'DH', 'ER0']","['NG', 'DH', 'ER']",-2,CCV,3
13509,"['ER0', 'NG', 'DH']","['ER', 'NG', 'DH']",2,VCC,3
13510,"['NG', 'DH', 'AO0']","['NG', 'DH', 'AO']",-2,CCV,3
13511,"['AO0', 'NG', 'DH']","['AO', 'NG', 'DH']",2,VCC,3
13512,"['NG', 'DH', 'UW0']","['NG', 'DH', 'UW']",-2,CCV,3
13513,"['UW0', 'NG', 'DH']","['UW', 'NG', 'DH']",2,VCC,3
13514,"['NG', 'DH', 'IH0']","['NG', 'DH', 'IH']",-2,CCV,3
13515,"['IH0', 'NG', 'DH']","['IH', 'NG', 'DH']",2,VCC,3
13516,"['NG', 'DH', 'EH0']","['NG', 'DH', 'EH']",-2,CCV,3
13517,"['EH0', 'NG', 'DH']","['EH', 'NG', 'DH']",2,VCC,3
13518,"['NG', 'DH', 'UH0']","['NG', 'DH', 'UH']",-2,CCV,3
13519,"['UH0', 'NG', 'DH']","['UH', 'NG', 'DH']",2,VCC,3
13520,"['NG', 'DH', 'IY0']","['NG', 'DH', 'IY']",-2,CCV,3
13521,"['IY0', 'NG', 'DH']","['IY', 'NG', 'DH']",2,VCC,3
13522,"['NG', 'DH', 'EY0']","['NG', 'DH', 'EY']",-2,CCV,3
13523,"['EY0', 'NG', 'DH']","['EY', 'NG', 'DH']",2,VCC,3
13524,"['NG', 'DH', 'OW0']","['NG', 'DH', 'OW']",-2,CCV,3
13525,"['OW0', 'NG', 'DH']","['OW', 'NG', 'DH']",2,VCC,3
13526,"['NG', 'DH', 'AE0']","['NG', 'DH', 'AE']",-2,CCV,3
13527,"['AE0', 'NG', 'DH']","['AE', 'NG', 'DH']",2,VCC,3
13528,"['NG', 'DH', 'AW0']","['NG', 'DH', 'AW']",-2,CCV,3
13529,"['AW0', 'NG', 'DH']","['AW', 'NG', 'DH']",2,VCC,3
13530,"['NG', 'HH', 'AH0']","['NG', 'HH', 'AH']",-2,CCV,3
13531,"['AH0', 'NG', 'HH']","['AH', 'NG', 'HH']",2,VCC,3
13532,"['NG', 'HH', 'OY0']","['NG', 'HH', 'OY']",-2,CCV,3
13533,"['OY0', 'NG', 'HH']","['OY', 'NG', 'HH']",2,VCC,3
13534,"['NG', 'HH', 'AA0']","['NG', 'HH', 'AA']",-2,CCV,3
13535,"['AA0', 'NG', 'HH']","['AA', 'NG', 'HH']",2,VCC,3
13536,"['NG', 'HH', 'AY0']","['NG', 'HH', 'AY']",-2,CCV,3
13537,"['AY0', 'NG', 'HH']","['AY', 'NG', 'HH']",2,VCC,3
13538,"['NG', 'HH', 'ER0']","['NG', 'HH', 'ER']",-2,CCV,3
13539,"['ER0', 'NG', 'HH']","['ER', 'NG', 'HH']",2,VCC,3
13540,"['NG', 'HH', 'AO0']","['NG', 'HH', 'AO']",-2,CCV,3
13541,"['AO0', 'NG', 'HH']","['AO', 'NG', 'HH']",2,VCC,3
13542,"['NG', 'HH', 'UW0']","['NG', 'HH', 'UW']",-2,CCV,3
13543,"['UW0', 'NG', 'HH']","['UW', 'NG', 'HH']",2,VCC,3
13544,"['NG', 'HH', 'IH0']","['NG', 'HH', 'IH']",-2,CCV,3
13545,"['IH0', 'NG', 'HH']","['IH', 'NG', 'HH']",2,VCC,3
13546,"['NG', 'HH', 'EH0']","['NG', 'HH', 'EH']",-2,CCV,3
13547,"['EH0', 'NG', 'HH']","['EH', 'NG', 'HH']",2,VCC,3
13548,"['NG', 'HH', 'UH0']","['NG', 'HH', 'UH']",-2,CCV,3
13549,"['UH0', 'NG', 'HH']","['UH', 'NG', 'HH']",2,VCC,3
13550,"['NG', 'HH', 'IY0']","['NG', 'HH', 'IY']",-2,CCV,3
13551,"['IY0', 'NG', 'HH']","['IY', 'NG', 'HH']",2,VCC,3
13552,"['NG', 'HH', 'EY0']","['NG', 'HH', 'EY']",-2,CCV,3
13553,"['EY0', 'NG', 'HH']","['EY', 'NG', 'HH']",2,VCC,3
13554,"['NG', 'HH', 'OW0']","['NG', 'HH', 'OW']",-2,CCV,3
13555,"['OW0', 'NG', 'HH']","['OW', 'NG', 'HH']",2,VCC,3
13556,"['NG', 'HH', 'AE0']","['NG', 'HH', 'AE']",-2,CCV,3
13557,"['AE0', 'NG', 'HH']","['AE', 'NG', 'HH']",2,VCC,3
13558,"['NG', 'HH', 'AW0']","['NG', 'HH', 'AW']",-2,CCV,3
13559,"['AW0', 'NG', 'HH']","['AW', 'NG', 'HH']",2,VCC,3
13560,"['NG', 'CH', 'AH0']","['NG', 'CH', 'AH']",-1,CCV,3
13561,"['AH0', 'NG', 'CH']","['AH', 'NG', 'CH']",1,VCC,3
13562,"['NG', 'CH', 'OY0']","['NG', 'CH', 'OY']",-1,CCV,3
13563,"['OY0', 'NG', 'CH']","['OY', 'NG', 'CH']",1,VCC,3
13564,"['NG', 'CH', 'AA0']","['NG', 'CH', 'AA']",-1,CCV,3
13565,"['AA0', 'NG', 'CH']","['AA', 'NG', 'CH']",1,VCC,3
13566,"['NG', 'CH', 'AY0']","['NG', 'CH', 'AY']",-1,CCV,3
13567,"['AY0', 'NG', 'CH']","['AY', 'NG', 'CH']",1,VCC,3
13568,"['NG', 'CH', 'ER0']","['NG', 'CH', 'ER']",-1,CCV,3
13569,"['ER0', 'NG', 'CH']","['ER', 'NG', 'CH']",1,VCC,3
13570,"['NG', 'CH', 'AO0']","['NG', 'CH', 'AO']",-1,CCV,3
13571,"['AO0', 'NG', 'CH']","['AO', 'NG', 'CH']",1,VCC,3
13572,"['NG', 'CH', 'UW0']","['NG', 'CH', 'UW']",-1,CCV,3
13573,"['UW0', 'NG', 'CH']","['UW', 'NG', 'CH']",1,VCC,3
13574,"['NG', 'CH', 'IH0']","['NG', 'CH', 'IH']",-1,CCV,3
13575,"['IH0', 'NG', 'CH']","['IH', 'NG', 'CH']",1,VCC,3
13576,"['NG', 'CH', 'EH0']","['NG', 'CH', 'EH']",-1,CCV,3
13577,"['EH0', 'NG', 'CH']","['EH', 'NG', 'CH']",1,VCC,3
13578,"['NG', 'CH', 'UH0']","['NG', 'CH', 'UH']",-1,CCV,3
13579,"['UH0', 'NG', 'CH']","['UH', 'NG', 'CH']",1,VCC,3
13580,"['NG', 'CH', 'IY0']","['NG', 'CH', 'IY']",-1,CCV,3
13581,"['IY0', 'NG', 'CH']","['IY', 'NG', 'CH']",1,VCC,3
13582,"['NG', 'CH', 'EY0']","['NG', 'CH', 'EY']",-1,CCV,3
13583,"['EY0', 'NG', 'CH']","['EY', 'NG', 'CH']",1,VCC,3
13584,"['NG', 'CH', 'OW0']","['NG', 'CH', 'OW']",-1,CCV,3
13585,"['OW0', 'NG', 'CH']","['OW', 'NG', 'CH']",1,VCC,3
13586,"['NG', 'CH', 'AE0']","['NG', 'CH', 'AE']",-1,CCV,3
13587,"['AE0', 'NG', 'CH']","['AE', 'NG', 'CH']",1,VCC,3
13588,"['NG', 'CH', 'AW0']","['NG', 'CH', 'AW']",-1,CCV,3
13589,"['AW0', 'NG', 'CH']","['AW', 'NG', 'CH']",1,VCC,3
13590,"['NG', 'JH', 'AH0']","['NG', 'JH', 'AH']",-1,CCV,3
13591,"['AH0', 'NG', 'JH']","['AH', 'NG', 'JH']",1,VCC,3
13592,"['NG', 'JH', 'OY0']","['NG', 'JH', 'OY']",-1,CCV,3
13593,"['OY0', 'NG', 'JH']","['OY', 'NG', 'JH']",1,VCC,3
13594,"['NG', 'JH', 'AA0']","['NG', 'JH', 'AA']",-1,CCV,3
13595,"['AA0', 'NG', 'JH']","['AA', 'NG', 'JH']",1,VCC,3
13596,"['NG', 'JH', 'AY0']","['NG', 'JH', 'AY']",-1,CCV,3
13597,"['AY0', 'NG', 'JH']","['AY', 'NG', 'JH']",1,VCC,3
13598,"['NG', 'JH', 'ER0']","['NG', 'JH', 'ER']",-1,CCV,3
13599,"['ER0', 'NG', 'JH']","['ER', 'NG', 'JH']",1,VCC,3
13600,"['NG', 'JH', 'AO0']","['NG', 'JH', 'AO']",-1,CCV,3
13601,"['AO0', 'NG', 'JH']","['AO', 'NG', 'JH']",1,VCC,3
13602,"['NG', 'JH', 'UW0']","['NG', 'JH', 'UW']",-1,CCV,3
13603,"['UW0', 'NG', 'JH']","['UW', 'NG', 'JH']",1,VCC,3
13604,"['NG', 'JH', 'IH0']","['NG', 'JH', 'IH']",-1,CCV,3
13605,"['IH0', 'NG', 'JH']","['IH', 'NG', 'JH']",1,VCC,3
13606,"['NG', 'JH', 'EH0']","['NG', 'JH', 'EH']",-1,CCV,3
13607,"['EH0', 'NG', 'JH']","['EH', 'NG', 'JH']",1,VCC,3
13608,"['NG', 'JH', 'UH0']","['NG', 'JH', 'UH']",-1,CCV,3
13609,"['UH0', 'NG', 'JH']","['UH', 'NG', 'JH']",1,VCC,3
13610,"['NG', 'JH', 'IY0']","['NG', 'JH', 'IY']",-1,CCV,3
13611,"['IY0', 'NG', 'JH']","['IY', 'NG', 'JH']",1,VCC,3
13612,"['NG', 'JH', 'EY0']","['NG', 'JH', 'EY']",-1,CCV,3
13613,"['EY0', 'NG', 'JH']","['EY', 'NG', 'JH']",1,VCC,3
13614,"['NG', 'JH', 'OW0']","['NG', 'JH', 'OW']",-1,CCV,3
13615,"['OW0', 'NG', 'JH']","['OW', 'NG', 'JH']",1,VCC,3
13616,"['NG', 'JH', 'AE0']","['NG', 'JH', 'AE']",-1,CCV,3
13617,"['AE0', 'NG', 'JH']","['AE', 'NG', 'JH']",1,VCC,3
13618,"['NG', 'JH', 'AW0']","['NG', 'JH', 'AW']",-1,CCV,3
13619,"['AW0', 'NG', 'JH']","['AW', 'NG', 'JH']",1,VCC,3
13620,"['NG', 'M', 'AH0']","['NG', 'M', 'AH']",0,CCV,3
13621,"['AH0', 'NG', 'M']","['AH', 'NG', 'M']",0,VCC,3
13622,"['NG', 'M', 'OY0']","['NG', 'M', 'OY']",0,CCV,3
13623,"['OY0', 'NG', 'M']","['OY', 'NG', 'M']",0,VCC,3
13624,"['NG', 'M', 'AA0']","['NG', 'M', 'AA']",0,CCV,3
13625,"['AA0', 'NG', 'M']","['AA', 'NG', 'M']",0,VCC,3
13626,"['NG', 'M', 'AY0']","['NG', 'M', 'AY']",0,CCV,3
13627,"['AY0', 'NG', 'M']","['AY', 'NG', 'M']",0,VCC,3
13628,"['NG', 'M', 'ER0']","['NG', 'M', 'ER']",0,CCV,3
13629,"['ER0', 'NG', 'M']","['ER', 'NG', 'M']",0,VCC,3
13630,"['NG', 'M', 'AO0']","['NG', 'M', 'AO']",0,CCV,3
13631,"['AO0', 'NG', 'M']","['AO', 'NG', 'M']",0,VCC,3
13632,"['NG', 'M', 'UW0']","['NG', 'M', 'UW']",0,CCV,3
13633,"['UW0', 'NG', 'M']","['UW', 'NG', 'M']",0,VCC,3
13634,"['NG', 'M', 'IH0']","['NG', 'M', 'IH']",0,CCV,3
13635,"['IH0', 'NG', 'M']","['IH', 'NG', 'M']",0,VCC,3
13636,"['NG', 'M', 'EH0']","['NG', 'M', 'EH']",0,CCV,3
13637,"['EH0', 'NG', 'M']","['EH', 'NG', 'M']",0,VCC,3
13638,"['NG', 'M', 'UH0']","['NG', 'M', 'UH']",0,CCV,3
13639,"['UH0', 'NG', 'M']","['UH', 'NG', 'M']",0,VCC,3
13640,"['NG', 'M', 'IY0']","['NG', 'M', 'IY']",0,CCV,3
13641,"['IY0', 'NG', 'M']","['IY', 'NG', 'M']",0,VCC,3
13642,"['NG', 'M', 'EY0']","['NG', 'M', 'EY']",0,CCV,3
13643,"['EY0', 'NG', 'M']","['EY', 'NG', 'M']",0,VCC,3
13644,"['NG', 'M', 'OW0']","['NG', 'M', 'OW']",0,CCV,3
13645,"['OW0', 'NG', 'M']","['OW', 'NG', 'M']",0,VCC,3
13646,"['NG', 'M', 'AE0']","['NG', 'M', 'AE']",0,CCV,3
13647,"['AE0', 'NG', 'M']","['AE', 'NG', 'M']",0,VCC,3
13648,"['NG', 'M', 'AW0']","['NG', 'M', 'AW']",0,CCV,3
13649,"['AW0', 'NG', 'M']","['AW', 'NG', 'M']",0,VCC,3
13650,"['NG', 'N', 'AH0']","['NG', 'N', 'AH']",0,CCV,3
13651,"['AH0', 'NG', 'N']","['AH', 'NG', 'N']",0,VCC,3
13652,"['NG', 'N', 'OY0']","['NG', 'N', 'OY']",0,CCV,3
13653,"['OY0', 'NG', 'N']","['OY', 'NG', 'N']",0,VCC,3
13654,"['NG', 'N', 'AA0']","['NG', 'N', 'AA']",0,CCV,3
13655,"['AA0', 'NG', 'N']","['AA', 'NG', 'N']",0,VCC,3
13656,"['NG', 'N', 'AY0']","['NG', 'N', 'AY']",0,CCV,3
13657,"['AY0', 'NG', 'N']","['AY', 'NG', 'N']",0,VCC,3
13658,"['NG', 'N', 'ER0']","['NG', 'N', 'ER']",0,CCV,3
13659,"['ER0', 'NG', 'N']","['ER', 'NG', 'N']",0,VCC,3
13660,"['NG', 'N', 'AO0']","['NG', 'N', 'AO']",0,CCV,3
13661,"['AO0', 'NG', 'N']","['AO', 'NG', 'N']",0,VCC,3
13662,"['NG', 'N', 'UW0']","['NG', 'N', 'UW']",0,CCV,3
13663,"['UW0', 'NG', 'N']","['UW', 'NG', 'N']",0,VCC,3
13664,"['NG', 'N', 'IH0']","['NG', 'N', 'IH']",0,CCV,3
13665,"['IH0', 'NG', 'N']","['IH', 'NG', 'N']",0,VCC,3
13666,"['NG', 'N', 'EH0']","['NG', 'N', 'EH']",0,CCV,3
13667,"['EH0', 'NG', 'N']","['EH', 'NG', 'N']",0,VCC,3
13668,"['NG', 'N', 'UH0']","['NG', 'N', 'UH']",0,CCV,3
13669,"['UH0', 'NG', 'N']","['UH', 'NG', 'N']",0,VCC,3
13670,"['NG', 'N', 'IY0']","['NG', 'N', 'IY']",0,CCV,3
13671,"['IY0', 'NG', 'N']","['IY', 'NG', 'N']",0,VCC,3
13672,"['NG', 'N', 'EY0']","['NG', 'N', 'EY']",0,CCV,3
13673,"['EY0', 'NG', 'N']","['EY', 'NG', 'N']",0,VCC,3
13674,"['NG', 'N', 'OW0']","['NG', 'N', 'OW']",0,CCV,3
13675,"['OW0', 'NG', 'N']","['OW', 'NG', 'N']",0,VCC,3
13676,"['NG', 'N', 'AE0']","['NG', 'N', 'AE']",0,CCV,3
13677,"['AE0', 'NG', 'N']","['AE', 'NG', 'N']",0,VCC,3
13678,"['NG', 'N', 'AW0']","['NG', 'N', 'AW']",0,CCV,3
13679,"['AW0', 'NG', 'N']","['AW', 'NG', 'N']",0,VCC,3
13680,"['NG', 'L', 'AH0']","['NG', 'L', 'AH']",1,CCV,3
13681,"['AH0', 'NG', 'L']","['AH', 'NG', 'L']",-1,VCC,3
13682,"['NG', 'L', 'OY0']","['NG', 'L', 'OY']",1,CCV,3
13683,"['OY0', 'NG', 'L']","['OY', 'NG', 'L']",-1,VCC,3
13684,"['NG', 'L', 'AA0']","['NG', 'L', 'AA']",1,CCV,3
13685,"['AA0', 'NG', 'L']","['AA', 'NG', 'L']",-1,VCC,3
13686,"['NG', 'L', 'AY0']","['NG', 'L', 'AY']",1,CCV,3
13687,"['AY0', 'NG', 'L']","['AY', 'NG', 'L']",-1,VCC,3
13688,"['NG', 'L', 'ER0']","['NG', 'L', 'ER']",1,CCV,3
13689,"['ER0', 'NG', 'L']","['ER', 'NG', 'L']",-1,VCC,3
13690,"['NG', 'L', 'AO0']","['NG', 'L', 'AO']",1,CCV,3
13691,"['AO0', 'NG', 'L']","['AO', 'NG', 'L']",-1,VCC,3
13692,"['NG', 'L', 'UW0']","['NG', 'L', 'UW']",1,CCV,3
13693,"['UW0', 'NG', 'L']","['UW', 'NG', 'L']",-1,VCC,3
13694,"['NG', 'L', 'IH0']","['NG', 'L', 'IH']",1,CCV,3
13695,"['IH0', 'NG', 'L']","['IH', 'NG', 'L']",-1,VCC,3
13696,"['NG', 'L', 'EH0']","['NG', 'L', 'EH']",1,CCV,3
13697,"['EH0', 'NG', 'L']","['EH', 'NG', 'L']",-1,VCC,3
13698,"['NG', 'L', 'UH0']","['NG', 'L', 'UH']",1,CCV,3
13699,"['UH0', 'NG', 'L']","['UH', 'NG', 'L']",-1,VCC,3
13700,"['NG', 'L', 'IY0']","['NG', 'L', 'IY']",1,CCV,3
13701,"['IY0', 'NG', 'L']","['IY', 'NG', 'L']",-1,VCC,3
13702,"['NG', 'L', 'EY0']","['NG', 'L', 'EY']",1,CCV,3
13703,"['EY0', 'NG', 'L']","['EY', 'NG', 'L']",-1,VCC,3
13704,"['NG', 'L', 'OW0']","['NG', 'L', 'OW']",1,CCV,3
13705,"['OW0', 'NG', 'L']","['OW', 'NG', 'L']",-1,VCC,3
13706,"['NG', 'L', 'AE0']","['NG', 'L', 'AE']",1,CCV,3
13707,"['AE0', 'NG', 'L']","['AE', 'NG', 'L']",-1,VCC,3
13708,"['NG', 'L', 'AW0']","['NG', 'L', 'AW']",1,CCV,3
13709,"['AW0', 'NG', 'L']","['AW', 'NG', 'L']",-1,VCC,3
13710,"['NG', 'R', 'AH0']","['NG', 'R', 'AH']",1,CCV,3
13711,"['AH0', 'NG', 'R']","['AH', 'NG', 'R']",-1,VCC,3
13712,"['NG', 'R', 'OY0']","['NG', 'R', 'OY']",1,CCV,3
13713,"['OY0', 'NG', 'R']","['OY', 'NG', 'R']",-1,VCC,3
13714,"['NG', 'R', 'AA0']","['NG', 'R', 'AA']",1,CCV,3
13715,"['AA0', 'NG', 'R']","['AA', 'NG', 'R']",-1,VCC,3
13716,"['NG', 'R', 'AY0']","['NG', 'R', 'AY']",1,CCV,3
13717,"['AY0', 'NG', 'R']","['AY', 'NG', 'R']",-1,VCC,3
13718,"['NG', 'R', 'ER0']","['NG', 'R', 'ER']",1,CCV,3
13719,"['ER0', 'NG', 'R']","['ER', 'NG', 'R']",-1,VCC,3
13720,"['NG', 'R', 'AO0']","['NG', 'R', 'AO']",1,CCV,3
13721,"['AO0', 'NG', 'R']","['AO', 'NG', 'R']",-1,VCC,3
13722,"['NG', 'R', 'UW0']","['NG', 'R', 'UW']",1,CCV,3
13723,"['UW0', 'NG', 'R']","['UW', 'NG', 'R']",-1,VCC,3
13724,"['NG', 'R', 'IH0']","['NG', 'R', 'IH']",1,CCV,3
13725,"['IH0', 'NG', 'R']","['IH', 'NG', 'R']",-1,VCC,3
13726,"['NG', 'R', 'EH0']","['NG', 'R', 'EH']",1,CCV,3
13727,"['EH0', 'NG', 'R']","['EH', 'NG', 'R']",-1,VCC,3
13728,"['NG', 'R', 'UH0']","['NG', 'R', 'UH']",1,CCV,3
13729,"['UH0', 'NG', 'R']","['UH', 'NG', 'R']",-1,VCC,3
13730,"['NG', 'R', 'IY0']","['NG', 'R', 'IY']",1,CCV,3
13731,"['IY0', 'NG', 'R']","['IY', 'NG', 'R']",-1,VCC,3
13732,"['NG', 'R', 'EY0']","['NG', 'R', 'EY']",1,CCV,3
13733,"['EY0', 'NG', 'R']","['EY', 'NG', 'R']",-1,VCC,3
13734,"['NG', 'R', 'OW0']","['NG', 'R', 'OW']",1,CCV,3
13735,"['OW0', 'NG', 'R']","['OW', 'NG', 'R']",-1,VCC,3
13736,"['NG', 'R', 'AE0']","['NG', 'R', 'AE']",1,CCV,3
13737,"['AE0', 'NG', 'R']","['AE', 'NG', 'R']",-1,VCC,3
13738,"['NG', 'R', 'AW0']","['NG', 'R', 'AW']",1,CCV,3
13739,"['AW0', 'NG', 'R']","['AW', 'NG', 'R']",-1,VCC,3
13740,"['NG', 'W', 'AH0']","['NG', 'W', 'AH']",2,CCV,3
13741,"['AH0', 'NG', 'W']","['AH', 'NG', 'W']",-2,VCC,3
13742,"['NG', 'W', 'OY0']","['NG', 'W', 'OY']",2,CCV,3
13743,"['OY0', 'NG', 'W']","['OY', 'NG', 'W']",-2,VCC,3
13744,"['NG', 'W', 'AA0']","['NG', 'W', 'AA']",2,CCV,3
13745,"['AA0', 'NG', 'W']","['AA', 'NG', 'W']",-2,VCC,3
13746,"['NG', 'W', 'AY0']","['NG', 'W', 'AY']",2,CCV,3
13747,"['AY0', 'NG', 'W']","['AY', 'NG', 'W']",-2,VCC,3
13748,"['NG', 'W', 'ER0']","['NG', 'W', 'ER']",2,CCV,3
13749,"['ER0', 'NG', 'W']","['ER', 'NG', 'W']",-2,VCC,3
13750,"['NG', 'W', 'AO0']","['NG', 'W', 'AO']",2,CCV,3
13751,"['AO0', 'NG', 'W']","['AO', 'NG', 'W']",-2,VCC,3
13752,"['NG', 'W', 'UW0']","['NG', 'W', 'UW']",2,CCV,3
13753,"['UW0', 'NG', 'W']","['UW', 'NG', 'W']",-2,VCC,3
13754,"['NG', 'W', 'IH0']","['NG', 'W', 'IH']",2,CCV,3
13755,"['IH0', 'NG', 'W']","['IH', 'NG', 'W']",-2,VCC,3
13756,"['NG', 'W', 'EH0']","['NG', 'W', 'EH']",2,CCV,3
13757,"['EH0', 'NG', 'W']","['EH', 'NG', 'W']",-2,VCC,3
13758,"['NG', 'W', 'UH0']","['NG', 'W', 'UH']",2,CCV,3
13759,"['UH0', 'NG', 'W']","['UH', 'NG', 'W']",-2,VCC,3
13760,"['NG', 'W', 'IY0']","['NG', 'W', 'IY']",2,CCV,3
13761,"['IY0', 'NG', 'W']","['IY', 'NG', 'W']",-2,VCC,3
13762,"['NG', 'W', 'EY0']","['NG', 'W', 'EY']",2,CCV,3
13763,"['EY0', 'NG', 'W']","['EY', 'NG', 'W']",-2,VCC,3
13764,"['NG', 'W', 'OW0']","['NG', 'W', 'OW']",2,CCV,3
13765,"['OW0', 'NG', 'W']","['OW', 'NG', 'W']",-2,VCC,3
13766,"['NG', 'W', 'AE0']","['NG', 'W', 'AE']",2,CCV,3
13767,"['AE0', 'NG', 'W']","['AE', 'NG', 'W']",-2,VCC,3
13768,"['NG', 'W', 'AW0']","['NG', 'W', 'AW']",2,CCV,3
13769,"['AW0', 'NG', 'W']","['AW', 'NG', 'W']",-2,VCC,3
13770,"['NG', 'Y', 'AH0']","['NG', 'Y', 'AH']",2,CCV,3
13771,"['AH0', 'NG', 'Y']","['AH', 'NG', 'Y']",-2,VCC,3
13772,"['NG', 'Y', 'OY0']","['NG', 'Y', 'OY']",2,CCV,3
13773,"['OY0', 'NG', 'Y']","['OY', 'NG', 'Y']",-2,VCC,3
13774,"['NG', 'Y', 'AA0']","['NG', 'Y', 'AA']",2,CCV,3
13775,"['AA0', 'NG', 'Y']","['AA', 'NG', 'Y']",-2,VCC,3
13776,"['NG', 'Y', 'AY0']","['NG', 'Y', 'AY']",2,CCV,3
13777,"['AY0', 'NG', 'Y']","['AY', 'NG', 'Y']",-2,VCC,3
13778,"['NG', 'Y', 'ER0']","['NG', 'Y', 'ER']",2,CCV,3
13779,"['ER0', 'NG', 'Y']","['ER', 'NG', 'Y']",-2,VCC,3
13780,"['NG', 'Y', 'AO0']","['NG', 'Y', 'AO']",2,CCV,3
13781,"['AO0', 'NG', 'Y']","['AO', 'NG', 'Y']",-2,VCC,3
13782,"['NG', 'Y', 'UW0']","['NG', 'Y', 'UW']",2,CCV,3
13783,"['UW0', 'NG', 'Y']","['UW', 'NG', 'Y']",-2,VCC,3
13784,"['NG', 'Y', 'IH0']","['NG', 'Y', 'IH']",2,CCV,3
13785,"['IH0', 'NG', 'Y']","['IH', 'NG', 'Y']",-2,VCC,3
13786,"['NG', 'Y', 'EH0']","['NG', 'Y', 'EH']",2,CCV,3
13787,"['EH0', 'NG', 'Y']","['EH', 'NG', 'Y']",-2,VCC,3
13788,"['NG', 'Y', 'UH0']","['NG', 'Y', 'UH']",2,CCV,3
13789,"['UH0', 'NG', 'Y']","['UH', 'NG', 'Y']",-2,VCC,3
13790,"['NG', 'Y', 'IY0']","['NG', 'Y', 'IY']",2,CCV,3
13791,"['IY0', 'NG', 'Y']","['IY', 'NG', 'Y']",-2,VCC,3
13792,"['NG', 'Y', 'EY0']","['NG', 'Y', 'EY']",2,CCV,3
13793,"['EY0', 'NG', 'Y']","['EY', 'NG', 'Y']",-2,VCC,3
13794,"['NG', 'Y', 'OW0']","['NG', 'Y', 'OW']",2,CCV,3
13795,"['OW0', 'NG', 'Y']","['OW', 'NG', 'Y']",-2,VCC,3
13796,"['NG', 'Y', 'AE0']","['NG', 'Y', 'AE']",2,CCV,3
13797,"['AE0', 'NG', 'Y']","['AE', 'NG', 'Y']",-2,VCC,3
13798,"['NG', 'Y', 'AW0']","['NG', 'Y', 'AW']",2,CCV,3
13799,"['AW0', 'NG', 'Y']","['AW', 'NG', 'Y']",-2,VCC,3
13800,"['L', 'P', 'AH0']","['L', 'P', 'AH']",-4,CCV,3
13801,"['AH0', 'L', 'P']","['AH', 'L', 'P']",4,VCC,3
13802,"['L', 'P', 'OY0']","['L', 'P', 'OY']",-4,CCV,3
13803,"['OY0', 'L', 'P']","['OY', 'L', 'P']",4,VCC,3
13804,"['L', 'P', 'AA0']","['L', 'P', 'AA']",-4,CCV,3
13805,"['AA0', 'L', 'P']","['AA', 'L', 'P']",4,VCC,3
13806,"['L', 'P', 'AY0']","['L', 'P', 'AY']",-4,CCV,3
13807,"['AY0', 'L', 'P']","['AY', 'L', 'P']",4,VCC,3
13808,"['L', 'P', 'ER0']","['L', 'P', 'ER']",-4,CCV,3
13809,"['ER0', 'L', 'P']","['ER', 'L', 'P']",4,VCC,3
13810,"['L', 'P', 'AO0']","['L', 'P', 'AO']",-4,CCV,3
13811,"['AO0', 'L', 'P']","['AO', 'L', 'P']",4,VCC,3
13812,"['L', 'P', 'UW0']","['L', 'P', 'UW']",-4,CCV,3
13813,"['UW0', 'L', 'P']","['UW', 'L', 'P']",4,VCC,3
13814,"['L', 'P', 'IH0']","['L', 'P', 'IH']",-4,CCV,3
13815,"['IH0', 'L', 'P']","['IH', 'L', 'P']",4,VCC,3
13816,"['L', 'P', 'EH0']","['L', 'P', 'EH']",-4,CCV,3
13817,"['EH0', 'L', 'P']","['EH', 'L', 'P']",4,VCC,3
13818,"['L', 'P', 'UH0']","['L', 'P', 'UH']",-4,CCV,3
13819,"['UH0', 'L', 'P']","['UH', 'L', 'P']",4,VCC,3
13820,"['L', 'P', 'IY0']","['L', 'P', 'IY']",-4,CCV,3
13821,"['IY0', 'L', 'P']","['IY', 'L', 'P']",4,VCC,3
13822,"['L', 'P', 'EY0']","['L', 'P', 'EY']",-4,CCV,3
13823,"['EY0', 'L', 'P']","['EY', 'L', 'P']",4,VCC,3
13824,"['L', 'P', 'OW0']","['L', 'P', 'OW']",-4,CCV,3
13825,"['OW0', 'L', 'P']","['OW', 'L', 'P']",4,VCC,3
13826,"['L', 'P', 'AE0']","['L', 'P', 'AE']",-4,CCV,3
13827,"['AE0', 'L', 'P']","['AE', 'L', 'P']",4,VCC,3
13828,"['L', 'P', 'AW0']","['L', 'P', 'AW']",-4,CCV,3
13829,"['AW0', 'L', 'P']","['AW', 'L', 'P']",4,VCC,3
13830,"['L', 'T', 'AH0']","['L', 'T', 'AH']",-4,CCV,3
13831,"['AH0', 'L', 'T']","['AH', 'L', 'T']",4,VCC,3
13832,"['L', 'T', 'OY0']","['L', 'T', 'OY']",-4,CCV,3
13833,"['OY0', 'L', 'T']","['OY', 'L', 'T']",4,VCC,3
13834,"['L', 'T', 'AA0']","['L', 'T', 'AA']",-4,CCV,3
13835,"['AA0', 'L', 'T']","['AA', 'L', 'T']",4,VCC,3
13836,"['L', 'T', 'AY0']","['L', 'T', 'AY']",-4,CCV,3
13837,"['AY0', 'L', 'T']","['AY', 'L', 'T']",4,VCC,3
13838,"['L', 'T', 'ER0']","['L', 'T', 'ER']",-4,CCV,3
13839,"['ER0', 'L', 'T']","['ER', 'L', 'T']",4,VCC,3
13840,"['L', 'T', 'AO0']","['L', 'T', 'AO']",-4,CCV,3
13841,"['AO0', 'L', 'T']","['AO', 'L', 'T']",4,VCC,3
13842,"['L', 'T', 'UW0']","['L', 'T', 'UW']",-4,CCV,3
13843,"['UW0', 'L', 'T']","['UW', 'L', 'T']",4,VCC,3
13844,"['L', 'T', 'IH0']","['L', 'T', 'IH']",-4,CCV,3
13845,"['IH0', 'L', 'T']","['IH', 'L', 'T']",4,VCC,3
13846,"['L', 'T', 'EH0']","['L', 'T', 'EH']",-4,CCV,3
13847,"['EH0', 'L', 'T']","['EH', 'L', 'T']",4,VCC,3
13848,"['L', 'T', 'UH0']","['L', 'T', 'UH']",-4,CCV,3
13849,"['UH0', 'L', 'T']","['UH', 'L', 'T']",4,VCC,3
13850,"['L', 'T', 'IY0']","['L', 'T', 'IY']",-4,CCV,3
13851,"['IY0', 'L', 'T']","['IY', 'L', 'T']",4,VCC,3
13852,"['L', 'T', 'EY0']","['L', 'T', 'EY']",-4,CCV,3
13853,"['EY0', 'L', 'T']","['EY', 'L', 'T']",4,VCC,3
13854,"['L', 'T', 'OW0']","['L', 'T', 'OW']",-4,CCV,3
13855,"['OW0', 'L', 'T']","['OW', 'L', 'T']",4,VCC,3
13856,"['L', 'T', 'AE0']","['L', 'T', 'AE']",-4,CCV,3
13857,"['AE0', 'L', 'T']","['AE', 'L', 'T']",4,VCC,3
13858,"['L', 'T', 'AW0']","['L', 'T', 'AW']",-4,CCV,3
13859,"['AW0', 'L', 'T']","['AW', 'L', 'T']",4,VCC,3
13860,"['L', 'K', 'AH0']","['L', 'K', 'AH']",-4,CCV,3
13861,"['AH0', 'L', 'K']","['AH', 'L', 'K']",4,VCC,3
13862,"['L', 'K', 'OY0']","['L', 'K', 'OY']",-4,CCV,3
13863,"['OY0', 'L', 'K']","['OY', 'L', 'K']",4,VCC,3
13864,"['L', 'K', 'AA0']","['L', 'K', 'AA']",-4,CCV,3
13865,"['AA0', 'L', 'K']","['AA', 'L', 'K']",4,VCC,3
13866,"['L', 'K', 'AY0']","['L', 'K', 'AY']",-4,CCV,3
13867,"['AY0', 'L', 'K']","['AY', 'L', 'K']",4,VCC,3
13868,"['L', 'K', 'ER0']","['L', 'K', 'ER']",-4,CCV,3
13869,"['ER0', 'L', 'K']","['ER', 'L', 'K']",4,VCC,3
13870,"['L', 'K', 'AO0']","['L', 'K', 'AO']",-4,CCV,3
13871,"['AO0', 'L', 'K']","['AO', 'L', 'K']",4,VCC,3
13872,"['L', 'K', 'UW0']","['L', 'K', 'UW']",-4,CCV,3
13873,"['UW0', 'L', 'K']","['UW', 'L', 'K']",4,VCC,3
13874,"['L', 'K', 'IH0']","['L', 'K', 'IH']",-4,CCV,3
13875,"['IH0', 'L', 'K']","['IH', 'L', 'K']",4,VCC,3
13876,"['L', 'K', 'EH0']","['L', 'K', 'EH']",-4,CCV,3
13877,"['EH0', 'L', 'K']","['EH', 'L', 'K']",4,VCC,3
13878,"['L', 'K', 'UH0']","['L', 'K', 'UH']",-4,CCV,3
13879,"['UH0', 'L', 'K']","['UH', 'L', 'K']",4,VCC,3
13880,"['L', 'K', 'IY0']","['L', 'K', 'IY']",-4,CCV,3
13881,"['IY0', 'L', 'K']","['IY', 'L', 'K']",4,VCC,3
13882,"['L', 'K', 'EY0']","['L', 'K', 'EY']",-4,CCV,3
13883,"['EY0', 'L', 'K']","['EY', 'L', 'K']",4,VCC,3
13884,"['L', 'K', 'OW0']","['L', 'K', 'OW']",-4,CCV,3
13885,"['OW0', 'L', 'K']","['OW', 'L', 'K']",4,VCC,3
13886,"['L', 'K', 'AE0']","['L', 'K', 'AE']",-4,CCV,3
13887,"['AE0', 'L', 'K']","['AE', 'L', 'K']",4,VCC,3
13888,"['L', 'K', 'AW0']","['L', 'K', 'AW']",-4,CCV,3
13889,"['AW0', 'L', 'K']","['AW', 'L', 'K']",4,VCC,3
13890,"['L', 'B', 'AH0']","['L', 'B', 'AH']",-4,CCV,3
13891,"['AH0', 'L', 'B']","['AH', 'L', 'B']",4,VCC,3
13892,"['L', 'B', 'OY0']","['L', 'B', 'OY']",-4,CCV,3
13893,"['OY0', 'L', 'B']","['OY', 'L', 'B']",4,VCC,3
13894,"['L', 'B', 'AA0']","['L', 'B', 'AA']",-4,CCV,3
13895,"['AA0', 'L', 'B']","['AA', 'L', 'B']",4,VCC,3
13896,"['L', 'B', 'AY0']","['L', 'B', 'AY']",-4,CCV,3
13897,"['AY0', 'L', 'B']","['AY', 'L', 'B']",4,VCC,3
13898,"['L', 'B', 'ER0']","['L', 'B', 'ER']",-4,CCV,3
13899,"['ER0', 'L', 'B']","['ER', 'L', 'B']",4,VCC,3
13900,"['L', 'B', 'AO0']","['L', 'B', 'AO']",-4,CCV,3
13901,"['AO0', 'L', 'B']","['AO', 'L', 'B']",4,VCC,3
13902,"['L', 'B', 'UW0']","['L', 'B', 'UW']",-4,CCV,3
13903,"['UW0', 'L', 'B']","['UW', 'L', 'B']",4,VCC,3
13904,"['L', 'B', 'IH0']","['L', 'B', 'IH']",-4,CCV,3
13905,"['IH0', 'L', 'B']","['IH', 'L', 'B']",4,VCC,3
13906,"['L', 'B', 'EH0']","['L', 'B', 'EH']",-4,CCV,3
13907,"['EH0', 'L', 'B']","['EH', 'L', 'B']",4,VCC,3
13908,"['L', 'B', 'UH0']","['L', 'B', 'UH']",-4,CCV,3
13909,"['UH0', 'L', 'B']","['UH', 'L', 'B']",4,VCC,3
13910,"['L', 'B', 'IY0']","['L', 'B', 'IY']",-4,CCV,3
13911,"['IY0', 'L', 'B']","['IY', 'L', 'B']",4,VCC,3
13912,"['L', 'B', 'EY0']","['L', 'B', 'EY']",-4,CCV,3
13913,"['EY0', 'L', 'B']","['EY', 'L', 'B']",4,VCC,3
13914,"['L', 'B', 'OW0']","['L', 'B', 'OW']",-4,CCV,3
13915,"['OW0', 'L', 'B']","['OW', 'L', 'B']",4,VCC,3
13916,"['L', 'B', 'AE0']","['L', 'B', 'AE']",-4,CCV,3
13917,"['AE0', 'L', 'B']","['AE', 'L', 'B']",4,VCC,3
13918,"['L', 'B', 'AW0']","['L', 'B', 'AW']",-4,CCV,3
13919,"['AW0', 'L', 'B']","['AW', 'L', 'B']",4,VCC,3
13920,"['L', 'D', 'AH0']","['L', 'D', 'AH']",-4,CCV,3
13921,"['AH0', 'L', 'D']","['AH', 'L', 'D']",4,VCC,3
13922,"['L', 'D', 'OY0']","['L', 'D', 'OY']",-4,CCV,3
13923,"['OY0', 'L', 'D']","['OY', 'L', 'D']",4,VCC,3
13924,"['L', 'D', 'AA0']","['L', 'D', 'AA']",-4,CCV,3
13925,"['AA0', 'L', 'D']","['AA', 'L', 'D']",4,VCC,3
13926,"['L', 'D', 'AY0']","['L', 'D', 'AY']",-4,CCV,3
13927,"['AY0', 'L', 'D']","['AY', 'L', 'D']",4,VCC,3
13928,"['L', 'D', 'ER0']","['L', 'D', 'ER']",-4,CCV,3
13929,"['ER0', 'L', 'D']","['ER', 'L', 'D']",4,VCC,3
13930,"['L', 'D', 'AO0']","['L', 'D', 'AO']",-4,CCV,3
13931,"['AO0', 'L', 'D']","['AO', 'L', 'D']",4,VCC,3
13932,"['L', 'D', 'UW0']","['L', 'D', 'UW']",-4,CCV,3
13933,"['UW0', 'L', 'D']","['UW', 'L', 'D']",4,VCC,3
13934,"['L', 'D', 'IH0']","['L', 'D', 'IH']",-4,CCV,3
13935,"['IH0', 'L', 'D']","['IH', 'L', 'D']",4,VCC,3
13936,"['L', 'D', 'EH0']","['L', 'D', 'EH']",-4,CCV,3
13937,"['EH0', 'L', 'D']","['EH', 'L', 'D']",4,VCC,3
13938,"['L', 'D', 'UH0']","['L', 'D', 'UH']",-4,CCV,3
13939,"['UH0', 'L', 'D']","['UH', 'L', 'D']",4,VCC,3
13940,"['L', 'D', 'IY0']","['L', 'D', 'IY']",-4,CCV,3
13941,"['IY0', 'L', 'D']","['IY', 'L', 'D']",4,VCC,3
13942,"['L', 'D', 'EY0']","['L', 'D', 'EY']",-4,CCV,3
13943,"['EY0', 'L', 'D']","['EY', 'L', 'D']",4,VCC,3
13944,"['L', 'D', 'OW0']","['L', 'D', 'OW']",-4,CCV,3
13945,"['OW0', 'L', 'D']","['OW', 'L', 'D']",4,VCC,3
13946,"['L', 'D', 'AE0']","['L', 'D', 'AE']",-4,CCV,3
13947,"['AE0', 'L', 'D']","['AE', 'L', 'D']",4,VCC,3
13948,"['L', 'D', 'AW0']","['L', 'D', 'AW']",-4,CCV,3
13949,"['AW0', 'L', 'D']","['AW', 'L', 'D']",4,VCC,3
13950,"['L', 'G', 'AH0']","['L', 'G', 'AH']",-4,CCV,3
13951,"['AH0', 'L', 'G']","['AH', 'L', 'G']",4,VCC,3
13952,"['L', 'G', 'OY0']","['L', 'G', 'OY']",-4,CCV,3
13953,"['OY0', 'L', 'G']","['OY', 'L', 'G']",4,VCC,3
13954,"['L', 'G', 'AA0']","['L', 'G', 'AA']",-4,CCV,3
13955,"['AA0', 'L', 'G']","['AA', 'L', 'G']",4,VCC,3
13956,"['L', 'G', 'AY0']","['L', 'G', 'AY']",-4,CCV,3
13957,"['AY0', 'L', 'G']","['AY', 'L', 'G']",4,VCC,3
13958,"['L', 'G', 'ER0']","['L', 'G', 'ER']",-4,CCV,3
13959,"['ER0', 'L', 'G']","['ER', 'L', 'G']",4,VCC,3
13960,"['L', 'G', 'AO0']","['L', 'G', 'AO']",-4,CCV,3
13961,"['AO0', 'L', 'G']","['AO', 'L', 'G']",4,VCC,3
13962,"['L', 'G', 'UW0']","['L', 'G', 'UW']",-4,CCV,3
13963,"['UW0', 'L', 'G']","['UW', 'L', 'G']",4,VCC,3
13964,"['L', 'G', 'IH0']","['L', 'G', 'IH']",-4,CCV,3
13965,"['IH0', 'L', 'G']","['IH', 'L', 'G']",4,VCC,3
13966,"['L', 'G', 'EH0']","['L', 'G', 'EH']",-4,CCV,3
13967,"['EH0', 'L', 'G']","['EH', 'L', 'G']",4,VCC,3
13968,"['L', 'G', 'UH0']","['L', 'G', 'UH']",-4,CCV,3
13969,"['UH0', 'L', 'G']","['UH', 'L', 'G']",4,VCC,3
13970,"['L', 'G', 'IY0']","['L', 'G', 'IY']",-4,CCV,3
13971,"['IY0', 'L', 'G']","['IY', 'L', 'G']",4,VCC,3
13972,"['L', 'G', 'EY0']","['L', 'G', 'EY']",-4,CCV,3
13973,"['EY0', 'L', 'G']","['EY', 'L', 'G']",4,VCC,3
13974,"['L', 'G', 'OW0']","['L', 'G', 'OW']",-4,CCV,3
13975,"['OW0', 'L', 'G']","['OW', 'L', 'G']",4,VCC,3
13976,"['L', 'G', 'AE0']","['L', 'G', 'AE']",-4,CCV,3
13977,"['AE0', 'L', 'G']","['AE', 'L', 'G']",4,VCC,3
13978,"['L', 'G', 'AW0']","['L', 'G', 'AW']",-4,CCV,3
13979,"['AW0', 'L', 'G']","['AW', 'L', 'G']",4,VCC,3
13980,"['L', 'F', 'AH0']","['L', 'F', 'AH']",-3,CCV,3
13981,"['AH0', 'L', 'F']","['AH', 'L', 'F']",3,VCC,3
13982,"['L', 'F', 'OY0']","['L', 'F', 'OY']",-3,CCV,3
13983,"['OY0', 'L', 'F']","['OY', 'L', 'F']",3,VCC,3
13984,"['L', 'F', 'AA0']","['L', 'F', 'AA']",-3,CCV,3
13985,"['AA0', 'L', 'F']","['AA', 'L', 'F']",3,VCC,3
13986,"['L', 'F', 'AY0']","['L', 'F', 'AY']",-3,CCV,3
13987,"['AY0', 'L', 'F']","['AY', 'L', 'F']",3,VCC,3
13988,"['L', 'F', 'ER0']","['L', 'F', 'ER']",-3,CCV,3
13989,"['ER0', 'L', 'F']","['ER', 'L', 'F']",3,VCC,3
13990,"['L', 'F', 'AO0']","['L', 'F', 'AO']",-3,CCV,3
13991,"['AO0', 'L', 'F']","['AO', 'L', 'F']",3,VCC,3
13992,"['L', 'F', 'UW0']","['L', 'F', 'UW']",-3,CCV,3
13993,"['UW0', 'L', 'F']","['UW', 'L', 'F']",3,VCC,3
13994,"['L', 'F', 'IH0']","['L', 'F', 'IH']",-3,CCV,3
13995,"['IH0', 'L', 'F']","['IH', 'L', 'F']",3,VCC,3
13996,"['L', 'F', 'EH0']","['L', 'F', 'EH']",-3,CCV,3
13997,"['EH0', 'L', 'F']","['EH', 'L', 'F']",3,VCC,3
13998,"['L', 'F', 'UH0']","['L', 'F', 'UH']",-3,CCV,3
13999,"['UH0', 'L', 'F']","['UH', 'L', 'F']",3,VCC,3
14000,"['L', 'F', 'IY0']","['L', 'F', 'IY']",-3,CCV,3
14001,"['IY0', 'L', 'F']","['IY', 'L', 'F']",3,VCC,3
14002,"['L', 'F', 'EY0']","['L', 'F', 'EY']",-3,CCV,3
14003,"['EY0', 'L', 'F']","['EY', 'L', 'F']",3,VCC,3
14004,"['L', 'F', 'OW0']","['L', 'F', 'OW']",-3,CCV,3
14005,"['OW0', 'L', 'F']","['OW', 'L', 'F']",3,VCC,3
14006,"['L', 'F', 'AE0']","['L', 'F', 'AE']",-3,CCV,3
14007,"['AE0', 'L', 'F']","['AE', 'L', 'F']",3,VCC,3
14008,"['L', 'F', 'AW0']","['L', 'F', 'AW']",-3,CCV,3
14009,"['AW0', 'L', 'F']","['AW', 'L', 'F']",3,VCC,3
14010,"['L', 'TH', 'AH0']","['L', 'TH', 'AH']",-3,CCV,3
14011,"['AH0', 'L', 'TH']","['AH', 'L', 'TH']",3,VCC,3
14012,"['L', 'TH', 'OY0']","['L', 'TH', 'OY']",-3,CCV,3
14013,"['OY0', 'L', 'TH']","['OY', 'L', 'TH']",3,VCC,3
14014,"['L', 'TH', 'AA0']","['L', 'TH', 'AA']",-3,CCV,3
14015,"['AA0', 'L', 'TH']","['AA', 'L', 'TH']",3,VCC,3
14016,"['L', 'TH', 'AY0']","['L', 'TH', 'AY']",-3,CCV,3
14017,"['AY0', 'L', 'TH']","['AY', 'L', 'TH']",3,VCC,3
14018,"['L', 'TH', 'ER0']","['L', 'TH', 'ER']",-3,CCV,3
14019,"['ER0', 'L', 'TH']","['ER', 'L', 'TH']",3,VCC,3
14020,"['L', 'TH', 'AO0']","['L', 'TH', 'AO']",-3,CCV,3
14021,"['AO0', 'L', 'TH']","['AO', 'L', 'TH']",3,VCC,3
14022,"['L', 'TH', 'UW0']","['L', 'TH', 'UW']",-3,CCV,3
14023,"['UW0', 'L', 'TH']","['UW', 'L', 'TH']",3,VCC,3
14024,"['L', 'TH', 'IH0']","['L', 'TH', 'IH']",-3,CCV,3
14025,"['IH0', 'L', 'TH']","['IH', 'L', 'TH']",3,VCC,3
14026,"['L', 'TH', 'EH0']","['L', 'TH', 'EH']",-3,CCV,3
14027,"['EH0', 'L', 'TH']","['EH', 'L', 'TH']",3,VCC,3
14028,"['L', 'TH', 'UH0']","['L', 'TH', 'UH']",-3,CCV,3
14029,"['UH0', 'L', 'TH']","['UH', 'L', 'TH']",3,VCC,3
14030,"['L', 'TH', 'IY0']","['L', 'TH', 'IY']",-3,CCV,3
14031,"['IY0', 'L', 'TH']","['IY', 'L', 'TH']",3,VCC,3
14032,"['L', 'TH', 'EY0']","['L', 'TH', 'EY']",-3,CCV,3
14033,"['EY0', 'L', 'TH']","['EY', 'L', 'TH']",3,VCC,3
14034,"['L', 'TH', 'OW0']","['L', 'TH', 'OW']",-3,CCV,3
14035,"['OW0', 'L', 'TH']","['OW', 'L', 'TH']",3,VCC,3
14036,"['L', 'TH', 'AE0']","['L', 'TH', 'AE']",-3,CCV,3
14037,"['AE0', 'L', 'TH']","['AE', 'L', 'TH']",3,VCC,3
14038,"['L', 'TH', 'AW0']","['L', 'TH', 'AW']",-3,CCV,3
14039,"['AW0', 'L', 'TH']","['AW', 'L', 'TH']",3,VCC,3
14040,"['L', 'S', 'AH0']","['L', 'S', 'AH']",-3,CCV,3
14041,"['AH0', 'L', 'S']","['AH', 'L', 'S']",3,VCC,3
14042,"['L', 'S', 'OY0']","['L', 'S', 'OY']",-3,CCV,3
14043,"['OY0', 'L', 'S']","['OY', 'L', 'S']",3,VCC,3
14044,"['L', 'S', 'AA0']","['L', 'S', 'AA']",-3,CCV,3
14045,"['AA0', 'L', 'S']","['AA', 'L', 'S']",3,VCC,3
14046,"['L', 'S', 'AY0']","['L', 'S', 'AY']",-3,CCV,3
14047,"['AY0', 'L', 'S']","['AY', 'L', 'S']",3,VCC,3
14048,"['L', 'S', 'ER0']","['L', 'S', 'ER']",-3,CCV,3
14049,"['ER0', 'L', 'S']","['ER', 'L', 'S']",3,VCC,3
14050,"['L', 'S', 'AO0']","['L', 'S', 'AO']",-3,CCV,3
14051,"['AO0', 'L', 'S']","['AO', 'L', 'S']",3,VCC,3
14052,"['L', 'S', 'UW0']","['L', 'S', 'UW']",-3,CCV,3
14053,"['UW0', 'L', 'S']","['UW', 'L', 'S']",3,VCC,3
14054,"['L', 'S', 'IH0']","['L', 'S', 'IH']",-3,CCV,3
14055,"['IH0', 'L', 'S']","['IH', 'L', 'S']",3,VCC,3
14056,"['L', 'S', 'EH0']","['L', 'S', 'EH']",-3,CCV,3
14057,"['EH0', 'L', 'S']","['EH', 'L', 'S']",3,VCC,3
14058,"['L', 'S', 'UH0']","['L', 'S', 'UH']",-3,CCV,3
14059,"['UH0', 'L', 'S']","['UH', 'L', 'S']",3,VCC,3
14060,"['L', 'S', 'IY0']","['L', 'S', 'IY']",-3,CCV,3
14061,"['IY0', 'L', 'S']","['IY', 'L', 'S']",3,VCC,3
14062,"['L', 'S', 'EY0']","['L', 'S', 'EY']",-3,CCV,3
14063,"['EY0', 'L', 'S']","['EY', 'L', 'S']",3,VCC,3
14064,"['L', 'S', 'OW0']","['L', 'S', 'OW']",-3,CCV,3
14065,"['OW0', 'L', 'S']","['OW', 'L', 'S']",3,VCC,3
14066,"['L', 'S', 'AE0']","['L', 'S', 'AE']",-3,CCV,3
14067,"['AE0', 'L', 'S']","['AE', 'L', 'S']",3,VCC,3
14068,"['L', 'S', 'AW0']","['L', 'S', 'AW']",-3,CCV,3
14069,"['AW0', 'L', 'S']","['AW', 'L', 'S']",3,VCC,3
14070,"['L', 'SH', 'AH0']","['L', 'SH', 'AH']",-3,CCV,3
14071,"['AH0', 'L', 'SH']","['AH', 'L', 'SH']",3,VCC,3
14072,"['L', 'SH', 'OY0']","['L', 'SH', 'OY']",-3,CCV,3
14073,"['OY0', 'L', 'SH']","['OY', 'L', 'SH']",3,VCC,3
14074,"['L', 'SH', 'AA0']","['L', 'SH', 'AA']",-3,CCV,3
14075,"['AA0', 'L', 'SH']","['AA', 'L', 'SH']",3,VCC,3
14076,"['L', 'SH', 'AY0']","['L', 'SH', 'AY']",-3,CCV,3
14077,"['AY0', 'L', 'SH']","['AY', 'L', 'SH']",3,VCC,3
14078,"['L', 'SH', 'ER0']","['L', 'SH', 'ER']",-3,CCV,3
14079,"['ER0', 'L', 'SH']","['ER', 'L', 'SH']",3,VCC,3
14080,"['L', 'SH', 'AO0']","['L', 'SH', 'AO']",-3,CCV,3
14081,"['AO0', 'L', 'SH']","['AO', 'L', 'SH']",3,VCC,3
14082,"['L', 'SH', 'UW0']","['L', 'SH', 'UW']",-3,CCV,3
14083,"['UW0', 'L', 'SH']","['UW', 'L', 'SH']",3,VCC,3
14084,"['L', 'SH', 'IH0']","['L', 'SH', 'IH']",-3,CCV,3
14085,"['IH0', 'L', 'SH']","['IH', 'L', 'SH']",3,VCC,3
14086,"['L', 'SH', 'EH0']","['L', 'SH', 'EH']",-3,CCV,3
14087,"['EH0', 'L', 'SH']","['EH', 'L', 'SH']",3,VCC,3
14088,"['L', 'SH', 'UH0']","['L', 'SH', 'UH']",-3,CCV,3
14089,"['UH0', 'L', 'SH']","['UH', 'L', 'SH']",3,VCC,3
14090,"['L', 'SH', 'IY0']","['L', 'SH', 'IY']",-3,CCV,3
14091,"['IY0', 'L', 'SH']","['IY', 'L', 'SH']",3,VCC,3
14092,"['L', 'SH', 'EY0']","['L', 'SH', 'EY']",-3,CCV,3
14093,"['EY0', 'L', 'SH']","['EY', 'L', 'SH']",3,VCC,3
14094,"['L', 'SH', 'OW0']","['L', 'SH', 'OW']",-3,CCV,3
14095,"['OW0', 'L', 'SH']","['OW', 'L', 'SH']",3,VCC,3
14096,"['L', 'SH', 'AE0']","['L', 'SH', 'AE']",-3,CCV,3
14097,"['AE0', 'L', 'SH']","['AE', 'L', 'SH']",3,VCC,3
14098,"['L', 'SH', 'AW0']","['L', 'SH', 'AW']",-3,CCV,3
14099,"['AW0', 'L', 'SH']","['AW', 'L', 'SH']",3,VCC,3
14100,"['L', 'Z', 'AH0']","['L', 'Z', 'AH']",-3,CCV,3
14101,"['AH0', 'L', 'Z']","['AH', 'L', 'Z']",3,VCC,3
14102,"['L', 'Z', 'OY0']","['L', 'Z', 'OY']",-3,CCV,3
14103,"['OY0', 'L', 'Z']","['OY', 'L', 'Z']",3,VCC,3
14104,"['L', 'Z', 'AA0']","['L', 'Z', 'AA']",-3,CCV,3
14105,"['AA0', 'L', 'Z']","['AA', 'L', 'Z']",3,VCC,3
14106,"['L', 'Z', 'AY0']","['L', 'Z', 'AY']",-3,CCV,3
14107,"['AY0', 'L', 'Z']","['AY', 'L', 'Z']",3,VCC,3
14108,"['L', 'Z', 'ER0']","['L', 'Z', 'ER']",-3,CCV,3
14109,"['ER0', 'L', 'Z']","['ER', 'L', 'Z']",3,VCC,3
14110,"['L', 'Z', 'AO0']","['L', 'Z', 'AO']",-3,CCV,3
14111,"['AO0', 'L', 'Z']","['AO', 'L', 'Z']",3,VCC,3
14112,"['L', 'Z', 'UW0']","['L', 'Z', 'UW']",-3,CCV,3
14113,"['UW0', 'L', 'Z']","['UW', 'L', 'Z']",3,VCC,3
14114,"['L', 'Z', 'IH0']","['L', 'Z', 'IH']",-3,CCV,3
14115,"['IH0', 'L', 'Z']","['IH', 'L', 'Z']",3,VCC,3
14116,"['L', 'Z', 'EH0']","['L', 'Z', 'EH']",-3,CCV,3
14117,"['EH0', 'L', 'Z']","['EH', 'L', 'Z']",3,VCC,3
14118,"['L', 'Z', 'UH0']","['L', 'Z', 'UH']",-3,CCV,3
14119,"['UH0', 'L', 'Z']","['UH', 'L', 'Z']",3,VCC,3
14120,"['L', 'Z', 'IY0']","['L', 'Z', 'IY']",-3,CCV,3
14121,"['IY0', 'L', 'Z']","['IY', 'L', 'Z']",3,VCC,3
14122,"['L', 'Z', 'EY0']","['L', 'Z', 'EY']",-3,CCV,3
14123,"['EY0', 'L', 'Z']","['EY', 'L', 'Z']",3,VCC,3
14124,"['L', 'Z', 'OW0']","['L', 'Z', 'OW']",-3,CCV,3
14125,"['OW0', 'L', 'Z']","['OW', 'L', 'Z']",3,VCC,3
14126,"['L', 'Z', 'AE0']","['L', 'Z', 'AE']",-3,CCV,3
14127,"['AE0', 'L', 'Z']","['AE', 'L', 'Z']",3,VCC,3
14128,"['L', 'Z', 'AW0']","['L', 'Z', 'AW']",-3,CCV,3
14129,"['AW0', 'L', 'Z']","['AW', 'L', 'Z']",3,VCC,3
14130,"['L', 'ZH', 'AH0']","['L', 'ZH', 'AH']",-3,CCV,3
14131,"['AH0', 'L', 'ZH']","['AH', 'L', 'ZH']",3,VCC,3
14132,"['L', 'ZH', 'OY0']","['L', 'ZH', 'OY']",-3,CCV,3
14133,"['OY0', 'L', 'ZH']","['OY', 'L', 'ZH']",3,VCC,3
14134,"['L', 'ZH', 'AA0']","['L', 'ZH', 'AA']",-3,CCV,3
14135,"['AA0', 'L', 'ZH']","['AA', 'L', 'ZH']",3,VCC,3
14136,"['L', 'ZH', 'AY0']","['L', 'ZH', 'AY']",-3,CCV,3
14137,"['AY0', 'L', 'ZH']","['AY', 'L', 'ZH']",3,VCC,3
14138,"['L', 'ZH', 'ER0']","['L', 'ZH', 'ER']",-3,CCV,3
14139,"['ER0', 'L', 'ZH']","['ER', 'L', 'ZH']",3,VCC,3
14140,"['L', 'ZH', 'AO0']","['L', 'ZH', 'AO']",-3,CCV,3
14141,"['AO0', 'L', 'ZH']","['AO', 'L', 'ZH']",3,VCC,3
14142,"['L', 'ZH', 'UW0']","['L', 'ZH', 'UW']",-3,CCV,3
14143,"['UW0', 'L', 'ZH']","['UW', 'L', 'ZH']",3,VCC,3
14144,"['L', 'ZH', 'IH0']","['L', 'ZH', 'IH']",-3,CCV,3
14145,"['IH0', 'L', 'ZH']","['IH', 'L', 'ZH']",3,VCC,3
14146,"['L', 'ZH', 'EH0']","['L', 'ZH', 'EH']",-3,CCV,3
14147,"['EH0', 'L', 'ZH']","['EH', 'L', 'ZH']",3,VCC,3
14148,"['L', 'ZH', 'UH0']","['L', 'ZH', 'UH']",-3,CCV,3
14149,"['UH0', 'L', 'ZH']","['UH', 'L', 'ZH']",3,VCC,3
14150,"['L', 'ZH', 'IY0']","['L', 'ZH', 'IY']",-3,CCV,3
14151,"['IY0', 'L', 'ZH']","['IY', 'L', 'ZH']",3,VCC,3
14152,"['L', 'ZH', 'EY0']","['L', 'ZH', 'EY']",-3,CCV,3
14153,"['EY0', 'L', 'ZH']","['EY', 'L', 'ZH']",3,VCC,3
14154,"['L', 'ZH', 'OW0']","['L', 'ZH', 'OW']",-3,CCV,3
14155,"['OW0', 'L', 'ZH']","['OW', 'L', 'ZH']",3,VCC,3
14156,"['L', 'ZH', 'AE0']","['L', 'ZH', 'AE']",-3,CCV,3
14157,"['AE0', 'L', 'ZH']","['AE', 'L', 'ZH']",3,VCC,3
14158,"['L', 'ZH', 'AW0']","['L', 'ZH', 'AW']",-3,CCV,3
14159,"['AW0', 'L', 'ZH']","['AW', 'L', 'ZH']",3,VCC,3
14160,"['L', 'V', 'AH0']","['L', 'V', 'AH']",-3,CCV,3
14161,"['AH0', 'L', 'V']","['AH', 'L', 'V']",3,VCC,3
14162,"['L', 'V', 'OY0']","['L', 'V', 'OY']",-3,CCV,3
14163,"['OY0', 'L', 'V']","['OY', 'L', 'V']",3,VCC,3
14164,"['L', 'V', 'AA0']","['L', 'V', 'AA']",-3,CCV,3
14165,"['AA0', 'L', 'V']","['AA', 'L', 'V']",3,VCC,3
14166,"['L', 'V', 'AY0']","['L', 'V', 'AY']",-3,CCV,3
14167,"['AY0', 'L', 'V']","['AY', 'L', 'V']",3,VCC,3
14168,"['L', 'V', 'ER0']","['L', 'V', 'ER']",-3,CCV,3
14169,"['ER0', 'L', 'V']","['ER', 'L', 'V']",3,VCC,3
14170,"['L', 'V', 'AO0']","['L', 'V', 'AO']",-3,CCV,3
14171,"['AO0', 'L', 'V']","['AO', 'L', 'V']",3,VCC,3
14172,"['L', 'V', 'UW0']","['L', 'V', 'UW']",-3,CCV,3
14173,"['UW0', 'L', 'V']","['UW', 'L', 'V']",3,VCC,3
14174,"['L', 'V', 'IH0']","['L', 'V', 'IH']",-3,CCV,3
14175,"['IH0', 'L', 'V']","['IH', 'L', 'V']",3,VCC,3
14176,"['L', 'V', 'EH0']","['L', 'V', 'EH']",-3,CCV,3
14177,"['EH0', 'L', 'V']","['EH', 'L', 'V']",3,VCC,3
14178,"['L', 'V', 'UH0']","['L', 'V', 'UH']",-3,CCV,3
14179,"['UH0', 'L', 'V']","['UH', 'L', 'V']",3,VCC,3
14180,"['L', 'V', 'IY0']","['L', 'V', 'IY']",-3,CCV,3
14181,"['IY0', 'L', 'V']","['IY', 'L', 'V']",3,VCC,3
14182,"['L', 'V', 'EY0']","['L', 'V', 'EY']",-3,CCV,3
14183,"['EY0', 'L', 'V']","['EY', 'L', 'V']",3,VCC,3
14184,"['L', 'V', 'OW0']","['L', 'V', 'OW']",-3,CCV,3
14185,"['OW0', 'L', 'V']","['OW', 'L', 'V']",3,VCC,3
14186,"['L', 'V', 'AE0']","['L', 'V', 'AE']",-3,CCV,3
14187,"['AE0', 'L', 'V']","['AE', 'L', 'V']",3,VCC,3
14188,"['L', 'V', 'AW0']","['L', 'V', 'AW']",-3,CCV,3
14189,"['AW0', 'L', 'V']","['AW', 'L', 'V']",3,VCC,3
14190,"['L', 'DH', 'AH0']","['L', 'DH', 'AH']",-3,CCV,3
14191,"['AH0', 'L', 'DH']","['AH', 'L', 'DH']",3,VCC,3
14192,"['L', 'DH', 'OY0']","['L', 'DH', 'OY']",-3,CCV,3
14193,"['OY0', 'L', 'DH']","['OY', 'L', 'DH']",3,VCC,3
14194,"['L', 'DH', 'AA0']","['L', 'DH', 'AA']",-3,CCV,3
14195,"['AA0', 'L', 'DH']","['AA', 'L', 'DH']",3,VCC,3
14196,"['L', 'DH', 'AY0']","['L', 'DH', 'AY']",-3,CCV,3
14197,"['AY0', 'L', 'DH']","['AY', 'L', 'DH']",3,VCC,3
14198,"['L', 'DH', 'ER0']","['L', 'DH', 'ER']",-3,CCV,3
14199,"['ER0', 'L', 'DH']","['ER', 'L', 'DH']",3,VCC,3
14200,"['L', 'DH', 'AO0']","['L', 'DH', 'AO']",-3,CCV,3
14201,"['AO0', 'L', 'DH']","['AO', 'L', 'DH']",3,VCC,3
14202,"['L', 'DH', 'UW0']","['L', 'DH', 'UW']",-3,CCV,3
14203,"['UW0', 'L', 'DH']","['UW', 'L', 'DH']",3,VCC,3
14204,"['L', 'DH', 'IH0']","['L', 'DH', 'IH']",-3,CCV,3
14205,"['IH0', 'L', 'DH']","['IH', 'L', 'DH']",3,VCC,3
14206,"['L', 'DH', 'EH0']","['L', 'DH', 'EH']",-3,CCV,3
14207,"['EH0', 'L', 'DH']","['EH', 'L', 'DH']",3,VCC,3
14208,"['L', 'DH', 'UH0']","['L', 'DH', 'UH']",-3,CCV,3
14209,"['UH0', 'L', 'DH']","['UH', 'L', 'DH']",3,VCC,3
14210,"['L', 'DH', 'IY0']","['L', 'DH', 'IY']",-3,CCV,3
14211,"['IY0', 'L', 'DH']","['IY', 'L', 'DH']",3,VCC,3
14212,"['L', 'DH', 'EY0']","['L', 'DH', 'EY']",-3,CCV,3
14213,"['EY0', 'L', 'DH']","['EY', 'L', 'DH']",3,VCC,3
14214,"['L', 'DH', 'OW0']","['L', 'DH', 'OW']",-3,CCV,3
14215,"['OW0', 'L', 'DH']","['OW', 'L', 'DH']",3,VCC,3
14216,"['L', 'DH', 'AE0']","['L', 'DH', 'AE']",-3,CCV,3
14217,"['AE0', 'L', 'DH']","['AE', 'L', 'DH']",3,VCC,3
14218,"['L', 'DH', 'AW0']","['L', 'DH', 'AW']",-3,CCV,3
14219,"['AW0', 'L', 'DH']","['AW', 'L', 'DH']",3,VCC,3
14220,"['L', 'HH', 'AH0']","['L', 'HH', 'AH']",-3,CCV,3
14221,"['AH0', 'L', 'HH']","['AH', 'L', 'HH']",3,VCC,3
14222,"['L', 'HH', 'OY0']","['L', 'HH', 'OY']",-3,CCV,3
14223,"['OY0', 'L', 'HH']","['OY', 'L', 'HH']",3,VCC,3
14224,"['L', 'HH', 'AA0']","['L', 'HH', 'AA']",-3,CCV,3
14225,"['AA0', 'L', 'HH']","['AA', 'L', 'HH']",3,VCC,3
14226,"['L', 'HH', 'AY0']","['L', 'HH', 'AY']",-3,CCV,3
14227,"['AY0', 'L', 'HH']","['AY', 'L', 'HH']",3,VCC,3
14228,"['L', 'HH', 'ER0']","['L', 'HH', 'ER']",-3,CCV,3
14229,"['ER0', 'L', 'HH']","['ER', 'L', 'HH']",3,VCC,3
14230,"['L', 'HH', 'AO0']","['L', 'HH', 'AO']",-3,CCV,3
14231,"['AO0', 'L', 'HH']","['AO', 'L', 'HH']",3,VCC,3
14232,"['L', 'HH', 'UW0']","['L', 'HH', 'UW']",-3,CCV,3
14233,"['UW0', 'L', 'HH']","['UW', 'L', 'HH']",3,VCC,3
14234,"['L', 'HH', 'IH0']","['L', 'HH', 'IH']",-3,CCV,3
14235,"['IH0', 'L', 'HH']","['IH', 'L', 'HH']",3,VCC,3
14236,"['L', 'HH', 'EH0']","['L', 'HH', 'EH']",-3,CCV,3
14237,"['EH0', 'L', 'HH']","['EH', 'L', 'HH']",3,VCC,3
14238,"['L', 'HH', 'UH0']","['L', 'HH', 'UH']",-3,CCV,3
14239,"['UH0', 'L', 'HH']","['UH', 'L', 'HH']",3,VCC,3
14240,"['L', 'HH', 'IY0']","['L', 'HH', 'IY']",-3,CCV,3
14241,"['IY0', 'L', 'HH']","['IY', 'L', 'HH']",3,VCC,3
14242,"['L', 'HH', 'EY0']","['L', 'HH', 'EY']",-3,CCV,3
14243,"['EY0', 'L', 'HH']","['EY', 'L', 'HH']",3,VCC,3
14244,"['L', 'HH', 'OW0']","['L', 'HH', 'OW']",-3,CCV,3
14245,"['OW0', 'L', 'HH']","['OW', 'L', 'HH']",3,VCC,3
14246,"['L', 'HH', 'AE0']","['L', 'HH', 'AE']",-3,CCV,3
14247,"['AE0', 'L', 'HH']","['AE', 'L', 'HH']",3,VCC,3
14248,"['L', 'HH', 'AW0']","['L', 'HH', 'AW']",-3,CCV,3
14249,"['AW0', 'L', 'HH']","['AW', 'L', 'HH']",3,VCC,3
14250,"['L', 'CH', 'AH0']","['L', 'CH', 'AH']",-2,CCV,3
14251,"['AH0', 'L', 'CH']","['AH', 'L', 'CH']",2,VCC,3
14252,"['L', 'CH', 'OY0']","['L', 'CH', 'OY']",-2,CCV,3
14253,"['OY0', 'L', 'CH']","['OY', 'L', 'CH']",2,VCC,3
14254,"['L', 'CH', 'AA0']","['L', 'CH', 'AA']",-2,CCV,3
14255,"['AA0', 'L', 'CH']","['AA', 'L', 'CH']",2,VCC,3
14256,"['L', 'CH', 'AY0']","['L', 'CH', 'AY']",-2,CCV,3
14257,"['AY0', 'L', 'CH']","['AY', 'L', 'CH']",2,VCC,3
14258,"['L', 'CH', 'ER0']","['L', 'CH', 'ER']",-2,CCV,3
14259,"['ER0', 'L', 'CH']","['ER', 'L', 'CH']",2,VCC,3
14260,"['L', 'CH', 'AO0']","['L', 'CH', 'AO']",-2,CCV,3
14261,"['AO0', 'L', 'CH']","['AO', 'L', 'CH']",2,VCC,3
14262,"['L', 'CH', 'UW0']","['L', 'CH', 'UW']",-2,CCV,3
14263,"['UW0', 'L', 'CH']","['UW', 'L', 'CH']",2,VCC,3
14264,"['L', 'CH', 'IH0']","['L', 'CH', 'IH']",-2,CCV,3
14265,"['IH0', 'L', 'CH']","['IH', 'L', 'CH']",2,VCC,3
14266,"['L', 'CH', 'EH0']","['L', 'CH', 'EH']",-2,CCV,3
14267,"['EH0', 'L', 'CH']","['EH', 'L', 'CH']",2,VCC,3
14268,"['L', 'CH', 'UH0']","['L', 'CH', 'UH']",-2,CCV,3
14269,"['UH0', 'L', 'CH']","['UH', 'L', 'CH']",2,VCC,3
14270,"['L', 'CH', 'IY0']","['L', 'CH', 'IY']",-2,CCV,3
14271,"['IY0', 'L', 'CH']","['IY', 'L', 'CH']",2,VCC,3
14272,"['L', 'CH', 'EY0']","['L', 'CH', 'EY']",-2,CCV,3
14273,"['EY0', 'L', 'CH']","['EY', 'L', 'CH']",2,VCC,3
14274,"['L', 'CH', 'OW0']","['L', 'CH', 'OW']",-2,CCV,3
14275,"['OW0', 'L', 'CH']","['OW', 'L', 'CH']",2,VCC,3
14276,"['L', 'CH', 'AE0']","['L', 'CH', 'AE']",-2,CCV,3
14277,"['AE0', 'L', 'CH']","['AE', 'L', 'CH']",2,VCC,3
14278,"['L', 'CH', 'AW0']","['L', 'CH', 'AW']",-2,CCV,3
14279,"['AW0', 'L', 'CH']","['AW', 'L', 'CH']",2,VCC,3
14280,"['L', 'JH', 'AH0']","['L', 'JH', 'AH']",-2,CCV,3
14281,"['AH0', 'L', 'JH']","['AH', 'L', 'JH']",2,VCC,3
14282,"['L', 'JH', 'OY0']","['L', 'JH', 'OY']",-2,CCV,3
14283,"['OY0', 'L', 'JH']","['OY', 'L', 'JH']",2,VCC,3
14284,"['L', 'JH', 'AA0']","['L', 'JH', 'AA']",-2,CCV,3
14285,"['AA0', 'L', 'JH']","['AA', 'L', 'JH']",2,VCC,3
14286,"['L', 'JH', 'AY0']","['L', 'JH', 'AY']",-2,CCV,3
14287,"['AY0', 'L', 'JH']","['AY', 'L', 'JH']",2,VCC,3
14288,"['L', 'JH', 'ER0']","['L', 'JH', 'ER']",-2,CCV,3
14289,"['ER0', 'L', 'JH']","['ER', 'L', 'JH']",2,VCC,3
14290,"['L', 'JH', 'AO0']","['L', 'JH', 'AO']",-2,CCV,3
14291,"['AO0', 'L', 'JH']","['AO', 'L', 'JH']",2,VCC,3
14292,"['L', 'JH', 'UW0']","['L', 'JH', 'UW']",-2,CCV,3
14293,"['UW0', 'L', 'JH']","['UW', 'L', 'JH']",2,VCC,3
14294,"['L', 'JH', 'IH0']","['L', 'JH', 'IH']",-2,CCV,3
14295,"['IH0', 'L', 'JH']","['IH', 'L', 'JH']",2,VCC,3
14296,"['L', 'JH', 'EH0']","['L', 'JH', 'EH']",-2,CCV,3
14297,"['EH0', 'L', 'JH']","['EH', 'L', 'JH']",2,VCC,3
14298,"['L', 'JH', 'UH0']","['L', 'JH', 'UH']",-2,CCV,3
14299,"['UH0', 'L', 'JH']","['UH', 'L', 'JH']",2,VCC,3
14300,"['L', 'JH', 'IY0']","['L', 'JH', 'IY']",-2,CCV,3
14301,"['IY0', 'L', 'JH']","['IY', 'L', 'JH']",2,VCC,3
14302,"['L', 'JH', 'EY0']","['L', 'JH', 'EY']",-2,CCV,3
14303,"['EY0', 'L', 'JH']","['EY', 'L', 'JH']",2,VCC,3
14304,"['L', 'JH', 'OW0']","['L', 'JH', 'OW']",-2,CCV,3
14305,"['OW0', 'L', 'JH']","['OW', 'L', 'JH']",2,VCC,3
14306,"['L', 'JH', 'AE0']","['L', 'JH', 'AE']",-2,CCV,3
14307,"['AE0', 'L', 'JH']","['AE', 'L', 'JH']",2,VCC,3
14308,"['L', 'JH', 'AW0']","['L', 'JH', 'AW']",-2,CCV,3
14309,"['AW0', 'L', 'JH']","['AW', 'L', 'JH']",2,VCC,3
14310,"['L', 'M', 'AH0']","['L', 'M', 'AH']",-1,CCV,3
14311,"['AH0', 'L', 'M']","['AH', 'L', 'M']",1,VCC,3
14312,"['L', 'M', 'OY0']","['L', 'M', 'OY']",-1,CCV,3
14313,"['OY0', 'L', 'M']","['OY', 'L', 'M']",1,VCC,3
14314,"['L', 'M', 'AA0']","['L', 'M', 'AA']",-1,CCV,3
14315,"['AA0', 'L', 'M']","['AA', 'L', 'M']",1,VCC,3
14316,"['L', 'M', 'AY0']","['L', 'M', 'AY']",-1,CCV,3
14317,"['AY0', 'L', 'M']","['AY', 'L', 'M']",1,VCC,3
14318,"['L', 'M', 'ER0']","['L', 'M', 'ER']",-1,CCV,3
14319,"['ER0', 'L', 'M']","['ER', 'L', 'M']",1,VCC,3
14320,"['L', 'M', 'AO0']","['L', 'M', 'AO']",-1,CCV,3
14321,"['AO0', 'L', 'M']","['AO', 'L', 'M']",1,VCC,3
14322,"['L', 'M', 'UW0']","['L', 'M', 'UW']",-1,CCV,3
14323,"['UW0', 'L', 'M']","['UW', 'L', 'M']",1,VCC,3
14324,"['L', 'M', 'IH0']","['L', 'M', 'IH']",-1,CCV,3
14325,"['IH0', 'L', 'M']","['IH', 'L', 'M']",1,VCC,3
14326,"['L', 'M', 'EH0']","['L', 'M', 'EH']",-1,CCV,3
14327,"['EH0', 'L', 'M']","['EH', 'L', 'M']",1,VCC,3
14328,"['L', 'M', 'UH0']","['L', 'M', 'UH']",-1,CCV,3
14329,"['UH0', 'L', 'M']","['UH', 'L', 'M']",1,VCC,3
14330,"['L', 'M', 'IY0']","['L', 'M', 'IY']",-1,CCV,3
14331,"['IY0', 'L', 'M']","['IY', 'L', 'M']",1,VCC,3
14332,"['L', 'M', 'EY0']","['L', 'M', 'EY']",-1,CCV,3
14333,"['EY0', 'L', 'M']","['EY', 'L', 'M']",1,VCC,3
14334,"['L', 'M', 'OW0']","['L', 'M', 'OW']",-1,CCV,3
14335,"['OW0', 'L', 'M']","['OW', 'L', 'M']",1,VCC,3
14336,"['L', 'M', 'AE0']","['L', 'M', 'AE']",-1,CCV,3
14337,"['AE0', 'L', 'M']","['AE', 'L', 'M']",1,VCC,3
14338,"['L', 'M', 'AW0']","['L', 'M', 'AW']",-1,CCV,3
14339,"['AW0', 'L', 'M']","['AW', 'L', 'M']",1,VCC,3
14340,"['L', 'N', 'AH0']","['L', 'N', 'AH']",-1,CCV,3
14341,"['AH0', 'L', 'N']","['AH', 'L', 'N']",1,VCC,3
14342,"['L', 'N', 'OY0']","['L', 'N', 'OY']",-1,CCV,3
14343,"['OY0', 'L', 'N']","['OY', 'L', 'N']",1,VCC,3
14344,"['L', 'N', 'AA0']","['L', 'N', 'AA']",-1,CCV,3
14345,"['AA0', 'L', 'N']","['AA', 'L', 'N']",1,VCC,3
14346,"['L', 'N', 'AY0']","['L', 'N', 'AY']",-1,CCV,3
14347,"['AY0', 'L', 'N']","['AY', 'L', 'N']",1,VCC,3
14348,"['L', 'N', 'ER0']","['L', 'N', 'ER']",-1,CCV,3
14349,"['ER0', 'L', 'N']","['ER', 'L', 'N']",1,VCC,3
14350,"['L', 'N', 'AO0']","['L', 'N', 'AO']",-1,CCV,3
14351,"['AO0', 'L', 'N']","['AO', 'L', 'N']",1,VCC,3
14352,"['L', 'N', 'UW0']","['L', 'N', 'UW']",-1,CCV,3
14353,"['UW0', 'L', 'N']","['UW', 'L', 'N']",1,VCC,3
14354,"['L', 'N', 'IH0']","['L', 'N', 'IH']",-1,CCV,3
14355,"['IH0', 'L', 'N']","['IH', 'L', 'N']",1,VCC,3
14356,"['L', 'N', 'EH0']","['L', 'N', 'EH']",-1,CCV,3
14357,"['EH0', 'L', 'N']","['EH', 'L', 'N']",1,VCC,3
14358,"['L', 'N', 'UH0']","['L', 'N', 'UH']",-1,CCV,3
14359,"['UH0', 'L', 'N']","['UH', 'L', 'N']",1,VCC,3
14360,"['L', 'N', 'IY0']","['L', 'N', 'IY']",-1,CCV,3
14361,"['IY0', 'L', 'N']","['IY', 'L', 'N']",1,VCC,3
14362,"['L', 'N', 'EY0']","['L', 'N', 'EY']",-1,CCV,3
14363,"['EY0', 'L', 'N']","['EY', 'L', 'N']",1,VCC,3
14364,"['L', 'N', 'OW0']","['L', 'N', 'OW']",-1,CCV,3
14365,"['OW0', 'L', 'N']","['OW', 'L', 'N']",1,VCC,3
14366,"['L', 'N', 'AE0']","['L', 'N', 'AE']",-1,CCV,3
14367,"['AE0', 'L', 'N']","['AE', 'L', 'N']",1,VCC,3
14368,"['L', 'N', 'AW0']","['L', 'N', 'AW']",-1,CCV,3
14369,"['AW0', 'L', 'N']","['AW', 'L', 'N']",1,VCC,3
14370,"['L', 'NG', 'AH0']","['L', 'NG', 'AH']",-1,CCV,3
14371,"['AH0', 'L', 'NG']","['AH', 'L', 'NG']",1,VCC,3
14372,"['L', 'NG', 'OY0']","['L', 'NG', 'OY']",-1,CCV,3
14373,"['OY0', 'L', 'NG']","['OY', 'L', 'NG']",1,VCC,3
14374,"['L', 'NG', 'AA0']","['L', 'NG', 'AA']",-1,CCV,3
14375,"['AA0', 'L', 'NG']","['AA', 'L', 'NG']",1,VCC,3
14376,"['L', 'NG', 'AY0']","['L', 'NG', 'AY']",-1,CCV,3
14377,"['AY0', 'L', 'NG']","['AY', 'L', 'NG']",1,VCC,3
14378,"['L', 'NG', 'ER0']","['L', 'NG', 'ER']",-1,CCV,3
14379,"['ER0', 'L', 'NG']","['ER', 'L', 'NG']",1,VCC,3
14380,"['L', 'NG', 'AO0']","['L', 'NG', 'AO']",-1,CCV,3
14381,"['AO0', 'L', 'NG']","['AO', 'L', 'NG']",1,VCC,3
14382,"['L', 'NG', 'UW0']","['L', 'NG', 'UW']",-1,CCV,3
14383,"['UW0', 'L', 'NG']","['UW', 'L', 'NG']",1,VCC,3
14384,"['L', 'NG', 'IH0']","['L', 'NG', 'IH']",-1,CCV,3
14385,"['IH0', 'L', 'NG']","['IH', 'L', 'NG']",1,VCC,3
14386,"['L', 'NG', 'EH0']","['L', 'NG', 'EH']",-1,CCV,3
14387,"['EH0', 'L', 'NG']","['EH', 'L', 'NG']",1,VCC,3
14388,"['L', 'NG', 'UH0']","['L', 'NG', 'UH']",-1,CCV,3
14389,"['UH0', 'L', 'NG']","['UH', 'L', 'NG']",1,VCC,3
14390,"['L', 'NG', 'IY0']","['L', 'NG', 'IY']",-1,CCV,3
14391,"['IY0', 'L', 'NG']","['IY', 'L', 'NG']",1,VCC,3
14392,"['L', 'NG', 'EY0']","['L', 'NG', 'EY']",-1,CCV,3
14393,"['EY0', 'L', 'NG']","['EY', 'L', 'NG']",1,VCC,3
14394,"['L', 'NG', 'OW0']","['L', 'NG', 'OW']",-1,CCV,3
14395,"['OW0', 'L', 'NG']","['OW', 'L', 'NG']",1,VCC,3
14396,"['L', 'NG', 'AE0']","['L', 'NG', 'AE']",-1,CCV,3
14397,"['AE0', 'L', 'NG']","['AE', 'L', 'NG']",1,VCC,3
14398,"['L', 'NG', 'AW0']","['L', 'NG', 'AW']",-1,CCV,3
14399,"['AW0', 'L', 'NG']","['AW', 'L', 'NG']",1,VCC,3
14400,"['L', 'R', 'AH0']","['L', 'R', 'AH']",0,CCV,3
14401,"['AH0', 'L', 'R']","['AH', 'L', 'R']",0,VCC,3
14402,"['L', 'R', 'OY0']","['L', 'R', 'OY']",0,CCV,3
14403,"['OY0', 'L', 'R']","['OY', 'L', 'R']",0,VCC,3
14404,"['L', 'R', 'AA0']","['L', 'R', 'AA']",0,CCV,3
14405,"['AA0', 'L', 'R']","['AA', 'L', 'R']",0,VCC,3
14406,"['L', 'R', 'AY0']","['L', 'R', 'AY']",0,CCV,3
14407,"['AY0', 'L', 'R']","['AY', 'L', 'R']",0,VCC,3
14408,"['L', 'R', 'ER0']","['L', 'R', 'ER']",0,CCV,3
14409,"['ER0', 'L', 'R']","['ER', 'L', 'R']",0,VCC,3
14410,"['L', 'R', 'AO0']","['L', 'R', 'AO']",0,CCV,3
14411,"['AO0', 'L', 'R']","['AO', 'L', 'R']",0,VCC,3
14412,"['L', 'R', 'UW0']","['L', 'R', 'UW']",0,CCV,3
14413,"['UW0', 'L', 'R']","['UW', 'L', 'R']",0,VCC,3
14414,"['L', 'R', 'IH0']","['L', 'R', 'IH']",0,CCV,3
14415,"['IH0', 'L', 'R']","['IH', 'L', 'R']",0,VCC,3
14416,"['L', 'R', 'EH0']","['L', 'R', 'EH']",0,CCV,3
14417,"['EH0', 'L', 'R']","['EH', 'L', 'R']",0,VCC,3
14418,"['L', 'R', 'UH0']","['L', 'R', 'UH']",0,CCV,3
14419,"['UH0', 'L', 'R']","['UH', 'L', 'R']",0,VCC,3
14420,"['L', 'R', 'IY0']","['L', 'R', 'IY']",0,CCV,3
14421,"['IY0', 'L', 'R']","['IY', 'L', 'R']",0,VCC,3
14422,"['L', 'R', 'EY0']","['L', 'R', 'EY']",0,CCV,3
14423,"['EY0', 'L', 'R']","['EY', 'L', 'R']",0,VCC,3
14424,"['L', 'R', 'OW0']","['L', 'R', 'OW']",0,CCV,3
14425,"['OW0', 'L', 'R']","['OW', 'L', 'R']",0,VCC,3
14426,"['L', 'R', 'AE0']","['L', 'R', 'AE']",0,CCV,3
14427,"['AE0', 'L', 'R']","['AE', 'L', 'R']",0,VCC,3
14428,"['L', 'R', 'AW0']","['L', 'R', 'AW']",0,CCV,3
14429,"['AW0', 'L', 'R']","['AW', 'L', 'R']",0,VCC,3
14430,"['L', 'W', 'AH0']","['L', 'W', 'AH']",1,CCV,3
14431,"['AH0', 'L', 'W']","['AH', 'L', 'W']",-1,VCC,3
14432,"['L', 'W', 'OY0']","['L', 'W', 'OY']",1,CCV,3
14433,"['OY0', 'L', 'W']","['OY', 'L', 'W']",-1,VCC,3
14434,"['L', 'W', 'AA0']","['L', 'W', 'AA']",1,CCV,3
14435,"['AA0', 'L', 'W']","['AA', 'L', 'W']",-1,VCC,3
14436,"['L', 'W', 'AY0']","['L', 'W', 'AY']",1,CCV,3
14437,"['AY0', 'L', 'W']","['AY', 'L', 'W']",-1,VCC,3
14438,"['L', 'W', 'ER0']","['L', 'W', 'ER']",1,CCV,3
14439,"['ER0', 'L', 'W']","['ER', 'L', 'W']",-1,VCC,3
14440,"['L', 'W', 'AO0']","['L', 'W', 'AO']",1,CCV,3
14441,"['AO0', 'L', 'W']","['AO', 'L', 'W']",-1,VCC,3
14442,"['L', 'W', 'UW0']","['L', 'W', 'UW']",1,CCV,3
14443,"['UW0', 'L', 'W']","['UW', 'L', 'W']",-1,VCC,3
14444,"['L', 'W', 'IH0']","['L', 'W', 'IH']",1,CCV,3
14445,"['IH0', 'L', 'W']","['IH', 'L', 'W']",-1,VCC,3
14446,"['L', 'W', 'EH0']","['L', 'W', 'EH']",1,CCV,3
14447,"['EH0', 'L', 'W']","['EH', 'L', 'W']",-1,VCC,3
14448,"['L', 'W', 'UH0']","['L', 'W', 'UH']",1,CCV,3
14449,"['UH0', 'L', 'W']","['UH', 'L', 'W']",-1,VCC,3
14450,"['L', 'W', 'IY0']","['L', 'W', 'IY']",1,CCV,3
14451,"['IY0', 'L', 'W']","['IY', 'L', 'W']",-1,VCC,3
14452,"['L', 'W', 'EY0']","['L', 'W', 'EY']",1,CCV,3
14453,"['EY0', 'L', 'W']","['EY', 'L', 'W']",-1,VCC,3
14454,"['L', 'W', 'OW0']","['L', 'W', 'OW']",1,CCV,3
14455,"['OW0', 'L', 'W']","['OW', 'L', 'W']",-1,VCC,3
14456,"['L', 'W', 'AE0']","['L', 'W', 'AE']",1,CCV,3
14457,"['AE0', 'L', 'W']","['AE', 'L', 'W']",-1,VCC,3
14458,"['L', 'W', 'AW0']","['L', 'W', 'AW']",1,CCV,3
14459,"['AW0', 'L', 'W']","['AW', 'L', 'W']",-1,VCC,3
14460,"['L', 'Y', 'AH0']","['L', 'Y', 'AH']",1,CCV,3
14461,"['AH0', 'L', 'Y']","['AH', 'L', 'Y']",-1,VCC,3
14462,"['L', 'Y', 'OY0']","['L', 'Y', 'OY']",1,CCV,3
14463,"['OY0', 'L', 'Y']","['OY', 'L', 'Y']",-1,VCC,3
14464,"['L', 'Y', 'AA0']","['L', 'Y', 'AA']",1,CCV,3
14465,"['AA0', 'L', 'Y']","['AA', 'L', 'Y']",-1,VCC,3
14466,"['L', 'Y', 'AY0']","['L', 'Y', 'AY']",1,CCV,3
14467,"['AY0', 'L', 'Y']","['AY', 'L', 'Y']",-1,VCC,3
14468,"['L', 'Y', 'ER0']","['L', 'Y', 'ER']",1,CCV,3
14469,"['ER0', 'L', 'Y']","['ER', 'L', 'Y']",-1,VCC,3
14470,"['L', 'Y', 'AO0']","['L', 'Y', 'AO']",1,CCV,3
14471,"['AO0', 'L', 'Y']","['AO', 'L', 'Y']",-1,VCC,3
14472,"['L', 'Y', 'UW0']","['L', 'Y', 'UW']",1,CCV,3
14473,"['UW0', 'L', 'Y']","['UW', 'L', 'Y']",-1,VCC,3
14474,"['L', 'Y', 'IH0']","['L', 'Y', 'IH']",1,CCV,3
14475,"['IH0', 'L', 'Y']","['IH', 'L', 'Y']",-1,VCC,3
14476,"['L', 'Y', 'EH0']","['L', 'Y', 'EH']",1,CCV,3
14477,"['EH0', 'L', 'Y']","['EH', 'L', 'Y']",-1,VCC,3
14478,"['L', 'Y', 'UH0']","['L', 'Y', 'UH']",1,CCV,3
14479,"['UH0', 'L', 'Y']","['UH', 'L', 'Y']",-1,VCC,3
14480,"['L', 'Y', 'IY0']","['L', 'Y', 'IY']",1,CCV,3
14481,"['IY0', 'L', 'Y']","['IY', 'L', 'Y']",-1,VCC,3
14482,"['L', 'Y', 'EY0']","['L', 'Y', 'EY']",1,CCV,3
14483,"['EY0', 'L', 'Y']","['EY', 'L', 'Y']",-1,VCC,3
14484,"['L', 'Y', 'OW0']","['L', 'Y', 'OW']",1,CCV,3
14485,"['OW0', 'L', 'Y']","['OW', 'L', 'Y']",-1,VCC,3
14486,"['L', 'Y', 'AE0']","['L', 'Y', 'AE']",1,CCV,3
14487,"['AE0', 'L', 'Y']","['AE', 'L', 'Y']",-1,VCC,3
14488,"['L', 'Y', 'AW0']","['L', 'Y', 'AW']",1,CCV,3
14489,"['AW0', 'L', 'Y']","['AW', 'L', 'Y']",-1,VCC,3
14490,"['R', 'P', 'AH0']","['R', 'P', 'AH']",-4,CCV,3
14491,"['AH0', 'R', 'P']","['AH', 'R', 'P']",4,VCC,3
14492,"['R', 'P', 'OY0']","['R', 'P', 'OY']",-4,CCV,3
14493,"['OY0', 'R', 'P']","['OY', 'R', 'P']",4,VCC,3
14494,"['R', 'P', 'AA0']","['R', 'P', 'AA']",-4,CCV,3
14495,"['AA0', 'R', 'P']","['AA', 'R', 'P']",4,VCC,3
14496,"['R', 'P', 'AY0']","['R', 'P', 'AY']",-4,CCV,3
14497,"['AY0', 'R', 'P']","['AY', 'R', 'P']",4,VCC,3
14498,"['R', 'P', 'ER0']","['R', 'P', 'ER']",-4,CCV,3
14499,"['ER0', 'R', 'P']","['ER', 'R', 'P']",4,VCC,3
14500,"['R', 'P', 'AO0']","['R', 'P', 'AO']",-4,CCV,3
14501,"['AO0', 'R', 'P']","['AO', 'R', 'P']",4,VCC,3
14502,"['R', 'P', 'UW0']","['R', 'P', 'UW']",-4,CCV,3
14503,"['UW0', 'R', 'P']","['UW', 'R', 'P']",4,VCC,3
14504,"['R', 'P', 'IH0']","['R', 'P', 'IH']",-4,CCV,3
14505,"['IH0', 'R', 'P']","['IH', 'R', 'P']",4,VCC,3
14506,"['R', 'P', 'EH0']","['R', 'P', 'EH']",-4,CCV,3
14507,"['EH0', 'R', 'P']","['EH', 'R', 'P']",4,VCC,3
14508,"['R', 'P', 'UH0']","['R', 'P', 'UH']",-4,CCV,3
14509,"['UH0', 'R', 'P']","['UH', 'R', 'P']",4,VCC,3
14510,"['R', 'P', 'IY0']","['R', 'P', 'IY']",-4,CCV,3
14511,"['IY0', 'R', 'P']","['IY', 'R', 'P']",4,VCC,3
14512,"['R', 'P', 'EY0']","['R', 'P', 'EY']",-4,CCV,3
14513,"['EY0', 'R', 'P']","['EY', 'R', 'P']",4,VCC,3
14514,"['R', 'P', 'OW0']","['R', 'P', 'OW']",-4,CCV,3
14515,"['OW0', 'R', 'P']","['OW', 'R', 'P']",4,VCC,3
14516,"['R', 'P', 'AE0']","['R', 'P', 'AE']",-4,CCV,3
14517,"['AE0', 'R', 'P']","['AE', 'R', 'P']",4,VCC,3
14518,"['R', 'P', 'AW0']","['R', 'P', 'AW']",-4,CCV,3
14519,"['AW0', 'R', 'P']","['AW', 'R', 'P']",4,VCC,3
14520,"['R', 'T', 'AH0']","['R', 'T', 'AH']",-4,CCV,3
14521,"['AH0', 'R', 'T']","['AH', 'R', 'T']",4,VCC,3
14522,"['R', 'T', 'OY0']","['R', 'T', 'OY']",-4,CCV,3
14523,"['OY0', 'R', 'T']","['OY', 'R', 'T']",4,VCC,3
14524,"['R', 'T', 'AA0']","['R', 'T', 'AA']",-4,CCV,3
14525,"['AA0', 'R', 'T']","['AA', 'R', 'T']",4,VCC,3
14526,"['R', 'T', 'AY0']","['R', 'T', 'AY']",-4,CCV,3
14527,"['AY0', 'R', 'T']","['AY', 'R', 'T']",4,VCC,3
14528,"['R', 'T', 'ER0']","['R', 'T', 'ER']",-4,CCV,3
14529,"['ER0', 'R', 'T']","['ER', 'R', 'T']",4,VCC,3
14530,"['R', 'T', 'AO0']","['R', 'T', 'AO']",-4,CCV,3
14531,"['AO0', 'R', 'T']","['AO', 'R', 'T']",4,VCC,3
14532,"['R', 'T', 'UW0']","['R', 'T', 'UW']",-4,CCV,3
14533,"['UW0', 'R', 'T']","['UW', 'R', 'T']",4,VCC,3
14534,"['R', 'T', 'IH0']","['R', 'T', 'IH']",-4,CCV,3
14535,"['IH0', 'R', 'T']","['IH', 'R', 'T']",4,VCC,3
14536,"['R', 'T', 'EH0']","['R', 'T', 'EH']",-4,CCV,3
14537,"['EH0', 'R', 'T']","['EH', 'R', 'T']",4,VCC,3
14538,"['R', 'T', 'UH0']","['R', 'T', 'UH']",-4,CCV,3
14539,"['UH0', 'R', 'T']","['UH', 'R', 'T']",4,VCC,3
14540,"['R', 'T', 'IY0']","['R', 'T', 'IY']",-4,CCV,3
14541,"['IY0', 'R', 'T']","['IY', 'R', 'T']",4,VCC,3
14542,"['R', 'T', 'EY0']","['R', 'T', 'EY']",-4,CCV,3
14543,"['EY0', 'R', 'T']","['EY', 'R', 'T']",4,VCC,3
14544,"['R', 'T', 'OW0']","['R', 'T', 'OW']",-4,CCV,3
14545,"['OW0', 'R', 'T']","['OW', 'R', 'T']",4,VCC,3
14546,"['R', 'T', 'AE0']","['R', 'T', 'AE']",-4,CCV,3
14547,"['AE0', 'R', 'T']","['AE', 'R', 'T']",4,VCC,3
14548,"['R', 'T', 'AW0']","['R', 'T', 'AW']",-4,CCV,3
14549,"['AW0', 'R', 'T']","['AW', 'R', 'T']",4,VCC,3
14550,"['R', 'K', 'AH0']","['R', 'K', 'AH']",-4,CCV,3
14551,"['AH0', 'R', 'K']","['AH', 'R', 'K']",4,VCC,3
14552,"['R', 'K', 'OY0']","['R', 'K', 'OY']",-4,CCV,3
14553,"['OY0', 'R', 'K']","['OY', 'R', 'K']",4,VCC,3
14554,"['R', 'K', 'AA0']","['R', 'K', 'AA']",-4,CCV,3
14555,"['AA0', 'R', 'K']","['AA', 'R', 'K']",4,VCC,3
14556,"['R', 'K', 'AY0']","['R', 'K', 'AY']",-4,CCV,3
14557,"['AY0', 'R', 'K']","['AY', 'R', 'K']",4,VCC,3
14558,"['R', 'K', 'ER0']","['R', 'K', 'ER']",-4,CCV,3
14559,"['ER0', 'R', 'K']","['ER', 'R', 'K']",4,VCC,3
14560,"['R', 'K', 'AO0']","['R', 'K', 'AO']",-4,CCV,3
14561,"['AO0', 'R', 'K']","['AO', 'R', 'K']",4,VCC,3
14562,"['R', 'K', 'UW0']","['R', 'K', 'UW']",-4,CCV,3
14563,"['UW0', 'R', 'K']","['UW', 'R', 'K']",4,VCC,3
14564,"['R', 'K', 'IH0']","['R', 'K', 'IH']",-4,CCV,3
14565,"['IH0', 'R', 'K']","['IH', 'R', 'K']",4,VCC,3
14566,"['R', 'K', 'EH0']","['R', 'K', 'EH']",-4,CCV,3
14567,"['EH0', 'R', 'K']","['EH', 'R', 'K']",4,VCC,3
14568,"['R', 'K', 'UH0']","['R', 'K', 'UH']",-4,CCV,3
14569,"['UH0', 'R', 'K']","['UH', 'R', 'K']",4,VCC,3
14570,"['R', 'K', 'IY0']","['R', 'K', 'IY']",-4,CCV,3
14571,"['IY0', 'R', 'K']","['IY', 'R', 'K']",4,VCC,3
14572,"['R', 'K', 'EY0']","['R', 'K', 'EY']",-4,CCV,3
14573,"['EY0', 'R', 'K']","['EY', 'R', 'K']",4,VCC,3
14574,"['R', 'K', 'OW0']","['R', 'K', 'OW']",-4,CCV,3
14575,"['OW0', 'R', 'K']","['OW', 'R', 'K']",4,VCC,3
14576,"['R', 'K', 'AE0']","['R', 'K', 'AE']",-4,CCV,3
14577,"['AE0', 'R', 'K']","['AE', 'R', 'K']",4,VCC,3
14578,"['R', 'K', 'AW0']","['R', 'K', 'AW']",-4,CCV,3
14579,"['AW0', 'R', 'K']","['AW', 'R', 'K']",4,VCC,3
14580,"['R', 'B', 'AH0']","['R', 'B', 'AH']",-4,CCV,3
14581,"['AH0', 'R', 'B']","['AH', 'R', 'B']",4,VCC,3
14582,"['R', 'B', 'OY0']","['R', 'B', 'OY']",-4,CCV,3
14583,"['OY0', 'R', 'B']","['OY', 'R', 'B']",4,VCC,3
14584,"['R', 'B', 'AA0']","['R', 'B', 'AA']",-4,CCV,3
14585,"['AA0', 'R', 'B']","['AA', 'R', 'B']",4,VCC,3
14586,"['R', 'B', 'AY0']","['R', 'B', 'AY']",-4,CCV,3
14587,"['AY0', 'R', 'B']","['AY', 'R', 'B']",4,VCC,3
14588,"['R', 'B', 'ER0']","['R', 'B', 'ER']",-4,CCV,3
14589,"['ER0', 'R', 'B']","['ER', 'R', 'B']",4,VCC,3
14590,"['R', 'B', 'AO0']","['R', 'B', 'AO']",-4,CCV,3
14591,"['AO0', 'R', 'B']","['AO', 'R', 'B']",4,VCC,3
14592,"['R', 'B', 'UW0']","['R', 'B', 'UW']",-4,CCV,3
14593,"['UW0', 'R', 'B']","['UW', 'R', 'B']",4,VCC,3
14594,"['R', 'B', 'IH0']","['R', 'B', 'IH']",-4,CCV,3
14595,"['IH0', 'R', 'B']","['IH', 'R', 'B']",4,VCC,3
14596,"['R', 'B', 'EH0']","['R', 'B', 'EH']",-4,CCV,3
14597,"['EH0', 'R', 'B']","['EH', 'R', 'B']",4,VCC,3
14598,"['R', 'B', 'UH0']","['R', 'B', 'UH']",-4,CCV,3
14599,"['UH0', 'R', 'B']","['UH', 'R', 'B']",4,VCC,3
14600,"['R', 'B', 'IY0']","['R', 'B', 'IY']",-4,CCV,3
14601,"['IY0', 'R', 'B']","['IY', 'R', 'B']",4,VCC,3
14602,"['R', 'B', 'EY0']","['R', 'B', 'EY']",-4,CCV,3
14603,"['EY0', 'R', 'B']","['EY', 'R', 'B']",4,VCC,3
14604,"['R', 'B', 'OW0']","['R', 'B', 'OW']",-4,CCV,3
14605,"['OW0', 'R', 'B']","['OW', 'R', 'B']",4,VCC,3
14606,"['R', 'B', 'AE0']","['R', 'B', 'AE']",-4,CCV,3
14607,"['AE0', 'R', 'B']","['AE', 'R', 'B']",4,VCC,3
14608,"['R', 'B', 'AW0']","['R', 'B', 'AW']",-4,CCV,3
14609,"['AW0', 'R', 'B']","['AW', 'R', 'B']",4,VCC,3
14610,"['R', 'D', 'AH0']","['R', 'D', 'AH']",-4,CCV,3
14611,"['AH0', 'R', 'D']","['AH', 'R', 'D']",4,VCC,3
14612,"['R', 'D', 'OY0']","['R', 'D', 'OY']",-4,CCV,3
14613,"['OY0', 'R', 'D']","['OY', 'R', 'D']",4,VCC,3
14614,"['R', 'D', 'AA0']","['R', 'D', 'AA']",-4,CCV,3
14615,"['AA0', 'R', 'D']","['AA', 'R', 'D']",4,VCC,3
14616,"['R', 'D', 'AY0']","['R', 'D', 'AY']",-4,CCV,3
14617,"['AY0', 'R', 'D']","['AY', 'R', 'D']",4,VCC,3
14618,"['R', 'D', 'ER0']","['R', 'D', 'ER']",-4,CCV,3
14619,"['ER0', 'R', 'D']","['ER', 'R', 'D']",4,VCC,3
14620,"['R', 'D', 'AO0']","['R', 'D', 'AO']",-4,CCV,3
14621,"['AO0', 'R', 'D']","['AO', 'R', 'D']",4,VCC,3
14622,"['R', 'D', 'UW0']","['R', 'D', 'UW']",-4,CCV,3
14623,"['UW0', 'R', 'D']","['UW', 'R', 'D']",4,VCC,3
14624,"['R', 'D', 'IH0']","['R', 'D', 'IH']",-4,CCV,3
14625,"['IH0', 'R', 'D']","['IH', 'R', 'D']",4,VCC,3
14626,"['R', 'D', 'EH0']","['R', 'D', 'EH']",-4,CCV,3
14627,"['EH0', 'R', 'D']","['EH', 'R', 'D']",4,VCC,3
14628,"['R', 'D', 'UH0']","['R', 'D', 'UH']",-4,CCV,3
14629,"['UH0', 'R', 'D']","['UH', 'R', 'D']",4,VCC,3
14630,"['R', 'D', 'IY0']","['R', 'D', 'IY']",-4,CCV,3
14631,"['IY0', 'R', 'D']","['IY', 'R', 'D']",4,VCC,3
14632,"['R', 'D', 'EY0']","['R', 'D', 'EY']",-4,CCV,3
14633,"['EY0', 'R', 'D']","['EY', 'R', 'D']",4,VCC,3
14634,"['R', 'D', 'OW0']","['R', 'D', 'OW']",-4,CCV,3
14635,"['OW0', 'R', 'D']","['OW', 'R', 'D']",4,VCC,3
14636,"['R', 'D', 'AE0']","['R', 'D', 'AE']",-4,CCV,3
14637,"['AE0', 'R', 'D']","['AE', 'R', 'D']",4,VCC,3
14638,"['R', 'D', 'AW0']","['R', 'D', 'AW']",-4,CCV,3
14639,"['AW0', 'R', 'D']","['AW', 'R', 'D']",4,VCC,3
14640,"['R', 'G', 'AH0']","['R', 'G', 'AH']",-4,CCV,3
14641,"['AH0', 'R', 'G']","['AH', 'R', 'G']",4,VCC,3
14642,"['R', 'G', 'OY0']","['R', 'G', 'OY']",-4,CCV,3
14643,"['OY0', 'R', 'G']","['OY', 'R', 'G']",4,VCC,3
14644,"['R', 'G', 'AA0']","['R', 'G', 'AA']",-4,CCV,3
14645,"['AA0', 'R', 'G']","['AA', 'R', 'G']",4,VCC,3
14646,"['R', 'G', 'AY0']","['R', 'G', 'AY']",-4,CCV,3
14647,"['AY0', 'R', 'G']","['AY', 'R', 'G']",4,VCC,3
14648,"['R', 'G', 'ER0']","['R', 'G', 'ER']",-4,CCV,3
14649,"['ER0', 'R', 'G']","['ER', 'R', 'G']",4,VCC,3
14650,"['R', 'G', 'AO0']","['R', 'G', 'AO']",-4,CCV,3
14651,"['AO0', 'R', 'G']","['AO', 'R', 'G']",4,VCC,3
14652,"['R', 'G', 'UW0']","['R', 'G', 'UW']",-4,CCV,3
14653,"['UW0', 'R', 'G']","['UW', 'R', 'G']",4,VCC,3
14654,"['R', 'G', 'IH0']","['R', 'G', 'IH']",-4,CCV,3
14655,"['IH0', 'R', 'G']","['IH', 'R', 'G']",4,VCC,3
14656,"['R', 'G', 'EH0']","['R', 'G', 'EH']",-4,CCV,3
14657,"['EH0', 'R', 'G']","['EH', 'R', 'G']",4,VCC,3
14658,"['R', 'G', 'UH0']","['R', 'G', 'UH']",-4,CCV,3
14659,"['UH0', 'R', 'G']","['UH', 'R', 'G']",4,VCC,3
14660,"['R', 'G', 'IY0']","['R', 'G', 'IY']",-4,CCV,3
14661,"['IY0', 'R', 'G']","['IY', 'R', 'G']",4,VCC,3
14662,"['R', 'G', 'EY0']","['R', 'G', 'EY']",-4,CCV,3
14663,"['EY0', 'R', 'G']","['EY', 'R', 'G']",4,VCC,3
14664,"['R', 'G', 'OW0']","['R', 'G', 'OW']",-4,CCV,3
14665,"['OW0', 'R', 'G']","['OW', 'R', 'G']",4,VCC,3
14666,"['R', 'G', 'AE0']","['R', 'G', 'AE']",-4,CCV,3
14667,"['AE0', 'R', 'G']","['AE', 'R', 'G']",4,VCC,3
14668,"['R', 'G', 'AW0']","['R', 'G', 'AW']",-4,CCV,3
14669,"['AW0', 'R', 'G']","['AW', 'R', 'G']",4,VCC,3
14670,"['R', 'F', 'AH0']","['R', 'F', 'AH']",-3,CCV,3
14671,"['AH0', 'R', 'F']","['AH', 'R', 'F']",3,VCC,3
14672,"['R', 'F', 'OY0']","['R', 'F', 'OY']",-3,CCV,3
14673,"['OY0', 'R', 'F']","['OY', 'R', 'F']",3,VCC,3
14674,"['R', 'F', 'AA0']","['R', 'F', 'AA']",-3,CCV,3
14675,"['AA0', 'R', 'F']","['AA', 'R', 'F']",3,VCC,3
14676,"['R', 'F', 'AY0']","['R', 'F', 'AY']",-3,CCV,3
14677,"['AY0', 'R', 'F']","['AY', 'R', 'F']",3,VCC,3
14678,"['R', 'F', 'ER0']","['R', 'F', 'ER']",-3,CCV,3
14679,"['ER0', 'R', 'F']","['ER', 'R', 'F']",3,VCC,3
14680,"['R', 'F', 'AO0']","['R', 'F', 'AO']",-3,CCV,3
14681,"['AO0', 'R', 'F']","['AO', 'R', 'F']",3,VCC,3
14682,"['R', 'F', 'UW0']","['R', 'F', 'UW']",-3,CCV,3
14683,"['UW0', 'R', 'F']","['UW', 'R', 'F']",3,VCC,3
14684,"['R', 'F', 'IH0']","['R', 'F', 'IH']",-3,CCV,3
14685,"['IH0', 'R', 'F']","['IH', 'R', 'F']",3,VCC,3
14686,"['R', 'F', 'EH0']","['R', 'F', 'EH']",-3,CCV,3
14687,"['EH0', 'R', 'F']","['EH', 'R', 'F']",3,VCC,3
14688,"['R', 'F', 'UH0']","['R', 'F', 'UH']",-3,CCV,3
14689,"['UH0', 'R', 'F']","['UH', 'R', 'F']",3,VCC,3
14690,"['R', 'F', 'IY0']","['R', 'F', 'IY']",-3,CCV,3
14691,"['IY0', 'R', 'F']","['IY', 'R', 'F']",3,VCC,3
14692,"['R', 'F', 'EY0']","['R', 'F', 'EY']",-3,CCV,3
14693,"['EY0', 'R', 'F']","['EY', 'R', 'F']",3,VCC,3
14694,"['R', 'F', 'OW0']","['R', 'F', 'OW']",-3,CCV,3
14695,"['OW0', 'R', 'F']","['OW', 'R', 'F']",3,VCC,3
14696,"['R', 'F', 'AE0']","['R', 'F', 'AE']",-3,CCV,3
14697,"['AE0', 'R', 'F']","['AE', 'R', 'F']",3,VCC,3
14698,"['R', 'F', 'AW0']","['R', 'F', 'AW']",-3,CCV,3
14699,"['AW0', 'R', 'F']","['AW', 'R', 'F']",3,VCC,3
14700,"['R', 'TH', 'AH0']","['R', 'TH', 'AH']",-3,CCV,3
14701,"['AH0', 'R', 'TH']","['AH', 'R', 'TH']",3,VCC,3
14702,"['R', 'TH', 'OY0']","['R', 'TH', 'OY']",-3,CCV,3
14703,"['OY0', 'R', 'TH']","['OY', 'R', 'TH']",3,VCC,3
14704,"['R', 'TH', 'AA0']","['R', 'TH', 'AA']",-3,CCV,3
14705,"['AA0', 'R', 'TH']","['AA', 'R', 'TH']",3,VCC,3
14706,"['R', 'TH', 'AY0']","['R', 'TH', 'AY']",-3,CCV,3
14707,"['AY0', 'R', 'TH']","['AY', 'R', 'TH']",3,VCC,3
14708,"['R', 'TH', 'ER0']","['R', 'TH', 'ER']",-3,CCV,3
14709,"['ER0', 'R', 'TH']","['ER', 'R', 'TH']",3,VCC,3
14710,"['R', 'TH', 'AO0']","['R', 'TH', 'AO']",-3,CCV,3
14711,"['AO0', 'R', 'TH']","['AO', 'R', 'TH']",3,VCC,3
14712,"['R', 'TH', 'UW0']","['R', 'TH', 'UW']",-3,CCV,3
14713,"['UW0', 'R', 'TH']","['UW', 'R', 'TH']",3,VCC,3
14714,"['R', 'TH', 'IH0']","['R', 'TH', 'IH']",-3,CCV,3
14715,"['IH0', 'R', 'TH']","['IH', 'R', 'TH']",3,VCC,3
14716,"['R', 'TH', 'EH0']","['R', 'TH', 'EH']",-3,CCV,3
14717,"['EH0', 'R', 'TH']","['EH', 'R', 'TH']",3,VCC,3
14718,"['R', 'TH', 'UH0']","['R', 'TH', 'UH']",-3,CCV,3
14719,"['UH0', 'R', 'TH']","['UH', 'R', 'TH']",3,VCC,3
14720,"['R', 'TH', 'IY0']","['R', 'TH', 'IY']",-3,CCV,3
14721,"['IY0', 'R', 'TH']","['IY', 'R', 'TH']",3,VCC,3
14722,"['R', 'TH', 'EY0']","['R', 'TH', 'EY']",-3,CCV,3
14723,"['EY0', 'R', 'TH']","['EY', 'R', 'TH']",3,VCC,3
14724,"['R', 'TH', 'OW0']","['R', 'TH', 'OW']",-3,CCV,3
14725,"['OW0', 'R', 'TH']","['OW', 'R', 'TH']",3,VCC,3
14726,"['R', 'TH', 'AE0']","['R', 'TH', 'AE']",-3,CCV,3
14727,"['AE0', 'R', 'TH']","['AE', 'R', 'TH']",3,VCC,3
14728,"['R', 'TH', 'AW0']","['R', 'TH', 'AW']",-3,CCV,3
14729,"['AW0', 'R', 'TH']","['AW', 'R', 'TH']",3,VCC,3
14730,"['R', 'S', 'AH0']","['R', 'S', 'AH']",-3,CCV,3
14731,"['AH0', 'R', 'S']","['AH', 'R', 'S']",3,VCC,3
14732,"['R', 'S', 'OY0']","['R', 'S', 'OY']",-3,CCV,3
14733,"['OY0', 'R', 'S']","['OY', 'R', 'S']",3,VCC,3
14734,"['R', 'S', 'AA0']","['R', 'S', 'AA']",-3,CCV,3
14735,"['AA0', 'R', 'S']","['AA', 'R', 'S']",3,VCC,3
14736,"['R', 'S', 'AY0']","['R', 'S', 'AY']",-3,CCV,3
14737,"['AY0', 'R', 'S']","['AY', 'R', 'S']",3,VCC,3
14738,"['R', 'S', 'ER0']","['R', 'S', 'ER']",-3,CCV,3
14739,"['ER0', 'R', 'S']","['ER', 'R', 'S']",3,VCC,3
14740,"['R', 'S', 'AO0']","['R', 'S', 'AO']",-3,CCV,3
14741,"['AO0', 'R', 'S']","['AO', 'R', 'S']",3,VCC,3
14742,"['R', 'S', 'UW0']","['R', 'S', 'UW']",-3,CCV,3
14743,"['UW0', 'R', 'S']","['UW', 'R', 'S']",3,VCC,3
14744,"['R', 'S', 'IH0']","['R', 'S', 'IH']",-3,CCV,3
14745,"['IH0', 'R', 'S']","['IH', 'R', 'S']",3,VCC,3
14746,"['R', 'S', 'EH0']","['R', 'S', 'EH']",-3,CCV,3
14747,"['EH0', 'R', 'S']","['EH', 'R', 'S']",3,VCC,3
14748,"['R', 'S', 'UH0']","['R', 'S', 'UH']",-3,CCV,3
14749,"['UH0', 'R', 'S']","['UH', 'R', 'S']",3,VCC,3
14750,"['R', 'S', 'IY0']","['R', 'S', 'IY']",-3,CCV,3
14751,"['IY0', 'R', 'S']","['IY', 'R', 'S']",3,VCC,3
14752,"['R', 'S', 'EY0']","['R', 'S', 'EY']",-3,CCV,3
14753,"['EY0', 'R', 'S']","['EY', 'R', 'S']",3,VCC,3
14754,"['R', 'S', 'OW0']","['R', 'S', 'OW']",-3,CCV,3
14755,"['OW0', 'R', 'S']","['OW', 'R', 'S']",3,VCC,3
14756,"['R', 'S', 'AE0']","['R', 'S', 'AE']",-3,CCV,3
14757,"['AE0', 'R', 'S']","['AE', 'R', 'S']",3,VCC,3
14758,"['R', 'S', 'AW0']","['R', 'S', 'AW']",-3,CCV,3
14759,"['AW0', 'R', 'S']","['AW', 'R', 'S']",3,VCC,3
14760,"['R', 'SH', 'AH0']","['R', 'SH', 'AH']",-3,CCV,3
14761,"['AH0', 'R', 'SH']","['AH', 'R', 'SH']",3,VCC,3
14762,"['R', 'SH', 'OY0']","['R', 'SH', 'OY']",-3,CCV,3
14763,"['OY0', 'R', 'SH']","['OY', 'R', 'SH']",3,VCC,3
14764,"['R', 'SH', 'AA0']","['R', 'SH', 'AA']",-3,CCV,3
14765,"['AA0', 'R', 'SH']","['AA', 'R', 'SH']",3,VCC,3
14766,"['R', 'SH', 'AY0']","['R', 'SH', 'AY']",-3,CCV,3
14767,"['AY0', 'R', 'SH']","['AY', 'R', 'SH']",3,VCC,3
14768,"['R', 'SH', 'ER0']","['R', 'SH', 'ER']",-3,CCV,3
14769,"['ER0', 'R', 'SH']","['ER', 'R', 'SH']",3,VCC,3
14770,"['R', 'SH', 'AO0']","['R', 'SH', 'AO']",-3,CCV,3
14771,"['AO0', 'R', 'SH']","['AO', 'R', 'SH']",3,VCC,3
14772,"['R', 'SH', 'UW0']","['R', 'SH', 'UW']",-3,CCV,3
14773,"['UW0', 'R', 'SH']","['UW', 'R', 'SH']",3,VCC,3
14774,"['R', 'SH', 'IH0']","['R', 'SH', 'IH']",-3,CCV,3
14775,"['IH0', 'R', 'SH']","['IH', 'R', 'SH']",3,VCC,3
14776,"['R', 'SH', 'EH0']","['R', 'SH', 'EH']",-3,CCV,3
14777,"['EH0', 'R', 'SH']","['EH', 'R', 'SH']",3,VCC,3
14778,"['R', 'SH', 'UH0']","['R', 'SH', 'UH']",-3,CCV,3
14779,"['UH0', 'R', 'SH']","['UH', 'R', 'SH']",3,VCC,3
14780,"['R', 'SH', 'IY0']","['R', 'SH', 'IY']",-3,CCV,3
14781,"['IY0', 'R', 'SH']","['IY', 'R', 'SH']",3,VCC,3
14782,"['R', 'SH', 'EY0']","['R', 'SH', 'EY']",-3,CCV,3
14783,"['EY0', 'R', 'SH']","['EY', 'R', 'SH']",3,VCC,3
14784,"['R', 'SH', 'OW0']","['R', 'SH', 'OW']",-3,CCV,3
14785,"['OW0', 'R', 'SH']","['OW', 'R', 'SH']",3,VCC,3
14786,"['R', 'SH', 'AE0']","['R', 'SH', 'AE']",-3,CCV,3
14787,"['AE0', 'R', 'SH']","['AE', 'R', 'SH']",3,VCC,3
14788,"['R', 'SH', 'AW0']","['R', 'SH', 'AW']",-3,CCV,3
14789,"['AW0', 'R', 'SH']","['AW', 'R', 'SH']",3,VCC,3
14790,"['R', 'Z', 'AH0']","['R', 'Z', 'AH']",-3,CCV,3
14791,"['AH0', 'R', 'Z']","['AH', 'R', 'Z']",3,VCC,3
14792,"['R', 'Z', 'OY0']","['R', 'Z', 'OY']",-3,CCV,3
14793,"['OY0', 'R', 'Z']","['OY', 'R', 'Z']",3,VCC,3
14794,"['R', 'Z', 'AA0']","['R', 'Z', 'AA']",-3,CCV,3
14795,"['AA0', 'R', 'Z']","['AA', 'R', 'Z']",3,VCC,3
14796,"['R', 'Z', 'AY0']","['R', 'Z', 'AY']",-3,CCV,3
14797,"['AY0', 'R', 'Z']","['AY', 'R', 'Z']",3,VCC,3
14798,"['R', 'Z', 'ER0']","['R', 'Z', 'ER']",-3,CCV,3
14799,"['ER0', 'R', 'Z']","['ER', 'R', 'Z']",3,VCC,3
14800,"['R', 'Z', 'AO0']","['R', 'Z', 'AO']",-3,CCV,3
14801,"['AO0', 'R', 'Z']","['AO', 'R', 'Z']",3,VCC,3
14802,"['R', 'Z', 'UW0']","['R', 'Z', 'UW']",-3,CCV,3
14803,"['UW0', 'R', 'Z']","['UW', 'R', 'Z']",3,VCC,3
14804,"['R', 'Z', 'IH0']","['R', 'Z', 'IH']",-3,CCV,3
14805,"['IH0', 'R', 'Z']","['IH', 'R', 'Z']",3,VCC,3
14806,"['R', 'Z', 'EH0']","['R', 'Z', 'EH']",-3,CCV,3
14807,"['EH0', 'R', 'Z']","['EH', 'R', 'Z']",3,VCC,3
14808,"['R', 'Z', 'UH0']","['R', 'Z', 'UH']",-3,CCV,3
14809,"['UH0', 'R', 'Z']","['UH', 'R', 'Z']",3,VCC,3
14810,"['R', 'Z', 'IY0']","['R', 'Z', 'IY']",-3,CCV,3
14811,"['IY0', 'R', 'Z']","['IY', 'R', 'Z']",3,VCC,3
14812,"['R', 'Z', 'EY0']","['R', 'Z', 'EY']",-3,CCV,3
14813,"['EY0', 'R', 'Z']","['EY', 'R', 'Z']",3,VCC,3
14814,"['R', 'Z', 'OW0']","['R', 'Z', 'OW']",-3,CCV,3
14815,"['OW0', 'R', 'Z']","['OW', 'R', 'Z']",3,VCC,3
14816,"['R', 'Z', 'AE0']","['R', 'Z', 'AE']",-3,CCV,3
14817,"['AE0', 'R', 'Z']","['AE', 'R', 'Z']",3,VCC,3
14818,"['R', 'Z', 'AW0']","['R', 'Z', 'AW']",-3,CCV,3
14819,"['AW0', 'R', 'Z']","['AW', 'R', 'Z']",3,VCC,3
14820,"['R', 'ZH', 'AH0']","['R', 'ZH', 'AH']",-3,CCV,3
14821,"['AH0', 'R', 'ZH']","['AH', 'R', 'ZH']",3,VCC,3
14822,"['R', 'ZH', 'OY0']","['R', 'ZH', 'OY']",-3,CCV,3
14823,"['OY0', 'R', 'ZH']","['OY', 'R', 'ZH']",3,VCC,3
14824,"['R', 'ZH', 'AA0']","['R', 'ZH', 'AA']",-3,CCV,3
14825,"['AA0', 'R', 'ZH']","['AA', 'R', 'ZH']",3,VCC,3
14826,"['R', 'ZH', 'AY0']","['R', 'ZH', 'AY']",-3,CCV,3
14827,"['AY0', 'R', 'ZH']","['AY', 'R', 'ZH']",3,VCC,3
14828,"['R', 'ZH', 'ER0']","['R', 'ZH', 'ER']",-3,CCV,3
14829,"['ER0', 'R', 'ZH']","['ER', 'R', 'ZH']",3,VCC,3
14830,"['R', 'ZH', 'AO0']","['R', 'ZH', 'AO']",-3,CCV,3
14831,"['AO0', 'R', 'ZH']","['AO', 'R', 'ZH']",3,VCC,3
14832,"['R', 'ZH', 'UW0']","['R', 'ZH', 'UW']",-3,CCV,3
14833,"['UW0', 'R', 'ZH']","['UW', 'R', 'ZH']",3,VCC,3
14834,"['R', 'ZH', 'IH0']","['R', 'ZH', 'IH']",-3,CCV,3
14835,"['IH0', 'R', 'ZH']","['IH', 'R', 'ZH']",3,VCC,3
14836,"['R', 'ZH', 'EH0']","['R', 'ZH', 'EH']",-3,CCV,3
14837,"['EH0', 'R', 'ZH']","['EH', 'R', 'ZH']",3,VCC,3
14838,"['R', 'ZH', 'UH0']","['R', 'ZH', 'UH']",-3,CCV,3
14839,"['UH0', 'R', 'ZH']","['UH', 'R', 'ZH']",3,VCC,3
14840,"['R', 'ZH', 'IY0']","['R', 'ZH', 'IY']",-3,CCV,3
14841,"['IY0', 'R', 'ZH']","['IY', 'R', 'ZH']",3,VCC,3
14842,"['R', 'ZH', 'EY0']","['R', 'ZH', 'EY']",-3,CCV,3
14843,"['EY0', 'R', 'ZH']","['EY', 'R', 'ZH']",3,VCC,3
14844,"['R', 'ZH', 'OW0']","['R', 'ZH', 'OW']",-3,CCV,3
14845,"['OW0', 'R', 'ZH']","['OW', 'R', 'ZH']",3,VCC,3
14846,"['R', 'ZH', 'AE0']","['R', 'ZH', 'AE']",-3,CCV,3
14847,"['AE0', 'R', 'ZH']","['AE', 'R', 'ZH']",3,VCC,3
14848,"['R', 'ZH', 'AW0']","['R', 'ZH', 'AW']",-3,CCV,3
14849,"['AW0', 'R', 'ZH']","['AW', 'R', 'ZH']",3,VCC,3
14850,"['R', 'V', 'AH0']","['R', 'V', 'AH']",-3,CCV,3
14851,"['AH0', 'R', 'V']","['AH', 'R', 'V']",3,VCC,3
14852,"['R', 'V', 'OY0']","['R', 'V', 'OY']",-3,CCV,3
14853,"['OY0', 'R', 'V']","['OY', 'R', 'V']",3,VCC,3
14854,"['R', 'V', 'AA0']","['R', 'V', 'AA']",-3,CCV,3
14855,"['AA0', 'R', 'V']","['AA', 'R', 'V']",3,VCC,3
14856,"['R', 'V', 'AY0']","['R', 'V', 'AY']",-3,CCV,3
14857,"['AY0', 'R', 'V']","['AY', 'R', 'V']",3,VCC,3
14858,"['R', 'V', 'ER0']","['R', 'V', 'ER']",-3,CCV,3
14859,"['ER0', 'R', 'V']","['ER', 'R', 'V']",3,VCC,3
14860,"['R', 'V', 'AO0']","['R', 'V', 'AO']",-3,CCV,3
14861,"['AO0', 'R', 'V']","['AO', 'R', 'V']",3,VCC,3
14862,"['R', 'V', 'UW0']","['R', 'V', 'UW']",-3,CCV,3
14863,"['UW0', 'R', 'V']","['UW', 'R', 'V']",3,VCC,3
14864,"['R', 'V', 'IH0']","['R', 'V', 'IH']",-3,CCV,3
14865,"['IH0', 'R', 'V']","['IH', 'R', 'V']",3,VCC,3
14866,"['R', 'V', 'EH0']","['R', 'V', 'EH']",-3,CCV,3
14867,"['EH0', 'R', 'V']","['EH', 'R', 'V']",3,VCC,3
14868,"['R', 'V', 'UH0']","['R', 'V', 'UH']",-3,CCV,3
14869,"['UH0', 'R', 'V']","['UH', 'R', 'V']",3,VCC,3
14870,"['R', 'V', 'IY0']","['R', 'V', 'IY']",-3,CCV,3
14871,"['IY0', 'R', 'V']","['IY', 'R', 'V']",3,VCC,3
14872,"['R', 'V', 'EY0']","['R', 'V', 'EY']",-3,CCV,3
14873,"['EY0', 'R', 'V']","['EY', 'R', 'V']",3,VCC,3
14874,"['R', 'V', 'OW0']","['R', 'V', 'OW']",-3,CCV,3
14875,"['OW0', 'R', 'V']","['OW', 'R', 'V']",3,VCC,3
14876,"['R', 'V', 'AE0']","['R', 'V', 'AE']",-3,CCV,3
14877,"['AE0', 'R', 'V']","['AE', 'R', 'V']",3,VCC,3
14878,"['R', 'V', 'AW0']","['R', 'V', 'AW']",-3,CCV,3
14879,"['AW0', 'R', 'V']","['AW', 'R', 'V']",3,VCC,3
14880,"['R', 'DH', 'AH0']","['R', 'DH', 'AH']",-3,CCV,3
14881,"['AH0', 'R', 'DH']","['AH', 'R', 'DH']",3,VCC,3
14882,"['R', 'DH', 'OY0']","['R', 'DH', 'OY']",-3,CCV,3
14883,"['OY0', 'R', 'DH']","['OY', 'R', 'DH']",3,VCC,3
14884,"['R', 'DH', 'AA0']","['R', 'DH', 'AA']",-3,CCV,3
14885,"['AA0', 'R', 'DH']","['AA', 'R', 'DH']",3,VCC,3
14886,"['R', 'DH', 'AY0']","['R', 'DH', 'AY']",-3,CCV,3
14887,"['AY0', 'R', 'DH']","['AY', 'R', 'DH']",3,VCC,3
14888,"['R', 'DH', 'ER0']","['R', 'DH', 'ER']",-3,CCV,3
14889,"['ER0', 'R', 'DH']","['ER', 'R', 'DH']",3,VCC,3
14890,"['R', 'DH', 'AO0']","['R', 'DH', 'AO']",-3,CCV,3
14891,"['AO0', 'R', 'DH']","['AO', 'R', 'DH']",3,VCC,3
14892,"['R', 'DH', 'UW0']","['R', 'DH', 'UW']",-3,CCV,3
14893,"['UW0', 'R', 'DH']","['UW', 'R', 'DH']",3,VCC,3
14894,"['R', 'DH', 'IH0']","['R', 'DH', 'IH']",-3,CCV,3
14895,"['IH0', 'R', 'DH']","['IH', 'R', 'DH']",3,VCC,3
14896,"['R', 'DH', 'EH0']","['R', 'DH', 'EH']",-3,CCV,3
14897,"['EH0', 'R', 'DH']","['EH', 'R', 'DH']",3,VCC,3
14898,"['R', 'DH', 'UH0']","['R', 'DH', 'UH']",-3,CCV,3
14899,"['UH0', 'R', 'DH']","['UH', 'R', 'DH']",3,VCC,3
14900,"['R', 'DH', 'IY0']","['R', 'DH', 'IY']",-3,CCV,3
14901,"['IY0', 'R', 'DH']","['IY', 'R', 'DH']",3,VCC,3
14902,"['R', 'DH', 'EY0']","['R', 'DH', 'EY']",-3,CCV,3
14903,"['EY0', 'R', 'DH']","['EY', 'R', 'DH']",3,VCC,3
14904,"['R', 'DH', 'OW0']","['R', 'DH', 'OW']",-3,CCV,3
14905,"['OW0', 'R', 'DH']","['OW', 'R', 'DH']",3,VCC,3
14906,"['R', 'DH', 'AE0']","['R', 'DH', 'AE']",-3,CCV,3
14907,"['AE0', 'R', 'DH']","['AE', 'R', 'DH']",3,VCC,3
14908,"['R', 'DH', 'AW0']","['R', 'DH', 'AW']",-3,CCV,3
14909,"['AW0', 'R', 'DH']","['AW', 'R', 'DH']",3,VCC,3
14910,"['R', 'HH', 'AH0']","['R', 'HH', 'AH']",-3,CCV,3
14911,"['AH0', 'R', 'HH']","['AH', 'R', 'HH']",3,VCC,3
14912,"['R', 'HH', 'OY0']","['R', 'HH', 'OY']",-3,CCV,3
14913,"['OY0', 'R', 'HH']","['OY', 'R', 'HH']",3,VCC,3
14914,"['R', 'HH', 'AA0']","['R', 'HH', 'AA']",-3,CCV,3
14915,"['AA0', 'R', 'HH']","['AA', 'R', 'HH']",3,VCC,3
14916,"['R', 'HH', 'AY0']","['R', 'HH', 'AY']",-3,CCV,3
14917,"['AY0', 'R', 'HH']","['AY', 'R', 'HH']",3,VCC,3
14918,"['R', 'HH', 'ER0']","['R', 'HH', 'ER']",-3,CCV,3
14919,"['ER0', 'R', 'HH']","['ER', 'R', 'HH']",3,VCC,3
14920,"['R', 'HH', 'AO0']","['R', 'HH', 'AO']",-3,CCV,3
14921,"['AO0', 'R', 'HH']","['AO', 'R', 'HH']",3,VCC,3
14922,"['R', 'HH', 'UW0']","['R', 'HH', 'UW']",-3,CCV,3
14923,"['UW0', 'R', 'HH']","['UW', 'R', 'HH']",3,VCC,3
14924,"['R', 'HH', 'IH0']","['R', 'HH', 'IH']",-3,CCV,3
14925,"['IH0', 'R', 'HH']","['IH', 'R', 'HH']",3,VCC,3
14926,"['R', 'HH', 'EH0']","['R', 'HH', 'EH']",-3,CCV,3
14927,"['EH0', 'R', 'HH']","['EH', 'R', 'HH']",3,VCC,3
14928,"['R', 'HH', 'UH0']","['R', 'HH', 'UH']",-3,CCV,3
14929,"['UH0', 'R', 'HH']","['UH', 'R', 'HH']",3,VCC,3
14930,"['R', 'HH', 'IY0']","['R', 'HH', 'IY']",-3,CCV,3
14931,"['IY0', 'R', 'HH']","['IY', 'R', 'HH']",3,VCC,3
14932,"['R', 'HH', 'EY0']","['R', 'HH', 'EY']",-3,CCV,3
14933,"['EY0', 'R', 'HH']","['EY', 'R', 'HH']",3,VCC,3
14934,"['R', 'HH', 'OW0']","['R', 'HH', 'OW']",-3,CCV,3
14935,"['OW0', 'R', 'HH']","['OW', 'R', 'HH']",3,VCC,3
14936,"['R', 'HH', 'AE0']","['R', 'HH', 'AE']",-3,CCV,3
14937,"['AE0', 'R', 'HH']","['AE', 'R', 'HH']",3,VCC,3
14938,"['R', 'HH', 'AW0']","['R', 'HH', 'AW']",-3,CCV,3
14939,"['AW0', 'R', 'HH']","['AW', 'R', 'HH']",3,VCC,3
14940,"['R', 'CH', 'AH0']","['R', 'CH', 'AH']",-2,CCV,3
14941,"['AH0', 'R', 'CH']","['AH', 'R', 'CH']",2,VCC,3
14942,"['R', 'CH', 'OY0']","['R', 'CH', 'OY']",-2,CCV,3
14943,"['OY0', 'R', 'CH']","['OY', 'R', 'CH']",2,VCC,3
14944,"['R', 'CH', 'AA0']","['R', 'CH', 'AA']",-2,CCV,3
14945,"['AA0', 'R', 'CH']","['AA', 'R', 'CH']",2,VCC,3
14946,"['R', 'CH', 'AY0']","['R', 'CH', 'AY']",-2,CCV,3
14947,"['AY0', 'R', 'CH']","['AY', 'R', 'CH']",2,VCC,3
14948,"['R', 'CH', 'ER0']","['R', 'CH', 'ER']",-2,CCV,3
14949,"['ER0', 'R', 'CH']","['ER', 'R', 'CH']",2,VCC,3
14950,"['R', 'CH', 'AO0']","['R', 'CH', 'AO']",-2,CCV,3
14951,"['AO0', 'R', 'CH']","['AO', 'R', 'CH']",2,VCC,3
14952,"['R', 'CH', 'UW0']","['R', 'CH', 'UW']",-2,CCV,3
14953,"['UW0', 'R', 'CH']","['UW', 'R', 'CH']",2,VCC,3
14954,"['R', 'CH', 'IH0']","['R', 'CH', 'IH']",-2,CCV,3
14955,"['IH0', 'R', 'CH']","['IH', 'R', 'CH']",2,VCC,3
14956,"['R', 'CH', 'EH0']","['R', 'CH', 'EH']",-2,CCV,3
14957,"['EH0', 'R', 'CH']","['EH', 'R', 'CH']",2,VCC,3
14958,"['R', 'CH', 'UH0']","['R', 'CH', 'UH']",-2,CCV,3
14959,"['UH0', 'R', 'CH']","['UH', 'R', 'CH']",2,VCC,3
14960,"['R', 'CH', 'IY0']","['R', 'CH', 'IY']",-2,CCV,3
14961,"['IY0', 'R', 'CH']","['IY', 'R', 'CH']",2,VCC,3
14962,"['R', 'CH', 'EY0']","['R', 'CH', 'EY']",-2,CCV,3
14963,"['EY0', 'R', 'CH']","['EY', 'R', 'CH']",2,VCC,3
14964,"['R', 'CH', 'OW0']","['R', 'CH', 'OW']",-2,CCV,3
14965,"['OW0', 'R', 'CH']","['OW', 'R', 'CH']",2,VCC,3
14966,"['R', 'CH', 'AE0']","['R', 'CH', 'AE']",-2,CCV,3
14967,"['AE0', 'R', 'CH']","['AE', 'R', 'CH']",2,VCC,3
14968,"['R', 'CH', 'AW0']","['R', 'CH', 'AW']",-2,CCV,3
14969,"['AW0', 'R', 'CH']","['AW', 'R', 'CH']",2,VCC,3
14970,"['R', 'JH', 'AH0']","['R', 'JH', 'AH']",-2,CCV,3
14971,"['AH0', 'R', 'JH']","['AH', 'R', 'JH']",2,VCC,3
14972,"['R', 'JH', 'OY0']","['R', 'JH', 'OY']",-2,CCV,3
14973,"['OY0', 'R', 'JH']","['OY', 'R', 'JH']",2,VCC,3
14974,"['R', 'JH', 'AA0']","['R', 'JH', 'AA']",-2,CCV,3
14975,"['AA0', 'R', 'JH']","['AA', 'R', 'JH']",2,VCC,3
14976,"['R', 'JH', 'AY0']","['R', 'JH', 'AY']",-2,CCV,3
14977,"['AY0', 'R', 'JH']","['AY', 'R', 'JH']",2,VCC,3
14978,"['R', 'JH', 'ER0']","['R', 'JH', 'ER']",-2,CCV,3
14979,"['ER0', 'R', 'JH']","['ER', 'R', 'JH']",2,VCC,3
14980,"['R', 'JH', 'AO0']","['R', 'JH', 'AO']",-2,CCV,3
14981,"['AO0', 'R', 'JH']","['AO', 'R', 'JH']",2,VCC,3
14982,"['R', 'JH', 'UW0']","['R', 'JH', 'UW']",-2,CCV,3
14983,"['UW0', 'R', 'JH']","['UW', 'R', 'JH']",2,VCC,3
14984,"['R', 'JH', 'IH0']","['R', 'JH', 'IH']",-2,CCV,3
14985,"['IH0', 'R', 'JH']","['IH', 'R', 'JH']",2,VCC,3
14986,"['R', 'JH', 'EH0']","['R', 'JH', 'EH']",-2,CCV,3
14987,"['EH0', 'R', 'JH']","['EH', 'R', 'JH']",2,VCC,3
14988,"['R', 'JH', 'UH0']","['R', 'JH', 'UH']",-2,CCV,3
14989,"['UH0', 'R', 'JH']","['UH', 'R', 'JH']",2,VCC,3
14990,"['R', 'JH', 'IY0']","['R', 'JH', 'IY']",-2,CCV,3
14991,"['IY0', 'R', 'JH']","['IY', 'R', 'JH']",2,VCC,3
14992,"['R', 'JH', 'EY0']","['R', 'JH', 'EY']",-2,CCV,3
14993,"['EY0', 'R', 'JH']","['EY', 'R', 'JH']",2,VCC,3
14994,"['R', 'JH', 'OW0']","['R', 'JH', 'OW']",-2,CCV,3
14995,"['OW0', 'R', 'JH']","['OW', 'R', 'JH']",2,VCC,3
14996,"['R', 'JH', 'AE0']","['R', 'JH', 'AE']",-2,CCV,3
14997,"['AE0', 'R', 'JH']","['AE', 'R', 'JH']",2,VCC,3
14998,"['R', 'JH', 'AW0']","['R', 'JH', 'AW']",-2,CCV,3
14999,"['AW0', 'R', 'JH']","['AW', 'R', 'JH']",2,VCC,3
15000,"['R', 'M', 'AH0']","['R', 'M', 'AH']",-1,CCV,3
15001,"['AH0', 'R', 'M']","['AH', 'R', 'M']",1,VCC,3
15002,"['R', 'M', 'OY0']","['R', 'M', 'OY']",-1,CCV,3
15003,"['OY0', 'R', 'M']","['OY', 'R', 'M']",1,VCC,3
15004,"['R', 'M', 'AA0']","['R', 'M', 'AA']",-1,CCV,3
15005,"['AA0', 'R', 'M']","['AA', 'R', 'M']",1,VCC,3
15006,"['R', 'M', 'AY0']","['R', 'M', 'AY']",-1,CCV,3
15007,"['AY0', 'R', 'M']","['AY', 'R', 'M']",1,VCC,3
15008,"['R', 'M', 'ER0']","['R', 'M', 'ER']",-1,CCV,3
15009,"['ER0', 'R', 'M']","['ER', 'R', 'M']",1,VCC,3
15010,"['R', 'M', 'AO0']","['R', 'M', 'AO']",-1,CCV,3
15011,"['AO0', 'R', 'M']","['AO', 'R', 'M']",1,VCC,3
15012,"['R', 'M', 'UW0']","['R', 'M', 'UW']",-1,CCV,3
15013,"['UW0', 'R', 'M']","['UW', 'R', 'M']",1,VCC,3
15014,"['R', 'M', 'IH0']","['R', 'M', 'IH']",-1,CCV,3
15015,"['IH0', 'R', 'M']","['IH', 'R', 'M']",1,VCC,3
15016,"['R', 'M', 'EH0']","['R', 'M', 'EH']",-1,CCV,3
15017,"['EH0', 'R', 'M']","['EH', 'R', 'M']",1,VCC,3
15018,"['R', 'M', 'UH0']","['R', 'M', 'UH']",-1,CCV,3
15019,"['UH0', 'R', 'M']","['UH', 'R', 'M']",1,VCC,3
15020,"['R', 'M', 'IY0']","['R', 'M', 'IY']",-1,CCV,3
15021,"['IY0', 'R', 'M']","['IY', 'R', 'M']",1,VCC,3
15022,"['R', 'M', 'EY0']","['R', 'M', 'EY']",-1,CCV,3
15023,"['EY0', 'R', 'M']","['EY', 'R', 'M']",1,VCC,3
15024,"['R', 'M', 'OW0']","['R', 'M', 'OW']",-1,CCV,3
15025,"['OW0', 'R', 'M']","['OW', 'R', 'M']",1,VCC,3
15026,"['R', 'M', 'AE0']","['R', 'M', 'AE']",-1,CCV,3
15027,"['AE0', 'R', 'M']","['AE', 'R', 'M']",1,VCC,3
15028,"['R', 'M', 'AW0']","['R', 'M', 'AW']",-1,CCV,3
15029,"['AW0', 'R', 'M']","['AW', 'R', 'M']",1,VCC,3
15030,"['R', 'N', 'AH0']","['R', 'N', 'AH']",-1,CCV,3
15031,"['AH0', 'R', 'N']","['AH', 'R', 'N']",1,VCC,3
15032,"['R', 'N', 'OY0']","['R', 'N', 'OY']",-1,CCV,3
15033,"['OY0', 'R', 'N']","['OY', 'R', 'N']",1,VCC,3
15034,"['R', 'N', 'AA0']","['R', 'N', 'AA']",-1,CCV,3
15035,"['AA0', 'R', 'N']","['AA', 'R', 'N']",1,VCC,3
15036,"['R', 'N', 'AY0']","['R', 'N', 'AY']",-1,CCV,3
15037,"['AY0', 'R', 'N']","['AY', 'R', 'N']",1,VCC,3
15038,"['R', 'N', 'ER0']","['R', 'N', 'ER']",-1,CCV,3
15039,"['ER0', 'R', 'N']","['ER', 'R', 'N']",1,VCC,3
15040,"['R', 'N', 'AO0']","['R', 'N', 'AO']",-1,CCV,3
15041,"['AO0', 'R', 'N']","['AO', 'R', 'N']",1,VCC,3
15042,"['R', 'N', 'UW0']","['R', 'N', 'UW']",-1,CCV,3
15043,"['UW0', 'R', 'N']","['UW', 'R', 'N']",1,VCC,3
15044,"['R', 'N', 'IH0']","['R', 'N', 'IH']",-1,CCV,3
15045,"['IH0', 'R', 'N']","['IH', 'R', 'N']",1,VCC,3
15046,"['R', 'N', 'EH0']","['R', 'N', 'EH']",-1,CCV,3
15047,"['EH0', 'R', 'N']","['EH', 'R', 'N']",1,VCC,3
15048,"['R', 'N', 'UH0']","['R', 'N', 'UH']",-1,CCV,3
15049,"['UH0', 'R', 'N']","['UH', 'R', 'N']",1,VCC,3
15050,"['R', 'N', 'IY0']","['R', 'N', 'IY']",-1,CCV,3
15051,"['IY0', 'R', 'N']","['IY', 'R', 'N']",1,VCC,3
15052,"['R', 'N', 'EY0']","['R', 'N', 'EY']",-1,CCV,3
15053,"['EY0', 'R', 'N']","['EY', 'R', 'N']",1,VCC,3
15054,"['R', 'N', 'OW0']","['R', 'N', 'OW']",-1,CCV,3
15055,"['OW0', 'R', 'N']","['OW', 'R', 'N']",1,VCC,3
15056,"['R', 'N', 'AE0']","['R', 'N', 'AE']",-1,CCV,3
15057,"['AE0', 'R', 'N']","['AE', 'R', 'N']",1,VCC,3
15058,"['R', 'N', 'AW0']","['R', 'N', 'AW']",-1,CCV,3
15059,"['AW0', 'R', 'N']","['AW', 'R', 'N']",1,VCC,3
15060,"['R', 'NG', 'AH0']","['R', 'NG', 'AH']",-1,CCV,3
15061,"['AH0', 'R', 'NG']","['AH', 'R', 'NG']",1,VCC,3
15062,"['R', 'NG', 'OY0']","['R', 'NG', 'OY']",-1,CCV,3
15063,"['OY0', 'R', 'NG']","['OY', 'R', 'NG']",1,VCC,3
15064,"['R', 'NG', 'AA0']","['R', 'NG', 'AA']",-1,CCV,3
15065,"['AA0', 'R', 'NG']","['AA', 'R', 'NG']",1,VCC,3
15066,"['R', 'NG', 'AY0']","['R', 'NG', 'AY']",-1,CCV,3
15067,"['AY0', 'R', 'NG']","['AY', 'R', 'NG']",1,VCC,3
15068,"['R', 'NG', 'ER0']","['R', 'NG', 'ER']",-1,CCV,3
15069,"['ER0', 'R', 'NG']","['ER', 'R', 'NG']",1,VCC,3
15070,"['R', 'NG', 'AO0']","['R', 'NG', 'AO']",-1,CCV,3
15071,"['AO0', 'R', 'NG']","['AO', 'R', 'NG']",1,VCC,3
15072,"['R', 'NG', 'UW0']","['R', 'NG', 'UW']",-1,CCV,3
15073,"['UW0', 'R', 'NG']","['UW', 'R', 'NG']",1,VCC,3
15074,"['R', 'NG', 'IH0']","['R', 'NG', 'IH']",-1,CCV,3
15075,"['IH0', 'R', 'NG']","['IH', 'R', 'NG']",1,VCC,3
15076,"['R', 'NG', 'EH0']","['R', 'NG', 'EH']",-1,CCV,3
15077,"['EH0', 'R', 'NG']","['EH', 'R', 'NG']",1,VCC,3
15078,"['R', 'NG', 'UH0']","['R', 'NG', 'UH']",-1,CCV,3
15079,"['UH0', 'R', 'NG']","['UH', 'R', 'NG']",1,VCC,3
15080,"['R', 'NG', 'IY0']","['R', 'NG', 'IY']",-1,CCV,3
15081,"['IY0', 'R', 'NG']","['IY', 'R', 'NG']",1,VCC,3
15082,"['R', 'NG', 'EY0']","['R', 'NG', 'EY']",-1,CCV,3
15083,"['EY0', 'R', 'NG']","['EY', 'R', 'NG']",1,VCC,3
15084,"['R', 'NG', 'OW0']","['R', 'NG', 'OW']",-1,CCV,3
15085,"['OW0', 'R', 'NG']","['OW', 'R', 'NG']",1,VCC,3
15086,"['R', 'NG', 'AE0']","['R', 'NG', 'AE']",-1,CCV,3
15087,"['AE0', 'R', 'NG']","['AE', 'R', 'NG']",1,VCC,3
15088,"['R', 'NG', 'AW0']","['R', 'NG', 'AW']",-1,CCV,3
15089,"['AW0', 'R', 'NG']","['AW', 'R', 'NG']",1,VCC,3
15090,"['R', 'L', 'AH0']","['R', 'L', 'AH']",0,CCV,3
15091,"['AH0', 'R', 'L']","['AH', 'R', 'L']",0,VCC,3
15092,"['R', 'L', 'OY0']","['R', 'L', 'OY']",0,CCV,3
15093,"['OY0', 'R', 'L']","['OY', 'R', 'L']",0,VCC,3
15094,"['R', 'L', 'AA0']","['R', 'L', 'AA']",0,CCV,3
15095,"['AA0', 'R', 'L']","['AA', 'R', 'L']",0,VCC,3
15096,"['R', 'L', 'AY0']","['R', 'L', 'AY']",0,CCV,3
15097,"['AY0', 'R', 'L']","['AY', 'R', 'L']",0,VCC,3
15098,"['R', 'L', 'ER0']","['R', 'L', 'ER']",0,CCV,3
15099,"['ER0', 'R', 'L']","['ER', 'R', 'L']",0,VCC,3
15100,"['R', 'L', 'AO0']","['R', 'L', 'AO']",0,CCV,3
15101,"['AO0', 'R', 'L']","['AO', 'R', 'L']",0,VCC,3
15102,"['R', 'L', 'UW0']","['R', 'L', 'UW']",0,CCV,3
15103,"['UW0', 'R', 'L']","['UW', 'R', 'L']",0,VCC,3
15104,"['R', 'L', 'IH0']","['R', 'L', 'IH']",0,CCV,3
15105,"['IH0', 'R', 'L']","['IH', 'R', 'L']",0,VCC,3
15106,"['R', 'L', 'EH0']","['R', 'L', 'EH']",0,CCV,3
15107,"['EH0', 'R', 'L']","['EH', 'R', 'L']",0,VCC,3
15108,"['R', 'L', 'UH0']","['R', 'L', 'UH']",0,CCV,3
15109,"['UH0', 'R', 'L']","['UH', 'R', 'L']",0,VCC,3
15110,"['R', 'L', 'IY0']","['R', 'L', 'IY']",0,CCV,3
15111,"['IY0', 'R', 'L']","['IY', 'R', 'L']",0,VCC,3
15112,"['R', 'L', 'EY0']","['R', 'L', 'EY']",0,CCV,3
15113,"['EY0', 'R', 'L']","['EY', 'R', 'L']",0,VCC,3
15114,"['R', 'L', 'OW0']","['R', 'L', 'OW']",0,CCV,3
15115,"['OW0', 'R', 'L']","['OW', 'R', 'L']",0,VCC,3
15116,"['R', 'L', 'AE0']","['R', 'L', 'AE']",0,CCV,3
15117,"['AE0', 'R', 'L']","['AE', 'R', 'L']",0,VCC,3
15118,"['R', 'L', 'AW0']","['R', 'L', 'AW']",0,CCV,3
15119,"['AW0', 'R', 'L']","['AW', 'R', 'L']",0,VCC,3
15120,"['R', 'W', 'AH0']","['R', 'W', 'AH']",1,CCV,3
15121,"['AH0', 'R', 'W']","['AH', 'R', 'W']",-1,VCC,3
15122,"['R', 'W', 'OY0']","['R', 'W', 'OY']",1,CCV,3
15123,"['OY0', 'R', 'W']","['OY', 'R', 'W']",-1,VCC,3
15124,"['R', 'W', 'AA0']","['R', 'W', 'AA']",1,CCV,3
15125,"['AA0', 'R', 'W']","['AA', 'R', 'W']",-1,VCC,3
15126,"['R', 'W', 'AY0']","['R', 'W', 'AY']",1,CCV,3
15127,"['AY0', 'R', 'W']","['AY', 'R', 'W']",-1,VCC,3
15128,"['R', 'W', 'ER0']","['R', 'W', 'ER']",1,CCV,3
15129,"['ER0', 'R', 'W']","['ER', 'R', 'W']",-1,VCC,3
15130,"['R', 'W', 'AO0']","['R', 'W', 'AO']",1,CCV,3
15131,"['AO0', 'R', 'W']","['AO', 'R', 'W']",-1,VCC,3
15132,"['R', 'W', 'UW0']","['R', 'W', 'UW']",1,CCV,3
15133,"['UW0', 'R', 'W']","['UW', 'R', 'W']",-1,VCC,3
15134,"['R', 'W', 'IH0']","['R', 'W', 'IH']",1,CCV,3
15135,"['IH0', 'R', 'W']","['IH', 'R', 'W']",-1,VCC,3
15136,"['R', 'W', 'EH0']","['R', 'W', 'EH']",1,CCV,3
15137,"['EH0', 'R', 'W']","['EH', 'R', 'W']",-1,VCC,3
15138,"['R', 'W', 'UH0']","['R', 'W', 'UH']",1,CCV,3
15139,"['UH0', 'R', 'W']","['UH', 'R', 'W']",-1,VCC,3
15140,"['R', 'W', 'IY0']","['R', 'W', 'IY']",1,CCV,3
15141,"['IY0', 'R', 'W']","['IY', 'R', 'W']",-1,VCC,3
15142,"['R', 'W', 'EY0']","['R', 'W', 'EY']",1,CCV,3
15143,"['EY0', 'R', 'W']","['EY', 'R', 'W']",-1,VCC,3
15144,"['R', 'W', 'OW0']","['R', 'W', 'OW']",1,CCV,3
15145,"['OW0', 'R', 'W']","['OW', 'R', 'W']",-1,VCC,3
15146,"['R', 'W', 'AE0']","['R', 'W', 'AE']",1,CCV,3
15147,"['AE0', 'R', 'W']","['AE', 'R', 'W']",-1,VCC,3
15148,"['R', 'W', 'AW0']","['R', 'W', 'AW']",1,CCV,3
15149,"['AW0', 'R', 'W']","['AW', 'R', 'W']",-1,VCC,3
15150,"['R', 'Y', 'AH0']","['R', 'Y', 'AH']",1,CCV,3
15151,"['AH0', 'R', 'Y']","['AH', 'R', 'Y']",-1,VCC,3
15152,"['R', 'Y', 'OY0']","['R', 'Y', 'OY']",1,CCV,3
15153,"['OY0', 'R', 'Y']","['OY', 'R', 'Y']",-1,VCC,3
15154,"['R', 'Y', 'AA0']","['R', 'Y', 'AA']",1,CCV,3
15155,"['AA0', 'R', 'Y']","['AA', 'R', 'Y']",-1,VCC,3
15156,"['R', 'Y', 'AY0']","['R', 'Y', 'AY']",1,CCV,3
15157,"['AY0', 'R', 'Y']","['AY', 'R', 'Y']",-1,VCC,3
15158,"['R', 'Y', 'ER0']","['R', 'Y', 'ER']",1,CCV,3
15159,"['ER0', 'R', 'Y']","['ER', 'R', 'Y']",-1,VCC,3
15160,"['R', 'Y', 'AO0']","['R', 'Y', 'AO']",1,CCV,3
15161,"['AO0', 'R', 'Y']","['AO', 'R', 'Y']",-1,VCC,3
15162,"['R', 'Y', 'UW0']","['R', 'Y', 'UW']",1,CCV,3
15163,"['UW0', 'R', 'Y']","['UW', 'R', 'Y']",-1,VCC,3
15164,"['R', 'Y', 'IH0']","['R', 'Y', 'IH']",1,CCV,3
15165,"['IH0', 'R', 'Y']","['IH', 'R', 'Y']",-1,VCC,3
15166,"['R', 'Y', 'EH0']","['R', 'Y', 'EH']",1,CCV,3
15167,"['EH0', 'R', 'Y']","['EH', 'R', 'Y']",-1,VCC,3
15168,"['R', 'Y', 'UH0']","['R', 'Y', 'UH']",1,CCV,3
15169,"['UH0', 'R', 'Y']","['UH', 'R', 'Y']",-1,VCC,3
15170,"['R', 'Y', 'IY0']","['R', 'Y', 'IY']",1,CCV,3
15171,"['IY0', 'R', 'Y']","['IY', 'R', 'Y']",-1,VCC,3
15172,"['R', 'Y', 'EY0']","['R', 'Y', 'EY']",1,CCV,3
15173,"['EY0', 'R', 'Y']","['EY', 'R', 'Y']",-1,VCC,3
15174,"['R', 'Y', 'OW0']","['R', 'Y', 'OW']",1,CCV,3
15175,"['OW0', 'R', 'Y']","['OW', 'R', 'Y']",-1,VCC,3
15176,"['R', 'Y', 'AE0']","['R', 'Y', 'AE']",1,CCV,3
15177,"['AE0', 'R', 'Y']","['AE', 'R', 'Y']",-1,VCC,3
15178,"['R', 'Y', 'AW0']","['R', 'Y', 'AW']",1,CCV,3
15179,"['AW0', 'R', 'Y']","['AW', 'R', 'Y']",-1,VCC,3
15180,"['W', 'P', 'AH0']","['W', 'P', 'AH']",-5,CCV,3
15181,"['AH0', 'W', 'P']","['AH', 'W', 'P']",5,VCC,3
15182,"['W', 'P', 'OY0']","['W', 'P', 'OY']",-5,CCV,3
15183,"['OY0', 'W', 'P']","['OY', 'W', 'P']",5,VCC,3
15184,"['W', 'P', 'AA0']","['W', 'P', 'AA']",-5,CCV,3
15185,"['AA0', 'W', 'P']","['AA', 'W', 'P']",5,VCC,3
15186,"['W', 'P', 'AY0']","['W', 'P', 'AY']",-5,CCV,3
15187,"['AY0', 'W', 'P']","['AY', 'W', 'P']",5,VCC,3
15188,"['W', 'P', 'ER0']","['W', 'P', 'ER']",-5,CCV,3
15189,"['ER0', 'W', 'P']","['ER', 'W', 'P']",5,VCC,3
15190,"['W', 'P', 'AO0']","['W', 'P', 'AO']",-5,CCV,3
15191,"['AO0', 'W', 'P']","['AO', 'W', 'P']",5,VCC,3
15192,"['W', 'P', 'UW0']","['W', 'P', 'UW']",-5,CCV,3
15193,"['UW0', 'W', 'P']","['UW', 'W', 'P']",5,VCC,3
15194,"['W', 'P', 'IH0']","['W', 'P', 'IH']",-5,CCV,3
15195,"['IH0', 'W', 'P']","['IH', 'W', 'P']",5,VCC,3
15196,"['W', 'P', 'EH0']","['W', 'P', 'EH']",-5,CCV,3
15197,"['EH0', 'W', 'P']","['EH', 'W', 'P']",5,VCC,3
15198,"['W', 'P', 'UH0']","['W', 'P', 'UH']",-5,CCV,3
15199,"['UH0', 'W', 'P']","['UH', 'W', 'P']",5,VCC,3
15200,"['W', 'P', 'IY0']","['W', 'P', 'IY']",-5,CCV,3
15201,"['IY0', 'W', 'P']","['IY', 'W', 'P']",5,VCC,3
15202,"['W', 'P', 'EY0']","['W', 'P', 'EY']",-5,CCV,3
15203,"['EY0', 'W', 'P']","['EY', 'W', 'P']",5,VCC,3
15204,"['W', 'P', 'OW0']","['W', 'P', 'OW']",-5,CCV,3
15205,"['OW0', 'W', 'P']","['OW', 'W', 'P']",5,VCC,3
15206,"['W', 'P', 'AE0']","['W', 'P', 'AE']",-5,CCV,3
15207,"['AE0', 'W', 'P']","['AE', 'W', 'P']",5,VCC,3
15208,"['W', 'P', 'AW0']","['W', 'P', 'AW']",-5,CCV,3
15209,"['AW0', 'W', 'P']","['AW', 'W', 'P']",5,VCC,3
15210,"['W', 'T', 'AH0']","['W', 'T', 'AH']",-5,CCV,3
15211,"['AH0', 'W', 'T']","['AH', 'W', 'T']",5,VCC,3
15212,"['W', 'T', 'OY0']","['W', 'T', 'OY']",-5,CCV,3
15213,"['OY0', 'W', 'T']","['OY', 'W', 'T']",5,VCC,3
15214,"['W', 'T', 'AA0']","['W', 'T', 'AA']",-5,CCV,3
15215,"['AA0', 'W', 'T']","['AA', 'W', 'T']",5,VCC,3
15216,"['W', 'T', 'AY0']","['W', 'T', 'AY']",-5,CCV,3
15217,"['AY0', 'W', 'T']","['AY', 'W', 'T']",5,VCC,3
15218,"['W', 'T', 'ER0']","['W', 'T', 'ER']",-5,CCV,3
15219,"['ER0', 'W', 'T']","['ER', 'W', 'T']",5,VCC,3
15220,"['W', 'T', 'AO0']","['W', 'T', 'AO']",-5,CCV,3
15221,"['AO0', 'W', 'T']","['AO', 'W', 'T']",5,VCC,3
15222,"['W', 'T', 'UW0']","['W', 'T', 'UW']",-5,CCV,3
15223,"['UW0', 'W', 'T']","['UW', 'W', 'T']",5,VCC,3
15224,"['W', 'T', 'IH0']","['W', 'T', 'IH']",-5,CCV,3
15225,"['IH0', 'W', 'T']","['IH', 'W', 'T']",5,VCC,3
15226,"['W', 'T', 'EH0']","['W', 'T', 'EH']",-5,CCV,3
15227,"['EH0', 'W', 'T']","['EH', 'W', 'T']",5,VCC,3
15228,"['W', 'T', 'UH0']","['W', 'T', 'UH']",-5,CCV,3
15229,"['UH0', 'W', 'T']","['UH', 'W', 'T']",5,VCC,3
15230,"['W', 'T', 'IY0']","['W', 'T', 'IY']",-5,CCV,3
15231,"['IY0', 'W', 'T']","['IY', 'W', 'T']",5,VCC,3
15232,"['W', 'T', 'EY0']","['W', 'T', 'EY']",-5,CCV,3
15233,"['EY0', 'W', 'T']","['EY', 'W', 'T']",5,VCC,3
15234,"['W', 'T', 'OW0']","['W', 'T', 'OW']",-5,CCV,3
15235,"['OW0', 'W', 'T']","['OW', 'W', 'T']",5,VCC,3
15236,"['W', 'T', 'AE0']","['W', 'T', 'AE']",-5,CCV,3
15237,"['AE0', 'W', 'T']","['AE', 'W', 'T']",5,VCC,3
15238,"['W', 'T', 'AW0']","['W', 'T', 'AW']",-5,CCV,3
15239,"['AW0', 'W', 'T']","['AW', 'W', 'T']",5,VCC,3
15240,"['W', 'K', 'AH0']","['W', 'K', 'AH']",-5,CCV,3
15241,"['AH0', 'W', 'K']","['AH', 'W', 'K']",5,VCC,3
15242,"['W', 'K', 'OY0']","['W', 'K', 'OY']",-5,CCV,3
15243,"['OY0', 'W', 'K']","['OY', 'W', 'K']",5,VCC,3
15244,"['W', 'K', 'AA0']","['W', 'K', 'AA']",-5,CCV,3
15245,"['AA0', 'W', 'K']","['AA', 'W', 'K']",5,VCC,3
15246,"['W', 'K', 'AY0']","['W', 'K', 'AY']",-5,CCV,3
15247,"['AY0', 'W', 'K']","['AY', 'W', 'K']",5,VCC,3
15248,"['W', 'K', 'ER0']","['W', 'K', 'ER']",-5,CCV,3
15249,"['ER0', 'W', 'K']","['ER', 'W', 'K']",5,VCC,3
15250,"['W', 'K', 'AO0']","['W', 'K', 'AO']",-5,CCV,3
15251,"['AO0', 'W', 'K']","['AO', 'W', 'K']",5,VCC,3
15252,"['W', 'K', 'UW0']","['W', 'K', 'UW']",-5,CCV,3
15253,"['UW0', 'W', 'K']","['UW', 'W', 'K']",5,VCC,3
15254,"['W', 'K', 'IH0']","['W', 'K', 'IH']",-5,CCV,3
15255,"['IH0', 'W', 'K']","['IH', 'W', 'K']",5,VCC,3
15256,"['W', 'K', 'EH0']","['W', 'K', 'EH']",-5,CCV,3
15257,"['EH0', 'W', 'K']","['EH', 'W', 'K']",5,VCC,3
15258,"['W', 'K', 'UH0']","['W', 'K', 'UH']",-5,CCV,3
15259,"['UH0', 'W', 'K']","['UH', 'W', 'K']",5,VCC,3
15260,"['W', 'K', 'IY0']","['W', 'K', 'IY']",-5,CCV,3
15261,"['IY0', 'W', 'K']","['IY', 'W', 'K']",5,VCC,3
15262,"['W', 'K', 'EY0']","['W', 'K', 'EY']",-5,CCV,3
15263,"['EY0', 'W', 'K']","['EY', 'W', 'K']",5,VCC,3
15264,"['W', 'K', 'OW0']","['W', 'K', 'OW']",-5,CCV,3
15265,"['OW0', 'W', 'K']","['OW', 'W', 'K']",5,VCC,3
15266,"['W', 'K', 'AE0']","['W', 'K', 'AE']",-5,CCV,3
15267,"['AE0', 'W', 'K']","['AE', 'W', 'K']",5,VCC,3
15268,"['W', 'K', 'AW0']","['W', 'K', 'AW']",-5,CCV,3
15269,"['AW0', 'W', 'K']","['AW', 'W', 'K']",5,VCC,3
15270,"['W', 'B', 'AH0']","['W', 'B', 'AH']",-5,CCV,3
15271,"['AH0', 'W', 'B']","['AH', 'W', 'B']",5,VCC,3
15272,"['W', 'B', 'OY0']","['W', 'B', 'OY']",-5,CCV,3
15273,"['OY0', 'W', 'B']","['OY', 'W', 'B']",5,VCC,3
15274,"['W', 'B', 'AA0']","['W', 'B', 'AA']",-5,CCV,3
15275,"['AA0', 'W', 'B']","['AA', 'W', 'B']",5,VCC,3
15276,"['W', 'B', 'AY0']","['W', 'B', 'AY']",-5,CCV,3
15277,"['AY0', 'W', 'B']","['AY', 'W', 'B']",5,VCC,3
15278,"['W', 'B', 'ER0']","['W', 'B', 'ER']",-5,CCV,3
15279,"['ER0', 'W', 'B']","['ER', 'W', 'B']",5,VCC,3
15280,"['W', 'B', 'AO0']","['W', 'B', 'AO']",-5,CCV,3
15281,"['AO0', 'W', 'B']","['AO', 'W', 'B']",5,VCC,3
15282,"['W', 'B', 'UW0']","['W', 'B', 'UW']",-5,CCV,3
15283,"['UW0', 'W', 'B']","['UW', 'W', 'B']",5,VCC,3
15284,"['W', 'B', 'IH0']","['W', 'B', 'IH']",-5,CCV,3
15285,"['IH0', 'W', 'B']","['IH', 'W', 'B']",5,VCC,3
15286,"['W', 'B', 'EH0']","['W', 'B', 'EH']",-5,CCV,3
15287,"['EH0', 'W', 'B']","['EH', 'W', 'B']",5,VCC,3
15288,"['W', 'B', 'UH0']","['W', 'B', 'UH']",-5,CCV,3
15289,"['UH0', 'W', 'B']","['UH', 'W', 'B']",5,VCC,3
15290,"['W', 'B', 'IY0']","['W', 'B', 'IY']",-5,CCV,3
15291,"['IY0', 'W', 'B']","['IY', 'W', 'B']",5,VCC,3
15292,"['W', 'B', 'EY0']","['W', 'B', 'EY']",-5,CCV,3
15293,"['EY0', 'W', 'B']","['EY', 'W', 'B']",5,VCC,3
15294,"['W', 'B', 'OW0']","['W', 'B', 'OW']",-5,CCV,3
15295,"['OW0', 'W', 'B']","['OW', 'W', 'B']",5,VCC,3
15296,"['W', 'B', 'AE0']","['W', 'B', 'AE']",-5,CCV,3
15297,"['AE0', 'W', 'B']","['AE', 'W', 'B']",5,VCC,3
15298,"['W', 'B', 'AW0']","['W', 'B', 'AW']",-5,CCV,3
15299,"['AW0', 'W', 'B']","['AW', 'W', 'B']",5,VCC,3
15300,"['W', 'D', 'AH0']","['W', 'D', 'AH']",-5,CCV,3
15301,"['AH0', 'W', 'D']","['AH', 'W', 'D']",5,VCC,3
15302,"['W', 'D', 'OY0']","['W', 'D', 'OY']",-5,CCV,3
15303,"['OY0', 'W', 'D']","['OY', 'W', 'D']",5,VCC,3
15304,"['W', 'D', 'AA0']","['W', 'D', 'AA']",-5,CCV,3
15305,"['AA0', 'W', 'D']","['AA', 'W', 'D']",5,VCC,3
15306,"['W', 'D', 'AY0']","['W', 'D', 'AY']",-5,CCV,3
15307,"['AY0', 'W', 'D']","['AY', 'W', 'D']",5,VCC,3
15308,"['W', 'D', 'ER0']","['W', 'D', 'ER']",-5,CCV,3
15309,"['ER0', 'W', 'D']","['ER', 'W', 'D']",5,VCC,3
15310,"['W', 'D', 'AO0']","['W', 'D', 'AO']",-5,CCV,3
15311,"['AO0', 'W', 'D']","['AO', 'W', 'D']",5,VCC,3
15312,"['W', 'D', 'UW0']","['W', 'D', 'UW']",-5,CCV,3
15313,"['UW0', 'W', 'D']","['UW', 'W', 'D']",5,VCC,3
15314,"['W', 'D', 'IH0']","['W', 'D', 'IH']",-5,CCV,3
15315,"['IH0', 'W', 'D']","['IH', 'W', 'D']",5,VCC,3
15316,"['W', 'D', 'EH0']","['W', 'D', 'EH']",-5,CCV,3
15317,"['EH0', 'W', 'D']","['EH', 'W', 'D']",5,VCC,3
15318,"['W', 'D', 'UH0']","['W', 'D', 'UH']",-5,CCV,3
15319,"['UH0', 'W', 'D']","['UH', 'W', 'D']",5,VCC,3
15320,"['W', 'D', 'IY0']","['W', 'D', 'IY']",-5,CCV,3
15321,"['IY0', 'W', 'D']","['IY', 'W', 'D']",5,VCC,3
15322,"['W', 'D', 'EY0']","['W', 'D', 'EY']",-5,CCV,3
15323,"['EY0', 'W', 'D']","['EY', 'W', 'D']",5,VCC,3
15324,"['W', 'D', 'OW0']","['W', 'D', 'OW']",-5,CCV,3
15325,"['OW0', 'W', 'D']","['OW', 'W', 'D']",5,VCC,3
15326,"['W', 'D', 'AE0']","['W', 'D', 'AE']",-5,CCV,3
15327,"['AE0', 'W', 'D']","['AE', 'W', 'D']",5,VCC,3
15328,"['W', 'D', 'AW0']","['W', 'D', 'AW']",-5,CCV,3
15329,"['AW0', 'W', 'D']","['AW', 'W', 'D']",5,VCC,3
15330,"['W', 'G', 'AH0']","['W', 'G', 'AH']",-5,CCV,3
15331,"['AH0', 'W', 'G']","['AH', 'W', 'G']",5,VCC,3
15332,"['W', 'G', 'OY0']","['W', 'G', 'OY']",-5,CCV,3
15333,"['OY0', 'W', 'G']","['OY', 'W', 'G']",5,VCC,3
15334,"['W', 'G', 'AA0']","['W', 'G', 'AA']",-5,CCV,3
15335,"['AA0', 'W', 'G']","['AA', 'W', 'G']",5,VCC,3
15336,"['W', 'G', 'AY0']","['W', 'G', 'AY']",-5,CCV,3
15337,"['AY0', 'W', 'G']","['AY', 'W', 'G']",5,VCC,3
15338,"['W', 'G', 'ER0']","['W', 'G', 'ER']",-5,CCV,3
15339,"['ER0', 'W', 'G']","['ER', 'W', 'G']",5,VCC,3
15340,"['W', 'G', 'AO0']","['W', 'G', 'AO']",-5,CCV,3
15341,"['AO0', 'W', 'G']","['AO', 'W', 'G']",5,VCC,3
15342,"['W', 'G', 'UW0']","['W', 'G', 'UW']",-5,CCV,3
15343,"['UW0', 'W', 'G']","['UW', 'W', 'G']",5,VCC,3
15344,"['W', 'G', 'IH0']","['W', 'G', 'IH']",-5,CCV,3
15345,"['IH0', 'W', 'G']","['IH', 'W', 'G']",5,VCC,3
15346,"['W', 'G', 'EH0']","['W', 'G', 'EH']",-5,CCV,3
15347,"['EH0', 'W', 'G']","['EH', 'W', 'G']",5,VCC,3
15348,"['W', 'G', 'UH0']","['W', 'G', 'UH']",-5,CCV,3
15349,"['UH0', 'W', 'G']","['UH', 'W', 'G']",5,VCC,3
15350,"['W', 'G', 'IY0']","['W', 'G', 'IY']",-5,CCV,3
15351,"['IY0', 'W', 'G']","['IY', 'W', 'G']",5,VCC,3
15352,"['W', 'G', 'EY0']","['W', 'G', 'EY']",-5,CCV,3
15353,"['EY0', 'W', 'G']","['EY', 'W', 'G']",5,VCC,3
15354,"['W', 'G', 'OW0']","['W', 'G', 'OW']",-5,CCV,3
15355,"['OW0', 'W', 'G']","['OW', 'W', 'G']",5,VCC,3
15356,"['W', 'G', 'AE0']","['W', 'G', 'AE']",-5,CCV,3
15357,"['AE0', 'W', 'G']","['AE', 'W', 'G']",5,VCC,3
15358,"['W', 'G', 'AW0']","['W', 'G', 'AW']",-5,CCV,3
15359,"['AW0', 'W', 'G']","['AW', 'W', 'G']",5,VCC,3
15360,"['W', 'F', 'AH0']","['W', 'F', 'AH']",-4,CCV,3
15361,"['AH0', 'W', 'F']","['AH', 'W', 'F']",4,VCC,3
15362,"['W', 'F', 'OY0']","['W', 'F', 'OY']",-4,CCV,3
15363,"['OY0', 'W', 'F']","['OY', 'W', 'F']",4,VCC,3
15364,"['W', 'F', 'AA0']","['W', 'F', 'AA']",-4,CCV,3
15365,"['AA0', 'W', 'F']","['AA', 'W', 'F']",4,VCC,3
15366,"['W', 'F', 'AY0']","['W', 'F', 'AY']",-4,CCV,3
15367,"['AY0', 'W', 'F']","['AY', 'W', 'F']",4,VCC,3
15368,"['W', 'F', 'ER0']","['W', 'F', 'ER']",-4,CCV,3
15369,"['ER0', 'W', 'F']","['ER', 'W', 'F']",4,VCC,3
15370,"['W', 'F', 'AO0']","['W', 'F', 'AO']",-4,CCV,3
15371,"['AO0', 'W', 'F']","['AO', 'W', 'F']",4,VCC,3
15372,"['W', 'F', 'UW0']","['W', 'F', 'UW']",-4,CCV,3
15373,"['UW0', 'W', 'F']","['UW', 'W', 'F']",4,VCC,3
15374,"['W', 'F', 'IH0']","['W', 'F', 'IH']",-4,CCV,3
15375,"['IH0', 'W', 'F']","['IH', 'W', 'F']",4,VCC,3
15376,"['W', 'F', 'EH0']","['W', 'F', 'EH']",-4,CCV,3
15377,"['EH0', 'W', 'F']","['EH', 'W', 'F']",4,VCC,3
15378,"['W', 'F', 'UH0']","['W', 'F', 'UH']",-4,CCV,3
15379,"['UH0', 'W', 'F']","['UH', 'W', 'F']",4,VCC,3
15380,"['W', 'F', 'IY0']","['W', 'F', 'IY']",-4,CCV,3
15381,"['IY0', 'W', 'F']","['IY', 'W', 'F']",4,VCC,3
15382,"['W', 'F', 'EY0']","['W', 'F', 'EY']",-4,CCV,3
15383,"['EY0', 'W', 'F']","['EY', 'W', 'F']",4,VCC,3
15384,"['W', 'F', 'OW0']","['W', 'F', 'OW']",-4,CCV,3
15385,"['OW0', 'W', 'F']","['OW', 'W', 'F']",4,VCC,3
15386,"['W', 'F', 'AE0']","['W', 'F', 'AE']",-4,CCV,3
15387,"['AE0', 'W', 'F']","['AE', 'W', 'F']",4,VCC,3
15388,"['W', 'F', 'AW0']","['W', 'F', 'AW']",-4,CCV,3
15389,"['AW0', 'W', 'F']","['AW', 'W', 'F']",4,VCC,3
15390,"['W', 'TH', 'AH0']","['W', 'TH', 'AH']",-4,CCV,3
15391,"['AH0', 'W', 'TH']","['AH', 'W', 'TH']",4,VCC,3
15392,"['W', 'TH', 'OY0']","['W', 'TH', 'OY']",-4,CCV,3
15393,"['OY0', 'W', 'TH']","['OY', 'W', 'TH']",4,VCC,3
15394,"['W', 'TH', 'AA0']","['W', 'TH', 'AA']",-4,CCV,3
15395,"['AA0', 'W', 'TH']","['AA', 'W', 'TH']",4,VCC,3
15396,"['W', 'TH', 'AY0']","['W', 'TH', 'AY']",-4,CCV,3
15397,"['AY0', 'W', 'TH']","['AY', 'W', 'TH']",4,VCC,3
15398,"['W', 'TH', 'ER0']","['W', 'TH', 'ER']",-4,CCV,3
15399,"['ER0', 'W', 'TH']","['ER', 'W', 'TH']",4,VCC,3
15400,"['W', 'TH', 'AO0']","['W', 'TH', 'AO']",-4,CCV,3
15401,"['AO0', 'W', 'TH']","['AO', 'W', 'TH']",4,VCC,3
15402,"['W', 'TH', 'UW0']","['W', 'TH', 'UW']",-4,CCV,3
15403,"['UW0', 'W', 'TH']","['UW', 'W', 'TH']",4,VCC,3
15404,"['W', 'TH', 'IH0']","['W', 'TH', 'IH']",-4,CCV,3
15405,"['IH0', 'W', 'TH']","['IH', 'W', 'TH']",4,VCC,3
15406,"['W', 'TH', 'EH0']","['W', 'TH', 'EH']",-4,CCV,3
15407,"['EH0', 'W', 'TH']","['EH', 'W', 'TH']",4,VCC,3
15408,"['W', 'TH', 'UH0']","['W', 'TH', 'UH']",-4,CCV,3
15409,"['UH0', 'W', 'TH']","['UH', 'W', 'TH']",4,VCC,3
15410,"['W', 'TH', 'IY0']","['W', 'TH', 'IY']",-4,CCV,3
15411,"['IY0', 'W', 'TH']","['IY', 'W', 'TH']",4,VCC,3
15412,"['W', 'TH', 'EY0']","['W', 'TH', 'EY']",-4,CCV,3
15413,"['EY0', 'W', 'TH']","['EY', 'W', 'TH']",4,VCC,3
15414,"['W', 'TH', 'OW0']","['W', 'TH', 'OW']",-4,CCV,3
15415,"['OW0', 'W', 'TH']","['OW', 'W', 'TH']",4,VCC,3
15416,"['W', 'TH', 'AE0']","['W', 'TH', 'AE']",-4,CCV,3
15417,"['AE0', 'W', 'TH']","['AE', 'W', 'TH']",4,VCC,3
15418,"['W', 'TH', 'AW0']","['W', 'TH', 'AW']",-4,CCV,3
15419,"['AW0', 'W', 'TH']","['AW', 'W', 'TH']",4,VCC,3
15420,"['W', 'S', 'AH0']","['W', 'S', 'AH']",-4,CCV,3
15421,"['AH0', 'W', 'S']","['AH', 'W', 'S']",4,VCC,3
15422,"['W', 'S', 'OY0']","['W', 'S', 'OY']",-4,CCV,3
15423,"['OY0', 'W', 'S']","['OY', 'W', 'S']",4,VCC,3
15424,"['W', 'S', 'AA0']","['W', 'S', 'AA']",-4,CCV,3
15425,"['AA0', 'W', 'S']","['AA', 'W', 'S']",4,VCC,3
15426,"['W', 'S', 'AY0']","['W', 'S', 'AY']",-4,CCV,3
15427,"['AY0', 'W', 'S']","['AY', 'W', 'S']",4,VCC,3
15428,"['W', 'S', 'ER0']","['W', 'S', 'ER']",-4,CCV,3
15429,"['ER0', 'W', 'S']","['ER', 'W', 'S']",4,VCC,3
15430,"['W', 'S', 'AO0']","['W', 'S', 'AO']",-4,CCV,3
15431,"['AO0', 'W', 'S']","['AO', 'W', 'S']",4,VCC,3
15432,"['W', 'S', 'UW0']","['W', 'S', 'UW']",-4,CCV,3
15433,"['UW0', 'W', 'S']","['UW', 'W', 'S']",4,VCC,3
15434,"['W', 'S', 'IH0']","['W', 'S', 'IH']",-4,CCV,3
15435,"['IH0', 'W', 'S']","['IH', 'W', 'S']",4,VCC,3
15436,"['W', 'S', 'EH0']","['W', 'S', 'EH']",-4,CCV,3
15437,"['EH0', 'W', 'S']","['EH', 'W', 'S']",4,VCC,3
15438,"['W', 'S', 'UH0']","['W', 'S', 'UH']",-4,CCV,3
15439,"['UH0', 'W', 'S']","['UH', 'W', 'S']",4,VCC,3
15440,"['W', 'S', 'IY0']","['W', 'S', 'IY']",-4,CCV,3
15441,"['IY0', 'W', 'S']","['IY', 'W', 'S']",4,VCC,3
15442,"['W', 'S', 'EY0']","['W', 'S', 'EY']",-4,CCV,3
15443,"['EY0', 'W', 'S']","['EY', 'W', 'S']",4,VCC,3
15444,"['W', 'S', 'OW0']","['W', 'S', 'OW']",-4,CCV,3
15445,"['OW0', 'W', 'S']","['OW', 'W', 'S']",4,VCC,3
15446,"['W', 'S', 'AE0']","['W', 'S', 'AE']",-4,CCV,3
15447,"['AE0', 'W', 'S']","['AE', 'W', 'S']",4,VCC,3
15448,"['W', 'S', 'AW0']","['W', 'S', 'AW']",-4,CCV,3
15449,"['AW0', 'W', 'S']","['AW', 'W', 'S']",4,VCC,3
15450,"['W', 'SH', 'AH0']","['W', 'SH', 'AH']",-4,CCV,3
15451,"['AH0', 'W', 'SH']","['AH', 'W', 'SH']",4,VCC,3
15452,"['W', 'SH', 'OY0']","['W', 'SH', 'OY']",-4,CCV,3
15453,"['OY0', 'W', 'SH']","['OY', 'W', 'SH']",4,VCC,3
15454,"['W', 'SH', 'AA0']","['W', 'SH', 'AA']",-4,CCV,3
15455,"['AA0', 'W', 'SH']","['AA', 'W', 'SH']",4,VCC,3
15456,"['W', 'SH', 'AY0']","['W', 'SH', 'AY']",-4,CCV,3
15457,"['AY0', 'W', 'SH']","['AY', 'W', 'SH']",4,VCC,3
15458,"['W', 'SH', 'ER0']","['W', 'SH', 'ER']",-4,CCV,3
15459,"['ER0', 'W', 'SH']","['ER', 'W', 'SH']",4,VCC,3
15460,"['W', 'SH', 'AO0']","['W', 'SH', 'AO']",-4,CCV,3
15461,"['AO0', 'W', 'SH']","['AO', 'W', 'SH']",4,VCC,3
15462,"['W', 'SH', 'UW0']","['W', 'SH', 'UW']",-4,CCV,3
15463,"['UW0', 'W', 'SH']","['UW', 'W', 'SH']",4,VCC,3
15464,"['W', 'SH', 'IH0']","['W', 'SH', 'IH']",-4,CCV,3
15465,"['IH0', 'W', 'SH']","['IH', 'W', 'SH']",4,VCC,3
15466,"['W', 'SH', 'EH0']","['W', 'SH', 'EH']",-4,CCV,3
15467,"['EH0', 'W', 'SH']","['EH', 'W', 'SH']",4,VCC,3
15468,"['W', 'SH', 'UH0']","['W', 'SH', 'UH']",-4,CCV,3
15469,"['UH0', 'W', 'SH']","['UH', 'W', 'SH']",4,VCC,3
15470,"['W', 'SH', 'IY0']","['W', 'SH', 'IY']",-4,CCV,3
15471,"['IY0', 'W', 'SH']","['IY', 'W', 'SH']",4,VCC,3
15472,"['W', 'SH', 'EY0']","['W', 'SH', 'EY']",-4,CCV,3
15473,"['EY0', 'W', 'SH']","['EY', 'W', 'SH']",4,VCC,3
15474,"['W', 'SH', 'OW0']","['W', 'SH', 'OW']",-4,CCV,3
15475,"['OW0', 'W', 'SH']","['OW', 'W', 'SH']",4,VCC,3
15476,"['W', 'SH', 'AE0']","['W', 'SH', 'AE']",-4,CCV,3
15477,"['AE0', 'W', 'SH']","['AE', 'W', 'SH']",4,VCC,3
15478,"['W', 'SH', 'AW0']","['W', 'SH', 'AW']",-4,CCV,3
15479,"['AW0', 'W', 'SH']","['AW', 'W', 'SH']",4,VCC,3
15480,"['W', 'Z', 'AH0']","['W', 'Z', 'AH']",-4,CCV,3
15481,"['AH0', 'W', 'Z']","['AH', 'W', 'Z']",4,VCC,3
15482,"['W', 'Z', 'OY0']","['W', 'Z', 'OY']",-4,CCV,3
15483,"['OY0', 'W', 'Z']","['OY', 'W', 'Z']",4,VCC,3
15484,"['W', 'Z', 'AA0']","['W', 'Z', 'AA']",-4,CCV,3
15485,"['AA0', 'W', 'Z']","['AA', 'W', 'Z']",4,VCC,3
15486,"['W', 'Z', 'AY0']","['W', 'Z', 'AY']",-4,CCV,3
15487,"['AY0', 'W', 'Z']","['AY', 'W', 'Z']",4,VCC,3
15488,"['W', 'Z', 'ER0']","['W', 'Z', 'ER']",-4,CCV,3
15489,"['ER0', 'W', 'Z']","['ER', 'W', 'Z']",4,VCC,3
15490,"['W', 'Z', 'AO0']","['W', 'Z', 'AO']",-4,CCV,3
15491,"['AO0', 'W', 'Z']","['AO', 'W', 'Z']",4,VCC,3
15492,"['W', 'Z', 'UW0']","['W', 'Z', 'UW']",-4,CCV,3
15493,"['UW0', 'W', 'Z']","['UW', 'W', 'Z']",4,VCC,3
15494,"['W', 'Z', 'IH0']","['W', 'Z', 'IH']",-4,CCV,3
15495,"['IH0', 'W', 'Z']","['IH', 'W', 'Z']",4,VCC,3
15496,"['W', 'Z', 'EH0']","['W', 'Z', 'EH']",-4,CCV,3
15497,"['EH0', 'W', 'Z']","['EH', 'W', 'Z']",4,VCC,3
15498,"['W', 'Z', 'UH0']","['W', 'Z', 'UH']",-4,CCV,3
15499,"['UH0', 'W', 'Z']","['UH', 'W', 'Z']",4,VCC,3
15500,"['W', 'Z', 'IY0']","['W', 'Z', 'IY']",-4,CCV,3
15501,"['IY0', 'W', 'Z']","['IY', 'W', 'Z']",4,VCC,3
15502,"['W', 'Z', 'EY0']","['W', 'Z', 'EY']",-4,CCV,3
15503,"['EY0', 'W', 'Z']","['EY', 'W', 'Z']",4,VCC,3
15504,"['W', 'Z', 'OW0']","['W', 'Z', 'OW']",-4,CCV,3
15505,"['OW0', 'W', 'Z']","['OW', 'W', 'Z']",4,VCC,3
15506,"['W', 'Z', 'AE0']","['W', 'Z', 'AE']",-4,CCV,3
15507,"['AE0', 'W', 'Z']","['AE', 'W', 'Z']",4,VCC,3
15508,"['W', 'Z', 'AW0']","['W', 'Z', 'AW']",-4,CCV,3
15509,"['AW0', 'W', 'Z']","['AW', 'W', 'Z']",4,VCC,3
15510,"['W', 'ZH', 'AH0']","['W', 'ZH', 'AH']",-4,CCV,3
15511,"['AH0', 'W', 'ZH']","['AH', 'W', 'ZH']",4,VCC,3
15512,"['W', 'ZH', 'OY0']","['W', 'ZH', 'OY']",-4,CCV,3
15513,"['OY0', 'W', 'ZH']","['OY', 'W', 'ZH']",4,VCC,3
15514,"['W', 'ZH', 'AA0']","['W', 'ZH', 'AA']",-4,CCV,3
15515,"['AA0', 'W', 'ZH']","['AA', 'W', 'ZH']",4,VCC,3
15516,"['W', 'ZH', 'AY0']","['W', 'ZH', 'AY']",-4,CCV,3
15517,"['AY0', 'W', 'ZH']","['AY', 'W', 'ZH']",4,VCC,3
15518,"['W', 'ZH', 'ER0']","['W', 'ZH', 'ER']",-4,CCV,3
15519,"['ER0', 'W', 'ZH']","['ER', 'W', 'ZH']",4,VCC,3
15520,"['W', 'ZH', 'AO0']","['W', 'ZH', 'AO']",-4,CCV,3
15521,"['AO0', 'W', 'ZH']","['AO', 'W', 'ZH']",4,VCC,3
15522,"['W', 'ZH', 'UW0']","['W', 'ZH', 'UW']",-4,CCV,3
15523,"['UW0', 'W', 'ZH']","['UW', 'W', 'ZH']",4,VCC,3
15524,"['W', 'ZH', 'IH0']","['W', 'ZH', 'IH']",-4,CCV,3
15525,"['IH0', 'W', 'ZH']","['IH', 'W', 'ZH']",4,VCC,3
15526,"['W', 'ZH', 'EH0']","['W', 'ZH', 'EH']",-4,CCV,3
15527,"['EH0', 'W', 'ZH']","['EH', 'W', 'ZH']",4,VCC,3
15528,"['W', 'ZH', 'UH0']","['W', 'ZH', 'UH']",-4,CCV,3
15529,"['UH0', 'W', 'ZH']","['UH', 'W', 'ZH']",4,VCC,3
15530,"['W', 'ZH', 'IY0']","['W', 'ZH', 'IY']",-4,CCV,3
15531,"['IY0', 'W', 'ZH']","['IY', 'W', 'ZH']",4,VCC,3
15532,"['W', 'ZH', 'EY0']","['W', 'ZH', 'EY']",-4,CCV,3
15533,"['EY0', 'W', 'ZH']","['EY', 'W', 'ZH']",4,VCC,3
15534,"['W', 'ZH', 'OW0']","['W', 'ZH', 'OW']",-4,CCV,3
15535,"['OW0', 'W', 'ZH']","['OW', 'W', 'ZH']",4,VCC,3
15536,"['W', 'ZH', 'AE0']","['W', 'ZH', 'AE']",-4,CCV,3
15537,"['AE0', 'W', 'ZH']","['AE', 'W', 'ZH']",4,VCC,3
15538,"['W', 'ZH', 'AW0']","['W', 'ZH', 'AW']",-4,CCV,3
15539,"['AW0', 'W', 'ZH']","['AW', 'W', 'ZH']",4,VCC,3
15540,"['W', 'V', 'AH0']","['W', 'V', 'AH']",-4,CCV,3
15541,"['AH0', 'W', 'V']","['AH', 'W', 'V']",4,VCC,3
15542,"['W', 'V', 'OY0']","['W', 'V', 'OY']",-4,CCV,3
15543,"['OY0', 'W', 'V']","['OY', 'W', 'V']",4,VCC,3
15544,"['W', 'V', 'AA0']","['W', 'V', 'AA']",-4,CCV,3
15545,"['AA0', 'W', 'V']","['AA', 'W', 'V']",4,VCC,3
15546,"['W', 'V', 'AY0']","['W', 'V', 'AY']",-4,CCV,3
15547,"['AY0', 'W', 'V']","['AY', 'W', 'V']",4,VCC,3
15548,"['W', 'V', 'ER0']","['W', 'V', 'ER']",-4,CCV,3
15549,"['ER0', 'W', 'V']","['ER', 'W', 'V']",4,VCC,3
15550,"['W', 'V', 'AO0']","['W', 'V', 'AO']",-4,CCV,3
15551,"['AO0', 'W', 'V']","['AO', 'W', 'V']",4,VCC,3
15552,"['W', 'V', 'UW0']","['W', 'V', 'UW']",-4,CCV,3
15553,"['UW0', 'W', 'V']","['UW', 'W', 'V']",4,VCC,3
15554,"['W', 'V', 'IH0']","['W', 'V', 'IH']",-4,CCV,3
15555,"['IH0', 'W', 'V']","['IH', 'W', 'V']",4,VCC,3
15556,"['W', 'V', 'EH0']","['W', 'V', 'EH']",-4,CCV,3
15557,"['EH0', 'W', 'V']","['EH', 'W', 'V']",4,VCC,3
15558,"['W', 'V', 'UH0']","['W', 'V', 'UH']",-4,CCV,3
15559,"['UH0', 'W', 'V']","['UH', 'W', 'V']",4,VCC,3
15560,"['W', 'V', 'IY0']","['W', 'V', 'IY']",-4,CCV,3
15561,"['IY0', 'W', 'V']","['IY', 'W', 'V']",4,VCC,3
15562,"['W', 'V', 'EY0']","['W', 'V', 'EY']",-4,CCV,3
15563,"['EY0', 'W', 'V']","['EY', 'W', 'V']",4,VCC,3
15564,"['W', 'V', 'OW0']","['W', 'V', 'OW']",-4,CCV,3
15565,"['OW0', 'W', 'V']","['OW', 'W', 'V']",4,VCC,3
15566,"['W', 'V', 'AE0']","['W', 'V', 'AE']",-4,CCV,3
15567,"['AE0', 'W', 'V']","['AE', 'W', 'V']",4,VCC,3
15568,"['W', 'V', 'AW0']","['W', 'V', 'AW']",-4,CCV,3
15569,"['AW0', 'W', 'V']","['AW', 'W', 'V']",4,VCC,3
15570,"['W', 'DH', 'AH0']","['W', 'DH', 'AH']",-4,CCV,3
15571,"['AH0', 'W', 'DH']","['AH', 'W', 'DH']",4,VCC,3
15572,"['W', 'DH', 'OY0']","['W', 'DH', 'OY']",-4,CCV,3
15573,"['OY0', 'W', 'DH']","['OY', 'W', 'DH']",4,VCC,3
15574,"['W', 'DH', 'AA0']","['W', 'DH', 'AA']",-4,CCV,3
15575,"['AA0', 'W', 'DH']","['AA', 'W', 'DH']",4,VCC,3
15576,"['W', 'DH', 'AY0']","['W', 'DH', 'AY']",-4,CCV,3
15577,"['AY0', 'W', 'DH']","['AY', 'W', 'DH']",4,VCC,3
15578,"['W', 'DH', 'ER0']","['W', 'DH', 'ER']",-4,CCV,3
15579,"['ER0', 'W', 'DH']","['ER', 'W', 'DH']",4,VCC,3
15580,"['W', 'DH', 'AO0']","['W', 'DH', 'AO']",-4,CCV,3
15581,"['AO0', 'W', 'DH']","['AO', 'W', 'DH']",4,VCC,3
15582,"['W', 'DH', 'UW0']","['W', 'DH', 'UW']",-4,CCV,3
15583,"['UW0', 'W', 'DH']","['UW', 'W', 'DH']",4,VCC,3
15584,"['W', 'DH', 'IH0']","['W', 'DH', 'IH']",-4,CCV,3
15585,"['IH0', 'W', 'DH']","['IH', 'W', 'DH']",4,VCC,3
15586,"['W', 'DH', 'EH0']","['W', 'DH', 'EH']",-4,CCV,3
15587,"['EH0', 'W', 'DH']","['EH', 'W', 'DH']",4,VCC,3
15588,"['W', 'DH', 'UH0']","['W', 'DH', 'UH']",-4,CCV,3
15589,"['UH0', 'W', 'DH']","['UH', 'W', 'DH']",4,VCC,3
15590,"['W', 'DH', 'IY0']","['W', 'DH', 'IY']",-4,CCV,3
15591,"['IY0', 'W', 'DH']","['IY', 'W', 'DH']",4,VCC,3
15592,"['W', 'DH', 'EY0']","['W', 'DH', 'EY']",-4,CCV,3
15593,"['EY0', 'W', 'DH']","['EY', 'W', 'DH']",4,VCC,3
15594,"['W', 'DH', 'OW0']","['W', 'DH', 'OW']",-4,CCV,3
15595,"['OW0', 'W', 'DH']","['OW', 'W', 'DH']",4,VCC,3
15596,"['W', 'DH', 'AE0']","['W', 'DH', 'AE']",-4,CCV,3
15597,"['AE0', 'W', 'DH']","['AE', 'W', 'DH']",4,VCC,3
15598,"['W', 'DH', 'AW0']","['W', 'DH', 'AW']",-4,CCV,3
15599,"['AW0', 'W', 'DH']","['AW', 'W', 'DH']",4,VCC,3
15600,"['W', 'HH', 'AH0']","['W', 'HH', 'AH']",-4,CCV,3
15601,"['AH0', 'W', 'HH']","['AH', 'W', 'HH']",4,VCC,3
15602,"['W', 'HH', 'OY0']","['W', 'HH', 'OY']",-4,CCV,3
15603,"['OY0', 'W', 'HH']","['OY', 'W', 'HH']",4,VCC,3
15604,"['W', 'HH', 'AA0']","['W', 'HH', 'AA']",-4,CCV,3
15605,"['AA0', 'W', 'HH']","['AA', 'W', 'HH']",4,VCC,3
15606,"['W', 'HH', 'AY0']","['W', 'HH', 'AY']",-4,CCV,3
15607,"['AY0', 'W', 'HH']","['AY', 'W', 'HH']",4,VCC,3
15608,"['W', 'HH', 'ER0']","['W', 'HH', 'ER']",-4,CCV,3
15609,"['ER0', 'W', 'HH']","['ER', 'W', 'HH']",4,VCC,3
15610,"['W', 'HH', 'AO0']","['W', 'HH', 'AO']",-4,CCV,3
15611,"['AO0', 'W', 'HH']","['AO', 'W', 'HH']",4,VCC,3
15612,"['W', 'HH', 'UW0']","['W', 'HH', 'UW']",-4,CCV,3
15613,"['UW0', 'W', 'HH']","['UW', 'W', 'HH']",4,VCC,3
15614,"['W', 'HH', 'IH0']","['W', 'HH', 'IH']",-4,CCV,3
15615,"['IH0', 'W', 'HH']","['IH', 'W', 'HH']",4,VCC,3
15616,"['W', 'HH', 'EH0']","['W', 'HH', 'EH']",-4,CCV,3
15617,"['EH0', 'W', 'HH']","['EH', 'W', 'HH']",4,VCC,3
15618,"['W', 'HH', 'UH0']","['W', 'HH', 'UH']",-4,CCV,3
15619,"['UH0', 'W', 'HH']","['UH', 'W', 'HH']",4,VCC,3
15620,"['W', 'HH', 'IY0']","['W', 'HH', 'IY']",-4,CCV,3
15621,"['IY0', 'W', 'HH']","['IY', 'W', 'HH']",4,VCC,3
15622,"['W', 'HH', 'EY0']","['W', 'HH', 'EY']",-4,CCV,3
15623,"['EY0', 'W', 'HH']","['EY', 'W', 'HH']",4,VCC,3
15624,"['W', 'HH', 'OW0']","['W', 'HH', 'OW']",-4,CCV,3
15625,"['OW0', 'W', 'HH']","['OW', 'W', 'HH']",4,VCC,3
15626,"['W', 'HH', 'AE0']","['W', 'HH', 'AE']",-4,CCV,3
15627,"['AE0', 'W', 'HH']","['AE', 'W', 'HH']",4,VCC,3
15628,"['W', 'HH', 'AW0']","['W', 'HH', 'AW']",-4,CCV,3
15629,"['AW0', 'W', 'HH']","['AW', 'W', 'HH']",4,VCC,3
15630,"['W', 'CH', 'AH0']","['W', 'CH', 'AH']",-3,CCV,3
15631,"['AH0', 'W', 'CH']","['AH', 'W', 'CH']",3,VCC,3
15632,"['W', 'CH', 'OY0']","['W', 'CH', 'OY']",-3,CCV,3
15633,"['OY0', 'W', 'CH']","['OY', 'W', 'CH']",3,VCC,3
15634,"['W', 'CH', 'AA0']","['W', 'CH', 'AA']",-3,CCV,3
15635,"['AA0', 'W', 'CH']","['AA', 'W', 'CH']",3,VCC,3
15636,"['W', 'CH', 'AY0']","['W', 'CH', 'AY']",-3,CCV,3
15637,"['AY0', 'W', 'CH']","['AY', 'W', 'CH']",3,VCC,3
15638,"['W', 'CH', 'ER0']","['W', 'CH', 'ER']",-3,CCV,3
15639,"['ER0', 'W', 'CH']","['ER', 'W', 'CH']",3,VCC,3
15640,"['W', 'CH', 'AO0']","['W', 'CH', 'AO']",-3,CCV,3
15641,"['AO0', 'W', 'CH']","['AO', 'W', 'CH']",3,VCC,3
15642,"['W', 'CH', 'UW0']","['W', 'CH', 'UW']",-3,CCV,3
15643,"['UW0', 'W', 'CH']","['UW', 'W', 'CH']",3,VCC,3
15644,"['W', 'CH', 'IH0']","['W', 'CH', 'IH']",-3,CCV,3
15645,"['IH0', 'W', 'CH']","['IH', 'W', 'CH']",3,VCC,3
15646,"['W', 'CH', 'EH0']","['W', 'CH', 'EH']",-3,CCV,3
15647,"['EH0', 'W', 'CH']","['EH', 'W', 'CH']",3,VCC,3
15648,"['W', 'CH', 'UH0']","['W', 'CH', 'UH']",-3,CCV,3
15649,"['UH0', 'W', 'CH']","['UH', 'W', 'CH']",3,VCC,3
15650,"['W', 'CH', 'IY0']","['W', 'CH', 'IY']",-3,CCV,3
15651,"['IY0', 'W', 'CH']","['IY', 'W', 'CH']",3,VCC,3
15652,"['W', 'CH', 'EY0']","['W', 'CH', 'EY']",-3,CCV,3
15653,"['EY0', 'W', 'CH']","['EY', 'W', 'CH']",3,VCC,3
15654,"['W', 'CH', 'OW0']","['W', 'CH', 'OW']",-3,CCV,3
15655,"['OW0', 'W', 'CH']","['OW', 'W', 'CH']",3,VCC,3
15656,"['W', 'CH', 'AE0']","['W', 'CH', 'AE']",-3,CCV,3
15657,"['AE0', 'W', 'CH']","['AE', 'W', 'CH']",3,VCC,3
15658,"['W', 'CH', 'AW0']","['W', 'CH', 'AW']",-3,CCV,3
15659,"['AW0', 'W', 'CH']","['AW', 'W', 'CH']",3,VCC,3
15660,"['W', 'JH', 'AH0']","['W', 'JH', 'AH']",-3,CCV,3
15661,"['AH0', 'W', 'JH']","['AH', 'W', 'JH']",3,VCC,3
15662,"['W', 'JH', 'OY0']","['W', 'JH', 'OY']",-3,CCV,3
15663,"['OY0', 'W', 'JH']","['OY', 'W', 'JH']",3,VCC,3
15664,"['W', 'JH', 'AA0']","['W', 'JH', 'AA']",-3,CCV,3
15665,"['AA0', 'W', 'JH']","['AA', 'W', 'JH']",3,VCC,3
15666,"['W', 'JH', 'AY0']","['W', 'JH', 'AY']",-3,CCV,3
15667,"['AY0', 'W', 'JH']","['AY', 'W', 'JH']",3,VCC,3
15668,"['W', 'JH', 'ER0']","['W', 'JH', 'ER']",-3,CCV,3
15669,"['ER0', 'W', 'JH']","['ER', 'W', 'JH']",3,VCC,3
15670,"['W', 'JH', 'AO0']","['W', 'JH', 'AO']",-3,CCV,3
15671,"['AO0', 'W', 'JH']","['AO', 'W', 'JH']",3,VCC,3
15672,"['W', 'JH', 'UW0']","['W', 'JH', 'UW']",-3,CCV,3
15673,"['UW0', 'W', 'JH']","['UW', 'W', 'JH']",3,VCC,3
15674,"['W', 'JH', 'IH0']","['W', 'JH', 'IH']",-3,CCV,3
15675,"['IH0', 'W', 'JH']","['IH', 'W', 'JH']",3,VCC,3
15676,"['W', 'JH', 'EH0']","['W', 'JH', 'EH']",-3,CCV,3
15677,"['EH0', 'W', 'JH']","['EH', 'W', 'JH']",3,VCC,3
15678,"['W', 'JH', 'UH0']","['W', 'JH', 'UH']",-3,CCV,3
15679,"['UH0', 'W', 'JH']","['UH', 'W', 'JH']",3,VCC,3
15680,"['W', 'JH', 'IY0']","['W', 'JH', 'IY']",-3,CCV,3
15681,"['IY0', 'W', 'JH']","['IY', 'W', 'JH']",3,VCC,3
15682,"['W', 'JH', 'EY0']","['W', 'JH', 'EY']",-3,CCV,3
15683,"['EY0', 'W', 'JH']","['EY', 'W', 'JH']",3,VCC,3
15684,"['W', 'JH', 'OW0']","['W', 'JH', 'OW']",-3,CCV,3
15685,"['OW0', 'W', 'JH']","['OW', 'W', 'JH']",3,VCC,3
15686,"['W', 'JH', 'AE0']","['W', 'JH', 'AE']",-3,CCV,3
15687,"['AE0', 'W', 'JH']","['AE', 'W', 'JH']",3,VCC,3
15688,"['W', 'JH', 'AW0']","['W', 'JH', 'AW']",-3,CCV,3
15689,"['AW0', 'W', 'JH']","['AW', 'W', 'JH']",3,VCC,3
15690,"['W', 'M', 'AH0']","['W', 'M', 'AH']",-2,CCV,3
15691,"['AH0', 'W', 'M']","['AH', 'W', 'M']",2,VCC,3
15692,"['W', 'M', 'OY0']","['W', 'M', 'OY']",-2,CCV,3
15693,"['OY0', 'W', 'M']","['OY', 'W', 'M']",2,VCC,3
15694,"['W', 'M', 'AA0']","['W', 'M', 'AA']",-2,CCV,3
15695,"['AA0', 'W', 'M']","['AA', 'W', 'M']",2,VCC,3
15696,"['W', 'M', 'AY0']","['W', 'M', 'AY']",-2,CCV,3
15697,"['AY0', 'W', 'M']","['AY', 'W', 'M']",2,VCC,3
15698,"['W', 'M', 'ER0']","['W', 'M', 'ER']",-2,CCV,3
15699,"['ER0', 'W', 'M']","['ER', 'W', 'M']",2,VCC,3
15700,"['W', 'M', 'AO0']","['W', 'M', 'AO']",-2,CCV,3
15701,"['AO0', 'W', 'M']","['AO', 'W', 'M']",2,VCC,3
15702,"['W', 'M', 'UW0']","['W', 'M', 'UW']",-2,CCV,3
15703,"['UW0', 'W', 'M']","['UW', 'W', 'M']",2,VCC,3
15704,"['W', 'M', 'IH0']","['W', 'M', 'IH']",-2,CCV,3
15705,"['IH0', 'W', 'M']","['IH', 'W', 'M']",2,VCC,3
15706,"['W', 'M', 'EH0']","['W', 'M', 'EH']",-2,CCV,3
15707,"['EH0', 'W', 'M']","['EH', 'W', 'M']",2,VCC,3
15708,"['W', 'M', 'UH0']","['W', 'M', 'UH']",-2,CCV,3
15709,"['UH0', 'W', 'M']","['UH', 'W', 'M']",2,VCC,3
15710,"['W', 'M', 'IY0']","['W', 'M', 'IY']",-2,CCV,3
15711,"['IY0', 'W', 'M']","['IY', 'W', 'M']",2,VCC,3
15712,"['W', 'M', 'EY0']","['W', 'M', 'EY']",-2,CCV,3
15713,"['EY0', 'W', 'M']","['EY', 'W', 'M']",2,VCC,3
15714,"['W', 'M', 'OW0']","['W', 'M', 'OW']",-2,CCV,3
15715,"['OW0', 'W', 'M']","['OW', 'W', 'M']",2,VCC,3
15716,"['W', 'M', 'AE0']","['W', 'M', 'AE']",-2,CCV,3
15717,"['AE0', 'W', 'M']","['AE', 'W', 'M']",2,VCC,3
15718,"['W', 'M', 'AW0']","['W', 'M', 'AW']",-2,CCV,3
15719,"['AW0', 'W', 'M']","['AW', 'W', 'M']",2,VCC,3
15720,"['W', 'N', 'AH0']","['W', 'N', 'AH']",-2,CCV,3
15721,"['AH0', 'W', 'N']","['AH', 'W', 'N']",2,VCC,3
15722,"['W', 'N', 'OY0']","['W', 'N', 'OY']",-2,CCV,3
15723,"['OY0', 'W', 'N']","['OY', 'W', 'N']",2,VCC,3
15724,"['W', 'N', 'AA0']","['W', 'N', 'AA']",-2,CCV,3
15725,"['AA0', 'W', 'N']","['AA', 'W', 'N']",2,VCC,3
15726,"['W', 'N', 'AY0']","['W', 'N', 'AY']",-2,CCV,3
15727,"['AY0', 'W', 'N']","['AY', 'W', 'N']",2,VCC,3
15728,"['W', 'N', 'ER0']","['W', 'N', 'ER']",-2,CCV,3
15729,"['ER0', 'W', 'N']","['ER', 'W', 'N']",2,VCC,3
15730,"['W', 'N', 'AO0']","['W', 'N', 'AO']",-2,CCV,3
15731,"['AO0', 'W', 'N']","['AO', 'W', 'N']",2,VCC,3
15732,"['W', 'N', 'UW0']","['W', 'N', 'UW']",-2,CCV,3
15733,"['UW0', 'W', 'N']","['UW', 'W', 'N']",2,VCC,3
15734,"['W', 'N', 'IH0']","['W', 'N', 'IH']",-2,CCV,3
15735,"['IH0', 'W', 'N']","['IH', 'W', 'N']",2,VCC,3
15736,"['W', 'N', 'EH0']","['W', 'N', 'EH']",-2,CCV,3
15737,"['EH0', 'W', 'N']","['EH', 'W', 'N']",2,VCC,3
15738,"['W', 'N', 'UH0']","['W', 'N', 'UH']",-2,CCV,3
15739,"['UH0', 'W', 'N']","['UH', 'W', 'N']",2,VCC,3
15740,"['W', 'N', 'IY0']","['W', 'N', 'IY']",-2,CCV,3
15741,"['IY0', 'W', 'N']","['IY', 'W', 'N']",2,VCC,3
15742,"['W', 'N', 'EY0']","['W', 'N', 'EY']",-2,CCV,3
15743,"['EY0', 'W', 'N']","['EY', 'W', 'N']",2,VCC,3
15744,"['W', 'N', 'OW0']","['W', 'N', 'OW']",-2,CCV,3
15745,"['OW0', 'W', 'N']","['OW', 'W', 'N']",2,VCC,3
15746,"['W', 'N', 'AE0']","['W', 'N', 'AE']",-2,CCV,3
15747,"['AE0', 'W', 'N']","['AE', 'W', 'N']",2,VCC,3
15748,"['W', 'N', 'AW0']","['W', 'N', 'AW']",-2,CCV,3
15749,"['AW0', 'W', 'N']","['AW', 'W', 'N']",2,VCC,3
15750,"['W', 'NG', 'AH0']","['W', 'NG', 'AH']",-2,CCV,3
15751,"['AH0', 'W', 'NG']","['AH', 'W', 'NG']",2,VCC,3
15752,"['W', 'NG', 'OY0']","['W', 'NG', 'OY']",-2,CCV,3
15753,"['OY0', 'W', 'NG']","['OY', 'W', 'NG']",2,VCC,3
15754,"['W', 'NG', 'AA0']","['W', 'NG', 'AA']",-2,CCV,3
15755,"['AA0', 'W', 'NG']","['AA', 'W', 'NG']",2,VCC,3
15756,"['W', 'NG', 'AY0']","['W', 'NG', 'AY']",-2,CCV,3
15757,"['AY0', 'W', 'NG']","['AY', 'W', 'NG']",2,VCC,3
15758,"['W', 'NG', 'ER0']","['W', 'NG', 'ER']",-2,CCV,3
15759,"['ER0', 'W', 'NG']","['ER', 'W', 'NG']",2,VCC,3
15760,"['W', 'NG', 'AO0']","['W', 'NG', 'AO']",-2,CCV,3
15761,"['AO0', 'W', 'NG']","['AO', 'W', 'NG']",2,VCC,3
15762,"['W', 'NG', 'UW0']","['W', 'NG', 'UW']",-2,CCV,3
15763,"['UW0', 'W', 'NG']","['UW', 'W', 'NG']",2,VCC,3
15764,"['W', 'NG', 'IH0']","['W', 'NG', 'IH']",-2,CCV,3
15765,"['IH0', 'W', 'NG']","['IH', 'W', 'NG']",2,VCC,3
15766,"['W', 'NG', 'EH0']","['W', 'NG', 'EH']",-2,CCV,3
15767,"['EH0', 'W', 'NG']","['EH', 'W', 'NG']",2,VCC,3
15768,"['W', 'NG', 'UH0']","['W', 'NG', 'UH']",-2,CCV,3
15769,"['UH0', 'W', 'NG']","['UH', 'W', 'NG']",2,VCC,3
15770,"['W', 'NG', 'IY0']","['W', 'NG', 'IY']",-2,CCV,3
15771,"['IY0', 'W', 'NG']","['IY', 'W', 'NG']",2,VCC,3
15772,"['W', 'NG', 'EY0']","['W', 'NG', 'EY']",-2,CCV,3
15773,"['EY0', 'W', 'NG']","['EY', 'W', 'NG']",2,VCC,3
15774,"['W', 'NG', 'OW0']","['W', 'NG', 'OW']",-2,CCV,3
15775,"['OW0', 'W', 'NG']","['OW', 'W', 'NG']",2,VCC,3
15776,"['W', 'NG', 'AE0']","['W', 'NG', 'AE']",-2,CCV,3
15777,"['AE0', 'W', 'NG']","['AE', 'W', 'NG']",2,VCC,3
15778,"['W', 'NG', 'AW0']","['W', 'NG', 'AW']",-2,CCV,3
15779,"['AW0', 'W', 'NG']","['AW', 'W', 'NG']",2,VCC,3
15780,"['W', 'L', 'AH0']","['W', 'L', 'AH']",-1,CCV,3
15781,"['AH0', 'W', 'L']","['AH', 'W', 'L']",1,VCC,3
15782,"['W', 'L', 'OY0']","['W', 'L', 'OY']",-1,CCV,3
15783,"['OY0', 'W', 'L']","['OY', 'W', 'L']",1,VCC,3
15784,"['W', 'L', 'AA0']","['W', 'L', 'AA']",-1,CCV,3
15785,"['AA0', 'W', 'L']","['AA', 'W', 'L']",1,VCC,3
15786,"['W', 'L', 'AY0']","['W', 'L', 'AY']",-1,CCV,3
15787,"['AY0', 'W', 'L']","['AY', 'W', 'L']",1,VCC,3
15788,"['W', 'L', 'ER0']","['W', 'L', 'ER']",-1,CCV,3
15789,"['ER0', 'W', 'L']","['ER', 'W', 'L']",1,VCC,3
15790,"['W', 'L', 'AO0']","['W', 'L', 'AO']",-1,CCV,3
15791,"['AO0', 'W', 'L']","['AO', 'W', 'L']",1,VCC,3
15792,"['W', 'L', 'UW0']","['W', 'L', 'UW']",-1,CCV,3
15793,"['UW0', 'W', 'L']","['UW', 'W', 'L']",1,VCC,3
15794,"['W', 'L', 'IH0']","['W', 'L', 'IH']",-1,CCV,3
15795,"['IH0', 'W', 'L']","['IH', 'W', 'L']",1,VCC,3
15796,"['W', 'L', 'EH0']","['W', 'L', 'EH']",-1,CCV,3
15797,"['EH0', 'W', 'L']","['EH', 'W', 'L']",1,VCC,3
15798,"['W', 'L', 'UH0']","['W', 'L', 'UH']",-1,CCV,3
15799,"['UH0', 'W', 'L']","['UH', 'W', 'L']",1,VCC,3
15800,"['W', 'L', 'IY0']","['W', 'L', 'IY']",-1,CCV,3
15801,"['IY0', 'W', 'L']","['IY', 'W', 'L']",1,VCC,3
15802,"['W', 'L', 'EY0']","['W', 'L', 'EY']",-1,CCV,3
15803,"['EY0', 'W', 'L']","['EY', 'W', 'L']",1,VCC,3
15804,"['W', 'L', 'OW0']","['W', 'L', 'OW']",-1,CCV,3
15805,"['OW0', 'W', 'L']","['OW', 'W', 'L']",1,VCC,3
15806,"['W', 'L', 'AE0']","['W', 'L', 'AE']",-1,CCV,3
15807,"['AE0', 'W', 'L']","['AE', 'W', 'L']",1,VCC,3
15808,"['W', 'L', 'AW0']","['W', 'L', 'AW']",-1,CCV,3
15809,"['AW0', 'W', 'L']","['AW', 'W', 'L']",1,VCC,3
15810,"['W', 'R', 'AH0']","['W', 'R', 'AH']",-1,CCV,3
15811,"['AH0', 'W', 'R']","['AH', 'W', 'R']",1,VCC,3
15812,"['W', 'R', 'OY0']","['W', 'R', 'OY']",-1,CCV,3
15813,"['OY0', 'W', 'R']","['OY', 'W', 'R']",1,VCC,3
15814,"['W', 'R', 'AA0']","['W', 'R', 'AA']",-1,CCV,3
15815,"['AA0', 'W', 'R']","['AA', 'W', 'R']",1,VCC,3
15816,"['W', 'R', 'AY0']","['W', 'R', 'AY']",-1,CCV,3
15817,"['AY0', 'W', 'R']","['AY', 'W', 'R']",1,VCC,3
15818,"['W', 'R', 'ER0']","['W', 'R', 'ER']",-1,CCV,3
15819,"['ER0', 'W', 'R']","['ER', 'W', 'R']",1,VCC,3
15820,"['W', 'R', 'AO0']","['W', 'R', 'AO']",-1,CCV,3
15821,"['AO0', 'W', 'R']","['AO', 'W', 'R']",1,VCC,3
15822,"['W', 'R', 'UW0']","['W', 'R', 'UW']",-1,CCV,3
15823,"['UW0', 'W', 'R']","['UW', 'W', 'R']",1,VCC,3
15824,"['W', 'R', 'IH0']","['W', 'R', 'IH']",-1,CCV,3
15825,"['IH0', 'W', 'R']","['IH', 'W', 'R']",1,VCC,3
15826,"['W', 'R', 'EH0']","['W', 'R', 'EH']",-1,CCV,3
15827,"['EH0', 'W', 'R']","['EH', 'W', 'R']",1,VCC,3
15828,"['W', 'R', 'UH0']","['W', 'R', 'UH']",-1,CCV,3
15829,"['UH0', 'W', 'R']","['UH', 'W', 'R']",1,VCC,3
15830,"['W', 'R', 'IY0']","['W', 'R', 'IY']",-1,CCV,3
15831,"['IY0', 'W', 'R']","['IY', 'W', 'R']",1,VCC,3
15832,"['W', 'R', 'EY0']","['W', 'R', 'EY']",-1,CCV,3
15833,"['EY0', 'W', 'R']","['EY', 'W', 'R']",1,VCC,3
15834,"['W', 'R', 'OW0']","['W', 'R', 'OW']",-1,CCV,3
15835,"['OW0', 'W', 'R']","['OW', 'W', 'R']",1,VCC,3
15836,"['W', 'R', 'AE0']","['W', 'R', 'AE']",-1,CCV,3
15837,"['AE0', 'W', 'R']","['AE', 'W', 'R']",1,VCC,3
15838,"['W', 'R', 'AW0']","['W', 'R', 'AW']",-1,CCV,3
15839,"['AW0', 'W', 'R']","['AW', 'W', 'R']",1,VCC,3
15840,"['W', 'Y', 'AH0']","['W', 'Y', 'AH']",0,CCV,3
15841,"['AH0', 'W', 'Y']","['AH', 'W', 'Y']",0,VCC,3
15842,"['W', 'Y', 'OY0']","['W', 'Y', 'OY']",0,CCV,3
15843,"['OY0', 'W', 'Y']","['OY', 'W', 'Y']",0,VCC,3
15844,"['W', 'Y', 'AA0']","['W', 'Y', 'AA']",0,CCV,3
15845,"['AA0', 'W', 'Y']","['AA', 'W', 'Y']",0,VCC,3
15846,"['W', 'Y', 'AY0']","['W', 'Y', 'AY']",0,CCV,3
15847,"['AY0', 'W', 'Y']","['AY', 'W', 'Y']",0,VCC,3
15848,"['W', 'Y', 'ER0']","['W', 'Y', 'ER']",0,CCV,3
15849,"['ER0', 'W', 'Y']","['ER', 'W', 'Y']",0,VCC,3
15850,"['W', 'Y', 'AO0']","['W', 'Y', 'AO']",0,CCV,3
15851,"['AO0', 'W', 'Y']","['AO', 'W', 'Y']",0,VCC,3
15852,"['W', 'Y', 'UW0']","['W', 'Y', 'UW']",0,CCV,3
15853,"['UW0', 'W', 'Y']","['UW', 'W', 'Y']",0,VCC,3
15854,"['W', 'Y', 'IH0']","['W', 'Y', 'IH']",0,CCV,3
15855,"['IH0', 'W', 'Y']","['IH', 'W', 'Y']",0,VCC,3
15856,"['W', 'Y', 'EH0']","['W', 'Y', 'EH']",0,CCV,3
15857,"['EH0', 'W', 'Y']","['EH', 'W', 'Y']",0,VCC,3
15858,"['W', 'Y', 'UH0']","['W', 'Y', 'UH']",0,CCV,3
15859,"['UH0', 'W', 'Y']","['UH', 'W', 'Y']",0,VCC,3
15860,"['W', 'Y', 'IY0']","['W', 'Y', 'IY']",0,CCV,3
15861,"['IY0', 'W', 'Y']","['IY', 'W', 'Y']",0,VCC,3
15862,"['W', 'Y', 'EY0']","['W', 'Y', 'EY']",0,CCV,3
15863,"['EY0', 'W', 'Y']","['EY', 'W', 'Y']",0,VCC,3
15864,"['W', 'Y', 'OW0']","['W', 'Y', 'OW']",0,CCV,3
15865,"['OW0', 'W', 'Y']","['OW', 'W', 'Y']",0,VCC,3
15866,"['W', 'Y', 'AE0']","['W', 'Y', 'AE']",0,CCV,3
15867,"['AE0', 'W', 'Y']","['AE', 'W', 'Y']",0,VCC,3
15868,"['W', 'Y', 'AW0']","['W', 'Y', 'AW']",0,CCV,3
15869,"['AW0', 'W', 'Y']","['AW', 'W', 'Y']",0,VCC,3
15870,"['Y', 'P', 'AH0']","['Y', 'P', 'AH']",-5,CCV,3
15871,"['AH0', 'Y', 'P']","['AH', 'Y', 'P']",5,VCC,3
15872,"['Y', 'P', 'OY0']","['Y', 'P', 'OY']",-5,CCV,3
15873,"['OY0', 'Y', 'P']","['OY', 'Y', 'P']",5,VCC,3
15874,"['Y', 'P', 'AA0']","['Y', 'P', 'AA']",-5,CCV,3
15875,"['AA0', 'Y', 'P']","['AA', 'Y', 'P']",5,VCC,3
15876,"['Y', 'P', 'AY0']","['Y', 'P', 'AY']",-5,CCV,3
15877,"['AY0', 'Y', 'P']","['AY', 'Y', 'P']",5,VCC,3
15878,"['Y', 'P', 'ER0']","['Y', 'P', 'ER']",-5,CCV,3
15879,"['ER0', 'Y', 'P']","['ER', 'Y', 'P']",5,VCC,3
15880,"['Y', 'P', 'AO0']","['Y', 'P', 'AO']",-5,CCV,3
15881,"['AO0', 'Y', 'P']","['AO', 'Y', 'P']",5,VCC,3
15882,"['Y', 'P', 'UW0']","['Y', 'P', 'UW']",-5,CCV,3
15883,"['UW0', 'Y', 'P']","['UW', 'Y', 'P']",5,VCC,3
15884,"['Y', 'P', 'IH0']","['Y', 'P', 'IH']",-5,CCV,3
15885,"['IH0', 'Y', 'P']","['IH', 'Y', 'P']",5,VCC,3
15886,"['Y', 'P', 'EH0']","['Y', 'P', 'EH']",-5,CCV,3
15887,"['EH0', 'Y', 'P']","['EH', 'Y', 'P']",5,VCC,3
15888,"['Y', 'P', 'UH0']","['Y', 'P', 'UH']",-5,CCV,3
15889,"['UH0', 'Y', 'P']","['UH', 'Y', 'P']",5,VCC,3
15890,"['Y', 'P', 'IY0']","['Y', 'P', 'IY']",-5,CCV,3
15891,"['IY0', 'Y', 'P']","['IY', 'Y', 'P']",5,VCC,3
15892,"['Y', 'P', 'EY0']","['Y', 'P', 'EY']",-5,CCV,3
15893,"['EY0', 'Y', 'P']","['EY', 'Y', 'P']",5,VCC,3
15894,"['Y', 'P', 'OW0']","['Y', 'P', 'OW']",-5,CCV,3
15895,"['OW0', 'Y', 'P']","['OW', 'Y', 'P']",5,VCC,3
15896,"['Y', 'P', 'AE0']","['Y', 'P', 'AE']",-5,CCV,3
15897,"['AE0', 'Y', 'P']","['AE', 'Y', 'P']",5,VCC,3
15898,"['Y', 'P', 'AW0']","['Y', 'P', 'AW']",-5,CCV,3
15899,"['AW0', 'Y', 'P']","['AW', 'Y', 'P']",5,VCC,3
15900,"['Y', 'T', 'AH0']","['Y', 'T', 'AH']",-5,CCV,3
15901,"['AH0', 'Y', 'T']","['AH', 'Y', 'T']",5,VCC,3
15902,"['Y', 'T', 'OY0']","['Y', 'T', 'OY']",-5,CCV,3
15903,"['OY0', 'Y', 'T']","['OY', 'Y', 'T']",5,VCC,3
15904,"['Y', 'T', 'AA0']","['Y', 'T', 'AA']",-5,CCV,3
15905,"['AA0', 'Y', 'T']","['AA', 'Y', 'T']",5,VCC,3
15906,"['Y', 'T', 'AY0']","['Y', 'T', 'AY']",-5,CCV,3
15907,"['AY0', 'Y', 'T']","['AY', 'Y', 'T']",5,VCC,3
15908,"['Y', 'T', 'ER0']","['Y', 'T', 'ER']",-5,CCV,3
15909,"['ER0', 'Y', 'T']","['ER', 'Y', 'T']",5,VCC,3
15910,"['Y', 'T', 'AO0']","['Y', 'T', 'AO']",-5,CCV,3
15911,"['AO0', 'Y', 'T']","['AO', 'Y', 'T']",5,VCC,3
15912,"['Y', 'T', 'UW0']","['Y', 'T', 'UW']",-5,CCV,3
15913,"['UW0', 'Y', 'T']","['UW', 'Y', 'T']",5,VCC,3
15914,"['Y', 'T', 'IH0']","['Y', 'T', 'IH']",-5,CCV,3
15915,"['IH0', 'Y', 'T']","['IH', 'Y', 'T']",5,VCC,3
15916,"['Y', 'T', 'EH0']","['Y', 'T', 'EH']",-5,CCV,3
15917,"['EH0', 'Y', 'T']","['EH', 'Y', 'T']",5,VCC,3
15918,"['Y', 'T', 'UH0']","['Y', 'T', 'UH']",-5,CCV,3
15919,"['UH0', 'Y', 'T']","['UH', 'Y', 'T']",5,VCC,3
15920,"['Y', 'T', 'IY0']","['Y', 'T', 'IY']",-5,CCV,3
15921,"['IY0', 'Y', 'T']","['IY', 'Y', 'T']",5,VCC,3
15922,"['Y', 'T', 'EY0']","['Y', 'T', 'EY']",-5,CCV,3
15923,"['EY0', 'Y', 'T']","['EY', 'Y', 'T']",5,VCC,3
15924,"['Y', 'T', 'OW0']","['Y', 'T', 'OW']",-5,CCV,3
15925,"['OW0', 'Y', 'T']","['OW', 'Y', 'T']",5,VCC,3
15926,"['Y', 'T', 'AE0']","['Y', 'T', 'AE']",-5,CCV,3
15927,"['AE0', 'Y', 'T']","['AE', 'Y', 'T']",5,VCC,3
15928,"['Y', 'T', 'AW0']","['Y', 'T', 'AW']",-5,CCV,3
15929,"['AW0', 'Y', 'T']","['AW', 'Y', 'T']",5,VCC,3
15930,"['Y', 'K', 'AH0']","['Y', 'K', 'AH']",-5,CCV,3
15931,"['AH0', 'Y', 'K']","['AH', 'Y', 'K']",5,VCC,3
15932,"['Y', 'K', 'OY0']","['Y', 'K', 'OY']",-5,CCV,3
15933,"['OY0', 'Y', 'K']","['OY', 'Y', 'K']",5,VCC,3
15934,"['Y', 'K', 'AA0']","['Y', 'K', 'AA']",-5,CCV,3
15935,"['AA0', 'Y', 'K']","['AA', 'Y', 'K']",5,VCC,3
15936,"['Y', 'K', 'AY0']","['Y', 'K', 'AY']",-5,CCV,3
15937,"['AY0', 'Y', 'K']","['AY', 'Y', 'K']",5,VCC,3
15938,"['Y', 'K', 'ER0']","['Y', 'K', 'ER']",-5,CCV,3
15939,"['ER0', 'Y', 'K']","['ER', 'Y', 'K']",5,VCC,3
15940,"['Y', 'K', 'AO0']","['Y', 'K', 'AO']",-5,CCV,3
15941,"['AO0', 'Y', 'K']","['AO', 'Y', 'K']",5,VCC,3
15942,"['Y', 'K', 'UW0']","['Y', 'K', 'UW']",-5,CCV,3
15943,"['UW0', 'Y', 'K']","['UW', 'Y', 'K']",5,VCC,3
15944,"['Y', 'K', 'IH0']","['Y', 'K', 'IH']",-5,CCV,3
15945,"['IH0', 'Y', 'K']","['IH', 'Y', 'K']",5,VCC,3
15946,"['Y', 'K', 'EH0']","['Y', 'K', 'EH']",-5,CCV,3
15947,"['EH0', 'Y', 'K']","['EH', 'Y', 'K']",5,VCC,3
15948,"['Y', 'K', 'UH0']","['Y', 'K', 'UH']",-5,CCV,3
15949,"['UH0', 'Y', 'K']","['UH', 'Y', 'K']",5,VCC,3
15950,"['Y', 'K', 'IY0']","['Y', 'K', 'IY']",-5,CCV,3
15951,"['IY0', 'Y', 'K']","['IY', 'Y', 'K']",5,VCC,3
15952,"['Y', 'K', 'EY0']","['Y', 'K', 'EY']",-5,CCV,3
15953,"['EY0', 'Y', 'K']","['EY', 'Y', 'K']",5,VCC,3
15954,"['Y', 'K', 'OW0']","['Y', 'K', 'OW']",-5,CCV,3
15955,"['OW0', 'Y', 'K']","['OW', 'Y', 'K']",5,VCC,3
15956,"['Y', 'K', 'AE0']","['Y', 'K', 'AE']",-5,CCV,3
15957,"['AE0', 'Y', 'K']","['AE', 'Y', 'K']",5,VCC,3
15958,"['Y', 'K', 'AW0']","['Y', 'K', 'AW']",-5,CCV,3
15959,"['AW0', 'Y', 'K']","['AW', 'Y', 'K']",5,VCC,3
15960,"['Y', 'B', 'AH0']","['Y', 'B', 'AH']",-5,CCV,3
15961,"['AH0', 'Y', 'B']","['AH', 'Y', 'B']",5,VCC,3
15962,"['Y', 'B', 'OY0']","['Y', 'B', 'OY']",-5,CCV,3
15963,"['OY0', 'Y', 'B']","['OY', 'Y', 'B']",5,VCC,3
15964,"['Y', 'B', 'AA0']","['Y', 'B', 'AA']",-5,CCV,3
15965,"['AA0', 'Y', 'B']","['AA', 'Y', 'B']",5,VCC,3
15966,"['Y', 'B', 'AY0']","['Y', 'B', 'AY']",-5,CCV,3
15967,"['AY0', 'Y', 'B']","['AY', 'Y', 'B']",5,VCC,3
15968,"['Y', 'B', 'ER0']","['Y', 'B', 'ER']",-5,CCV,3
15969,"['ER0', 'Y', 'B']","['ER', 'Y', 'B']",5,VCC,3
15970,"['Y', 'B', 'AO0']","['Y', 'B', 'AO']",-5,CCV,3
15971,"['AO0', 'Y', 'B']","['AO', 'Y', 'B']",5,VCC,3
15972,"['Y', 'B', 'UW0']","['Y', 'B', 'UW']",-5,CCV,3
15973,"['UW0', 'Y', 'B']","['UW', 'Y', 'B']",5,VCC,3
15974,"['Y', 'B', 'IH0']","['Y', 'B', 'IH']",-5,CCV,3
15975,"['IH0', 'Y', 'B']","['IH', 'Y', 'B']",5,VCC,3
15976,"['Y', 'B', 'EH0']","['Y', 'B', 'EH']",-5,CCV,3
15977,"['EH0', 'Y', 'B']","['EH', 'Y', 'B']",5,VCC,3
15978,"['Y', 'B', 'UH0']","['Y', 'B', 'UH']",-5,CCV,3
15979,"['UH0', 'Y', 'B']","['UH', 'Y', 'B']",5,VCC,3
15980,"['Y', 'B', 'IY0']","['Y', 'B', 'IY']",-5,CCV,3
15981,"['IY0', 'Y', 'B']","['IY', 'Y', 'B']",5,VCC,3
15982,"['Y', 'B', 'EY0']","['Y', 'B', 'EY']",-5,CCV,3
15983,"['EY0', 'Y', 'B']","['EY', 'Y', 'B']",5,VCC,3
15984,"['Y', 'B', 'OW0']","['Y', 'B', 'OW']",-5,CCV,3
15985,"['OW0', 'Y', 'B']","['OW', 'Y', 'B']",5,VCC,3
15986,"['Y', 'B', 'AE0']","['Y', 'B', 'AE']",-5,CCV,3
15987,"['AE0', 'Y', 'B']","['AE', 'Y', 'B']",5,VCC,3
15988,"['Y', 'B', 'AW0']","['Y', 'B', 'AW']",-5,CCV,3
15989,"['AW0', 'Y', 'B']","['AW', 'Y', 'B']",5,VCC,3
15990,"['Y', 'D', 'AH0']","['Y', 'D', 'AH']",-5,CCV,3
15991,"['AH0', 'Y', 'D']","['AH', 'Y', 'D']",5,VCC,3
15992,"['Y', 'D', 'OY0']","['Y', 'D', 'OY']",-5,CCV,3
15993,"['OY0', 'Y', 'D']","['OY', 'Y', 'D']",5,VCC,3
15994,"['Y', 'D', 'AA0']","['Y', 'D', 'AA']",-5,CCV,3
15995,"['AA0', 'Y', 'D']","['AA', 'Y', 'D']",5,VCC,3
15996,"['Y', 'D', 'AY0']","['Y', 'D', 'AY']",-5,CCV,3
15997,"['AY0', 'Y', 'D']","['AY', 'Y', 'D']",5,VCC,3
15998,"['Y', 'D', 'ER0']","['Y', 'D', 'ER']",-5,CCV,3
15999,"['ER0', 'Y', 'D']","['ER', 'Y', 'D']",5,VCC,3
16000,"['Y', 'D', 'AO0']","['Y', 'D', 'AO']",-5,CCV,3
16001,"['AO0', 'Y', 'D']","['AO', 'Y', 'D']",5,VCC,3
16002,"['Y', 'D', 'UW0']","['Y', 'D', 'UW']",-5,CCV,3
16003,"['UW0', 'Y', 'D']","['UW', 'Y', 'D']",5,VCC,3
16004,"['Y', 'D', 'IH0']","['Y', 'D', 'IH']",-5,CCV,3
16005,"['IH0', 'Y', 'D']","['IH', 'Y', 'D']",5,VCC,3
16006,"['Y', 'D', 'EH0']","['Y', 'D', 'EH']",-5,CCV,3
16007,"['EH0', 'Y', 'D']","['EH', 'Y', 'D']",5,VCC,3
16008,"['Y', 'D', 'UH0']","['Y', 'D', 'UH']",-5,CCV,3
16009,"['UH0', 'Y', 'D']","['UH', 'Y', 'D']",5,VCC,3
16010,"['Y', 'D', 'IY0']","['Y', 'D', 'IY']",-5,CCV,3
16011,"['IY0', 'Y', 'D']","['IY', 'Y', 'D']",5,VCC,3
16012,"['Y', 'D', 'EY0']","['Y', 'D', 'EY']",-5,CCV,3
16013,"['EY0', 'Y', 'D']","['EY', 'Y', 'D']",5,VCC,3
16014,"['Y', 'D', 'OW0']","['Y', 'D', 'OW']",-5,CCV,3
16015,"['OW0', 'Y', 'D']","['OW', 'Y', 'D']",5,VCC,3
16016,"['Y', 'D', 'AE0']","['Y', 'D', 'AE']",-5,CCV,3
16017,"['AE0', 'Y', 'D']","['AE', 'Y', 'D']",5,VCC,3
16018,"['Y', 'D', 'AW0']","['Y', 'D', 'AW']",-5,CCV,3
16019,"['AW0', 'Y', 'D']","['AW', 'Y', 'D']",5,VCC,3
16020,"['Y', 'G', 'AH0']","['Y', 'G', 'AH']",-5,CCV,3
16021,"['AH0', 'Y', 'G']","['AH', 'Y', 'G']",5,VCC,3
16022,"['Y', 'G', 'OY0']","['Y', 'G', 'OY']",-5,CCV,3
16023,"['OY0', 'Y', 'G']","['OY', 'Y', 'G']",5,VCC,3
16024,"['Y', 'G', 'AA0']","['Y', 'G', 'AA']",-5,CCV,3
16025,"['AA0', 'Y', 'G']","['AA', 'Y', 'G']",5,VCC,3
16026,"['Y', 'G', 'AY0']","['Y', 'G', 'AY']",-5,CCV,3
16027,"['AY0', 'Y', 'G']","['AY', 'Y', 'G']",5,VCC,3
16028,"['Y', 'G', 'ER0']","['Y', 'G', 'ER']",-5,CCV,3
16029,"['ER0', 'Y', 'G']","['ER', 'Y', 'G']",5,VCC,3
16030,"['Y', 'G', 'AO0']","['Y', 'G', 'AO']",-5,CCV,3
16031,"['AO0', 'Y', 'G']","['AO', 'Y', 'G']",5,VCC,3
16032,"['Y', 'G', 'UW0']","['Y', 'G', 'UW']",-5,CCV,3
16033,"['UW0', 'Y', 'G']","['UW', 'Y', 'G']",5,VCC,3
16034,"['Y', 'G', 'IH0']","['Y', 'G', 'IH']",-5,CCV,3
16035,"['IH0', 'Y', 'G']","['IH', 'Y', 'G']",5,VCC,3
16036,"['Y', 'G', 'EH0']","['Y', 'G', 'EH']",-5,CCV,3
16037,"['EH0', 'Y', 'G']","['EH', 'Y', 'G']",5,VCC,3
16038,"['Y', 'G', 'UH0']","['Y', 'G', 'UH']",-5,CCV,3
16039,"['UH0', 'Y', 'G']","['UH', 'Y', 'G']",5,VCC,3
16040,"['Y', 'G', 'IY0']","['Y', 'G', 'IY']",-5,CCV,3
16041,"['IY0', 'Y', 'G']","['IY', 'Y', 'G']",5,VCC,3
16042,"['Y', 'G', 'EY0']","['Y', 'G', 'EY']",-5,CCV,3
16043,"['EY0', 'Y', 'G']","['EY', 'Y', 'G']",5,VCC,3
16044,"['Y', 'G', 'OW0']","['Y', 'G', 'OW']",-5,CCV,3
16045,"['OW0', 'Y', 'G']","['OW', 'Y', 'G']",5,VCC,3
16046,"['Y', 'G', 'AE0']","['Y', 'G', 'AE']",-5,CCV,3
16047,"['AE0', 'Y', 'G']","['AE', 'Y', 'G']",5,VCC,3
16048,"['Y', 'G', 'AW0']","['Y', 'G', 'AW']",-5,CCV,3
16049,"['AW0', 'Y', 'G']","['AW', 'Y', 'G']",5,VCC,3
16050,"['Y', 'F', 'AH0']","['Y', 'F', 'AH']",-4,CCV,3
16051,"['AH0', 'Y', 'F']","['AH', 'Y', 'F']",4,VCC,3
16052,"['Y', 'F', 'OY0']","['Y', 'F', 'OY']",-4,CCV,3
16053,"['OY0', 'Y', 'F']","['OY', 'Y', 'F']",4,VCC,3
16054,"['Y', 'F', 'AA0']","['Y', 'F', 'AA']",-4,CCV,3
16055,"['AA0', 'Y', 'F']","['AA', 'Y', 'F']",4,VCC,3
16056,"['Y', 'F', 'AY0']","['Y', 'F', 'AY']",-4,CCV,3
16057,"['AY0', 'Y', 'F']","['AY', 'Y', 'F']",4,VCC,3
16058,"['Y', 'F', 'ER0']","['Y', 'F', 'ER']",-4,CCV,3
16059,"['ER0', 'Y', 'F']","['ER', 'Y', 'F']",4,VCC,3
16060,"['Y', 'F', 'AO0']","['Y', 'F', 'AO']",-4,CCV,3
16061,"['AO0', 'Y', 'F']","['AO', 'Y', 'F']",4,VCC,3
16062,"['Y', 'F', 'UW0']","['Y', 'F', 'UW']",-4,CCV,3
16063,"['UW0', 'Y', 'F']","['UW', 'Y', 'F']",4,VCC,3
16064,"['Y', 'F', 'IH0']","['Y', 'F', 'IH']",-4,CCV,3
16065,"['IH0', 'Y', 'F']","['IH', 'Y', 'F']",4,VCC,3
16066,"['Y', 'F', 'EH0']","['Y', 'F', 'EH']",-4,CCV,3
16067,"['EH0', 'Y', 'F']","['EH', 'Y', 'F']",4,VCC,3
16068,"['Y', 'F', 'UH0']","['Y', 'F', 'UH']",-4,CCV,3
16069,"['UH0', 'Y', 'F']","['UH', 'Y', 'F']",4,VCC,3
16070,"['Y', 'F', 'IY0']","['Y', 'F', 'IY']",-4,CCV,3
16071,"['IY0', 'Y', 'F']","['IY', 'Y', 'F']",4,VCC,3
16072,"['Y', 'F', 'EY0']","['Y', 'F', 'EY']",-4,CCV,3
16073,"['EY0', 'Y', 'F']","['EY', 'Y', 'F']",4,VCC,3
16074,"['Y', 'F', 'OW0']","['Y', 'F', 'OW']",-4,CCV,3
16075,"['OW0', 'Y', 'F']","['OW', 'Y', 'F']",4,VCC,3
16076,"['Y', 'F', 'AE0']","['Y', 'F', 'AE']",-4,CCV,3
16077,"['AE0', 'Y', 'F']","['AE', 'Y', 'F']",4,VCC,3
16078,"['Y', 'F', 'AW0']","['Y', 'F', 'AW']",-4,CCV,3
16079,"['AW0', 'Y', 'F']","['AW', 'Y', 'F']",4,VCC,3
16080,"['Y', 'TH', 'AH0']","['Y', 'TH', 'AH']",-4,CCV,3
16081,"['AH0', 'Y', 'TH']","['AH', 'Y', 'TH']",4,VCC,3
16082,"['Y', 'TH', 'OY0']","['Y', 'TH', 'OY']",-4,CCV,3
16083,"['OY0', 'Y', 'TH']","['OY', 'Y', 'TH']",4,VCC,3
16084,"['Y', 'TH', 'AA0']","['Y', 'TH', 'AA']",-4,CCV,3
16085,"['AA0', 'Y', 'TH']","['AA', 'Y', 'TH']",4,VCC,3
16086,"['Y', 'TH', 'AY0']","['Y', 'TH', 'AY']",-4,CCV,3
16087,"['AY0', 'Y', 'TH']","['AY', 'Y', 'TH']",4,VCC,3
16088,"['Y', 'TH', 'ER0']","['Y', 'TH', 'ER']",-4,CCV,3
16089,"['ER0', 'Y', 'TH']","['ER', 'Y', 'TH']",4,VCC,3
16090,"['Y', 'TH', 'AO0']","['Y', 'TH', 'AO']",-4,CCV,3
16091,"['AO0', 'Y', 'TH']","['AO', 'Y', 'TH']",4,VCC,3
16092,"['Y', 'TH', 'UW0']","['Y', 'TH', 'UW']",-4,CCV,3
16093,"['UW0', 'Y', 'TH']","['UW', 'Y', 'TH']",4,VCC,3
16094,"['Y', 'TH', 'IH0']","['Y', 'TH', 'IH']",-4,CCV,3
16095,"['IH0', 'Y', 'TH']","['IH', 'Y', 'TH']",4,VCC,3
16096,"['Y', 'TH', 'EH0']","['Y', 'TH', 'EH']",-4,CCV,3
16097,"['EH0', 'Y', 'TH']","['EH', 'Y', 'TH']",4,VCC,3
16098,"['Y', 'TH', 'UH0']","['Y', 'TH', 'UH']",-4,CCV,3
16099,"['UH0', 'Y', 'TH']","['UH', 'Y', 'TH']",4,VCC,3
16100,"['Y', 'TH', 'IY0']","['Y', 'TH', 'IY']",-4,CCV,3
16101,"['IY0', 'Y', 'TH']","['IY', 'Y', 'TH']",4,VCC,3
16102,"['Y', 'TH', 'EY0']","['Y', 'TH', 'EY']",-4,CCV,3
16103,"['EY0', 'Y', 'TH']","['EY', 'Y', 'TH']",4,VCC,3
16104,"['Y', 'TH', 'OW0']","['Y', 'TH', 'OW']",-4,CCV,3
16105,"['OW0', 'Y', 'TH']","['OW', 'Y', 'TH']",4,VCC,3
16106,"['Y', 'TH', 'AE0']","['Y', 'TH', 'AE']",-4,CCV,3
16107,"['AE0', 'Y', 'TH']","['AE', 'Y', 'TH']",4,VCC,3
16108,"['Y', 'TH', 'AW0']","['Y', 'TH', 'AW']",-4,CCV,3
16109,"['AW0', 'Y', 'TH']","['AW', 'Y', 'TH']",4,VCC,3
16110,"['Y', 'S', 'AH0']","['Y', 'S', 'AH']",-4,CCV,3
16111,"['AH0', 'Y', 'S']","['AH', 'Y', 'S']",4,VCC,3
16112,"['Y', 'S', 'OY0']","['Y', 'S', 'OY']",-4,CCV,3
16113,"['OY0', 'Y', 'S']","['OY', 'Y', 'S']",4,VCC,3
16114,"['Y', 'S', 'AA0']","['Y', 'S', 'AA']",-4,CCV,3
16115,"['AA0', 'Y', 'S']","['AA', 'Y', 'S']",4,VCC,3
16116,"['Y', 'S', 'AY0']","['Y', 'S', 'AY']",-4,CCV,3
16117,"['AY0', 'Y', 'S']","['AY', 'Y', 'S']",4,VCC,3
16118,"['Y', 'S', 'ER0']","['Y', 'S', 'ER']",-4,CCV,3
16119,"['ER0', 'Y', 'S']","['ER', 'Y', 'S']",4,VCC,3
16120,"['Y', 'S', 'AO0']","['Y', 'S', 'AO']",-4,CCV,3
16121,"['AO0', 'Y', 'S']","['AO', 'Y', 'S']",4,VCC,3
16122,"['Y', 'S', 'UW0']","['Y', 'S', 'UW']",-4,CCV,3
16123,"['UW0', 'Y', 'S']","['UW', 'Y', 'S']",4,VCC,3
16124,"['Y', 'S', 'IH0']","['Y', 'S', 'IH']",-4,CCV,3
16125,"['IH0', 'Y', 'S']","['IH', 'Y', 'S']",4,VCC,3
16126,"['Y', 'S', 'EH0']","['Y', 'S', 'EH']",-4,CCV,3
16127,"['EH0', 'Y', 'S']","['EH', 'Y', 'S']",4,VCC,3
16128,"['Y', 'S', 'UH0']","['Y', 'S', 'UH']",-4,CCV,3
16129,"['UH0', 'Y', 'S']","['UH', 'Y', 'S']",4,VCC,3
16130,"['Y', 'S', 'IY0']","['Y', 'S', 'IY']",-4,CCV,3
16131,"['IY0', 'Y', 'S']","['IY', 'Y', 'S']",4,VCC,3
16132,"['Y', 'S', 'EY0']","['Y', 'S', 'EY']",-4,CCV,3
16133,"['EY0', 'Y', 'S']","['EY', 'Y', 'S']",4,VCC,3
16134,"['Y', 'S', 'OW0']","['Y', 'S', 'OW']",-4,CCV,3
16135,"['OW0', 'Y', 'S']","['OW', 'Y', 'S']",4,VCC,3
16136,"['Y', 'S', 'AE0']","['Y', 'S', 'AE']",-4,CCV,3
16137,"['AE0', 'Y', 'S']","['AE', 'Y', 'S']",4,VCC,3
16138,"['Y', 'S', 'AW0']","['Y', 'S', 'AW']",-4,CCV,3
16139,"['AW0', 'Y', 'S']","['AW', 'Y', 'S']",4,VCC,3
16140,"['Y', 'SH', 'AH0']","['Y', 'SH', 'AH']",-4,CCV,3
16141,"['AH0', 'Y', 'SH']","['AH', 'Y', 'SH']",4,VCC,3
16142,"['Y', 'SH', 'OY0']","['Y', 'SH', 'OY']",-4,CCV,3
16143,"['OY0', 'Y', 'SH']","['OY', 'Y', 'SH']",4,VCC,3
16144,"['Y', 'SH', 'AA0']","['Y', 'SH', 'AA']",-4,CCV,3
16145,"['AA0', 'Y', 'SH']","['AA', 'Y', 'SH']",4,VCC,3
16146,"['Y', 'SH', 'AY0']","['Y', 'SH', 'AY']",-4,CCV,3
16147,"['AY0', 'Y', 'SH']","['AY', 'Y', 'SH']",4,VCC,3
16148,"['Y', 'SH', 'ER0']","['Y', 'SH', 'ER']",-4,CCV,3
16149,"['ER0', 'Y', 'SH']","['ER', 'Y', 'SH']",4,VCC,3
16150,"['Y', 'SH', 'AO0']","['Y', 'SH', 'AO']",-4,CCV,3
16151,"['AO0', 'Y', 'SH']","['AO', 'Y', 'SH']",4,VCC,3
16152,"['Y', 'SH', 'UW0']","['Y', 'SH', 'UW']",-4,CCV,3
16153,"['UW0', 'Y', 'SH']","['UW', 'Y', 'SH']",4,VCC,3
16154,"['Y', 'SH', 'IH0']","['Y', 'SH', 'IH']",-4,CCV,3
16155,"['IH0', 'Y', 'SH']","['IH', 'Y', 'SH']",4,VCC,3
16156,"['Y', 'SH', 'EH0']","['Y', 'SH', 'EH']",-4,CCV,3
16157,"['EH0', 'Y', 'SH']","['EH', 'Y', 'SH']",4,VCC,3
16158,"['Y', 'SH', 'UH0']","['Y', 'SH', 'UH']",-4,CCV,3
16159,"['UH0', 'Y', 'SH']","['UH', 'Y', 'SH']",4,VCC,3
16160,"['Y', 'SH', 'IY0']","['Y', 'SH', 'IY']",-4,CCV,3
16161,"['IY0', 'Y', 'SH']","['IY', 'Y', 'SH']",4,VCC,3
16162,"['Y', 'SH', 'EY0']","['Y', 'SH', 'EY']",-4,CCV,3
16163,"['EY0', 'Y', 'SH']","['EY', 'Y', 'SH']",4,VCC,3
16164,"['Y', 'SH', 'OW0']","['Y', 'SH', 'OW']",-4,CCV,3
16165,"['OW0', 'Y', 'SH']","['OW', 'Y', 'SH']",4,VCC,3
16166,"['Y', 'SH', 'AE0']","['Y', 'SH', 'AE']",-4,CCV,3
16167,"['AE0', 'Y', 'SH']","['AE', 'Y', 'SH']",4,VCC,3
16168,"['Y', 'SH', 'AW0']","['Y', 'SH', 'AW']",-4,CCV,3
16169,"['AW0', 'Y', 'SH']","['AW', 'Y', 'SH']",4,VCC,3
16170,"['Y', 'Z', 'AH0']","['Y', 'Z', 'AH']",-4,CCV,3
16171,"['AH0', 'Y', 'Z']","['AH', 'Y', 'Z']",4,VCC,3
16172,"['Y', 'Z', 'OY0']","['Y', 'Z', 'OY']",-4,CCV,3
16173,"['OY0', 'Y', 'Z']","['OY', 'Y', 'Z']",4,VCC,3
16174,"['Y', 'Z', 'AA0']","['Y', 'Z', 'AA']",-4,CCV,3
16175,"['AA0', 'Y', 'Z']","['AA', 'Y', 'Z']",4,VCC,3
16176,"['Y', 'Z', 'AY0']","['Y', 'Z', 'AY']",-4,CCV,3
16177,"['AY0', 'Y', 'Z']","['AY', 'Y', 'Z']",4,VCC,3
16178,"['Y', 'Z', 'ER0']","['Y', 'Z', 'ER']",-4,CCV,3
16179,"['ER0', 'Y', 'Z']","['ER', 'Y', 'Z']",4,VCC,3
16180,"['Y', 'Z', 'AO0']","['Y', 'Z', 'AO']",-4,CCV,3
16181,"['AO0', 'Y', 'Z']","['AO', 'Y', 'Z']",4,VCC,3
16182,"['Y', 'Z', 'UW0']","['Y', 'Z', 'UW']",-4,CCV,3
16183,"['UW0', 'Y', 'Z']","['UW', 'Y', 'Z']",4,VCC,3
16184,"['Y', 'Z', 'IH0']","['Y', 'Z', 'IH']",-4,CCV,3
16185,"['IH0', 'Y', 'Z']","['IH', 'Y', 'Z']",4,VCC,3
16186,"['Y', 'Z', 'EH0']","['Y', 'Z', 'EH']",-4,CCV,3
16187,"['EH0', 'Y', 'Z']","['EH', 'Y', 'Z']",4,VCC,3
16188,"['Y', 'Z', 'UH0']","['Y', 'Z', 'UH']",-4,CCV,3
16189,"['UH0', 'Y', 'Z']","['UH', 'Y', 'Z']",4,VCC,3
16190,"['Y', 'Z', 'IY0']","['Y', 'Z', 'IY']",-4,CCV,3
16191,"['IY0', 'Y', 'Z']","['IY', 'Y', 'Z']",4,VCC,3
16192,"['Y', 'Z', 'EY0']","['Y', 'Z', 'EY']",-4,CCV,3
16193,"['EY0', 'Y', 'Z']","['EY', 'Y', 'Z']",4,VCC,3
16194,"['Y', 'Z', 'OW0']","['Y', 'Z', 'OW']",-4,CCV,3
16195,"['OW0', 'Y', 'Z']","['OW', 'Y', 'Z']",4,VCC,3
16196,"['Y', 'Z', 'AE0']","['Y', 'Z', 'AE']",-4,CCV,3
16197,"['AE0', 'Y', 'Z']","['AE', 'Y', 'Z']",4,VCC,3
16198,"['Y', 'Z', 'AW0']","['Y', 'Z', 'AW']",-4,CCV,3
16199,"['AW0', 'Y', 'Z']","['AW', 'Y', 'Z']",4,VCC,3
16200,"['Y', 'ZH', 'AH0']","['Y', 'ZH', 'AH']",-4,CCV,3
16201,"['AH0', 'Y', 'ZH']","['AH', 'Y', 'ZH']",4,VCC,3
16202,"['Y', 'ZH', 'OY0']","['Y', 'ZH', 'OY']",-4,CCV,3
16203,"['OY0', 'Y', 'ZH']","['OY', 'Y', 'ZH']",4,VCC,3
16204,"['Y', 'ZH', 'AA0']","['Y', 'ZH', 'AA']",-4,CCV,3
16205,"['AA0', 'Y', 'ZH']","['AA', 'Y', 'ZH']",4,VCC,3
16206,"['Y', 'ZH', 'AY0']","['Y', 'ZH', 'AY']",-4,CCV,3
16207,"['AY0', 'Y', 'ZH']","['AY', 'Y', 'ZH']",4,VCC,3
16208,"['Y', 'ZH', 'ER0']","['Y', 'ZH', 'ER']",-4,CCV,3
16209,"['ER0', 'Y', 'ZH']","['ER', 'Y', 'ZH']",4,VCC,3
16210,"['Y', 'ZH', 'AO0']","['Y', 'ZH', 'AO']",-4,CCV,3
16211,"['AO0', 'Y', 'ZH']","['AO', 'Y', 'ZH']",4,VCC,3
16212,"['Y', 'ZH', 'UW0']","['Y', 'ZH', 'UW']",-4,CCV,3
16213,"['UW0', 'Y', 'ZH']","['UW', 'Y', 'ZH']",4,VCC,3
16214,"['Y', 'ZH', 'IH0']","['Y', 'ZH', 'IH']",-4,CCV,3
16215,"['IH0', 'Y', 'ZH']","['IH', 'Y', 'ZH']",4,VCC,3
16216,"['Y', 'ZH', 'EH0']","['Y', 'ZH', 'EH']",-4,CCV,3
16217,"['EH0', 'Y', 'ZH']","['EH', 'Y', 'ZH']",4,VCC,3
16218,"['Y', 'ZH', 'UH0']","['Y', 'ZH', 'UH']",-4,CCV,3
16219,"['UH0', 'Y', 'ZH']","['UH', 'Y', 'ZH']",4,VCC,3
16220,"['Y', 'ZH', 'IY0']","['Y', 'ZH', 'IY']",-4,CCV,3
16221,"['IY0', 'Y', 'ZH']","['IY', 'Y', 'ZH']",4,VCC,3
16222,"['Y', 'ZH', 'EY0']","['Y', 'ZH', 'EY']",-4,CCV,3
16223,"['EY0', 'Y', 'ZH']","['EY', 'Y', 'ZH']",4,VCC,3
16224,"['Y', 'ZH', 'OW0']","['Y', 'ZH', 'OW']",-4,CCV,3
16225,"['OW0', 'Y', 'ZH']","['OW', 'Y', 'ZH']",4,VCC,3
16226,"['Y', 'ZH', 'AE0']","['Y', 'ZH', 'AE']",-4,CCV,3
16227,"['AE0', 'Y', 'ZH']","['AE', 'Y', 'ZH']",4,VCC,3
16228,"['Y', 'ZH', 'AW0']","['Y', 'ZH', 'AW']",-4,CCV,3
16229,"['AW0', 'Y', 'ZH']","['AW', 'Y', 'ZH']",4,VCC,3
16230,"['Y', 'V', 'AH0']","['Y', 'V', 'AH']",-4,CCV,3
16231,"['AH0', 'Y', 'V']","['AH', 'Y', 'V']",4,VCC,3
16232,"['Y', 'V', 'OY0']","['Y', 'V', 'OY']",-4,CCV,3
16233,"['OY0', 'Y', 'V']","['OY', 'Y', 'V']",4,VCC,3
16234,"['Y', 'V', 'AA0']","['Y', 'V', 'AA']",-4,CCV,3
16235,"['AA0', 'Y', 'V']","['AA', 'Y', 'V']",4,VCC,3
16236,"['Y', 'V', 'AY0']","['Y', 'V', 'AY']",-4,CCV,3
16237,"['AY0', 'Y', 'V']","['AY', 'Y', 'V']",4,VCC,3
16238,"['Y', 'V', 'ER0']","['Y', 'V', 'ER']",-4,CCV,3
16239,"['ER0', 'Y', 'V']","['ER', 'Y', 'V']",4,VCC,3
16240,"['Y', 'V', 'AO0']","['Y', 'V', 'AO']",-4,CCV,3
16241,"['AO0', 'Y', 'V']","['AO', 'Y', 'V']",4,VCC,3
16242,"['Y', 'V', 'UW0']","['Y', 'V', 'UW']",-4,CCV,3
16243,"['UW0', 'Y', 'V']","['UW', 'Y', 'V']",4,VCC,3
16244,"['Y', 'V', 'IH0']","['Y', 'V', 'IH']",-4,CCV,3
16245,"['IH0', 'Y', 'V']","['IH', 'Y', 'V']",4,VCC,3
16246,"['Y', 'V', 'EH0']","['Y', 'V', 'EH']",-4,CCV,3
16247,"['EH0', 'Y', 'V']","['EH', 'Y', 'V']",4,VCC,3
16248,"['Y', 'V', 'UH0']","['Y', 'V', 'UH']",-4,CCV,3
16249,"['UH0', 'Y', 'V']","['UH', 'Y', 'V']",4,VCC,3
16250,"['Y', 'V', 'IY0']","['Y', 'V', 'IY']",-4,CCV,3
16251,"['IY0', 'Y', 'V']","['IY', 'Y', 'V']",4,VCC,3
16252,"['Y', 'V', 'EY0']","['Y', 'V', 'EY']",-4,CCV,3
16253,"['EY0', 'Y', 'V']","['EY', 'Y', 'V']",4,VCC,3
16254,"['Y', 'V', 'OW0']","['Y', 'V', 'OW']",-4,CCV,3
16255,"['OW0', 'Y', 'V']","['OW', 'Y', 'V']",4,VCC,3
16256,"['Y', 'V', 'AE0']","['Y', 'V', 'AE']",-4,CCV,3
16257,"['AE0', 'Y', 'V']","['AE', 'Y', 'V']",4,VCC,3
16258,"['Y', 'V', 'AW0']","['Y', 'V', 'AW']",-4,CCV,3
16259,"['AW0', 'Y', 'V']","['AW', 'Y', 'V']",4,VCC,3
16260,"['Y', 'DH', 'AH0']","['Y', 'DH', 'AH']",-4,CCV,3
16261,"['AH0', 'Y', 'DH']","['AH', 'Y', 'DH']",4,VCC,3
16262,"['Y', 'DH', 'OY0']","['Y', 'DH', 'OY']",-4,CCV,3
16263,"['OY0', 'Y', 'DH']","['OY', 'Y', 'DH']",4,VCC,3
16264,"['Y', 'DH', 'AA0']","['Y', 'DH', 'AA']",-4,CCV,3
16265,"['AA0', 'Y', 'DH']","['AA', 'Y', 'DH']",4,VCC,3
16266,"['Y', 'DH', 'AY0']","['Y', 'DH', 'AY']",-4,CCV,3
16267,"['AY0', 'Y', 'DH']","['AY', 'Y', 'DH']",4,VCC,3
16268,"['Y', 'DH', 'ER0']","['Y', 'DH', 'ER']",-4,CCV,3
16269,"['ER0', 'Y', 'DH']","['ER', 'Y', 'DH']",4,VCC,3
16270,"['Y', 'DH', 'AO0']","['Y', 'DH', 'AO']",-4,CCV,3
16271,"['AO0', 'Y', 'DH']","['AO', 'Y', 'DH']",4,VCC,3
16272,"['Y', 'DH', 'UW0']","['Y', 'DH', 'UW']",-4,CCV,3
16273,"['UW0', 'Y', 'DH']","['UW', 'Y', 'DH']",4,VCC,3
16274,"['Y', 'DH', 'IH0']","['Y', 'DH', 'IH']",-4,CCV,3
16275,"['IH0', 'Y', 'DH']","['IH', 'Y', 'DH']",4,VCC,3
16276,"['Y', 'DH', 'EH0']","['Y', 'DH', 'EH']",-4,CCV,3
16277,"['EH0', 'Y', 'DH']","['EH', 'Y', 'DH']",4,VCC,3
16278,"['Y', 'DH', 'UH0']","['Y', 'DH', 'UH']",-4,CCV,3
16279,"['UH0', 'Y', 'DH']","['UH', 'Y', 'DH']",4,VCC,3
16280,"['Y', 'DH', 'IY0']","['Y', 'DH', 'IY']",-4,CCV,3
16281,"['IY0', 'Y', 'DH']","['IY', 'Y', 'DH']",4,VCC,3
16282,"['Y', 'DH', 'EY0']","['Y', 'DH', 'EY']",-4,CCV,3
16283,"['EY0', 'Y', 'DH']","['EY', 'Y', 'DH']",4,VCC,3
16284,"['Y', 'DH', 'OW0']","['Y', 'DH', 'OW']",-4,CCV,3
16285,"['OW0', 'Y', 'DH']","['OW', 'Y', 'DH']",4,VCC,3
16286,"['Y', 'DH', 'AE0']","['Y', 'DH', 'AE']",-4,CCV,3
16287,"['AE0', 'Y', 'DH']","['AE', 'Y', 'DH']",4,VCC,3
16288,"['Y', 'DH', 'AW0']","['Y', 'DH', 'AW']",-4,CCV,3
16289,"['AW0', 'Y', 'DH']","['AW', 'Y', 'DH']",4,VCC,3
16290,"['Y', 'HH', 'AH0']","['Y', 'HH', 'AH']",-4,CCV,3
16291,"['AH0', 'Y', 'HH']","['AH', 'Y', 'HH']",4,VCC,3
16292,"['Y', 'HH', 'OY0']","['Y', 'HH', 'OY']",-4,CCV,3
16293,"['OY0', 'Y', 'HH']","['OY', 'Y', 'HH']",4,VCC,3
16294,"['Y', 'HH', 'AA0']","['Y', 'HH', 'AA']",-4,CCV,3
16295,"['AA0', 'Y', 'HH']","['AA', 'Y', 'HH']",4,VCC,3
16296,"['Y', 'HH', 'AY0']","['Y', 'HH', 'AY']",-4,CCV,3
16297,"['AY0', 'Y', 'HH']","['AY', 'Y', 'HH']",4,VCC,3
16298,"['Y', 'HH', 'ER0']","['Y', 'HH', 'ER']",-4,CCV,3
16299,"['ER0', 'Y', 'HH']","['ER', 'Y', 'HH']",4,VCC,3
16300,"['Y', 'HH', 'AO0']","['Y', 'HH', 'AO']",-4,CCV,3
16301,"['AO0', 'Y', 'HH']","['AO', 'Y', 'HH']",4,VCC,3
16302,"['Y', 'HH', 'UW0']","['Y', 'HH', 'UW']",-4,CCV,3
16303,"['UW0', 'Y', 'HH']","['UW', 'Y', 'HH']",4,VCC,3
16304,"['Y', 'HH', 'IH0']","['Y', 'HH', 'IH']",-4,CCV,3
16305,"['IH0', 'Y', 'HH']","['IH', 'Y', 'HH']",4,VCC,3
16306,"['Y', 'HH', 'EH0']","['Y', 'HH', 'EH']",-4,CCV,3
16307,"['EH0', 'Y', 'HH']","['EH', 'Y', 'HH']",4,VCC,3
16308,"['Y', 'HH', 'UH0']","['Y', 'HH', 'UH']",-4,CCV,3
16309,"['UH0', 'Y', 'HH']","['UH', 'Y', 'HH']",4,VCC,3
16310,"['Y', 'HH', 'IY0']","['Y', 'HH', 'IY']",-4,CCV,3
16311,"['IY0', 'Y', 'HH']","['IY', 'Y', 'HH']",4,VCC,3
16312,"['Y', 'HH', 'EY0']","['Y', 'HH', 'EY']",-4,CCV,3
16313,"['EY0', 'Y', 'HH']","['EY', 'Y', 'HH']",4,VCC,3
16314,"['Y', 'HH', 'OW0']","['Y', 'HH', 'OW']",-4,CCV,3
16315,"['OW0', 'Y', 'HH']","['OW', 'Y', 'HH']",4,VCC,3
16316,"['Y', 'HH', 'AE0']","['Y', 'HH', 'AE']",-4,CCV,3
16317,"['AE0', 'Y', 'HH']","['AE', 'Y', 'HH']",4,VCC,3
16318,"['Y', 'HH', 'AW0']","['Y', 'HH', 'AW']",-4,CCV,3
16319,"['AW0', 'Y', 'HH']","['AW', 'Y', 'HH']",4,VCC,3
16320,"['Y', 'CH', 'AH0']","['Y', 'CH', 'AH']",-3,CCV,3
16321,"['AH0', 'Y', 'CH']","['AH', 'Y', 'CH']",3,VCC,3
16322,"['Y', 'CH', 'OY0']","['Y', 'CH', 'OY']",-3,CCV,3
16323,"['OY0', 'Y', 'CH']","['OY', 'Y', 'CH']",3,VCC,3
16324,"['Y', 'CH', 'AA0']","['Y', 'CH', 'AA']",-3,CCV,3
16325,"['AA0', 'Y', 'CH']","['AA', 'Y', 'CH']",3,VCC,3
16326,"['Y', 'CH', 'AY0']","['Y', 'CH', 'AY']",-3,CCV,3
16327,"['AY0', 'Y', 'CH']","['AY', 'Y', 'CH']",3,VCC,3
16328,"['Y', 'CH', 'ER0']","['Y', 'CH', 'ER']",-3,CCV,3
16329,"['ER0', 'Y', 'CH']","['ER', 'Y', 'CH']",3,VCC,3
16330,"['Y', 'CH', 'AO0']","['Y', 'CH', 'AO']",-3,CCV,3
16331,"['AO0', 'Y', 'CH']","['AO', 'Y', 'CH']",3,VCC,3
16332,"['Y', 'CH', 'UW0']","['Y', 'CH', 'UW']",-3,CCV,3
16333,"['UW0', 'Y', 'CH']","['UW', 'Y', 'CH']",3,VCC,3
16334,"['Y', 'CH', 'IH0']","['Y', 'CH', 'IH']",-3,CCV,3
16335,"['IH0', 'Y', 'CH']","['IH', 'Y', 'CH']",3,VCC,3
16336,"['Y', 'CH', 'EH0']","['Y', 'CH', 'EH']",-3,CCV,3
16337,"['EH0', 'Y', 'CH']","['EH', 'Y', 'CH']",3,VCC,3
16338,"['Y', 'CH', 'UH0']","['Y', 'CH', 'UH']",-3,CCV,3
16339,"['UH0', 'Y', 'CH']","['UH', 'Y', 'CH']",3,VCC,3
16340,"['Y', 'CH', 'IY0']","['Y', 'CH', 'IY']",-3,CCV,3
16341,"['IY0', 'Y', 'CH']","['IY', 'Y', 'CH']",3,VCC,3
16342,"['Y', 'CH', 'EY0']","['Y', 'CH', 'EY']",-3,CCV,3
16343,"['EY0', 'Y', 'CH']","['EY', 'Y', 'CH']",3,VCC,3
16344,"['Y', 'CH', 'OW0']","['Y', 'CH', 'OW']",-3,CCV,3
16345,"['OW0', 'Y', 'CH']","['OW', 'Y', 'CH']",3,VCC,3
16346,"['Y', 'CH', 'AE0']","['Y', 'CH', 'AE']",-3,CCV,3
16347,"['AE0', 'Y', 'CH']","['AE', 'Y', 'CH']",3,VCC,3
16348,"['Y', 'CH', 'AW0']","['Y', 'CH', 'AW']",-3,CCV,3
16349,"['AW0', 'Y', 'CH']","['AW', 'Y', 'CH']",3,VCC,3
16350,"['Y', 'JH', 'AH0']","['Y', 'JH', 'AH']",-3,CCV,3
16351,"['AH0', 'Y', 'JH']","['AH', 'Y', 'JH']",3,VCC,3
16352,"['Y', 'JH', 'OY0']","['Y', 'JH', 'OY']",-3,CCV,3
16353,"['OY0', 'Y', 'JH']","['OY', 'Y', 'JH']",3,VCC,3
16354,"['Y', 'JH', 'AA0']","['Y', 'JH', 'AA']",-3,CCV,3
16355,"['AA0', 'Y', 'JH']","['AA', 'Y', 'JH']",3,VCC,3
16356,"['Y', 'JH', 'AY0']","['Y', 'JH', 'AY']",-3,CCV,3
16357,"['AY0', 'Y', 'JH']","['AY', 'Y', 'JH']",3,VCC,3
16358,"['Y', 'JH', 'ER0']","['Y', 'JH', 'ER']",-3,CCV,3
16359,"['ER0', 'Y', 'JH']","['ER', 'Y', 'JH']",3,VCC,3
16360,"['Y', 'JH', 'AO0']","['Y', 'JH', 'AO']",-3,CCV,3
16361,"['AO0', 'Y', 'JH']","['AO', 'Y', 'JH']",3,VCC,3
16362,"['Y', 'JH', 'UW0']","['Y', 'JH', 'UW']",-3,CCV,3
16363,"['UW0', 'Y', 'JH']","['UW', 'Y', 'JH']",3,VCC,3
16364,"['Y', 'JH', 'IH0']","['Y', 'JH', 'IH']",-3,CCV,3
16365,"['IH0', 'Y', 'JH']","['IH', 'Y', 'JH']",3,VCC,3
16366,"['Y', 'JH', 'EH0']","['Y', 'JH', 'EH']",-3,CCV,3
16367,"['EH0', 'Y', 'JH']","['EH', 'Y', 'JH']",3,VCC,3
16368,"['Y', 'JH', 'UH0']","['Y', 'JH', 'UH']",-3,CCV,3
16369,"['UH0', 'Y', 'JH']","['UH', 'Y', 'JH']",3,VCC,3
16370,"['Y', 'JH', 'IY0']","['Y', 'JH', 'IY']",-3,CCV,3
16371,"['IY0', 'Y', 'JH']","['IY', 'Y', 'JH']",3,VCC,3
16372,"['Y', 'JH', 'EY0']","['Y', 'JH', 'EY']",-3,CCV,3
16373,"['EY0', 'Y', 'JH']","['EY', 'Y', 'JH']",3,VCC,3
16374,"['Y', 'JH', 'OW0']","['Y', 'JH', 'OW']",-3,CCV,3
16375,"['OW0', 'Y', 'JH']","['OW', 'Y', 'JH']",3,VCC,3
16376,"['Y', 'JH', 'AE0']","['Y', 'JH', 'AE']",-3,CCV,3
16377,"['AE0', 'Y', 'JH']","['AE', 'Y', 'JH']",3,VCC,3
16378,"['Y', 'JH', 'AW0']","['Y', 'JH', 'AW']",-3,CCV,3
16379,"['AW0', 'Y', 'JH']","['AW', 'Y', 'JH']",3,VCC,3
16380,"['Y', 'M', 'AH0']","['Y', 'M', 'AH']",-2,CCV,3
16381,"['AH0', 'Y', 'M']","['AH', 'Y', 'M']",2,VCC,3
16382,"['Y', 'M', 'OY0']","['Y', 'M', 'OY']",-2,CCV,3
16383,"['OY0', 'Y', 'M']","['OY', 'Y', 'M']",2,VCC,3
16384,"['Y', 'M', 'AA0']","['Y', 'M', 'AA']",-2,CCV,3
16385,"['AA0', 'Y', 'M']","['AA', 'Y', 'M']",2,VCC,3
16386,"['Y', 'M', 'AY0']","['Y', 'M', 'AY']",-2,CCV,3
16387,"['AY0', 'Y', 'M']","['AY', 'Y', 'M']",2,VCC,3
16388,"['Y', 'M', 'ER0']","['Y', 'M', 'ER']",-2,CCV,3
16389,"['ER0', 'Y', 'M']","['ER', 'Y', 'M']",2,VCC,3
16390,"['Y', 'M', 'AO0']","['Y', 'M', 'AO']",-2,CCV,3
16391,"['AO0', 'Y', 'M']","['AO', 'Y', 'M']",2,VCC,3
16392,"['Y', 'M', 'UW0']","['Y', 'M', 'UW']",-2,CCV,3
16393,"['UW0', 'Y', 'M']","['UW', 'Y', 'M']",2,VCC,3
16394,"['Y', 'M', 'IH0']","['Y', 'M', 'IH']",-2,CCV,3
16395,"['IH0', 'Y', 'M']","['IH', 'Y', 'M']",2,VCC,3
16396,"['Y', 'M', 'EH0']","['Y', 'M', 'EH']",-2,CCV,3
16397,"['EH0', 'Y', 'M']","['EH', 'Y', 'M']",2,VCC,3
16398,"['Y', 'M', 'UH0']","['Y', 'M', 'UH']",-2,CCV,3
16399,"['UH0', 'Y', 'M']","['UH', 'Y', 'M']",2,VCC,3
16400,"['Y', 'M', 'IY0']","['Y', 'M', 'IY']",-2,CCV,3
16401,"['IY0', 'Y', 'M']","['IY', 'Y', 'M']",2,VCC,3
16402,"['Y', 'M', 'EY0']","['Y', 'M', 'EY']",-2,CCV,3
16403,"['EY0', 'Y', 'M']","['EY', 'Y', 'M']",2,VCC,3
16404,"['Y', 'M', 'OW0']","['Y', 'M', 'OW']",-2,CCV,3
16405,"['OW0', 'Y', 'M']","['OW', 'Y', 'M']",2,VCC,3
16406,"['Y', 'M', 'AE0']","['Y', 'M', 'AE']",-2,CCV,3
16407,"['AE0', 'Y', 'M']","['AE', 'Y', 'M']",2,VCC,3
16408,"['Y', 'M', 'AW0']","['Y', 'M', 'AW']",-2,CCV,3
16409,"['AW0', 'Y', 'M']","['AW', 'Y', 'M']",2,VCC,3
16410,"['Y', 'N', 'AH0']","['Y', 'N', 'AH']",-2,CCV,3
16411,"['AH0', 'Y', 'N']","['AH', 'Y', 'N']",2,VCC,3
16412,"['Y', 'N', 'OY0']","['Y', 'N', 'OY']",-2,CCV,3
16413,"['OY0', 'Y', 'N']","['OY', 'Y', 'N']",2,VCC,3
16414,"['Y', 'N', 'AA0']","['Y', 'N', 'AA']",-2,CCV,3
16415,"['AA0', 'Y', 'N']","['AA', 'Y', 'N']",2,VCC,3
16416,"['Y', 'N', 'AY0']","['Y', 'N', 'AY']",-2,CCV,3
16417,"['AY0', 'Y', 'N']","['AY', 'Y', 'N']",2,VCC,3
16418,"['Y', 'N', 'ER0']","['Y', 'N', 'ER']",-2,CCV,3
16419,"['ER0', 'Y', 'N']","['ER', 'Y', 'N']",2,VCC,3
16420,"['Y', 'N', 'AO0']","['Y', 'N', 'AO']",-2,CCV,3
16421,"['AO0', 'Y', 'N']","['AO', 'Y', 'N']",2,VCC,3
16422,"['Y', 'N', 'UW0']","['Y', 'N', 'UW']",-2,CCV,3
16423,"['UW0', 'Y', 'N']","['UW', 'Y', 'N']",2,VCC,3
16424,"['Y', 'N', 'IH0']","['Y', 'N', 'IH']",-2,CCV,3
16425,"['IH0', 'Y', 'N']","['IH', 'Y', 'N']",2,VCC,3
16426,"['Y', 'N', 'EH0']","['Y', 'N', 'EH']",-2,CCV,3
16427,"['EH0', 'Y', 'N']","['EH', 'Y', 'N']",2,VCC,3
16428,"['Y', 'N', 'UH0']","['Y', 'N', 'UH']",-2,CCV,3
16429,"['UH0', 'Y', 'N']","['UH', 'Y', 'N']",2,VCC,3
16430,"['Y', 'N', 'IY0']","['Y', 'N', 'IY']",-2,CCV,3
16431,"['IY0', 'Y', 'N']","['IY', 'Y', 'N']",2,VCC,3
16432,"['Y', 'N', 'EY0']","['Y', 'N', 'EY']",-2,CCV,3
16433,"['EY0', 'Y', 'N']","['EY', 'Y', 'N']",2,VCC,3
16434,"['Y', 'N', 'OW0']","['Y', 'N', 'OW']",-2,CCV,3
16435,"['OW0', 'Y', 'N']","['OW', 'Y', 'N']",2,VCC,3
16436,"['Y', 'N', 'AE0']","['Y', 'N', 'AE']",-2,CCV,3
16437,"['AE0', 'Y', 'N']","['AE', 'Y', 'N']",2,VCC,3
16438,"['Y', 'N', 'AW0']","['Y', 'N', 'AW']",-2,CCV,3
16439,"['AW0', 'Y', 'N']","['AW', 'Y', 'N']",2,VCC,3
16440,"['Y', 'NG', 'AH0']","['Y', 'NG', 'AH']",-2,CCV,3
16441,"['AH0', 'Y', 'NG']","['AH', 'Y', 'NG']",2,VCC,3
16442,"['Y', 'NG', 'OY0']","['Y', 'NG', 'OY']",-2,CCV,3
16443,"['OY0', 'Y', 'NG']","['OY', 'Y', 'NG']",2,VCC,3
16444,"['Y', 'NG', 'AA0']","['Y', 'NG', 'AA']",-2,CCV,3
16445,"['AA0', 'Y', 'NG']","['AA', 'Y', 'NG']",2,VCC,3
16446,"['Y', 'NG', 'AY0']","['Y', 'NG', 'AY']",-2,CCV,3
16447,"['AY0', 'Y', 'NG']","['AY', 'Y', 'NG']",2,VCC,3
16448,"['Y', 'NG', 'ER0']","['Y', 'NG', 'ER']",-2,CCV,3
16449,"['ER0', 'Y', 'NG']","['ER', 'Y', 'NG']",2,VCC,3
16450,"['Y', 'NG', 'AO0']","['Y', 'NG', 'AO']",-2,CCV,3
16451,"['AO0', 'Y', 'NG']","['AO', 'Y', 'NG']",2,VCC,3
16452,"['Y', 'NG', 'UW0']","['Y', 'NG', 'UW']",-2,CCV,3
16453,"['UW0', 'Y', 'NG']","['UW', 'Y', 'NG']",2,VCC,3
16454,"['Y', 'NG', 'IH0']","['Y', 'NG', 'IH']",-2,CCV,3
16455,"['IH0', 'Y', 'NG']","['IH', 'Y', 'NG']",2,VCC,3
16456,"['Y', 'NG', 'EH0']","['Y', 'NG', 'EH']",-2,CCV,3
16457,"['EH0', 'Y', 'NG']","['EH', 'Y', 'NG']",2,VCC,3
16458,"['Y', 'NG', 'UH0']","['Y', 'NG', 'UH']",-2,CCV,3
16459,"['UH0', 'Y', 'NG']","['UH', 'Y', 'NG']",2,VCC,3
16460,"['Y', 'NG', 'IY0']","['Y', 'NG', 'IY']",-2,CCV,3
16461,"['IY0', 'Y', 'NG']","['IY', 'Y', 'NG']",2,VCC,3
16462,"['Y', 'NG', 'EY0']","['Y', 'NG', 'EY']",-2,CCV,3
16463,"['EY0', 'Y', 'NG']","['EY', 'Y', 'NG']",2,VCC,3
16464,"['Y', 'NG', 'OW0']","['Y', 'NG', 'OW']",-2,CCV,3
16465,"['OW0', 'Y', 'NG']","['OW', 'Y', 'NG']",2,VCC,3
16466,"['Y', 'NG', 'AE0']","['Y', 'NG', 'AE']",-2,CCV,3
16467,"['AE0', 'Y', 'NG']","['AE', 'Y', 'NG']",2,VCC,3
16468,"['Y', 'NG', 'AW0']","['Y', 'NG', 'AW']",-2,CCV,3
16469,"['AW0', 'Y', 'NG']","['AW', 'Y', 'NG']",2,VCC,3
16470,"['Y', 'L', 'AH0']","['Y', 'L', 'AH']",-1,CCV,3
16471,"['AH0', 'Y', 'L']","['AH', 'Y', 'L']",1,VCC,3
16472,"['Y', 'L', 'OY0']","['Y', 'L', 'OY']",-1,CCV,3
16473,"['OY0', 'Y', 'L']","['OY', 'Y', 'L']",1,VCC,3
16474,"['Y', 'L', 'AA0']","['Y', 'L', 'AA']",-1,CCV,3
16475,"['AA0', 'Y', 'L']","['AA', 'Y', 'L']",1,VCC,3
16476,"['Y', 'L', 'AY0']","['Y', 'L', 'AY']",-1,CCV,3
16477,"['AY0', 'Y', 'L']","['AY', 'Y', 'L']",1,VCC,3
16478,"['Y', 'L', 'ER0']","['Y', 'L', 'ER']",-1,CCV,3
16479,"['ER0', 'Y', 'L']","['ER', 'Y', 'L']",1,VCC,3
16480,"['Y', 'L', 'AO0']","['Y', 'L', 'AO']",-1,CCV,3
16481,"['AO0', 'Y', 'L']","['AO', 'Y', 'L']",1,VCC,3
16482,"['Y', 'L', 'UW0']","['Y', 'L', 'UW']",-1,CCV,3
16483,"['UW0', 'Y', 'L']","['UW', 'Y', 'L']",1,VCC,3
16484,"['Y', 'L', 'IH0']","['Y', 'L', 'IH']",-1,CCV,3
16485,"['IH0', 'Y', 'L']","['IH', 'Y', 'L']",1,VCC,3
16486,"['Y', 'L', 'EH0']","['Y', 'L', 'EH']",-1,CCV,3
16487,"['EH0', 'Y', 'L']","['EH', 'Y', 'L']",1,VCC,3
16488,"['Y', 'L', 'UH0']","['Y', 'L', 'UH']",-1,CCV,3
16489,"['UH0', 'Y', 'L']","['UH', 'Y', 'L']",1,VCC,3
16490,"['Y', 'L', 'IY0']","['Y', 'L', 'IY']",-1,CCV,3
16491,"['IY0', 'Y', 'L']","['IY', 'Y', 'L']",1,VCC,3
16492,"['Y', 'L', 'EY0']","['Y', 'L', 'EY']",-1,CCV,3
16493,"['EY0', 'Y', 'L']","['EY', 'Y', 'L']",1,VCC,3
16494,"['Y', 'L', 'OW0']","['Y', 'L', 'OW']",-1,CCV,3
16495,"['OW0', 'Y', 'L']","['OW', 'Y', 'L']",1,VCC,3
16496,"['Y', 'L', 'AE0']","['Y', 'L', 'AE']",-1,CCV,3
16497,"['AE0', 'Y', 'L']","['AE', 'Y', 'L']",1,VCC,3
16498,"['Y', 'L', 'AW0']","['Y', 'L', 'AW']",-1,CCV,3
16499,"['AW0', 'Y', 'L']","['AW', 'Y', 'L']",1,VCC,3
16500,"['Y', 'R', 'AH0']","['Y', 'R', 'AH']",-1,CCV,3
16501,"['AH0', 'Y', 'R']","['AH', 'Y', 'R']",1,VCC,3
16502,"['Y', 'R', 'OY0']","['Y', 'R', 'OY']",-1,CCV,3
16503,"['OY0', 'Y', 'R']","['OY', 'Y', 'R']",1,VCC,3
16504,"['Y', 'R', 'AA0']","['Y', 'R', 'AA']",-1,CCV,3
16505,"['AA0', 'Y', 'R']","['AA', 'Y', 'R']",1,VCC,3
16506,"['Y', 'R', 'AY0']","['Y', 'R', 'AY']",-1,CCV,3
16507,"['AY0', 'Y', 'R']","['AY', 'Y', 'R']",1,VCC,3
16508,"['Y', 'R', 'ER0']","['Y', 'R', 'ER']",-1,CCV,3
16509,"['ER0', 'Y', 'R']","['ER', 'Y', 'R']",1,VCC,3
16510,"['Y', 'R', 'AO0']","['Y', 'R', 'AO']",-1,CCV,3
16511,"['AO0', 'Y', 'R']","['AO', 'Y', 'R']",1,VCC,3
16512,"['Y', 'R', 'UW0']","['Y', 'R', 'UW']",-1,CCV,3
16513,"['UW0', 'Y', 'R']","['UW', 'Y', 'R']",1,VCC,3
16514,"['Y', 'R', 'IH0']","['Y', 'R', 'IH']",-1,CCV,3
16515,"['IH0', 'Y', 'R']","['IH', 'Y', 'R']",1,VCC,3
16516,"['Y', 'R', 'EH0']","['Y', 'R', 'EH']",-1,CCV,3
16517,"['EH0', 'Y', 'R']","['EH', 'Y', 'R']",1,VCC,3
16518,"['Y', 'R', 'UH0']","['Y', 'R', 'UH']",-1,CCV,3
16519,"['UH0', 'Y', 'R']","['UH', 'Y', 'R']",1,VCC,3
16520,"['Y', 'R', 'IY0']","['Y', 'R', 'IY']",-1,CCV,3
16521,"['IY0', 'Y', 'R']","['IY', 'Y', 'R']",1,VCC,3
16522,"['Y', 'R', 'EY0']","['Y', 'R', 'EY']",-1,CCV,3
16523,"['EY0', 'Y', 'R']","['EY', 'Y', 'R']",1,VCC,3
16524,"['Y', 'R', 'OW0']","['Y', 'R', 'OW']",-1,CCV,3
16525,"['OW0', 'Y', 'R']","['OW', 'Y', 'R']",1,VCC,3
16526,"['Y', 'R', 'AE0']","['Y', 'R', 'AE']",-1,CCV,3
16527,"['AE0', 'Y', 'R']","['AE', 'Y', 'R']",1,VCC,3
16528,"['Y', 'R', 'AW0']","['Y', 'R', 'AW']",-1,CCV,3
16529,"['AW0', 'Y', 'R']","['AW', 'Y', 'R']",1,VCC,3
16530,"['Y', 'W', 'AH0']","['Y', 'W', 'AH']",0,CCV,3
16531,"['AH0', 'Y', 'W']","['AH', 'Y', 'W']",0,VCC,3
16532,"['Y', 'W', 'OY0']","['Y', 'W', 'OY']",0,CCV,3
16533,"['OY0', 'Y', 'W']","['OY', 'Y', 'W']",0,VCC,3
16534,"['Y', 'W', 'AA0']","['Y', 'W', 'AA']",0,CCV,3
16535,"['AA0', 'Y', 'W']","['AA', 'Y', 'W']",0,VCC,3
16536,"['Y', 'W', 'AY0']","['Y', 'W', 'AY']",0,CCV,3
16537,"['AY0', 'Y', 'W']","['AY', 'Y', 'W']",0,VCC,3
16538,"['Y', 'W', 'ER0']","['Y', 'W', 'ER']",0,CCV,3
16539,"['ER0', 'Y', 'W']","['ER', 'Y', 'W']",0,VCC,3
16540,"['Y', 'W', 'AO0']","['Y', 'W', 'AO']",0,CCV,3
16541,"['AO0', 'Y', 'W']","['AO', 'Y', 'W']",0,VCC,3
16542,"['Y', 'W', 'UW0']","['Y', 'W', 'UW']",0,CCV,3
16543,"['UW0', 'Y', 'W']","['UW', 'Y', 'W']",0,VCC,3
16544,"['Y', 'W', 'IH0']","['Y', 'W', 'IH']",0,CCV,3
16545,"['IH0', 'Y', 'W']","['IH', 'Y', 'W']",0,VCC,3
16546,"['Y', 'W', 'EH0']","['Y', 'W', 'EH']",0,CCV,3
16547,"['EH0', 'Y', 'W']","['EH', 'Y', 'W']",0,VCC,3
16548,"['Y', 'W', 'UH0']","['Y', 'W', 'UH']",0,CCV,3
16549,"['UH0', 'Y', 'W']","['UH', 'Y', 'W']",0,VCC,3
16550,"['Y', 'W', 'IY0']","['Y', 'W', 'IY']",0,CCV,3
16551,"['IY0', 'Y', 'W']","['IY', 'Y', 'W']",0,VCC,3
16552,"['Y', 'W', 'EY0']","['Y', 'W', 'EY']",0,CCV,3
16553,"['EY0', 'Y', 'W']","['EY', 'Y', 'W']",0,VCC,3
16554,"['Y', 'W', 'OW0']","['Y', 'W', 'OW']",0,CCV,3
16555,"['OW0', 'Y', 'W']","['OW', 'Y', 'W']",0,VCC,3
16556,"['Y', 'W', 'AE0']","['Y', 'W', 'AE']",0,CCV,3
16557,"['AE0', 'Y', 'W']","['AE', 'Y', 'W']",0,VCC,3
16558,"['Y', 'W', 'AW0']","['Y', 'W', 'AW']",0,CCV,3
16559,"['AW0', 'Y', 'W']","['AW', 'Y', 'W']",0,VCC,3
