,Word,Condition,Lexicality,Size,Morphology,Frequency,Length,Zipf_Frequency,Phonemes,No_Stress,Part of Speech,Vowel Count,Consonant Count
0,attending,RLCH,real,long,complex,2.04e-05,7,4.31,"['AH0', 'T', 'EH1', 'N', 'D', 'IH0', 'NG']","['AH', 'T', 'EH', 'N', 'D', 'IH', 'NG']",VERB,3,4
1,commissioner,RLCH,real,long,complex,2.69e-05,8,4.43,"['K', 'AH0', 'M', 'IH1', 'SH', 'AH0', 'N', 'ER0']","['K', 'AH', 'M', 'IH', 'SH', 'AH', 'N', 'ER']",NOUN,4,4
2,operation,RLCH,real,long,complex,8.32e-05,7,4.92,"['AA2', 'P', 'ER0', 'EY1', 'SH', 'AH0', 'N']","['AA', 'P', 'ER', 'EY', 'SH', 'AH', 'N']",NOUN,4,3
3,hospitals,RLCH,real,long,complex,2.14e-05,9,4.33,"['HH', 'AA1', 'S', 'P', 'IH2', 'T', 'AH0', 'L', 'Z']","['HH', 'AA', 'S', 'P', 'IH', 'T', 'AH', 'L', 'Z']",NOUN,3,6
4,acquisition,RLCH,real,long,complex,1.82e-05,9,4.26,"['AE2', 'K', 'W', 'AH0', 'Z', 'IH1', 'SH', 'AH0', 'N']","['AE', 'K', 'W', 'AH', 'Z', 'IH', 'SH', 'AH', 'N']",NOUN,4,5
5,drinking,RLCH,real,long,complex,5.13e-05,7,4.71,"['D', 'R', 'IH1', 'NG', 'K', 'IH0', 'NG']","['D', 'R', 'IH', 'NG', 'K', 'IH', 'NG']",VERB,2,5
6,universe,RLCH,real,long,complex,3.89e-05,7,4.59,"['Y', 'UW1', 'N', 'AH0', 'V', 'ER2', 'S']","['Y', 'UW', 'N', 'AH', 'V', 'ER', 'S']",NOUN,3,4
7,obviously,RLCH,real,long,complex,6.31e-05,8,4.8,"['AA1', 'B', 'V', 'IY0', 'AH0', 'S', 'L', 'IY0']","['AA', 'B', 'V', 'IY', 'AH', 'S', 'L', 'IY']",ADV,4,4
8,physically,RLCH,real,long,complex,2e-05,8,4.3,"['F', 'IH1', 'Z', 'IH0', 'K', 'AH0', 'L', 'IY0']","['F', 'IH', 'Z', 'IH', 'K', 'AH', 'L', 'IY']",ADV,4,4
9,awareness,RLCH,real,long,complex,2.75e-05,7,4.44,"['AH0', 'W', 'EH1', 'R', 'N', 'AH0', 'S']","['AH', 'W', 'EH', 'R', 'N', 'AH', 'S']",NOUN,3,4
10,perfectly,RLCH,real,long,complex,4.07e-05,8,4.61,"['P', 'ER1', 'F', 'AH0', 'K', 'T', 'L', 'IY0']","['P', 'ER', 'F', 'AH', 'K', 'T', 'L', 'IY']",ADV,3,5
11,underground,RLCH,real,long,complex,2.09e-05,9,4.32,"['AH1', 'N', 'D', 'ER0', 'G', 'R', 'AW2', 'N', 'D']","['AH', 'N', 'D', 'ER', 'G', 'R', 'AW', 'N', 'D']",ADV,3,6
12,listening,RLCH,real,long,complex,4.57e-05,7,4.66,"['L', 'IH1', 'S', 'AH0', 'N', 'IH0', 'NG']","['L', 'IH', 'S', 'AH', 'N', 'IH', 'NG']",VERB,3,4
13,languages,RLCH,real,long,complex,2.63e-05,9,4.42,"['L', 'AE1', 'NG', 'G', 'W', 'AH0', 'JH', 'AH0', 'Z']","['L', 'AE', 'NG', 'G', 'W', 'AH', 'JH', 'AH', 'Z']",NOUN,3,6
14,impressed,RLCH,real,long,complex,2.19e-05,7,4.34,"['IH0', 'M', 'P', 'R', 'EH1', 'S', 'T']","['IH', 'M', 'P', 'R', 'EH', 'S', 'T']",VERB,2,5
15,increasing,RLCH,real,long,complex,4.79e-05,8,4.68,"['IH0', 'N', 'K', 'R', 'IY1', 'S', 'IH0', 'NG']","['IH', 'N', 'K', 'R', 'IY', 'S', 'IH', 'NG']",VERB,3,5
16,creation,RLCH,real,long,complex,3.63e-05,7,4.56,"['K', 'R', 'IY0', 'EY1', 'SH', 'AH0', 'N']","['K', 'R', 'IY', 'EY', 'SH', 'AH', 'N']",NOUN,3,4
17,framework,RLCH,real,long,complex,1.95e-05,7,4.29,"['F', 'R', 'EY1', 'M', 'W', 'ER2', 'K']","['F', 'R', 'EY', 'M', 'W', 'ER', 'K']",NOUN,2,5
18,different,RLCH,real,long,complex,0.000389,7,5.59,"['D', 'IH1', 'F', 'ER0', 'AH0', 'N', 'T']","['D', 'IH', 'F', 'ER', 'AH', 'N', 'T']",ADJ,3,4
19,connections,RLCH,real,long,complex,2.09e-05,9,4.32,"['K', 'AH0', 'N', 'EH1', 'K', 'SH', 'AH0', 'N', 'Z']","['K', 'AH', 'N', 'EH', 'K', 'SH', 'AH', 'N', 'Z']",NOUN,3,6
20,discussed,RLCH,real,long,complex,2.82e-05,7,4.45,"['D', 'IH0', 'S', 'K', 'AH1', 'S', 'T']","['D', 'IH', 'S', 'K', 'AH', 'S', 'T']",VERB,2,5
21,relation,RLCH,real,long,complex,2.04e-05,7,4.31,"['R', 'IY0', 'L', 'EY1', 'SH', 'AH0', 'N']","['R', 'IY', 'L', 'EY', 'SH', 'AH', 'N']",NOUN,3,4
22,graduate,RLCH,real,long,complex,3.16e-05,8,4.5,"['G', 'R', 'AE1', 'JH', 'AH0', 'W', 'AH0', 'T']","['G', 'R', 'AE', 'JH', 'AH', 'W', 'AH', 'T']",NOUN,3,5
23,nevertheless,RLCH,real,long,complex,1.78e-05,9,4.25,"['N', 'EH2', 'V', 'ER0', 'DH', 'AH0', 'L', 'EH1', 'S']","['N', 'EH', 'V', 'ER', 'DH', 'AH', 'L', 'EH', 'S']",ADV,4,5
24,discipline,RLCH,real,long,complex,1.7e-05,8,4.23,"['D', 'IH1', 'S', 'AH0', 'P', 'L', 'AH0', 'N']","['D', 'IH', 'S', 'AH', 'P', 'L', 'AH', 'N']",VERB,3,5
25,customer,RLCH,real,long,complex,4.07e-05,7,4.61,"['K', 'AH1', 'S', 'T', 'AH0', 'M', 'ER0']","['K', 'AH', 'S', 'T', 'AH', 'M', 'ER']",NOUN,3,4
26,classical,RLCH,real,long,complex,1.82e-05,8,4.26,"['K', 'L', 'AE1', 'S', 'IH0', 'K', 'AH0', 'L']","['K', 'L', 'AE', 'S', 'IH', 'K', 'AH', 'L']",ADJ,3,5
27,progress,RLCH,real,long,complex,6.03e-05,7,4.78,"['P', 'R', 'AA1', 'G', 'R', 'EH2', 'S']","['P', 'R', 'AA', 'G', 'R', 'EH', 'S']",VERB,2,5
28,engineers,RLCH,real,long,complex,2.57e-05,8,4.41,"['EH1', 'N', 'JH', 'AH0', 'N', 'IH1', 'R', 'Z']","['EH', 'N', 'JH', 'AH', 'N', 'IH', 'R', 'Z']",NOUN,3,5
29,equipment,RLCH,real,long,complex,7.59e-05,9,4.88,"['IH0', 'K', 'W', 'IH1', 'P', 'M', 'AH0', 'N', 'T']","['IH', 'K', 'W', 'IH', 'P', 'M', 'AH', 'N', 'T']",NOUN,3,6
30,existing,RLCH,real,long,complex,5.62e-05,8,4.75,"['IH0', 'G', 'Z', 'IH1', 'S', 'T', 'IH0', 'NG']","['IH', 'G', 'Z', 'IH', 'S', 'T', 'IH', 'NG']",VERB,3,5
31,technology,RLCH,real,long,complex,0.000123,9,5.09,"['T', 'EH0', 'K', 'N', 'AA1', 'L', 'AH0', 'JH', 'IY0']","['T', 'EH', 'K', 'N', 'AA', 'L', 'AH', 'JH', 'IY']",NOUN,4,5
32,continued,RLCH,real,long,complex,9.12e-05,9,4.96,"['K', 'AH0', 'N', 'T', 'IH1', 'N', 'Y', 'UW0', 'D']","['K', 'AH', 'N', 'T', 'IH', 'N', 'Y', 'UW', 'D']",VERB,3,6
33,racism,RLCH,real,long,complex,1.78e-05,7,4.25,"['R', 'EY1', 'S', 'IH2', 'Z', 'AH0', 'M']","['R', 'EY', 'S', 'IH', 'Z', 'AH', 'M']",NOUN,3,4
34,analysis,RLCH,real,long,complex,8.13e-05,8,4.91,"['AH0', 'N', 'AE1', 'L', 'AH0', 'S', 'AH0', 'S']","['AH', 'N', 'AE', 'L', 'AH', 'S', 'AH', 'S']",NOUN,4,4
35,potentially,RLCH,real,long,complex,2.45e-05,9,4.39,"['P', 'AH0', 'T', 'EH1', 'N', 'SH', 'AH0', 'L', 'IY0']","['P', 'AH', 'T', 'EH', 'N', 'SH', 'AH', 'L', 'IY']",ADV,4,5
36,developer,RLCH,real,long,complex,1.58e-05,8,4.2,"['D', 'IH0', 'V', 'EH1', 'L', 'AH0', 'P', 'ER0']","['D', 'IH', 'V', 'EH', 'L', 'AH', 'P', 'ER']",NOUN,4,4
37,composed,RLCH,real,long,complex,1.86e-05,7,4.27,"['K', 'AH0', 'M', 'P', 'OW1', 'Z', 'D']","['K', 'AH', 'M', 'P', 'OW', 'Z', 'D']",VERB,2,5
38,disabled,RLCH,real,long,complex,1.95e-05,8,4.29,"['D', 'IH0', 'S', 'EY1', 'B', 'AH0', 'L', 'D']","['D', 'IH', 'S', 'EY', 'B', 'AH', 'L', 'D']",ADJ,3,5
39,punishment,RLCH,real,long,complex,2.19e-05,9,4.34,"['P', 'AH1', 'N', 'IH0', 'SH', 'M', 'AH0', 'N', 'T']","['P', 'AH', 'N', 'IH', 'SH', 'M', 'AH', 'N', 'T']",NOUN,3,6
40,exposed,RLCH,real,long,complex,3.24e-05,7,4.51,"['IH0', 'K', 'S', 'P', 'OW1', 'Z', 'D']","['IH', 'K', 'S', 'P', 'OW', 'Z', 'D']",VERB,2,5
41,essentially,RLCH,real,long,complex,2.63e-05,8,4.42,"['IH0', 'S', 'EH1', 'N', 'SH', 'AH0', 'L', 'IY0']","['IH', 'S', 'EH', 'N', 'SH', 'AH', 'L', 'IY']",ADV,4,4
42,disappeared,RLCH,real,long,complex,1.82e-05,8,4.26,"['D', 'IH2', 'S', 'AH0', 'P', 'IH1', 'R', 'D']","['D', 'IH', 'S', 'AH', 'P', 'IH', 'R', 'D']",VERB,3,5
43,themselves,RLCH,real,long,complex,0.000145,8,5.16,"['DH', 'EH0', 'M', 'S', 'EH1', 'L', 'V', 'Z']","['DH', 'EH', 'M', 'S', 'EH', 'L', 'V', 'Z']",PRON,2,6
44,neighborhood,RLCH,real,long,complex,3.16e-05,7,4.5,"['N', 'EY1', 'B', 'ER0', 'HH', 'UH2', 'D']","['N', 'EY', 'B', 'ER', 'HH', 'UH', 'D']",NOUN,3,4
45,familiar,RLCH,real,long,complex,4.07e-05,7,4.61,"['F', 'AH0', 'M', 'IH1', 'L', 'Y', 'ER0']","['F', 'AH', 'M', 'IH', 'L', 'Y', 'ER']",ADJ,3,4
46,queensland,RLCH,real,long,complex,1.7e-05,9,4.23,"['K', 'W', 'IY1', 'N', 'Z', 'L', 'AE2', 'N', 'D']","['K', 'W', 'IY', 'N', 'Z', 'L', 'AE', 'N', 'D']",PROPN,2,7
47,secrets,RLCH,real,long,complex,2.04e-05,7,4.31,"['S', 'IY1', 'K', 'R', 'AH0', 'T', 'S']","['S', 'IY', 'K', 'R', 'AH', 'T', 'S']",NOUN,2,5
48,cambridge,RLCH,real,long,complex,2.45e-05,7,4.39,"['K', 'EY1', 'M', 'B', 'R', 'IH0', 'JH']","['K', 'EY', 'M', 'B', 'R', 'IH', 'JH']",PROPN,2,5
49,estimated,RLCH,real,long,complex,4.17e-05,9,4.62,"['EH1', 'S', 'T', 'AH0', 'M', 'EY2', 'T', 'AH0', 'D']","['EH', 'S', 'T', 'AH', 'M', 'EY', 'T', 'AH', 'D']",VERB,4,5
50,depression,RLCH,real,long,complex,3.63e-05,8,4.56,"['D', 'IH0', 'P', 'R', 'EH1', 'SH', 'AH0', 'N']","['D', 'IH', 'P', 'R', 'EH', 'SH', 'AH', 'N']",NOUN,3,5
51,girlfriend,RLCH,real,long,complex,4.79e-05,8,4.68,"['G', 'ER1', 'L', 'F', 'R', 'EH2', 'N', 'D']","['G', 'ER', 'L', 'F', 'R', 'EH', 'N', 'D']",NOUN,2,6
52,functional,RLCH,real,long,complex,1.74e-05,9,4.24,"['F', 'AH1', 'NG', 'K', 'SH', 'AH0', 'N', 'AH0', 'L']","['F', 'AH', 'NG', 'K', 'SH', 'AH', 'N', 'AH', 'L']",ADJ,3,6
53,ambassador,RLCH,real,long,complex,2.24e-05,8,4.35,"['AE0', 'M', 'B', 'AE1', 'S', 'AH0', 'D', 'ER0']","['AE', 'M', 'B', 'AE', 'S', 'AH', 'D', 'ER']",NOUN,4,4
54,property,RLCH,real,long,complex,0.000129,7,5.11,"['P', 'R', 'AA1', 'P', 'ER0', 'T', 'IY0']","['P', 'R', 'AA', 'P', 'ER', 'T', 'IY']",NOUN,3,4
55,memorial,RLCH,real,long,complex,2.57e-05,8,4.41,"['M', 'AH0', 'M', 'AO1', 'R', 'IY0', 'AH0', 'L']","['M', 'AH', 'M', 'AO', 'R', 'IY', 'AH', 'L']",NOUN,4,4
56,traveling,RLCH,real,long,complex,1.86e-05,8,4.27,"['T', 'R', 'AE1', 'V', 'AH0', 'L', 'IH0', 'NG']","['T', 'R', 'AE', 'V', 'AH', 'L', 'IH', 'NG']",VERB,3,5
57,percentage,RLCH,real,long,complex,3.02e-05,8,4.48,"['P', 'ER0', 'S', 'EH1', 'N', 'T', 'AH0', 'JH']","['P', 'ER', 'S', 'EH', 'N', 'T', 'AH', 'JH']",NOUN,3,5
58,extremely,RLCH,real,long,complex,6.17e-05,9,4.79,"['IH0', 'K', 'S', 'T', 'R', 'IY1', 'M', 'L', 'IY0']","['IH', 'K', 'S', 'T', 'R', 'IY', 'M', 'L', 'IY']",ADV,3,6
59,refused,RLCH,real,long,complex,3.47e-05,7,4.54,"['R', 'AH0', 'F', 'Y', 'UW1', 'Z', 'D']","['R', 'AH', 'F', 'Y', 'UW', 'Z', 'D']",VERB,2,5
60,legendary,RLCH,real,long,complex,1.7e-05,9,4.23,"['L', 'EH1', 'JH', 'AH0', 'N', 'D', 'EH2', 'R', 'IY0']","['L', 'EH', 'JH', 'AH', 'N', 'D', 'EH', 'R', 'IY']",ADJ,4,5
61,newspaper,RLCH,real,long,complex,3.98e-05,7,4.6,"['N', 'UW1', 'Z', 'P', 'EY2', 'P', 'ER0']","['N', 'UW', 'Z', 'P', 'EY', 'P', 'ER']",NOUN,3,4
62,assessment,RLCH,real,long,complex,2.88e-05,8,4.46,"['AH0', 'S', 'EH1', 'S', 'M', 'AH0', 'N', 'T']","['AH', 'S', 'EH', 'S', 'M', 'AH', 'N', 'T']",NOUN,3,5
63,develop,RLCH,real,long,complex,5.62e-05,7,4.75,"['D', 'IH0', 'V', 'EH1', 'L', 'AH0', 'P']","['D', 'IH', 'V', 'EH', 'L', 'AH', 'P']",VERB,3,4
64,alexander,RLCH,real,long,complex,2.51e-05,9,4.4,"['AE2', 'L', 'AH0', 'G', 'Z', 'AE1', 'N', 'D', 'ER0']","['AE', 'L', 'AH', 'G', 'Z', 'AE', 'N', 'D', 'ER']",PROPN,4,5
65,protection,RLCH,real,long,complex,7.08e-05,9,4.85,"['P', 'R', 'AH0', 'T', 'EH1', 'K', 'SH', 'AH0', 'N']","['P', 'R', 'AH', 'T', 'EH', 'K', 'SH', 'AH', 'N']",NOUN,3,6
66,dominant,RLCH,real,long,complex,1.7e-05,8,4.23,"['D', 'AA1', 'M', 'AH0', 'N', 'AH0', 'N', 'T']","['D', 'AA', 'M', 'AH', 'N', 'AH', 'N', 'T']",ADJ,3,5
67,guardian,RLCH,real,long,complex,1.82e-05,7,4.26,"['G', 'AA1', 'R', 'D', 'IY0', 'AH0', 'N']","['G', 'AA', 'R', 'D', 'IY', 'AH', 'N']",NOUN,3,4
68,supports,RLCH,real,long,complex,2.63e-05,7,4.42,"['S', 'AH0', 'P', 'AO1', 'R', 'T', 'S']","['S', 'AH', 'P', 'AO', 'R', 'T', 'S']",VERB,2,5
69,nigeria,RLCH,real,long,complex,2.14e-05,7,4.33,"['N', 'AY0', 'JH', 'IH1', 'R', 'IY0', 'AH0']","['N', 'AY', 'JH', 'IH', 'R', 'IY', 'AH']",PROPN,4,3
70,expensive,RLCH,real,long,complex,4.9e-05,9,4.69,"['IH0', 'K', 'S', 'P', 'EH1', 'N', 'S', 'IH0', 'V']","['IH', 'K', 'S', 'P', 'EH', 'N', 'S', 'IH', 'V']",ADJ,3,6
71,developers,RLCH,real,long,complex,1.66e-05,9,4.22,"['D', 'IH0', 'V', 'EH1', 'L', 'AH0', 'P', 'ER0', 'Z']","['D', 'IH', 'V', 'EH', 'L', 'AH', 'P', 'ER', 'Z']",NOUN,4,5
72,january,RLCH,real,long,complex,0.000123,8,5.09,"['JH', 'AE1', 'N', 'Y', 'UW0', 'EH2', 'R', 'IY0']","['JH', 'AE', 'N', 'Y', 'UW', 'EH', 'R', 'IY']",PROPN,4,4
73,findings,RLCH,real,long,complex,2.4e-05,7,4.38,"['F', 'AY1', 'N', 'D', 'IH0', 'NG', 'Z']","['F', 'AY', 'N', 'D', 'IH', 'NG', 'Z']",NOUN,2,5
74,extension,RLCH,real,long,complex,2.88e-05,9,4.46,"['IH0', 'K', 'S', 'T', 'EH1', 'N', 'SH', 'AH0', 'N']","['IH', 'K', 'S', 'T', 'EH', 'N', 'SH', 'AH', 'N']",NOUN,3,6
75,describe,RLCH,real,long,complex,3.63e-05,7,4.56,"['D', 'IH0', 'S', 'K', 'R', 'AY1', 'B']","['D', 'IH', 'S', 'K', 'R', 'AY', 'B']",VERB,2,5
76,friendly,RLCH,real,long,complex,4.37e-05,7,4.64,"['F', 'R', 'EH1', 'N', 'D', 'L', 'IY0']","['F', 'R', 'EH', 'N', 'D', 'L', 'IY']",ADJ,2,5
77,activities,RLCH,real,long,complex,8.13e-05,9,4.91,"['AE0', 'K', 'T', 'IH1', 'V', 'AH0', 'T', 'IY0', 'Z']","['AE', 'K', 'T', 'IH', 'V', 'AH', 'T', 'IY', 'Z']",NOUN,4,5
78,christian,RLCH,real,long,complex,7.59e-05,7,4.88,"['K', 'R', 'IH1', 'S', 'CH', 'AH0', 'N']","['K', 'R', 'IH', 'S', 'CH', 'AH', 'N']",ADJ,2,5
79,introduced,RLCH,real,long,complex,5.25e-05,9,4.72,"['IH2', 'N', 'T', 'R', 'AH0', 'D', 'UW1', 'S', 'T']","['IH', 'N', 'T', 'R', 'AH', 'D', 'UW', 'S', 'T']",VERB,3,6
80,critical,RLCH,real,long,complex,6.76e-05,8,4.83,"['K', 'R', 'IH1', 'T', 'IH0', 'K', 'AH0', 'L']","['K', 'R', 'IH', 'T', 'IH', 'K', 'AH', 'L']",ADJ,3,5
81,journalist,RLCH,real,long,complex,2.4e-05,8,4.38,"['JH', 'ER1', 'N', 'AH0', 'L', 'AH0', 'S', 'T']","['JH', 'ER', 'N', 'AH', 'L', 'AH', 'S', 'T']",NOUN,3,5
82,expecting,RLCH,real,long,complex,2.63e-05,9,4.42,"['IH0', 'K', 'S', 'P', 'EH1', 'K', 'T', 'IH0', 'NG']","['IH', 'K', 'S', 'P', 'EH', 'K', 'T', 'IH', 'NG']",VERB,3,6
83,integrity,RLCH,real,long,complex,1.66e-05,9,4.22,"['IH0', 'N', 'T', 'EH1', 'G', 'R', 'AH0', 'T', 'IY0']","['IH', 'N', 'T', 'EH', 'G', 'R', 'AH', 'T', 'IY']",NOUN,4,5
84,starting,RLCH,real,long,complex,0.000117,7,5.07,"['S', 'T', 'AA1', 'R', 'T', 'IH0', 'NG']","['S', 'T', 'AA', 'R', 'T', 'IH', 'NG']",VERB,2,5
85,threatened,RLCH,real,long,complex,2.29e-05,7,4.36,"['TH', 'R', 'EH1', 'T', 'AH0', 'N', 'D']","['TH', 'R', 'EH', 'T', 'AH', 'N', 'D']",VERB,2,5
86,offensive,RLCH,real,long,complex,2.88e-05,7,4.46,"['AH0', 'F', 'EH1', 'N', 'S', 'IH0', 'V']","['AH', 'F', 'EH', 'N', 'S', 'IH', 'V']",ADJ,3,4
87,problems,RLCH,real,long,complex,0.000155,8,5.19,"['P', 'R', 'AA1', 'B', 'L', 'AH0', 'M', 'Z']","['P', 'R', 'AA', 'B', 'L', 'AH', 'M', 'Z']",NOUN,2,6
88,interesting,RLCH,real,long,complex,0.0001,9,5.0,"['IH1', 'N', 'T', 'R', 'AH0', 'S', 'T', 'IH0', 'NG']","['IH', 'N', 'T', 'R', 'AH', 'S', 'T', 'IH', 'NG']",VERB,3,6
89,credits,RLCH,real,long,complex,1.86e-05,7,4.27,"['K', 'R', 'EH1', 'D', 'IH0', 'T', 'S']","['K', 'R', 'EH', 'D', 'IH', 'T', 'S']",NOUN,2,5
90,islamic,RLCH,real,long,complex,2.75e-05,7,4.44,"['IH0', 'Z', 'L', 'AA1', 'M', 'IH0', 'K']","['IH', 'Z', 'L', 'AA', 'M', 'IH', 'K']",ADJ,3,4
91,recording,RLCH,real,long,complex,3.24e-05,8,4.51,"['R', 'AH0', 'K', 'AO1', 'R', 'D', 'IH0', 'NG']","['R', 'AH', 'K', 'AO', 'R', 'D', 'IH', 'NG']",VERB,3,5
92,advanced,RLCH,real,long,complex,5.13e-05,7,4.71,"['AH0', 'D', 'V', 'AE1', 'N', 'S', 'T']","['AH', 'D', 'V', 'AE', 'N', 'S', 'T']",ADJ,2,5
93,premium,RLCH,real,long,complex,2.14e-05,7,4.33,"['P', 'R', 'IY1', 'M', 'IY0', 'AH0', 'M']","['P', 'R', 'IY', 'M', 'IY', 'AH', 'M']",NOUN,3,4
94,december,RLCH,real,long,complex,0.000117,7,5.07,"['D', 'IH0', 'S', 'EH1', 'M', 'B', 'ER0']","['D', 'IH', 'S', 'EH', 'M', 'B', 'ER']",PROPN,3,4
95,emergency,RLCH,real,long,complex,5.25e-05,8,4.72,"['IH0', 'M', 'ER1', 'JH', 'AH0', 'N', 'S', 'IY0']","['IH', 'M', 'ER', 'JH', 'AH', 'N', 'S', 'IY']",NOUN,4,4
96,mechanism,RLCH,real,long,complex,1.86e-05,9,4.27,"['M', 'EH1', 'K', 'AH0', 'N', 'IH2', 'Z', 'AH0', 'M']","['M', 'EH', 'K', 'AH', 'N', 'IH', 'Z', 'AH', 'M']",NOUN,4,5
97,situations,RLCH,real,long,complex,2.95e-05,9,4.47,"['S', 'IH2', 'CH', 'UW0', 'EY1', 'SH', 'AH0', 'N', 'Z']","['S', 'IH', 'CH', 'UW', 'EY', 'SH', 'AH', 'N', 'Z']",NOUN,4,5
98,evolution,RLCH,real,long,complex,2.57e-05,8,4.41,"['EH2', 'V', 'AH0', 'L', 'UW1', 'SH', 'AH0', 'N']","['EH', 'V', 'AH', 'L', 'UW', 'SH', 'AH', 'N']",NOUN,4,4
99,employers,RLCH,real,long,complex,1.78e-05,7,4.25,"['EH0', 'M', 'P', 'L', 'OY1', 'ER0', 'Z']","['EH', 'M', 'P', 'L', 'OY', 'ER', 'Z']",NOUN,3,4
100,confluence,RLCL,real,long,complex,1.32e-06,9,3.12,"['K', 'AA1', 'N', 'F', 'L', 'UW0', 'AH0', 'N', 'S']","['K', 'AA', 'N', 'F', 'L', 'UW', 'AH', 'N', 'S']",NOUN,3,6
101,raspberries,RLCL,real,long,complex,9.55e-07,8,2.98,"['R', 'AE1', 'Z', 'B', 'EH2', 'R', 'IY0', 'Z']","['R', 'AE', 'Z', 'B', 'EH', 'R', 'IY', 'Z']",NOUN,3,5
102,syrians,RLCL,real,long,complex,1.38e-06,7,3.14,"['S', 'IH1', 'R', 'IY0', 'AH0', 'N', 'Z']","['S', 'IH', 'R', 'IY', 'AH', 'N', 'Z']",PROPN,3,4
103,reassurance,RLCL,real,long,complex,1.86e-06,9,3.27,"['R', 'IY2', 'AH0', 'SH', 'UH1', 'R', 'AH0', 'N', 'S']","['R', 'IY', 'AH', 'SH', 'UH', 'R', 'AH', 'N', 'S']",NOUN,4,5
104,generously,RLCL,real,long,complex,1.95e-06,8,3.29,"['JH', 'EH1', 'N', 'ER0', 'AH0', 'S', 'L', 'IY0']","['JH', 'EH', 'N', 'ER', 'AH', 'S', 'L', 'IY']",ADV,4,4
105,patrolled,RLCL,real,long,complex,7.94e-07,7,2.9,"['P', 'AH0', 'T', 'R', 'OW1', 'L', 'D']","['P', 'AH', 'T', 'R', 'OW', 'L', 'D']",VERB,2,5
106,telemetry,RLCL,real,long,complex,1e-06,9,3.0,"['T', 'AH0', 'L', 'EH1', 'M', 'AH0', 'T', 'R', 'IY0']","['T', 'AH', 'L', 'EH', 'M', 'AH', 'T', 'R', 'IY']",NOUN,4,5
107,womanhood,RLCL,real,long,complex,7.59e-07,8,2.88,"['W', 'UH1', 'M', 'AH0', 'N', 'HH', 'UH2', 'D']","['W', 'UH', 'M', 'AH', 'N', 'HH', 'UH', 'D']",NOUN,3,5
108,correlated,RLCL,real,long,complex,3.16e-06,9,3.5,"['K', 'AO1', 'R', 'AH0', 'L', 'EY2', 'T', 'AH0', 'D']","['K', 'AO', 'R', 'AH', 'L', 'EY', 'T', 'AH', 'D']",VERB,4,5
109,precarious,RLCL,real,long,complex,1.86e-06,9,3.27,"['P', 'R', 'IY0', 'K', 'EH1', 'R', 'IY0', 'AH0', 'S']","['P', 'R', 'IY', 'K', 'EH', 'R', 'IY', 'AH', 'S']",ADJ,4,5
110,narcissist,RLCL,real,long,complex,9.77e-07,9,2.99,"['N', 'AA1', 'R', 'S', 'IH0', 'S', 'IH0', 'S', 'T']","['N', 'AA', 'R', 'S', 'IH', 'S', 'IH', 'S', 'T']",NOUN,3,6
111,biosphere,RLCL,real,long,complex,7.76e-07,7,2.89,"['B', 'AY1', 'OW0', 'S', 'F', 'IH2', 'R']","['B', 'AY', 'OW', 'S', 'F', 'IH', 'R']",ADV,3,4
112,implants,RLCL,real,long,complex,3.16e-06,8,3.5,"['IH1', 'M', 'P', 'L', 'AE2', 'N', 'T', 'S']","['IH', 'M', 'P', 'L', 'AE', 'N', 'T', 'S']",NOUN,2,6
113,habitats,RLCL,real,long,complex,3.09e-06,8,3.49,"['HH', 'AE1', 'B', 'AH0', 'T', 'AE2', 'T', 'S']","['HH', 'AE', 'B', 'AH', 'T', 'AE', 'T', 'S']",NOUN,3,5
114,comedians,RLCL,real,long,complex,3.09e-06,9,3.49,"['K', 'AH0', 'M', 'IY1', 'D', 'IY0', 'AH0', 'N', 'Z']","['K', 'AH', 'M', 'IY', 'D', 'IY', 'AH', 'N', 'Z']",NOUN,4,5
115,decimal,RLCL,real,long,complex,1.91e-06,7,3.28,"['D', 'EH1', 'S', 'AH0', 'M', 'AH0', 'L']","['D', 'EH', 'S', 'AH', 'M', 'AH', 'L']",ADJ,3,4
116,blockbuster,RLCL,real,long,complex,3.02e-06,9,3.48,"['B', 'L', 'AA1', 'K', 'B', 'AH2', 'S', 'T', 'ER0']","['B', 'L', 'AA', 'K', 'B', 'AH', 'S', 'T', 'ER']",NOUN,3,6
117,superfluous,RLCL,real,long,complex,1e-06,9,3.0,"['S', 'UW1', 'P', 'ER0', 'F', 'L', 'W', 'AH2', 'S']","['S', 'UW', 'P', 'ER', 'F', 'L', 'W', 'AH', 'S']",ADJ,3,6
118,superpowers,RLCL,real,long,complex,1.38e-06,8,3.14,"['S', 'UW2', 'P', 'ER0', 'P', 'AW1', 'ER0', 'Z']","['S', 'UW', 'P', 'ER', 'P', 'AW', 'ER', 'Z']",NOUN,4,4
119,hologram,RLCL,real,long,complex,1.29e-06,8,3.11,"['HH', 'AA1', 'L', 'AH0', 'G', 'R', 'AE2', 'M']","['HH', 'AA', 'L', 'AH', 'G', 'R', 'AE', 'M']",PROPN,3,5
120,duplex,RLCL,real,long,complex,1.35e-06,7,3.13,"['D', 'UW1', 'P', 'L', 'EH2', 'K', 'S']","['D', 'UW', 'P', 'L', 'EH', 'K', 'S']",NOUN,2,5
121,commemorate,RLCL,real,long,complex,3.09e-06,8,3.49,"['K', 'AH0', 'M', 'EH1', 'M', 'ER0', 'EY2', 'T']","['K', 'AH', 'M', 'EH', 'M', 'ER', 'EY', 'T']",VERB,4,4
122,withhold,RLCL,real,long,complex,1.91e-06,7,3.28,"['W', 'IH0', 'TH', 'HH', 'OW1', 'L', 'D']","['W', 'IH', 'TH', 'HH', 'OW', 'L', 'D']",VERB,2,5
123,bearable,RLCL,real,long,complex,7.76e-07,7,2.89,"['B', 'EH1', 'R', 'AH0', 'B', 'AH0', 'L']","['B', 'EH', 'R', 'AH', 'B', 'AH', 'L']",ADJ,3,4
124,potency,RLCL,real,long,complex,1.86e-06,7,3.27,"['P', 'OW1', 'T', 'AH0', 'N', 'S', 'IY0']","['P', 'OW', 'T', 'AH', 'N', 'S', 'IY']",NOUN,3,4
125,dignified,RLCL,real,long,complex,1.91e-06,8,3.28,"['D', 'IH1', 'G', 'N', 'AH0', 'F', 'AY2', 'D']","['D', 'IH', 'G', 'N', 'AH', 'F', 'AY', 'D']",ADJ,3,5
126,constraint,RLCL,real,long,complex,1.91e-06,9,3.28,"['K', 'AH0', 'N', 'S', 'T', 'R', 'EY1', 'N', 'T']","['K', 'AH', 'N', 'S', 'T', 'R', 'EY', 'N', 'T']",NOUN,2,7
127,deterrence,RLCL,real,long,complex,9.77e-07,7,2.99,"['D', 'IH0', 'T', 'ER1', 'AH0', 'N', 'S']","['D', 'IH', 'T', 'ER', 'AH', 'N', 'S']",NOUN,3,4
128,dishwasher,RLCL,real,long,complex,1.95e-06,7,3.29,"['D', 'IH1', 'SH', 'W', 'AA2', 'SH', 'ER0']","['D', 'IH', 'SH', 'W', 'AA', 'SH', 'ER']",NOUN,3,4
129,venetian,RLCL,real,long,complex,2e-06,7,3.3,"['V', 'AH0', 'N', 'IY1', 'SH', 'AH0', 'N']","['V', 'AH', 'N', 'IY', 'SH', 'AH', 'N']",ADJ,3,4
130,shortages,RLCL,real,long,complex,3.16e-06,8,3.5,"['SH', 'AO1', 'R', 'T', 'AH0', 'JH', 'AH0', 'Z']","['SH', 'AO', 'R', 'T', 'AH', 'JH', 'AH', 'Z']",NOUN,3,5
131,refinery,RLCL,real,long,complex,3.09e-06,7,3.49,"['R', 'IH0', 'F', 'AY1', 'N', 'ER0', 'IY0']","['R', 'IH', 'F', 'AY', 'N', 'ER', 'IY']",NOUN,4,3
132,deodorant,RLCL,real,long,complex,1.32e-06,8,3.12,"['D', 'IY0', 'OW1', 'D', 'ER0', 'AH0', 'N', 'T']","['D', 'IY', 'OW', 'D', 'ER', 'AH', 'N', 'T']",NOUN,4,4
133,unequal,RLCL,real,long,complex,2e-06,7,3.3,"['AH0', 'N', 'IY1', 'K', 'W', 'AH0', 'L']","['AH', 'N', 'IY', 'K', 'W', 'AH', 'L']",ADJ,3,4
134,famously,RLCL,real,long,complex,3.09e-06,7,3.49,"['F', 'EY1', 'M', 'AH0', 'S', 'L', 'IY0']","['F', 'EY', 'M', 'AH', 'S', 'L', 'IY']",ADV,3,4
135,botanical,RLCL,real,long,complex,3.09e-06,9,3.49,"['B', 'AH0', 'T', 'AE1', 'N', 'IH0', 'K', 'AH0', 'L']","['B', 'AH', 'T', 'AE', 'N', 'IH', 'K', 'AH', 'L']",PROPN,4,5
136,multiply,RLCL,real,long,complex,3.16e-06,8,3.5,"['M', 'AH1', 'L', 'T', 'AH0', 'P', 'L', 'AY2']","['M', 'AH', 'L', 'T', 'AH', 'P', 'L', 'AY']",VERB,3,5
137,bohemian,RLCL,real,long,complex,3.16e-06,8,3.5,"['B', 'OW0', 'HH', 'IY1', 'M', 'IY0', 'AH0', 'N']","['B', 'OW', 'HH', 'IY', 'M', 'IY', 'AH', 'N']",ADJ,4,4
138,aristocrat,RLCL,real,long,complex,9.77e-07,9,2.99,"['ER0', 'IH1', 'S', 'T', 'AH0', 'K', 'R', 'AE2', 'T']","['ER', 'IH', 'S', 'T', 'AH', 'K', 'R', 'AE', 'T']",NOUN,4,5
139,glamorous,RLCL,real,long,complex,3.16e-06,7,3.5,"['G', 'L', 'AE1', 'M', 'ER0', 'AH0', 'S']","['G', 'L', 'AE', 'M', 'ER', 'AH', 'S']",ADJ,3,4
140,locomotive,RLCL,real,long,complex,3.16e-06,9,3.5,"['L', 'OW2', 'K', 'AH0', 'M', 'OW1', 'T', 'IH0', 'V']","['L', 'OW', 'K', 'AH', 'M', 'OW', 'T', 'IH', 'V']",NOUN,4,5
141,daredevil,RLCL,real,long,complex,1.95e-06,8,3.29,"['D', 'EH1', 'R', 'D', 'EH2', 'V', 'AH0', 'L']","['D', 'EH', 'R', 'D', 'EH', 'V', 'AH', 'L']",NOUN,3,5
142,camaraderie,RLCL,real,long,complex,9.77e-07,8,2.99,"['K', 'AA2', 'M', 'ER0', 'AA1', 'D', 'ER0', 'IY0']","['K', 'AA', 'M', 'ER', 'AA', 'D', 'ER', 'IY']",NOUN,5,3
143,recital,RLCL,real,long,complex,1.91e-06,7,3.28,"['R', 'AH0', 'S', 'AY1', 'T', 'AH0', 'L']","['R', 'AH', 'S', 'AY', 'T', 'AH', 'L']",NOUN,3,4
144,topography,RLCL,real,long,complex,1.91e-06,9,3.28,"['T', 'AH0', 'P', 'AA1', 'G', 'R', 'AH0', 'F', 'IY0']","['T', 'AH', 'P', 'AA', 'G', 'R', 'AH', 'F', 'IY']",NOUN,4,5
145,stroking,RLCL,real,long,complex,1.38e-06,7,3.14,"['S', 'T', 'R', 'OW1', 'K', 'IH0', 'NG']","['S', 'T', 'R', 'OW', 'K', 'IH', 'NG']",VERB,2,5
146,yellowstone,RLCL,real,long,complex,1.91e-06,8,3.28,"['Y', 'EH1', 'L', 'OW0', 'S', 'T', 'OW2', 'N']","['Y', 'EH', 'L', 'OW', 'S', 'T', 'OW', 'N']",PROPN,3,5
147,dangling,RLCL,real,long,complex,1.95e-06,8,3.29,"['D', 'AE1', 'NG', 'G', 'AH0', 'L', 'IH0', 'NG']","['D', 'AE', 'NG', 'G', 'AH', 'L', 'IH', 'NG']",VERB,3,5
148,telepathy,RLCL,real,long,complex,7.59e-07,8,2.88,"['T', 'AH0', 'L', 'EH1', 'P', 'AH0', 'TH', 'IY0']","['T', 'AH', 'L', 'EH', 'P', 'AH', 'TH', 'IY']",PROPN,4,4
149,bulldozer,RLCL,real,long,complex,7.59e-07,7,2.88,"['B', 'UH1', 'L', 'D', 'OW2', 'Z', 'ER0']","['B', 'UH', 'L', 'D', 'OW', 'Z', 'ER']",NOUN,3,4
150,extortion,RLCL,real,long,complex,1.95e-06,9,3.29,"['IH0', 'K', 'S', 'T', 'AO1', 'R', 'SH', 'AH0', 'N']","['IH', 'K', 'S', 'T', 'AO', 'R', 'SH', 'AH', 'N']",NOUN,3,6
151,norwegians,RLCL,real,long,complex,7.59e-07,9,2.88,"['N', 'AO0', 'R', 'W', 'IY1', 'JH', 'AH0', 'N', 'Z']","['N', 'AO', 'R', 'W', 'IY', 'JH', 'AH', 'N', 'Z']",PROPN,3,6
152,interchange,RLCL,real,long,complex,3.09e-06,8,3.49,"['IH1', 'N', 'T', 'ER0', 'CH', 'EY2', 'N', 'JH']","['IH', 'N', 'T', 'ER', 'CH', 'EY', 'N', 'JH']",VERB,3,5
153,polynesian,RLCL,real,long,complex,7.94e-07,9,2.9,"['P', 'AA2', 'L', 'IH0', 'N', 'IY1', 'ZH', 'AH0', 'N']","['P', 'AA', 'L', 'IH', 'N', 'IY', 'ZH', 'AH', 'N']",ADJ,4,5
154,vindictive,RLCL,real,long,complex,9.55e-07,9,2.98,"['V', 'IH0', 'N', 'D', 'IH1', 'K', 'T', 'IH0', 'V']","['V', 'IH', 'N', 'D', 'IH', 'K', 'T', 'IH', 'V']",ADJ,3,6
155,anaerobic,RLCL,real,long,complex,9.33e-07,7,2.97,"['AE2', 'N', 'ER0', 'OW1', 'B', 'IH0', 'K']","['AE', 'N', 'ER', 'OW', 'B', 'IH', 'K']",ADJ,4,3
156,psychopathic,RLCL,real,long,complex,7.94e-07,9,2.9,"['S', 'AY2', 'K', 'AH0', 'P', 'AE1', 'TH', 'IH0', 'K']","['S', 'AY', 'K', 'AH', 'P', 'AE', 'TH', 'IH', 'K']",ADJ,4,5
157,footprints,RLCL,real,long,complex,1.95e-06,9,3.29,"['F', 'UH1', 'T', 'P', 'R', 'IH2', 'N', 'T', 'S']","['F', 'UH', 'T', 'P', 'R', 'IH', 'N', 'T', 'S']",NOUN,2,7
158,cynicism,RLCL,real,long,complex,1.35e-06,9,3.13,"['S', 'IH1', 'N', 'IH0', 'S', 'IH2', 'Z', 'AH0', 'M']","['S', 'IH', 'N', 'IH', 'S', 'IH', 'Z', 'AH', 'M']",NOUN,4,5
159,specialize,RLCL,real,long,complex,1.91e-06,8,3.28,"['S', 'P', 'EH1', 'SH', 'AH0', 'L', 'AY2', 'Z']","['S', 'P', 'EH', 'SH', 'AH', 'L', 'AY', 'Z']",VERB,3,5
160,pretext,RLCL,real,long,complex,1.86e-06,8,3.27,"['P', 'R', 'IY1', 'T', 'EH2', 'K', 'S', 'T']","['P', 'R', 'IY', 'T', 'EH', 'K', 'S', 'T']",NOUN,2,6
161,blasted,RLCL,real,long,complex,3.09e-06,7,3.49,"['B', 'L', 'AE1', 'S', 'T', 'AH0', 'D']","['B', 'L', 'AE', 'S', 'T', 'AH', 'D']",VERB,2,5
162,unisex,RLCL,real,long,complex,1e-06,8,3.0,"['Y', 'UW1', 'N', 'IH0', 'S', 'EH2', 'K', 'S']","['Y', 'UW', 'N', 'IH', 'S', 'EH', 'K', 'S']",NOUN,3,5
163,sculptural,RLCL,real,long,complex,7.94e-07,9,2.9,"['S', 'K', 'AH1', 'L', 'P', 'CH', 'ER0', 'AH0', 'L']","['S', 'K', 'AH', 'L', 'P', 'CH', 'ER', 'AH', 'L']",ADJ,3,6
164,virulent,RLCL,real,long,complex,7.59e-07,8,2.88,"['V', 'IH1', 'R', 'AH0', 'L', 'AH0', 'N', 'T']","['V', 'IH', 'R', 'AH', 'L', 'AH', 'N', 'T']",ADJ,3,5
165,upheaval,RLCL,real,long,complex,1.35e-06,7,3.13,"['AH0', 'P', 'HH', 'IY1', 'V', 'AH0', 'L']","['AH', 'P', 'HH', 'IY', 'V', 'AH', 'L']",NOUN,3,4
166,epicenter,RLCL,real,long,complex,7.94e-07,8,2.9,"['EH1', 'P', 'AH0', 'S', 'EH2', 'N', 'T', 'ER0']","['EH', 'P', 'AH', 'S', 'EH', 'N', 'T', 'ER']",NOUN,4,4
167,obedience,RLCL,real,long,complex,3.16e-06,8,3.5,"['OW0', 'B', 'IY1', 'D', 'IY0', 'AH0', 'N', 'S']","['OW', 'B', 'IY', 'D', 'IY', 'AH', 'N', 'S']",NOUN,4,4
168,tunneling,RLCL,real,long,complex,7.94e-07,7,2.9,"['T', 'AH1', 'N', 'AH0', 'L', 'IH0', 'NG']","['T', 'AH', 'N', 'AH', 'L', 'IH', 'NG']",VERB,3,4
169,markedly,RLCL,real,long,complex,1.95e-06,8,3.29,"['M', 'AA1', 'R', 'K', 'AH0', 'D', 'L', 'IY0']","['M', 'AA', 'R', 'K', 'AH', 'D', 'L', 'IY']",ADV,3,5
170,hinduism,RLCL,real,long,complex,1.86e-06,9,3.27,"['HH', 'IH1', 'N', 'JH', 'UW0', 'IH2', 'Z', 'AH0', 'M']","['HH', 'IH', 'N', 'JH', 'UW', 'IH', 'Z', 'AH', 'M']",NOUN,4,5
171,agonizing,RLCL,real,long,complex,9.77e-07,8,2.99,"['AE1', 'G', 'AH0', 'N', 'AY0', 'Z', 'IH0', 'NG']","['AE', 'G', 'AH', 'N', 'AY', 'Z', 'IH', 'NG']",VERB,4,4
172,trampoline,RLCL,real,long,complex,1.38e-06,9,3.14,"['T', 'R', 'AE2', 'M', 'P', 'AH0', 'L', 'IY1', 'N']","['T', 'R', 'AE', 'M', 'P', 'AH', 'L', 'IY', 'N']",NOUN,3,6
173,barbarian,RLCL,real,long,complex,1.91e-06,9,3.28,"['B', 'AA0', 'R', 'B', 'EH1', 'R', 'IY0', 'AH0', 'N']","['B', 'AA', 'R', 'B', 'EH', 'R', 'IY', 'AH', 'N']",ADJ,4,5
174,ancestry,RLCL,real,long,complex,3.16e-06,8,3.5,"['AE1', 'N', 'S', 'EH0', 'S', 'T', 'R', 'IY0']","['AE', 'N', 'S', 'EH', 'S', 'T', 'R', 'IY']",NOUN,3,5
175,traveller,RLCL,real,long,complex,3.09e-06,7,3.49,"['T', 'R', 'AE1', 'V', 'AH0', 'L', 'ER0']","['T', 'R', 'AE', 'V', 'AH', 'L', 'ER']",NOUN,3,4
176,egyptians,RLCL,real,long,complex,3.09e-06,8,3.49,"['IH0', 'JH', 'IH1', 'P', 'SH', 'AH0', 'N', 'Z']","['IH', 'JH', 'IH', 'P', 'SH', 'AH', 'N', 'Z']",PROPN,3,5
177,correspond,RLCL,real,long,complex,3.16e-06,9,3.5,"['K', 'AO2', 'R', 'AH0', 'S', 'P', 'AA1', 'N', 'D']","['K', 'AO', 'R', 'AH', 'S', 'P', 'AA', 'N', 'D']",VERB,3,6
178,immaterial,RLCL,real,long,complex,7.76e-07,9,2.89,"['IH2', 'M', 'AH0', 'T', 'IH1', 'R', 'IY0', 'AH0', 'L']","['IH', 'M', 'AH', 'T', 'IH', 'R', 'IY', 'AH', 'L']",ADJ,5,4
179,untimely,RLCL,real,long,complex,1.32e-06,7,3.12,"['AH0', 'N', 'T', 'AY1', 'M', 'L', 'IY0']","['AH', 'N', 'T', 'AY', 'M', 'L', 'IY']",ADJ,3,4
180,caloric,RLCL,real,long,complex,9.55e-07,7,2.98,"['K', 'AH0', 'L', 'AO1', 'R', 'IH0', 'K']","['K', 'AH', 'L', 'AO', 'R', 'IH', 'K']",ADJ,3,4
181,mindful,RLCL,real,long,complex,3.09e-06,7,3.49,"['M', 'AY1', 'N', 'D', 'F', 'AH0', 'L']","['M', 'AY', 'N', 'D', 'F', 'AH', 'L']",ADJ,2,5
182,fisherman,RLCL,real,long,complex,3.09e-06,7,3.49,"['F', 'IH1', 'SH', 'ER0', 'M', 'AE2', 'N']","['F', 'IH', 'SH', 'ER', 'M', 'AE', 'N']",NOUN,3,4
183,faithfully,RLCL,real,long,complex,1.86e-06,7,3.27,"['F', 'EY1', 'TH', 'F', 'AH0', 'L', 'IY0']","['F', 'EY', 'TH', 'F', 'AH', 'L', 'IY']",ADV,3,4
184,bartender,RLCL,real,long,complex,3.16e-06,8,3.5,"['B', 'AA1', 'R', 'T', 'EH2', 'N', 'D', 'ER0']","['B', 'AA', 'R', 'T', 'EH', 'N', 'D', 'ER']",NOUN,3,5
185,reopened,RLCL,real,long,complex,3.09e-06,7,3.49,"['R', 'IY0', 'OW1', 'P', 'AH0', 'N', 'D']","['R', 'IY', 'OW', 'P', 'AH', 'N', 'D']",VERB,3,4
186,parentheses,RLCL,real,long,complex,1.35e-06,9,3.13,"['P', 'ER0', 'EH1', 'N', 'TH', 'AH0', 'S', 'IY2', 'Z']","['P', 'ER', 'EH', 'N', 'TH', 'AH', 'S', 'IY', 'Z']",NOUN,4,5
187,subculture,RLCL,real,long,complex,9.55e-07,8,2.98,"['S', 'AH1', 'B', 'K', 'AH2', 'L', 'CH', 'ER0']","['S', 'AH', 'B', 'K', 'AH', 'L', 'CH', 'ER']",NOUN,3,5
188,adapting,RLCL,real,long,complex,3.16e-06,7,3.5,"['AH0', 'D', 'AE1', 'P', 'T', 'IH0', 'NG']","['AH', 'D', 'AE', 'P', 'T', 'IH', 'NG']",VERB,3,4
189,liberia,RLCL,real,long,complex,3.16e-06,7,3.5,"['L', 'AY0', 'B', 'IH1', 'R', 'IY0', 'AH0']","['L', 'AY', 'B', 'IH', 'R', 'IY', 'AH']",PROPN,4,3
190,coincide,RLCL,real,long,complex,3.09e-06,7,3.49,"['K', 'OW2', 'IH0', 'N', 'S', 'AY1', 'D']","['K', 'OW', 'IH', 'N', 'S', 'AY', 'D']",VERB,3,4
191,westside,RLCL,real,long,complex,1e-06,7,3.0,"['W', 'EH1', 'S', 'T', 'S', 'AY1', 'D']","['W', 'EH', 'S', 'T', 'S', 'AY', 'D']",NOUN,2,5
192,homophobic,RLCL,real,long,complex,3.16e-06,9,3.5,"['HH', 'OW2', 'M', 'AH0', 'F', 'OW1', 'B', 'IH0', 'K']","['HH', 'OW', 'M', 'AH', 'F', 'OW', 'B', 'IH', 'K']",ADJ,4,5
193,consular,RLCL,real,long,complex,1.95e-06,7,3.29,"['K', 'AA1', 'N', 'S', 'AH0', 'L', 'ER0']","['K', 'AA', 'N', 'S', 'AH', 'L', 'ER']",ADJ,3,4
194,suspicions,RLCL,real,long,complex,3.09e-06,9,3.49,"['S', 'AH0', 'S', 'P', 'IH1', 'SH', 'AH0', 'N', 'Z']","['S', 'AH', 'S', 'P', 'IH', 'SH', 'AH', 'N', 'Z']",NOUN,3,6
195,pendulum,RLCL,real,long,complex,1.86e-06,8,3.27,"['P', 'EH1', 'N', 'JH', 'AH0', 'L', 'AH0', 'M']","['P', 'EH', 'N', 'JH', 'AH', 'L', 'AH', 'M']",NOUN,3,5
196,archival,RLCL,real,long,complex,1.91e-06,7,3.28,"['AA0', 'R', 'K', 'AY1', 'V', 'AH0', 'L']","['AA', 'R', 'K', 'AY', 'V', 'AH', 'L']",ADJ,3,4
197,steadfast,RLCL,real,long,complex,1.38e-06,8,3.14,"['S', 'T', 'EH1', 'D', 'F', 'AE2', 'S', 'T']","['S', 'T', 'EH', 'D', 'F', 'AE', 'S', 'T']",ADJ,2,6
198,goldberg,RLCL,real,long,complex,3.16e-06,7,3.5,"['G', 'OW1', 'L', 'D', 'B', 'ER0', 'G']","['G', 'OW', 'L', 'D', 'B', 'ER', 'G']",PROPN,2,5
199,mediator,RLCL,real,long,complex,1.95e-06,7,3.29,"['M', 'IY1', 'D', 'IY0', 'EY2', 'T', 'ER0']","['M', 'IY', 'D', 'IY', 'EY', 'T', 'ER']",NOUN,4,3
200,contact,RLSH,real,long,simple,9.77e-05,7,4.99,"['K', 'AA1', 'N', 'T', 'AE2', 'K', 'T']","['K', 'AA', 'N', 'T', 'AE', 'K', 'T']",NOUN,2,5
201,concept,RLSH,real,long,simple,5.89e-05,7,4.77,"['K', 'AA1', 'N', 'S', 'EH0', 'P', 'T']","['K', 'AA', 'N', 'S', 'EH', 'P', 'T']",NOUN,2,5
202,funeral,RLSH,real,long,simple,2.34e-05,7,4.37,"['F', 'Y', 'UW1', 'N', 'ER0', 'AH0', 'L']","['F', 'Y', 'UW', 'N', 'ER', 'AH', 'L']",NOUN,3,4
203,marijuana,RLSH,real,long,simple,1.58e-05,8,4.2,"['M', 'EH2', 'R', 'AH0', 'W', 'AA1', 'N', 'AH0']","['M', 'EH', 'R', 'AH', 'W', 'AA', 'N', 'AH']",NOUN,4,4
204,clinton,RLSH,real,long,simple,3.72e-05,7,4.57,"['K', 'L', 'IH1', 'N', 'T', 'AH0', 'N']","['K', 'L', 'IH', 'N', 'T', 'AH', 'N']",PROPN,2,5
205,strategy,RLSH,real,long,simple,5.5e-05,8,4.74,"['S', 'T', 'R', 'AE1', 'T', 'AH0', 'JH', 'IY0']","['S', 'T', 'R', 'AE', 'T', 'AH', 'JH', 'IY']",NOUN,3,5
206,husband,RLSH,real,long,simple,0.0001,7,5.0,"['HH', 'AH1', 'Z', 'B', 'AH0', 'N', 'D']","['HH', 'AH', 'Z', 'B', 'AH', 'N', 'D']",NOUN,2,5
207,washington,RLSH,real,long,simple,0.00012,8,5.08,"['W', 'AA1', 'SH', 'IH0', 'NG', 'T', 'AH0', 'N']","['W', 'AA', 'SH', 'IH', 'NG', 'T', 'AH', 'N']",PROPN,3,5
208,ultimate,RLSH,real,long,simple,3.39e-05,7,4.53,"['AH1', 'L', 'T', 'AH0', 'M', 'AH0', 'T']","['AH', 'L', 'T', 'AH', 'M', 'AH', 'T']",ADJ,3,4
209,domestic,RLSH,real,long,simple,4.9e-05,8,4.69,"['D', 'AH0', 'M', 'EH1', 'S', 'T', 'IH0', 'K']","['D', 'AH', 'M', 'EH', 'S', 'T', 'IH', 'K']",ADJ,3,5
210,arsenal,RLSH,real,long,simple,2.04e-05,7,4.31,"['AA1', 'R', 'S', 'AH0', 'N', 'AH0', 'L']","['AA', 'R', 'S', 'AH', 'N', 'AH', 'L']",ADJ,3,4
211,lieutenant,RLSH,real,long,simple,2.75e-05,8,4.44,"['L', 'UW0', 'T', 'EH1', 'N', 'AH0', 'N', 'T']","['L', 'UW', 'T', 'EH', 'N', 'AH', 'N', 'T']",NOUN,3,5
212,present,RLSH,real,long,simple,0.000151,7,5.18,"['P', 'R', 'EH1', 'Z', 'AH0', 'N', 'T']","['P', 'R', 'EH', 'Z', 'AH', 'N', 'T']",VERB,2,5
213,element,RLSH,real,long,simple,2.88e-05,7,4.46,"['EH1', 'L', 'AH0', 'M', 'AH0', 'N', 'T']","['EH', 'L', 'AH', 'M', 'AH', 'N', 'T']",NOUN,3,4
214,instance,RLSH,real,long,simple,3.89e-05,7,4.59,"['IH1', 'N', 'S', 'T', 'AH0', 'N', 'S']","['IH', 'N', 'S', 'T', 'AH', 'N', 'S']",NOUN,2,5
215,sentence,RLSH,real,long,simple,3.8e-05,7,4.58,"['S', 'EH1', 'N', 'T', 'AH0', 'N', 'S']","['S', 'EH', 'N', 'T', 'AH', 'N', 'S']",NOUN,2,5
216,vulnerable,RLSH,real,long,simple,1.62e-05,9,4.21,"['V', 'AH1', 'L', 'N', 'ER0', 'AH0', 'B', 'AH0', 'L']","['V', 'AH', 'L', 'N', 'ER', 'AH', 'B', 'AH', 'L']",ADJ,4,5
217,implement,RLSH,real,long,simple,1.58e-05,9,4.2,"['IH1', 'M', 'P', 'L', 'AH0', 'M', 'AH0', 'N', 'T']","['IH', 'M', 'P', 'L', 'AH', 'M', 'AH', 'N', 'T']",VERB,3,6
218,galaxy,RLSH,real,long,simple,1.91e-05,7,4.28,"['G', 'AE1', 'L', 'AH0', 'K', 'S', 'IY0']","['G', 'AE', 'L', 'AH', 'K', 'S', 'IY']",NOUN,3,4
219,museum,RLSH,real,long,simple,5.13e-05,7,4.71,"['M', 'Y', 'UW0', 'Z', 'IY1', 'AH0', 'M']","['M', 'Y', 'UW', 'Z', 'IY', 'AH', 'M']",NOUN,3,4
220,economy,RLSH,real,long,simple,7.41e-05,7,4.87,"['IH0', 'K', 'AA1', 'N', 'AH0', 'M', 'IY0']","['IH', 'K', 'AA', 'N', 'AH', 'M', 'IY']",NOUN,4,3
221,ordinary,RLSH,real,long,simple,2.63e-05,8,4.42,"['AO1', 'R', 'D', 'AH0', 'N', 'EH2', 'R', 'IY0']","['AO', 'R', 'D', 'AH', 'N', 'EH', 'R', 'IY']",ADJ,4,4
222,suspect,RLSH,real,long,simple,3.24e-05,7,4.51,"['S', 'AH1', 'S', 'P', 'EH2', 'K', 'T']","['S', 'AH', 'S', 'P', 'EH', 'K', 'T']",VERB,2,5
223,principle,RLSH,real,long,simple,2.19e-05,9,4.34,"['P', 'R', 'IH1', 'N', 'S', 'AH0', 'P', 'AH0', 'L']","['P', 'R', 'IH', 'N', 'S', 'AH', 'P', 'AH', 'L']",NOUN,3,6
224,consider,RLSH,real,long,simple,9.77e-05,7,4.99,"['K', 'AH0', 'N', 'S', 'IH1', 'D', 'ER0']","['K', 'AH', 'N', 'S', 'IH', 'D', 'ER']",VERB,3,4
225,usual,RLSH,real,long,simple,4.17e-05,7,4.62,"['Y', 'UW1', 'ZH', 'AH0', 'W', 'AH0', 'L']","['Y', 'UW', 'ZH', 'AH', 'W', 'AH', 'L']",ADJ,3,4
226,concrete,RLSH,real,long,simple,2.75e-05,7,4.44,"['K', 'AH0', 'N', 'K', 'R', 'IY1', 'T']","['K', 'AH', 'N', 'K', 'R', 'IY', 'T']",NOUN,2,5
227,possible,RLSH,real,long,simple,0.000229,7,5.36,"['P', 'AA1', 'S', 'AH0', 'B', 'AH0', 'L']","['P', 'AA', 'S', 'AH', 'B', 'AH', 'L']",ADJ,3,4
228,expense,RLSH,real,long,simple,1.7e-05,7,4.23,"['IH0', 'K', 'S', 'P', 'EH1', 'N', 'S']","['IH', 'K', 'S', 'P', 'EH', 'N', 'S']",NOUN,2,5
229,manual,RLSH,real,long,simple,2.09e-05,7,4.32,"['M', 'AE1', 'N', 'Y', 'UW0', 'AH0', 'L']","['M', 'AE', 'N', 'Y', 'UW', 'AH', 'L']",ADJ,3,4
230,wisconsin,RLSH,real,long,simple,2.29e-05,9,4.36,"['W', 'IH0', 'S', 'K', 'AA1', 'N', 'S', 'AH0', 'N']","['W', 'IH', 'S', 'K', 'AA', 'N', 'S', 'AH', 'N']",PROPN,3,6
231,oxygen,RLSH,real,long,simple,1.78e-05,7,4.25,"['AA1', 'K', 'S', 'AH0', 'JH', 'AH0', 'N']","['AA', 'K', 'S', 'AH', 'JH', 'AH', 'N']",NOUN,3,4
232,advocate,RLSH,real,long,simple,1.62e-05,7,4.21,"['AE1', 'D', 'V', 'AH0', 'K', 'AH0', 'T']","['AE', 'D', 'V', 'AH', 'K', 'AH', 'T']",VERB,3,4
233,attention,RLSH,real,long,simple,0.000129,7,5.11,"['AH0', 'T', 'EH1', 'N', 'SH', 'AH0', 'N']","['AH', 'T', 'EH', 'N', 'SH', 'AH', 'N']",NOUN,3,4
234,genuine,RLSH,real,long,simple,2.34e-05,8,4.37,"['JH', 'EH1', 'N', 'Y', 'AH0', 'W', 'AH0', 'N']","['JH', 'EH', 'N', 'Y', 'AH', 'W', 'AH', 'N']",ADJ,3,5
235,important,RLSH,real,long,simple,0.000275,9,5.44,"['IH0', 'M', 'P', 'AO1', 'R', 'T', 'AH0', 'N', 'T']","['IH', 'M', 'P', 'AO', 'R', 'T', 'AH', 'N', 'T']",ADJ,3,6
236,volunteer,RLSH,real,long,simple,1.91e-05,8,4.28,"['V', 'AA2', 'L', 'AH0', 'N', 'T', 'IH1', 'R']","['V', 'AA', 'L', 'AH', 'N', 'T', 'IH', 'R']",NOUN,3,5
237,apparent,RLSH,real,long,simple,2.09e-05,7,4.32,"['AH0', 'P', 'EH1', 'R', 'AH0', 'N', 'T']","['AH', 'P', 'EH', 'R', 'AH', 'N', 'T']",ADJ,3,4
238,anniversary,RLSH,real,long,simple,3.39e-05,8,4.53,"['AE2', 'N', 'AH0', 'V', 'ER1', 'S', 'ER0', 'IY0']","['AE', 'N', 'AH', 'V', 'ER', 'S', 'ER', 'IY']",NOUN,5,3
239,respect,RLSH,real,long,simple,0.000107,7,5.03,"['R', 'IH0', 'S', 'P', 'EH1', 'K', 'T']","['R', 'IH', 'S', 'P', 'EH', 'K', 'T']",NOUN,2,5
240,faculty,RLSH,real,long,simple,2.09e-05,7,4.32,"['F', 'AE1', 'K', 'AH0', 'L', 'T', 'IY0']","['F', 'AE', 'K', 'AH', 'L', 'T', 'IY']",NOUN,3,4
241,efficient,RLSH,real,long,simple,2.63e-05,7,4.42,"['IH0', 'F', 'IH1', 'SH', 'AH0', 'N', 'T']","['IH', 'F', 'IH', 'SH', 'AH', 'N', 'T']",ADJ,3,4
242,curious,RLSH,real,long,simple,2.82e-05,7,4.45,"['K', 'Y', 'UH1', 'R', 'IY0', 'AH0', 'S']","['K', 'Y', 'UH', 'R', 'IY', 'AH', 'S']",ADJ,3,4
243,interest,RLSH,real,long,simple,0.000148,7,5.17,"['IH1', 'N', 'T', 'R', 'AH0', 'S', 'T']","['IH', 'N', 'T', 'R', 'AH', 'S', 'T']",NOUN,2,5
244,position,RLSH,real,long,simple,0.000162,7,5.21,"['P', 'AH0', 'Z', 'IH1', 'SH', 'AH0', 'N']","['P', 'AH', 'Z', 'IH', 'SH', 'AH', 'N']",NOUN,3,4
245,estimate,RLSH,real,long,simple,1.95e-05,7,4.29,"['EH1', 'S', 'T', 'AH0', 'M', 'AH0', 'T']","['EH', 'S', 'T', 'AH', 'M', 'AH', 'T']",VERB,3,4
246,pregnant,RLSH,real,long,simple,3.63e-05,8,4.56,"['P', 'R', 'EH1', 'G', 'N', 'AH0', 'N', 'T']","['P', 'R', 'EH', 'G', 'N', 'AH', 'N', 'T']",ADJ,2,6
247,conflict,RLSH,real,long,simple,4.37e-05,8,4.64,"['K', 'AA1', 'N', 'F', 'L', 'IH0', 'K', 'T']","['K', 'AA', 'N', 'F', 'L', 'IH', 'K', 'T']",NOUN,2,6
248,academy,RLSH,real,long,simple,3.72e-05,7,4.57,"['AH0', 'K', 'AE1', 'D', 'AH0', 'M', 'IY0']","['AH', 'K', 'AE', 'D', 'AH', 'M', 'IY']",NOUN,4,3
249,innocent,RLSH,real,long,simple,2.82e-05,7,4.45,"['IH1', 'N', 'AH0', 'S', 'AH0', 'N', 'T']","['IH', 'N', 'AH', 'S', 'AH', 'N', 'T']",ADJ,3,4
250,houston,RLSH,real,long,simple,2.63e-05,7,4.42,"['HH', 'Y', 'UW1', 'S', 'T', 'AH0', 'N']","['HH', 'Y', 'UW', 'S', 'T', 'AH', 'N']",PROPN,2,5
251,vehicle,RLSH,real,long,simple,5.75e-05,7,4.76,"['V', 'IY1', 'HH', 'IH0', 'K', 'AH0', 'L']","['V', 'IY', 'HH', 'IH', 'K', 'AH', 'L']",NOUN,3,4
252,category,RLSH,real,long,simple,3.72e-05,8,4.57,"['K', 'AE1', 'T', 'AH0', 'G', 'AO2', 'R', 'IY0']","['K', 'AE', 'T', 'AH', 'G', 'AO', 'R', 'IY']",NOUN,4,4
253,stadium,RLSH,real,long,simple,4.27e-05,7,4.63,"['S', 'T', 'EY1', 'D', 'IY0', 'AH0', 'M']","['S', 'T', 'EY', 'D', 'IY', 'AH', 'M']",NOUN,3,4
254,violent,RLSH,real,long,simple,2.88e-05,7,4.46,"['V', 'AY1', 'AH0', 'L', 'AH0', 'N', 'T']","['V', 'AY', 'AH', 'L', 'AH', 'N', 'T']",ADJ,3,4
255,struggle,RLSH,real,long,simple,4.17e-05,7,4.62,"['S', 'T', 'R', 'AH1', 'G', 'AH0', 'L']","['S', 'T', 'R', 'AH', 'G', 'AH', 'L']",VERB,2,5
256,respond,RLSH,real,long,simple,3.39e-05,7,4.53,"['R', 'IH0', 'S', 'P', 'AA1', 'N', 'D']","['R', 'IH', 'S', 'P', 'AA', 'N', 'D']",VERB,2,5
257,register,RLSH,real,long,simple,3.89e-05,7,4.59,"['R', 'EH1', 'JH', 'IH0', 'S', 'T', 'ER0']","['R', 'EH', 'JH', 'IH', 'S', 'T', 'ER']",VERB,3,4
258,mutual,RLSH,real,long,simple,1.82e-05,8,4.26,"['M', 'Y', 'UW1', 'CH', 'AH0', 'W', 'AH0', 'L']","['M', 'Y', 'UW', 'CH', 'AH', 'W', 'AH', 'L']",ADJ,3,5
259,hospital,RLSH,real,long,simple,0.000117,8,5.07,"['HH', 'AA1', 'S', 'P', 'IH2', 'T', 'AH0', 'L']","['HH', 'AA', 'S', 'P', 'IH', 'T', 'AH', 'L']",NOUN,3,5
260,determine,RLSH,real,long,simple,4.27e-05,7,4.63,"['D', 'AH0', 'T', 'ER1', 'M', 'AH0', 'N']","['D', 'AH', 'T', 'ER', 'M', 'AH', 'N']",VERB,3,4
261,request,RLSH,real,long,simple,5.75e-05,7,4.76,"['R', 'IH0', 'K', 'W', 'EH1', 'S', 'T']","['R', 'IH', 'K', 'W', 'EH', 'S', 'T']",VERB,2,5
262,november,RLSH,real,long,simple,0.000126,7,5.1,"['N', 'OW0', 'V', 'EH1', 'M', 'B', 'ER0']","['N', 'OW', 'V', 'EH', 'M', 'B', 'ER']",PROPN,3,4
263,project,RLSH,real,long,simple,0.000166,7,5.22,"['P', 'R', 'AA1', 'JH', 'EH0', 'K', 'T']","['P', 'R', 'AA', 'JH', 'EH', 'K', 'T']",NOUN,2,5
264,secretary,RLSH,real,long,simple,8.91e-05,9,4.95,"['S', 'EH1', 'K', 'R', 'AH0', 'T', 'EH2', 'R', 'IY0']","['S', 'EH', 'K', 'R', 'AH', 'T', 'EH', 'R', 'IY']",NOUN,4,5
265,disaster,RLSH,real,long,simple,2.45e-05,7,4.39,"['D', 'IH0', 'Z', 'AE1', 'S', 'T', 'ER0']","['D', 'IH', 'Z', 'AE', 'S', 'T', 'ER']",NOUN,3,4
266,guarantee,RLSH,real,long,simple,2.75e-05,7,4.44,"['G', 'EH2', 'R', 'AH0', 'N', 'T', 'IY1']","['G', 'EH', 'R', 'AH', 'N', 'T', 'IY']",VERB,3,4
267,appreciate,RLSH,real,long,simple,5.5e-05,8,4.74,"['AH0', 'P', 'R', 'IY1', 'SH', 'IY0', 'EY2', 'T']","['AH', 'P', 'R', 'IY', 'SH', 'IY', 'EY', 'T']",VERB,4,4
268,conduct,RLSH,real,long,simple,3.31e-05,7,4.52,"['K', 'AA1', 'N', 'D', 'AH0', 'K', 'T']","['K', 'AA', 'N', 'D', 'AH', 'K', 'T']",VERB,2,5
269,consent,RLSH,real,long,simple,2.29e-05,7,4.36,"['K', 'AH0', 'N', 'S', 'EH1', 'N', 'T']","['K', 'AH', 'N', 'S', 'EH', 'N', 'T']",NOUN,2,5
270,strength,RLSH,real,long,simple,6.31e-05,7,4.8,"['S', 'T', 'R', 'EH1', 'NG', 'K', 'TH']","['S', 'T', 'R', 'EH', 'NG', 'K', 'TH']",NOUN,1,6
271,america,RLSH,real,long,simple,0.000166,7,5.22,"['AH0', 'M', 'EH1', 'R', 'AH0', 'K', 'AH0']","['AH', 'M', 'EH', 'R', 'AH', 'K', 'AH']",PROPN,4,3
272,alabama,RLSH,real,long,simple,1.82e-05,7,4.26,"['AE2', 'L', 'AH0', 'B', 'AE1', 'M', 'AH0']","['AE', 'L', 'AH', 'B', 'AE', 'M', 'AH']",PROPN,4,3
273,problem,RLSH,real,long,simple,0.000251,7,5.4,"['P', 'R', 'AA1', 'B', 'L', 'AH0', 'M']","['P', 'R', 'AA', 'B', 'L', 'AH', 'M']",NOUN,2,5
274,singapore,RLSH,real,long,simple,2.24e-05,7,4.35,"['S', 'IH1', 'NG', 'AH0', 'P', 'AO2', 'R']","['S', 'IH', 'NG', 'AH', 'P', 'AO', 'R']",PROPN,3,4
275,incident,RLSH,real,long,simple,3.47e-05,8,4.54,"['IH1', 'N', 'S', 'AH0', 'D', 'AH0', 'N', 'T']","['IH', 'N', 'S', 'AH', 'D', 'AH', 'N', 'T']",NOUN,3,5
276,portrait,RLSH,real,long,simple,1.66e-05,7,4.22,"['P', 'AO1', 'R', 'T', 'R', 'AH0', 'T']","['P', 'AO', 'R', 'T', 'R', 'AH', 'T']",NOUN,2,5
277,regular,RLSH,real,long,simple,8.91e-05,7,4.95,"['R', 'EH1', 'G', 'Y', 'AH0', 'L', 'ER0']","['R', 'EH', 'G', 'Y', 'AH', 'L', 'ER']",ADJ,3,4
278,hamilton,RLSH,real,long,simple,2.04e-05,8,4.31,"['HH', 'AE1', 'M', 'AH0', 'L', 'T', 'AH0', 'N']","['HH', 'AE', 'M', 'AH', 'L', 'T', 'AH', 'N']",PROPN,3,5
279,contract,RLSH,real,long,simple,8.71e-05,8,4.94,"['K', 'AA1', 'N', 'T', 'R', 'AE2', 'K', 'T']","['K', 'AA', 'N', 'T', 'R', 'AE', 'K', 'T']",NOUN,2,6
280,convince,RLSH,real,long,simple,1.82e-05,7,4.26,"['K', 'AH0', 'N', 'V', 'IH1', 'N', 'S']","['K', 'AH', 'N', 'V', 'IH', 'N', 'S']",VERB,2,5
281,tournament,RLSH,real,long,simple,3.63e-05,9,4.56,"['T', 'UH1', 'R', 'N', 'AH0', 'M', 'AH0', 'N', 'T']","['T', 'UH', 'R', 'N', 'AH', 'M', 'AH', 'N', 'T']",NOUN,3,6
282,alcohol,RLSH,real,long,simple,4.07e-05,7,4.61,"['AE1', 'L', 'K', 'AH0', 'HH', 'AA2', 'L']","['AE', 'L', 'K', 'AH', 'HH', 'AA', 'L']",NOUN,3,4
283,complete,RLSH,real,long,simple,0.000126,7,5.1,"['K', 'AH0', 'M', 'P', 'L', 'IY1', 'T']","['K', 'AH', 'M', 'P', 'L', 'IY', 'T']",VERB,2,5
284,province,RLSH,real,long,simple,2.95e-05,7,4.47,"['P', 'R', 'AA1', 'V', 'AH0', 'N', 'S']","['P', 'R', 'AA', 'V', 'AH', 'N', 'S']",NOUN,2,5
285,subject,RLSH,real,long,simple,9.12e-05,7,4.96,"['S', 'AH1', 'B', 'JH', 'IH0', 'K', 'T']","['S', 'AH', 'B', 'JH', 'IH', 'K', 'T']",NOUN,2,5
286,mexico,RLSH,real,long,simple,5.62e-05,7,4.75,"['M', 'EH1', 'K', 'S', 'AH0', 'K', 'OW2']","['M', 'EH', 'K', 'S', 'AH', 'K', 'OW']",PROPN,3,4
287,parliament,RLSH,real,long,simple,5.5e-05,9,4.74,"['P', 'AA1', 'R', 'L', 'AH0', 'M', 'AH0', 'N', 'T']","['P', 'AA', 'R', 'L', 'AH', 'M', 'AH', 'N', 'T']",NOUN,3,6
288,margaret,RLSH,real,long,simple,1.7e-05,7,4.23,"['M', 'AA1', 'R', 'G', 'ER0', 'IH0', 'T']","['M', 'AA', 'R', 'G', 'ER', 'IH', 'T']",PROPN,3,4
289,principal,RLSH,real,long,simple,3.31e-05,9,4.52,"['P', 'R', 'IH1', 'N', 'S', 'AH0', 'P', 'AH0', 'L']","['P', 'R', 'IH', 'N', 'S', 'AH', 'P', 'AH', 'L']",NOUN,3,6
290,magazine,RLSH,real,long,simple,5.5e-05,7,4.74,"['M', 'AE1', 'G', 'AH0', 'Z', 'IY2', 'N']","['M', 'AE', 'G', 'AH', 'Z', 'IY', 'N']",NOUN,3,4
291,candidate,RLSH,real,long,simple,4.57e-05,8,4.66,"['K', 'AE1', 'N', 'D', 'AH0', 'D', 'EY0', 'T']","['K', 'AE', 'N', 'D', 'AH', 'D', 'EY', 'T']",NOUN,3,5
292,fantasy,RLSH,real,long,simple,3.31e-05,7,4.52,"['F', 'AE1', 'N', 'T', 'AH0', 'S', 'IY0']","['F', 'AE', 'N', 'T', 'AH', 'S', 'IY']",NOUN,3,4
293,argentina,RLSH,real,long,simple,1.66e-05,9,4.22,"['AA2', 'R', 'JH', 'AH0', 'N', 'T', 'IY1', 'N', 'AH0']","['AA', 'R', 'JH', 'AH', 'N', 'T', 'IY', 'N', 'AH']",PROPN,4,5
294,franchise,RLSH,real,long,simple,1.95e-05,7,4.29,"['F', 'R', 'AE1', 'N', 'CH', 'AY2', 'Z']","['F', 'R', 'AE', 'N', 'CH', 'AY', 'Z']",NOUN,2,5
295,document,RLSH,real,long,simple,3.16e-05,9,4.5,"['D', 'AA1', 'K', 'Y', 'AH0', 'M', 'AH0', 'N', 'T']","['D', 'AA', 'K', 'Y', 'AH', 'M', 'AH', 'N', 'T']",NOUN,3,6
296,capacity,RLSH,real,long,simple,5.13e-05,8,4.71,"['K', 'AH0', 'P', 'AE1', 'S', 'AH0', 'T', 'IY0']","['K', 'AH', 'P', 'AE', 'S', 'AH', 'T', 'IY']",NOUN,4,4
297,deputy,RLSH,real,long,simple,3.55e-05,7,4.55,"['D', 'EH1', 'P', 'Y', 'AH0', 'T', 'IY0']","['D', 'EH', 'P', 'Y', 'AH', 'T', 'IY']",NOUN,3,4
298,religion,RLSH,real,long,simple,5.5e-05,7,4.74,"['R', 'IH0', 'L', 'IH1', 'JH', 'AH0', 'N']","['R', 'IH', 'L', 'IH', 'JH', 'AH', 'N']",NOUN,3,4
299,library,RLSH,real,long,simple,7.24e-05,7,4.86,"['L', 'AY1', 'B', 'R', 'EH2', 'R', 'IY0']","['L', 'AY', 'B', 'R', 'EH', 'R', 'IY']",NOUN,3,4
300,burgundy,RLSL,real,long,simple,2.88e-06,7,3.46,"['B', 'ER1', 'G', 'AH0', 'N', 'D', 'IY0']","['B', 'ER', 'G', 'AH', 'N', 'D', 'IY']",NOUN,3,4
301,tripoli,RLSL,real,long,simple,1.95e-06,7,3.29,"['T', 'R', 'IH1', 'P', 'AH0', 'L', 'IY0']","['T', 'R', 'IH', 'P', 'AH', 'L', 'IY']",PROPN,3,4
302,barbados,RLSL,real,long,simple,3.16e-06,8,3.5,"['B', 'AA0', 'R', 'B', 'EY1', 'D', 'OW0', 'S']","['B', 'AA', 'R', 'B', 'EY', 'D', 'OW', 'S']",PROPN,3,5
303,scarlett,RLSL,real,long,simple,2.82e-06,7,3.45,"['S', 'K', 'AA1', 'R', 'L', 'IH0', 'T']","['S', 'K', 'AA', 'R', 'L', 'IH', 'T']",PROPN,2,5
304,ecstasy,RLSL,real,long,simple,3.02e-06,7,3.48,"['EH1', 'K', 'S', 'T', 'AH0', 'S', 'IY0']","['EH', 'K', 'S', 'T', 'AH', 'S', 'IY']",NOUN,3,4
305,kubrick,RLSL,real,long,simple,7.59e-07,7,2.88,"['K', 'Y', 'UW1', 'B', 'R', 'IH2', 'K']","['K', 'Y', 'UW', 'B', 'R', 'IH', 'K']",PROPN,2,5
306,impetus,RLSL,real,long,simple,1.86e-06,7,3.27,"['IH1', 'M', 'P', 'AH0', 'T', 'AH0', 'S']","['IH', 'M', 'P', 'AH', 'T', 'AH', 'S']",NOUN,3,4
307,honolulu,RLSL,real,long,simple,3.16e-06,8,3.5,"['HH', 'AA2', 'N', 'AH0', 'L', 'UW1', 'L', 'UW0']","['HH', 'AA', 'N', 'AH', 'L', 'UW', 'L', 'UW']",PROPN,4,4
308,amethyst,RLSL,real,long,simple,1.02e-06,7,3.01,"['AE1', 'M', 'IH0', 'TH', 'IH0', 'S', 'T']","['AE', 'M', 'IH', 'TH', 'IH', 'S', 'T']",NOUN,3,4
309,cadillac,RLSL,real,long,simple,3.02e-06,7,3.48,"['K', 'AE1', 'D', 'AH0', 'L', 'AE2', 'K']","['K', 'AE', 'D', 'AH', 'L', 'AE', 'K']",PROPN,3,4
310,epsilon,RLSL,real,long,simple,7.59e-07,7,2.88,"['EH1', 'P', 'S', 'AH0', 'L', 'AA2', 'N']","['EH', 'P', 'S', 'AH', 'L', 'AA', 'N']",NOUN,3,4
311,tabernacle,RLSL,real,long,simple,1.15e-06,9,3.06,"['T', 'AE1', 'B', 'ER0', 'N', 'AE2', 'K', 'AH0', 'L']","['T', 'AE', 'B', 'ER', 'N', 'AE', 'K', 'AH', 'L']",NOUN,4,5
312,pringle,RLSL,real,long,simple,7.94e-07,7,2.9,"['P', 'R', 'IH1', 'NG', 'G', 'AH0', 'L']","['P', 'R', 'IH', 'NG', 'G', 'AH', 'L']",PROPN,2,5
313,diaspora,RLSL,real,long,simple,2.82e-06,7,3.45,"['D', 'AY0', 'AE1', 'S', 'P', 'ER0', 'AH0']","['D', 'AY', 'AE', 'S', 'P', 'ER', 'AH']",PROPN,4,3
314,camelot,RLSL,real,long,simple,9.33e-07,7,2.97,"['K', 'AE1', 'M', 'AH0', 'L', 'AA2', 'T']","['K', 'AE', 'M', 'AH', 'L', 'AA', 'T']",PROPN,3,4
315,conundrum,RLSL,real,long,simple,1e-06,9,3.0,"['K', 'AH0', 'N', 'AH1', 'N', 'D', 'R', 'AH0', 'M']","['K', 'AH', 'N', 'AH', 'N', 'D', 'R', 'AH', 'M']",NOUN,3,6
316,lombard,RLSL,real,long,simple,1e-06,7,3.0,"['L', 'AA1', 'M', 'B', 'AA0', 'R', 'D']","['L', 'AA', 'M', 'B', 'AA', 'R', 'D']",PROPN,2,5
317,placebo,RLSL,real,long,simple,3.02e-06,7,3.48,"['P', 'L', 'AH0', 'S', 'IY1', 'B', 'OW0']","['P', 'L', 'AH', 'S', 'IY', 'B', 'OW']",NOUN,3,4
318,bolshevik,RLSL,real,long,simple,9.33e-07,8,2.97,"['B', 'OW1', 'L', 'SH', 'AH0', 'V', 'IH2', 'K']","['B', 'OW', 'L', 'SH', 'AH', 'V', 'IH', 'K']",ADJ,3,5
319,ephemeral,RLSL,real,long,simple,9.77e-07,7,2.99,"['IH0', 'F', 'EH1', 'M', 'ER0', 'AH0', 'L']","['IH', 'F', 'EH', 'M', 'ER', 'AH', 'L']",ADJ,4,3
320,nicaragua,RLSL,real,long,simple,2.75e-06,8,3.44,"['N', 'IH2', 'K', 'ER0', 'AA1', 'G', 'W', 'AH0']","['N', 'IH', 'K', 'ER', 'AA', 'G', 'W', 'AH']",PROPN,4,4
321,apricot,RLSL,real,long,simple,9.55e-07,7,2.98,"['EY1', 'P', 'R', 'AH0', 'K', 'AA2', 'T']","['EY', 'P', 'R', 'AH', 'K', 'AA', 'T']",PROPN,3,4
322,hiroshima,RLSL,real,long,simple,1.86e-06,8,3.27,"['HH', 'IH2', 'R', 'OW0', 'SH', 'IY1', 'M', 'AH0']","['HH', 'IH', 'R', 'OW', 'SH', 'IY', 'M', 'AH']",PROPN,4,4
323,adrenal,RLSL,real,long,simple,9.77e-07,7,2.99,"['AH0', 'D', 'R', 'IY1', 'N', 'AH0', 'L']","['AH', 'D', 'R', 'IY', 'N', 'AH', 'L']",PROPN,3,4
324,requiem,RLSL,real,long,simple,1.15e-06,7,3.06,"['R', 'EH1', 'K', 'W', 'IY0', 'AH0', 'M']","['R', 'EH', 'K', 'W', 'IY', 'AH', 'M']",NOUN,3,4
325,kendrick,RLSL,real,long,simple,2.88e-06,7,3.46,"['K', 'EH1', 'N', 'D', 'R', 'IH0', 'K']","['K', 'EH', 'N', 'D', 'R', 'IH', 'K']",PROPN,2,5
326,marlboro,RLSL,real,long,simple,1.05e-06,7,3.02,"['M', 'AA1', 'R', 'L', 'B', 'ER0', 'OW0']","['M', 'AA', 'R', 'L', 'B', 'ER', 'OW']",PROPN,3,4
327,abercrombie,RLSL,real,long,simple,9.33e-07,9,2.97,"['AE2', 'B', 'ER0', 'K', 'R', 'AA1', 'M', 'B', 'IY0']","['AE', 'B', 'ER', 'K', 'R', 'AA', 'M', 'B', 'IY']",PROPN,4,5
328,socrates,RLSL,real,long,simple,1.86e-06,8,3.27,"['S', 'AA1', 'K', 'R', 'AH0', 'T', 'IY2', 'Z']","['S', 'AA', 'K', 'R', 'AH', 'T', 'IY', 'Z']",NOUN,3,5
329,nagasaki,RLSL,real,long,simple,9.55e-07,8,2.98,"['N', 'AA2', 'G', 'AA0', 'S', 'AA1', 'K', 'IY0']","['N', 'AA', 'G', 'AA', 'S', 'AA', 'K', 'IY']",PROPN,4,4
330,mutiny,RLSL,real,long,simple,1.86e-06,7,3.27,"['M', 'Y', 'UW1', 'T', 'AH0', 'N', 'IY0']","['M', 'Y', 'UW', 'T', 'AH', 'N', 'IY']",NOUN,3,4
331,wesleyan,RLSL,real,long,simple,1.12e-06,7,3.05,"['W', 'EH1', 'Z', 'L', 'IY0', 'AH0', 'N']","['W', 'EH', 'Z', 'L', 'IY', 'AH', 'N']",PROPN,3,4
332,eradicate,RLSL,real,long,simple,1.95e-06,8,3.29,"['IH0', 'R', 'AE1', 'D', 'AH0', 'K', 'EY2', 'T']","['IH', 'R', 'AE', 'D', 'AH', 'K', 'EY', 'T']",VERB,4,4
333,umbilical,RLSL,real,long,simple,1.05e-06,9,3.02,"['AH0', 'M', 'B', 'IH1', 'L', 'IH0', 'K', 'AH0', 'L']","['AH', 'M', 'B', 'IH', 'L', 'IH', 'K', 'AH', 'L']",ADJ,4,5
334,cornelius,RLSL,real,long,simple,1.86e-06,9,3.27,"['K', 'AO0', 'R', 'N', 'IY1', 'L', 'Y', 'AH0', 'S']","['K', 'AO', 'R', 'N', 'IY', 'L', 'Y', 'AH', 'S']",PROPN,3,6
335,crocodile,RLSL,real,long,simple,3.09e-06,8,3.49,"['K', 'R', 'AA1', 'K', 'AH0', 'D', 'AY2', 'L']","['K', 'R', 'AA', 'K', 'AH', 'D', 'AY', 'L']",NOUN,3,5
336,pensacola,RLSL,real,long,simple,1.15e-06,9,3.06,"['P', 'EH2', 'N', 'S', 'AH0', 'K', 'OW1', 'L', 'AH0']","['P', 'EH', 'N', 'S', 'AH', 'K', 'OW', 'L', 'AH']",PROPN,4,5
337,pasadena,RLSL,real,long,simple,2.82e-06,8,3.45,"['P', 'AE2', 'S', 'AH0', 'D', 'IY1', 'N', 'ER0']","['P', 'AE', 'S', 'AH', 'D', 'IY', 'N', 'ER']",PROPN,4,4
338,amulet,RLSL,real,long,simple,9.77e-07,7,2.99,"['AE1', 'M', 'Y', 'AH0', 'L', 'AH0', 'T']","['AE', 'M', 'Y', 'AH', 'L', 'AH', 'T']",NOUN,3,4
339,kalamazoo,RLSL,real,long,simple,9.77e-07,8,2.99,"['K', 'AE2', 'L', 'AH0', 'M', 'AH0', 'Z', 'UW1']","['K', 'AE', 'L', 'AH', 'M', 'AH', 'Z', 'UW']",PROPN,4,4
340,molasses,RLSL,real,long,simple,1e-06,7,3.0,"['M', 'AH0', 'L', 'AE1', 'S', 'AH0', 'Z']","['M', 'AH', 'L', 'AE', 'S', 'AH', 'Z']",VERB,3,4
341,ebenezer,RLSL,real,long,simple,7.76e-07,7,2.89,"['EH2', 'B', 'IH0', 'N', 'IY1', 'Z', 'ER0']","['EH', 'B', 'IH', 'N', 'IY', 'Z', 'ER']",PROPN,4,3
342,epitome,RLSL,real,long,simple,1.91e-06,7,3.28,"['IH0', 'P', 'IH1', 'T', 'AH0', 'M', 'IY0']","['IH', 'P', 'IH', 'T', 'AH', 'M', 'IY']",NOUN,4,3
343,hezbollah,RLSL,real,long,simple,1.86e-06,7,3.27,"['HH', 'EH0', 'Z', 'B', 'AA1', 'L', 'AH0']","['HH', 'EH', 'Z', 'B', 'AA', 'L', 'AH']",PROPN,3,4
344,reprimand,RLSL,real,long,simple,7.94e-07,9,2.9,"['R', 'EH1', 'P', 'R', 'AH0', 'M', 'AE2', 'N', 'D']","['R', 'EH', 'P', 'R', 'AH', 'M', 'AE', 'N', 'D']",VERB,3,6
345,plankton,RLSL,real,long,simple,1.12e-06,8,3.05,"['P', 'L', 'AE1', 'NG', 'K', 'T', 'AH0', 'N']","['P', 'L', 'AE', 'NG', 'K', 'T', 'AH', 'N']",NOUN,2,6
346,maserati,RLSL,real,long,simple,9.55e-07,8,2.98,"['M', 'AE2', 'S', 'EH0', 'R', 'AA1', 'T', 'IY0']","['M', 'AE', 'S', 'EH', 'R', 'AA', 'T', 'IY']",PROPN,4,4
347,yokohama,RLSL,real,long,simple,1.12e-06,8,3.05,"['Y', 'OW2', 'K', 'AH0', 'HH', 'AA1', 'M', 'AH0']","['Y', 'OW', 'K', 'AH', 'HH', 'AA', 'M', 'AH']",PROPN,4,4
348,albuquerque,RLSL,real,long,simple,3.16e-06,8,3.5,"['AE1', 'L', 'B', 'AH0', 'K', 'ER0', 'K', 'IY0']","['AE', 'L', 'B', 'AH', 'K', 'ER', 'K', 'IY']",PROPN,4,4
349,pretzel,RLSL,real,long,simple,9.55e-07,7,2.98,"['P', 'R', 'EH1', 'T', 'Z', 'AH0', 'L']","['P', 'R', 'EH', 'T', 'Z', 'AH', 'L']",PROPN,2,5
350,lavatory,RLSL,real,long,simple,7.94e-07,8,2.9,"['L', 'AE1', 'V', 'AH0', 'T', 'AO2', 'R', 'IY0']","['L', 'AE', 'V', 'AH', 'T', 'AO', 'R', 'IY']",NOUN,4,4
351,mozambique,RLSL,real,long,simple,1.95e-06,8,3.29,"['M', 'OW2', 'Z', 'AE0', 'M', 'B', 'IY1', 'K']","['M', 'OW', 'Z', 'AE', 'M', 'B', 'IY', 'K']",PROPN,3,5
352,penicillin,RLSL,real,long,simple,1.1e-06,9,3.04,"['P', 'EH2', 'N', 'AH0', 'S', 'IH1', 'L', 'AH0', 'N']","['P', 'EH', 'N', 'AH', 'S', 'IH', 'L', 'AH', 'N']",NOUN,4,5
353,broccoli,RLSL,real,long,simple,3.16e-06,7,3.5,"['B', 'R', 'AA1', 'K', 'AH0', 'L', 'IY0']","['B', 'R', 'AA', 'K', 'AH', 'L', 'IY']",VERB,3,4
354,molotov,RLSL,real,long,simple,1.05e-06,7,3.02,"['M', 'AO1', 'L', 'AH0', 'T', 'AA2', 'F']","['M', 'AO', 'L', 'AH', 'T', 'AA', 'F']",PROPN,3,4
355,winthrop,RLSL,real,long,simple,1.1e-06,7,3.04,"['W', 'IH1', 'N', 'TH', 'R', 'AH0', 'P']","['W', 'IH', 'N', 'TH', 'R', 'AH', 'P']",PROPN,2,5
356,behemoth,RLSL,real,long,simple,9.33e-07,7,2.97,"['B', 'AH0', 'HH', 'IY1', 'M', 'AH0', 'TH']","['B', 'AH', 'HH', 'IY', 'M', 'AH', 'TH']",NOUN,3,4
357,siegfried,RLSL,real,long,simple,1.07e-06,7,3.03,"['S', 'IY1', 'G', 'F', 'R', 'IY2', 'D']","['S', 'IY', 'G', 'F', 'R', 'IY', 'D']",PROPN,2,5
358,uranus,RLSL,real,long,simple,1.02e-06,7,3.01,"['Y', 'UW1', 'R', 'AH0', 'N', 'AH0', 'S']","['Y', 'UW', 'R', 'AH', 'N', 'AH', 'S']",PROPN,3,4
359,trenton,RLSL,real,long,simple,1.95e-06,7,3.29,"['T', 'R', 'EH1', 'N', 'T', 'AH0', 'N']","['T', 'R', 'EH', 'N', 'T', 'AH', 'N']",PROPN,2,5
360,pragmatic,RLSL,real,long,simple,3.09e-06,9,3.49,"['P', 'R', 'AE0', 'G', 'M', 'AE1', 'T', 'IH0', 'K']","['P', 'R', 'AE', 'G', 'M', 'AE', 'T', 'IH', 'K']",ADJ,3,6
361,blatant,RLSL,real,long,simple,2.82e-06,7,3.45,"['B', 'L', 'EY1', 'T', 'AH0', 'N', 'T']","['B', 'L', 'EY', 'T', 'AH', 'N', 'T']",ADJ,2,5
362,chardonnay,RLSL,real,long,simple,9.55e-07,7,2.98,"['CH', 'AA0', 'R', 'D', 'AA1', 'N', 'EY0']","['CH', 'AA', 'R', 'D', 'AA', 'N', 'EY']",NOUN,3,4
363,travesty,RLSL,real,long,simple,1e-06,8,3.0,"['T', 'R', 'AE1', 'V', 'AH0', 'S', 'T', 'IY0']","['T', 'R', 'AE', 'V', 'AH', 'S', 'T', 'IY']",PROPN,3,5
364,jeremiah,RLSL,real,long,simple,3.02e-06,7,3.48,"['JH', 'EH2', 'R', 'AH0', 'M', 'AY1', 'AH0']","['JH', 'EH', 'R', 'AH', 'M', 'AY', 'AH']",PROPN,4,3
365,vortex,RLSL,real,long,simple,2.95e-06,7,3.47,"['V', 'AO1', 'R', 'T', 'EH0', 'K', 'S']","['V', 'AO', 'R', 'T', 'EH', 'K', 'S']",NOUN,2,5
366,badminton,RLSL,real,long,simple,1.91e-06,9,3.28,"['B', 'AE1', 'D', 'M', 'IH2', 'N', 'T', 'AH0', 'N']","['B', 'AE', 'D', 'M', 'IH', 'N', 'T', 'AH', 'N']",PROPN,3,6
367,heineken,RLSL,real,long,simple,1.02e-06,7,3.01,"['HH', 'AY1', 'N', 'AH0', 'K', 'AH0', 'N']","['HH', 'AY', 'N', 'AH', 'K', 'AH', 'N']",PROPN,3,4
368,azerbaijan,RLSL,real,long,simple,3.02e-06,8,3.48,"['AA2', 'Z', 'ER0', 'B', 'AY0', 'JH', 'AA1', 'N']","['AA', 'Z', 'ER', 'B', 'AY', 'JH', 'AA', 'N']",PROPN,4,4
369,synagogue,RLSL,real,long,simple,2.82e-06,7,3.45,"['S', 'IH1', 'N', 'AH0', 'G', 'AO2', 'G']","['S', 'IH', 'N', 'AH', 'G', 'AO', 'G']",NOUN,3,4
370,labrador,RLSL,real,long,simple,2e-06,8,3.3,"['L', 'AE1', 'B', 'R', 'AH0', 'D', 'AO2', 'R']","['L', 'AE', 'B', 'R', 'AH', 'D', 'AO', 'R']",PROPN,3,5
371,euphrates,RLSL,real,long,simple,7.76e-07,8,2.89,"['Y', 'UW0', 'F', 'R', 'EY1', 'T', 'IY0', 'Z']","['Y', 'UW', 'F', 'R', 'EY', 'T', 'IY', 'Z']",X,3,5
372,avalanche,RLSL,real,long,simple,3.02e-06,7,3.48,"['AE1', 'V', 'AH0', 'L', 'AE2', 'N', 'CH']","['AE', 'V', 'AH', 'L', 'AE', 'N', 'CH']",NOUN,3,4
373,trafalgar,RLSL,real,long,simple,1.05e-06,8,3.02,"['T', 'R', 'AH0', 'F', 'AE1', 'L', 'G', 'ER0']","['T', 'R', 'AH', 'F', 'AE', 'L', 'G', 'ER']",PROPN,3,5
374,tarantino,RLSL,real,long,simple,1.1e-06,9,3.04,"['T', 'AA0', 'R', 'AA0', 'N', 'T', 'IY1', 'N', 'OW0']","['T', 'AA', 'R', 'AA', 'N', 'T', 'IY', 'N', 'OW']",NOUN,4,5
375,confetti,RLSL,real,long,simple,1.07e-06,7,3.03,"['K', 'AH0', 'N', 'F', 'EH1', 'T', 'IY0']","['K', 'AH', 'N', 'F', 'EH', 'T', 'IY']",NOUN,3,4
376,hallelujah,RLSL,real,long,simple,2e-06,8,3.3,"['HH', 'AE2', 'L', 'AH0', 'L', 'UW1', 'Y', 'AH0']","['HH', 'AE', 'L', 'AH', 'L', 'UW', 'Y', 'AH']",PROPN,4,4
377,catapult,RLSL,real,long,simple,1.02e-06,8,3.01,"['K', 'AE1', 'T', 'AH0', 'P', 'AH2', 'L', 'T']","['K', 'AE', 'T', 'AH', 'P', 'AH', 'L', 'T']",VERB,3,5
378,sheridan,RLSL,real,long,simple,2.95e-06,7,3.47,"['SH', 'EH1', 'R', 'IH0', 'D', 'AH0', 'N']","['SH', 'EH', 'R', 'IH', 'D', 'AH', 'N']",PROPN,3,4
379,ukulele,RLSL,real,long,simple,1.02e-06,8,3.01,"['Y', 'UW2', 'K', 'AH0', 'L', 'EY1', 'L', 'IY0']","['Y', 'UW', 'K', 'AH', 'L', 'EY', 'L', 'IY']",PROPN,4,4
380,fluctuate,RLSL,real,long,simple,9.77e-07,9,2.99,"['F', 'L', 'AH1', 'K', 'CH', 'AH0', 'W', 'EY2', 'T']","['F', 'L', 'AH', 'K', 'CH', 'AH', 'W', 'EY', 'T']",VERB,3,6
381,anomaly,RLSL,real,long,simple,2.95e-06,7,3.47,"['AH0', 'N', 'AA1', 'M', 'AH0', 'L', 'IY0']","['AH', 'N', 'AA', 'M', 'AH', 'L', 'IY']",NOUN,4,3
382,zeppelin,RLSL,real,long,simple,1.95e-06,7,3.29,"['Z', 'EH1', 'P', 'IH0', 'L', 'IH0', 'N']","['Z', 'EH', 'P', 'IH', 'L', 'IH', 'N']",PROPN,3,4
383,avocado,RLSL,real,long,simple,2.82e-06,7,3.45,"['AE2', 'V', 'AH0', 'K', 'AA1', 'D', 'OW0']","['AE', 'V', 'AH', 'K', 'AA', 'D', 'OW']",NOUN,4,3
384,thesaurus,RLSL,real,long,simple,7.59e-07,7,2.88,"['TH', 'AH0', 'S', 'AO1', 'R', 'AH0', 'S']","['TH', 'AH', 'S', 'AO', 'R', 'AH', 'S']",NOUN,3,4
385,porcupine,RLSL,real,long,simple,7.59e-07,9,2.88,"['P', 'AO1', 'R', 'K', 'Y', 'AH0', 'P', 'AY2', 'N']","['P', 'AO', 'R', 'K', 'Y', 'AH', 'P', 'AY', 'N']",NOUN,3,6
386,caramel,RLSL,real,long,simple,3.02e-06,7,3.48,"['K', 'EH1', 'R', 'AH0', 'M', 'AH0', 'L']","['K', 'EH', 'R', 'AH', 'M', 'AH', 'L']",PROPN,3,4
387,innuendo,RLSL,real,long,simple,7.94e-07,8,2.9,"['IH0', 'N', 'Y', 'UW0', 'EH1', 'N', 'D', 'OW0']","['IH', 'N', 'Y', 'UW', 'EH', 'N', 'D', 'OW']",NOUN,4,4
388,costello,RLSL,real,long,simple,1.95e-06,7,3.29,"['K', 'AO2', 'S', 'T', 'EH1', 'L', 'OW0']","['K', 'AO', 'S', 'T', 'EH', 'L', 'OW']",PROPN,3,4
389,episcopal,RLSL,real,long,simple,2.75e-06,9,3.44,"['IH0', 'P', 'IH1', 'S', 'K', 'AH0', 'P', 'AH0', 'L']","['IH', 'P', 'IH', 'S', 'K', 'AH', 'P', 'AH', 'L']",PROPN,4,5
390,nordstrom,RLSL,real,long,simple,9.55e-07,9,2.98,"['N', 'AO1', 'R', 'D', 'S', 'T', 'R', 'AH0', 'M']","['N', 'AO', 'R', 'D', 'S', 'T', 'R', 'AH', 'M']",PROPN,2,7
391,cannibal,RLSL,real,long,simple,1.12e-06,7,3.05,"['K', 'AE1', 'N', 'AH0', 'B', 'AH0', 'L']","['K', 'AE', 'N', 'AH', 'B', 'AH', 'L']",NOUN,3,4
392,vanderbilt,RLSL,real,long,simple,1.86e-06,9,3.27,"['V', 'AE1', 'N', 'D', 'ER0', 'B', 'IH0', 'L', 'T']","['V', 'AE', 'N', 'D', 'ER', 'B', 'IH', 'L', 'T']",PROPN,3,6
393,lavender,RLSL,real,long,simple,2.75e-06,7,3.44,"['L', 'AE1', 'V', 'AH0', 'N', 'D', 'ER0']","['L', 'AE', 'V', 'AH', 'N', 'D', 'ER']",VERB,3,4
394,gingrich,RLSL,real,long,simple,9.77e-07,7,2.99,"['G', 'IH1', 'NG', 'G', 'R', 'IH0', 'CH']","['G', 'IH', 'NG', 'G', 'R', 'IH', 'CH']",PROPN,2,5
395,javelin,RLSL,real,long,simple,7.94e-07,7,2.9,"['JH', 'AE1', 'V', 'AH0', 'L', 'AH0', 'N']","['JH', 'AE', 'V', 'AH', 'L', 'AH', 'N']",NOUN,3,4
396,piccadilly,RLSL,real,long,simple,1.05e-06,8,3.02,"['P', 'IH1', 'K', 'AH0', 'D', 'IH2', 'L', 'IY0']","['P', 'IH', 'K', 'AH', 'D', 'IH', 'L', 'IY']",PROPN,4,4
397,anaconda,RLSL,real,long,simple,9.33e-07,8,2.97,"['AE2', 'N', 'AH0', 'K', 'AA1', 'N', 'D', 'AH0']","['AE', 'N', 'AH', 'K', 'AA', 'N', 'D', 'AH']",NOUN,4,4
398,mannequin,RLSL,real,long,simple,1.15e-06,7,3.06,"['M', 'AE1', 'N', 'AH0', 'K', 'IH0', 'N']","['M', 'AE', 'N', 'AH', 'K', 'IH', 'N']",NOUN,3,4
399,fiduciary,RLSL,real,long,simple,1.12e-06,9,3.05,"['F', 'AH0', 'D', 'UW1', 'SH', 'IY0', 'EH2', 'R', 'IY0']","['F', 'AH', 'D', 'UW', 'SH', 'IY', 'EH', 'R', 'IY']",ADJ,5,4
400,gathered,RSCH,real,short,complex,1.86e-05,5,4.27,"['G', 'AE1', 'DH', 'ER0', 'D']","['G', 'AE', 'DH', 'ER', 'D']",VERB,2,3
401,having,RSCH,real,short,complex,0.000389,5,5.59,"['HH', 'AE1', 'V', 'IH0', 'NG']","['HH', 'AE', 'V', 'IH', 'NG']",VERB,2,3
402,lovely,RSCH,real,short,complex,5.5e-05,5,4.74,"['L', 'AH1', 'V', 'L', 'IY0']","['L', 'AH', 'V', 'L', 'IY']",ADJ,2,3
403,update,RSCH,real,short,complex,4.9e-05,5,4.69,"['AH0', 'P', 'D', 'EY1', 'T']","['AH', 'P', 'D', 'EY', 'T']",VERB,2,3
404,healthy,RSCH,real,short,complex,6.31e-05,5,4.8,"['HH', 'EH1', 'L', 'TH', 'IY0']","['HH', 'EH', 'L', 'TH', 'IY']",ADJ,2,3
405,outlet,RSCH,real,short,complex,1e-05,5,4.0,"['AW1', 'T', 'L', 'EH2', 'T']","['AW', 'T', 'L', 'EH', 'T']",NOUN,2,3
406,emperor,RSCH,real,short,complex,1.78e-05,5,4.25,"['EH1', 'M', 'P', 'ER0', 'ER0']","['EH', 'M', 'P', 'ER', 'ER']",NOUN,3,2
407,research,RSCH,real,short,complex,0.000245,5,5.39,"['R', 'IY0', 'S', 'ER1', 'CH']","['R', 'IY', 'S', 'ER', 'CH']",NOUN,2,3
408,their,RSCH,real,short,complex,0.00214,3,6.33,"['DH', 'EH1', 'R']","['DH', 'EH', 'R']",PRON,1,2
409,footage,RSCH,real,short,complex,2.04e-05,5,4.31,"['F', 'UH1', 'T', 'IH0', 'JH']","['F', 'UH', 'T', 'IH', 'JH']",NOUN,2,3
410,makeup,RSCH,real,short,complex,2.45e-05,5,4.39,"['M', 'EY1', 'K', 'AH2', 'P']","['M', 'EY', 'K', 'AH', 'P']",NOUN,2,3
411,filmed,RSCH,real,short,complex,1.15e-05,5,4.06,"['F', 'IH1', 'L', 'M', 'D']","['F', 'IH', 'L', 'M', 'D']",VERB,1,4
412,innings,RSCH,real,short,complex,1.05e-05,5,4.02,"['IH1', 'N', 'IH0', 'NG', 'Z']","['IH', 'N', 'IH', 'NG', 'Z']",VERB,2,3
413,gotten,RSCH,real,short,complex,2.95e-05,5,4.47,"['G', 'AA1', 'T', 'AH0', 'N']","['G', 'AA', 'T', 'AH', 'N']",VERB,2,3
414,forever,RSCH,real,short,complex,5.5e-05,5,4.74,"['F', 'ER0', 'EH1', 'V', 'ER0']","['F', 'ER', 'EH', 'V', 'ER']",ADV,3,2
415,assigned,RSCH,real,short,complex,2.45e-05,5,4.39,"['AH0', 'S', 'AY1', 'N', 'D']","['AH', 'S', 'AY', 'N', 'D']",VERB,2,3
416,workout,RSCH,real,short,complex,1.05e-05,5,4.02,"['W', 'ER1', 'K', 'AW2', 'T']","['W', 'ER', 'K', 'AW', 'T']",NOUN,2,3
417,goodbye,RSCH,real,short,complex,2e-05,5,4.3,"['G', 'UH2', 'D', 'B', 'AY1']","['G', 'UH', 'D', 'B', 'AY']",NOUN,2,3
418,goddess,RSCH,real,short,complex,1.02e-05,5,4.01,"['G', 'AA1', 'D', 'AH0', 'S']","['G', 'AA', 'D', 'AH', 'S']",NOUN,2,3
419,called,RSCH,real,short,complex,0.000389,4,5.59,"['K', 'AO1', 'L', 'D']","['K', 'AO', 'L', 'D']",VERB,1,3
420,southern,RSCH,real,short,complex,6.92e-05,5,4.84,"['S', 'AH1', 'DH', 'ER0', 'N']","['S', 'AH', 'DH', 'ER', 'N']",ADJ,2,3
421,doing,RSCH,real,short,complex,0.000398,4,5.6,"['D', 'UW1', 'IH0', 'NG']","['D', 'UW', 'IH', 'NG']",VERB,2,2
422,greater,RSCH,real,short,complex,7.94e-05,5,4.9,"['G', 'R', 'EY1', 'T', 'ER0']","['G', 'R', 'EY', 'T', 'ER']",ADJ,2,3
423,airline,RSCH,real,short,complex,1.1e-05,5,4.04,"['EH1', 'R', 'L', 'AY2', 'N']","['EH', 'R', 'L', 'AY', 'N']",NOUN,2,3
424,wished,RSCH,real,short,complex,1e-05,4,4.0,"['W', 'IH1', 'SH', 'T']","['W', 'IH', 'SH', 'T']",VERB,1,3
425,really,RSCH,real,short,complex,0.000933,4,5.97,"['R', 'IH1', 'L', 'IY0']","['R', 'IH', 'L', 'IY']",ADV,2,2
426,things,RSCH,real,short,complex,0.00055,4,5.74,"['TH', 'IH1', 'NG', 'Z']","['TH', 'IH', 'NG', 'Z']",NOUN,1,3
427,outcome,RSCH,real,short,complex,2.24e-05,5,4.35,"['AW1', 'T', 'K', 'AH2', 'M']","['AW', 'T', 'K', 'AH', 'M']",VERB,2,3
428,marriage,RSCH,real,short,complex,8.13e-05,5,4.91,"['M', 'EH1', 'R', 'IH0', 'JH']","['M', 'EH', 'R', 'IH', 'JH']",NOUN,2,3
429,social,RSCH,real,short,complex,0.000263,5,5.42,"['S', 'OW1', 'SH', 'AH0', 'L']","['S', 'OW', 'SH', 'AH', 'L']",ADJ,2,3
430,passage,RSCH,real,short,complex,1.86e-05,5,4.27,"['P', 'AE1', 'S', 'AH0', 'JH']","['P', 'AE', 'S', 'AH', 'JH']",NOUN,2,3
431,someday,RSCH,real,short,complex,1.12e-05,5,4.05,"['S', 'AH1', 'M', 'D', 'EY2']","['S', 'AH', 'M', 'D', 'EY']",NOUN,2,3
432,known,RSCH,real,short,complex,0.000245,3,5.39,"['N', 'OW1', 'N']","['N', 'OW', 'N']",VERB,1,2
433,getting,RSCH,real,short,complex,0.000372,5,5.57,"['G', 'EH1', 'T', 'IH0', 'NG']","['G', 'EH', 'T', 'IH', 'NG']",VERB,2,3
434,utterly,RSCH,real,short,complex,1.05e-05,5,4.02,"['AH1', 'T', 'ER0', 'L', 'IY0']","['AH', 'T', 'ER', 'L', 'IY']",ADV,3,2
435,birthday,RSCH,real,short,complex,5.75e-05,5,4.76,"['B', 'ER1', 'TH', 'D', 'EY2']","['B', 'ER', 'TH', 'D', 'EY']",NOUN,2,3
436,aging,RSCH,real,short,complex,1.1e-05,4,4.04,"['EY1', 'JH', 'IH0', 'NG']","['EY', 'JH', 'IH', 'NG']",VERB,2,2
437,carrier,RSCH,real,short,complex,1.95e-05,5,4.29,"['K', 'AE1', 'R', 'IY0', 'ER0']","['K', 'AE', 'R', 'IY', 'ER']",NOUN,3,2
438,beating,RSCH,real,short,complex,2.69e-05,5,4.43,"['B', 'IY1', 'T', 'IH0', 'NG']","['B', 'IY', 'T', 'IH', 'NG']",VERB,2,3
439,thrown,RSCH,real,short,complex,2.51e-05,4,4.4,"['TH', 'R', 'OW1', 'N']","['TH', 'R', 'OW', 'N']",VERB,1,3
440,going,RSCH,real,short,complex,0.000871,4,5.94,"['G', 'OW1', 'IH0', 'NG']","['G', 'OW', 'IH', 'NG']",VERB,2,2
441,highly,RSCH,real,short,complex,7.76e-05,4,4.89,"['HH', 'AY1', 'L', 'IY0']","['HH', 'AY', 'L', 'IY']",ADV,2,2
442,surveys,RSCH,real,short,complex,1e-05,5,4.0,"['S', 'ER1', 'V', 'EY2', 'Z']","['S', 'ER', 'V', 'EY', 'Z']",NOUN,2,3
443,diving,RSCH,real,short,complex,1.05e-05,5,4.02,"['D', 'AY1', 'V', 'IH0', 'NG']","['D', 'AY', 'V', 'IH', 'NG']",VERB,2,3
444,realize,RSCH,real,short,complex,6.76e-05,5,4.83,"['R', 'IY1', 'L', 'AY2', 'Z']","['R', 'IY', 'L', 'AY', 'Z']",VERB,2,3
445,nothing,RSCH,real,short,complex,0.000355,5,5.55,"['N', 'AH1', 'TH', 'IH0', 'NG']","['N', 'AH', 'TH', 'IH', 'NG']",PRON,2,3
446,agreed,RSCH,real,short,complex,6.92e-05,5,4.84,"['AH0', 'G', 'R', 'IY1', 'D']","['AH', 'G', 'R', 'IY', 'D']",VERB,2,3
447,indeed,RSCH,real,short,complex,6.17e-05,5,4.79,"['IH0', 'N', 'D', 'IY1', 'D']","['IH', 'N', 'D', 'IY', 'D']",ADV,2,3
448,outdoor,RSCH,real,short,complex,1.7e-05,5,4.23,"['AW1', 'T', 'D', 'AO2', 'R']","['AW', 'T', 'D', 'AO', 'R']",NOUN,2,3
449,whoever,RSCH,real,short,complex,2.63e-05,5,4.42,"['HH', 'UW0', 'EH1', 'V', 'ER0']","['HH', 'UW', 'EH', 'V', 'ER']",PRON,3,2
450,wedding,RSCH,real,short,complex,6.76e-05,5,4.83,"['W', 'EH1', 'D', 'IH0', 'NG']","['W', 'EH', 'D', 'IH', 'NG']",NOUN,2,3
451,turkish,RSCH,real,short,complex,1.91e-05,5,4.28,"['T', 'ER1', 'K', 'IH0', 'SH']","['T', 'ER', 'K', 'IH', 'SH']",ADJ,2,3
452,blows,RSCH,real,short,complex,1.1e-05,4,4.04,"['B', 'L', 'OW1', 'Z']","['B', 'L', 'OW', 'Z']",VERB,1,3
453,halfway,RSCH,real,short,complex,1.15e-05,5,4.06,"['HH', 'AE1', 'F', 'W', 'EY1']","['HH', 'AE', 'F', 'W', 'EY']",ADV,2,3
454,awesome,RSCH,real,short,complex,8.32e-05,4,4.92,"['AA1', 'S', 'AH0', 'M']","['AA', 'S', 'AH', 'M']",ADJ,2,2
455,thermal,RSCH,real,short,complex,1.1e-05,5,4.04,"['TH', 'ER1', 'M', 'AH0', 'L']","['TH', 'ER', 'M', 'AH', 'L']",ADJ,2,3
456,wolves,RSCH,real,short,complex,1.02e-05,5,4.01,"['W', 'UH1', 'L', 'V', 'Z']","['W', 'UH', 'L', 'V', 'Z']",NOUN,1,4
457,rarely,RSCH,real,short,complex,2.63e-05,5,4.42,"['R', 'EH1', 'R', 'L', 'IY0']","['R', 'EH', 'R', 'L', 'IY']",ADV,2,3
458,fourth,RSCH,real,short,complex,6.76e-05,4,4.83,"['F', 'AO1', 'R', 'TH']","['F', 'AO', 'R', 'TH']",ADJ,1,3
459,truly,RSCH,real,short,complex,7.41e-05,5,4.87,"['T', 'R', 'UW1', 'L', 'IY0']","['T', 'R', 'UW', 'L', 'IY']",ADV,2,3
460,overall,RSCH,real,short,complex,7.94e-05,5,4.9,"['OW1', 'V', 'ER0', 'AO2', 'L']","['OW', 'V', 'ER', 'AO', 'L']",ADJ,3,2
461,another,RSCH,real,short,complex,0.00055,5,5.74,"['AH0', 'N', 'AH1', 'DH', 'ER0']","['AH', 'N', 'AH', 'DH', 'ER']",PRON,3,2
462,dealt,RSCH,real,short,complex,1.58e-05,4,4.2,"['D', 'EH1', 'L', 'T']","['D', 'EH', 'L', 'T']",VERB,1,3
463,wooden,RSCH,real,short,complex,2.14e-05,5,4.33,"['W', 'UH1', 'D', 'AH0', 'N']","['W', 'UH', 'D', 'AH', 'N']",ADJ,2,3
464,its,RSCH,real,short,complex,0.00138,3,6.14,"['IH1', 'T', 'S']","['IH', 'T', 'S']",PRON,1,2
465,liar,RSCH,real,short,complex,1.05e-05,3,4.02,"['L', 'AY1', 'ER0']","['L', 'AY', 'ER']",NOUN,2,1
466,insane,RSCH,real,short,complex,2.51e-05,5,4.4,"['IH0', 'N', 'S', 'EY1', 'N']","['IH', 'N', 'S', 'EY', 'N']",ADJ,2,3
467,because,RSCH,real,short,complex,0.00107,5,6.03,"['B', 'IH0', 'K', 'AO1', 'Z']","['B', 'IH', 'K', 'AO', 'Z']",SCONJ,2,3
468,abroad,RSCH,real,short,complex,2.45e-05,5,4.39,"['AH0', 'B', 'R', 'AO1', 'D']","['AH', 'B', 'R', 'AO', 'D']",ADV,2,3
469,nervous,RSCH,real,short,complex,2.63e-05,5,4.42,"['N', 'ER1', 'V', 'AH0', 'S']","['N', 'ER', 'V', 'AH', 'S']",ADJ,2,3
470,whereas,RSCH,real,short,complex,2.57e-05,5,4.41,"['W', 'EH0', 'R', 'AE1', 'Z']","['W', 'EH', 'R', 'AE', 'Z']",SCONJ,2,3
471,eastern,RSCH,real,short,complex,6.03e-05,5,4.78,"['IY1', 'S', 'T', 'ER0', 'N']","['IY', 'S', 'T', 'ER', 'N']",ADJ,2,3
472,outfit,RSCH,real,short,complex,1.66e-05,5,4.22,"['AW1', 'T', 'F', 'IH2', 'T']","['AW', 'T', 'F', 'IH', 'T']",NOUN,2,3
473,behalf,RSCH,real,short,complex,2.63e-05,5,4.42,"['B', 'IH0', 'HH', 'AE1', 'F']","['B', 'IH', 'HH', 'AE', 'F']",NOUN,2,3
474,liquor,RSCH,real,short,complex,1.02e-05,4,4.01,"['L', 'IH1', 'K', 'ER0']","['L', 'IH', 'K', 'ER']",NOUN,2,2
475,begun,RSCH,real,short,complex,2.29e-05,5,4.36,"['B', 'IH0', 'G', 'AH1', 'N']","['B', 'IH', 'G', 'AH', 'N']",VERB,2,3
476,fallen,RSCH,real,short,complex,2.45e-05,5,4.39,"['F', 'AA1', 'L', 'AH0', 'N']","['F', 'AA', 'L', 'AH', 'N']",VERB,2,3
477,within,RSCH,real,short,complex,0.000275,5,5.44,"['W', 'IH0', 'DH', 'IH1', 'N']","['W', 'IH', 'DH', 'IH', 'N']",ADP,2,3
478,fried,RSCH,real,short,complex,1.15e-05,4,4.06,"['F', 'R', 'AY1', 'D']","['F', 'R', 'AY', 'D']",VERB,1,3
479,stole,RSCH,real,short,complex,1.62e-05,4,4.21,"['S', 'T', 'OW1', 'L']","['S', 'T', 'OW', 'L']",VERB,1,3
480,offense,RSCH,real,short,complex,1.82e-05,5,4.26,"['AH0', 'F', 'EH1', 'N', 'S']","['AH', 'F', 'EH', 'N', 'S']",NOUN,2,3
481,renewed,RSCH,real,short,complex,1.1e-05,5,4.04,"['R', 'IH0', 'N', 'UW1', 'D']","['R', 'IH', 'N', 'UW', 'D']",VERB,2,3
482,safely,RSCH,real,short,complex,1.66e-05,5,4.22,"['S', 'EY1', 'F', 'L', 'IY0']","['S', 'EY', 'F', 'L', 'IY']",ADV,2,3
483,lottery,RSCH,real,short,complex,1e-05,5,4.0,"['L', 'AA1', 'T', 'ER0', 'IY0']","['L', 'AA', 'T', 'ER', 'IY']",NOUN,3,2
484,fishing,RSCH,real,short,complex,2.95e-05,5,4.47,"['F', 'IH1', 'SH', 'IH0', 'NG']","['F', 'IH', 'SH', 'IH', 'NG']",NOUN,2,3
485,happier,RSCH,real,short,complex,1.15e-05,5,4.06,"['HH', 'AE1', 'P', 'IY0', 'ER0']","['HH', 'AE', 'P', 'IY', 'ER']",ADJ,3,2
486,forgive,RSCH,real,short,complex,1.78e-05,5,4.25,"['F', 'ER0', 'G', 'IH1', 'V']","['F', 'ER', 'G', 'IH', 'V']",VERB,2,3
487,surface,RSCH,real,short,complex,6.76e-05,5,4.83,"['S', 'ER1', 'F', 'AH0', 'S']","['S', 'ER', 'F', 'AH', 'S']",NOUN,2,3
488,keeper,RSCH,real,short,complex,1.05e-05,4,4.02,"['K', 'IY1', 'P', 'ER0']","['K', 'IY', 'P', 'ER']",NOUN,2,2
489,announce,RSCH,real,short,complex,1.82e-05,5,4.26,"['AH0', 'N', 'AW1', 'N', 'S']","['AH', 'N', 'AW', 'N', 'S']",VERB,2,3
490,being,RSCH,real,short,complex,0.000891,4,5.95,"['B', 'IY1', 'IH0', 'NG']","['B', 'IY', 'IH', 'NG']",AUX,2,2
491,become,RSCH,real,short,complex,0.000251,5,5.4,"['B', 'IH0', 'K', 'AH1', 'M']","['B', 'IH', 'K', 'AH', 'M']",VERB,2,3
492,always,RSCH,real,short,complex,0.000575,5,5.76,"['AO1', 'L', 'W', 'EY2', 'Z']","['AO', 'L', 'W', 'EY', 'Z']",ADV,2,3
493,screwed,RSCH,real,short,complex,1e-05,5,4.0,"['S', 'K', 'R', 'UW1', 'D']","['S', 'K', 'R', 'UW', 'D']",VERB,1,4
494,affairs,RSCH,real,short,complex,4.68e-05,5,4.67,"['AH0', 'F', 'EH1', 'R', 'Z']","['AH', 'F', 'EH', 'R', 'Z']",NOUN,2,3
495,railway,RSCH,real,short,complex,2.88e-05,5,4.46,"['R', 'EY1', 'L', 'W', 'EY2']","['R', 'EY', 'L', 'W', 'EY']",NOUN,2,3
496,later,RSCH,real,short,complex,0.000309,4,5.49,"['L', 'EY1', 'T', 'ER0']","['L', 'EY', 'T', 'ER']",ADV,2,2
497,sexy,RSCH,real,short,complex,2.63e-05,5,4.42,"['S', 'EH1', 'K', 'S', 'IY0']","['S', 'EH', 'K', 'S', 'IY']",ADJ,2,3
498,teacher,RSCH,real,short,complex,7.59e-05,4,4.88,"['T', 'IY1', 'CH', 'ER0']","['T', 'IY', 'CH', 'ER']",NOUN,2,2
499,turning,RSCH,real,short,complex,5.13e-05,5,4.71,"['T', 'ER1', 'N', 'IH0', 'NG']","['T', 'ER', 'N', 'IH', 'NG']",VERB,2,3
500,encode,RSCL,real,short,complex,8.91e-07,5,2.95,"['EH0', 'N', 'K', 'OW1', 'D']","['EH', 'N', 'K', 'OW', 'D']",VERB,2,3
501,bathe,RSCL,real,short,complex,1.66e-06,3,3.22,"['B', 'EY1', 'DH']","['B', 'EY', 'DH']",VERB,1,2
502,foggy,RSCL,real,short,complex,1.55e-06,4,3.19,"['F', 'AA1', 'G', 'IY0']","['F', 'AA', 'G', 'IY']",ADJ,2,2
503,footing,RSCL,real,short,complex,3.16e-06,5,3.5,"['F', 'UH1', 'T', 'IH0', 'NG']","['F', 'UH', 'T', 'IH', 'NG']",VERB,2,3
504,lows,RSCL,real,short,complex,2.82e-06,3,3.45,"['L', 'OW1', 'Z']","['L', 'OW', 'Z']",NOUN,1,2
505,eyebrow,RSCL,real,short,complex,2.34e-06,4,3.37,"['AY1', 'B', 'R', 'AW2']","['AY', 'B', 'R', 'AW']",NOUN,2,2
506,smelled,RSCL,real,short,complex,3.16e-06,5,3.5,"['S', 'M', 'EH1', 'L', 'D']","['S', 'M', 'EH', 'L', 'D']",VERB,1,4
507,beehive,RSCL,real,short,complex,7.76e-07,5,2.89,"['B', 'IY1', 'HH', 'AY2', 'V']","['B', 'IY', 'HH', 'AY', 'V']",NOUN,2,3
508,earner,RSCL,real,short,complex,8.71e-07,3,2.94,"['ER1', 'N', 'ER0']","['ER', 'N', 'ER']",NOUN,2,1
509,tableau,RSCL,real,short,complex,8.32e-07,5,2.92,"['T', 'AH0', 'B', 'L', 'OW1']","['T', 'AH', 'B', 'L', 'OW']",NOUN,2,3
510,tenths,RSCL,real,short,complex,9.33e-07,5,2.97,"['T', 'EH1', 'N', 'TH', 'S']","['T', 'EH', 'N', 'TH', 'S']",NOUN,1,4
511,perverse,RSCL,real,short,complex,1.55e-06,5,3.19,"['P', 'ER0', 'V', 'ER1', 'S']","['P', 'ER', 'V', 'ER', 'S']",ADJ,2,3
512,adjourned,RSCL,real,short,complex,2.19e-06,5,3.34,"['AH0', 'JH', 'ER1', 'N', 'D']","['AH', 'JH', 'ER', 'N', 'D']",VERB,2,3
513,chewy,RSCL,real,short,complex,8.71e-07,3,2.94,"['CH', 'UW1', 'IY0']","['CH', 'UW', 'IY']",ADJ,2,1
514,mating,RSCL,real,short,complex,3.16e-06,5,3.5,"['M', 'EY1', 'T', 'IH0', 'NG']","['M', 'EY', 'T', 'IH', 'NG']",VERB,2,3
515,deepen,RSCL,real,short,complex,1.55e-06,5,3.19,"['D', 'IY1', 'P', 'AH0', 'N']","['D', 'IY', 'P', 'AH', 'N']",VERB,2,3
516,ablaze,RSCL,real,short,complex,8.51e-07,5,2.93,"['AH0', 'B', 'L', 'EY1', 'Z']","['AH', 'B', 'L', 'EY', 'Z']",ADJ,2,3
517,onerous,RSCL,real,short,complex,8.32e-07,5,2.92,"['OW1', 'N', 'ER0', 'AH0', 'S']","['OW', 'N', 'ER', 'AH', 'S']",ADJ,3,2
518,assessor,RSCL,real,short,complex,7.59e-07,5,2.88,"['AH0', 'S', 'EH1', 'S', 'ER0']","['AH', 'S', 'EH', 'S', 'ER']",NOUN,3,2
519,iced,RSCL,real,short,complex,2.88e-06,3,3.46,"['AY1', 'S', 'T']","['AY', 'S', 'T']",VERB,1,2
520,geese,RSCL,real,short,complex,2.24e-06,3,3.35,"['G', 'IY1', 'S']","['G', 'IY', 'S']",VERB,1,2
521,doughnut,RSCL,real,short,complex,1.48e-06,5,3.17,"['D', 'OW1', 'N', 'AH2', 'T']","['D', 'OW', 'N', 'AH', 'T']",VERB,2,3
522,haitian,RSCL,real,short,complex,2.24e-06,5,3.35,"['HH', 'EY1', 'SH', 'AH0', 'N']","['HH', 'EY', 'SH', 'AH', 'N']",ADJ,2,3
523,herbal,RSCL,real,short,complex,2.29e-06,4,3.36,"['ER1', 'B', 'AH0', 'L']","['ER', 'B', 'AH', 'L']",ADJ,2,2
524,anew,RSCL,real,short,complex,1.58e-06,3,3.2,"['AH0', 'N', 'UW1']","['AH', 'N', 'UW']",ADV,2,1
525,drier,RSCL,real,short,complex,1.55e-06,4,3.19,"['D', 'R', 'AY1', 'ER0']","['D', 'R', 'AY', 'ER']",ADJ,2,2
526,awfully,RSCL,real,short,complex,2.57e-06,4,3.41,"['AA1', 'F', 'L', 'IY0']","['AA', 'F', 'L', 'IY']",ADV,2,2
527,upped,RSCL,real,short,complex,1.17e-06,3,3.07,"['AH1', 'P', 'T']","['AH', 'P', 'T']",VERB,1,2
528,faiths,RSCL,real,short,complex,1.58e-06,4,3.2,"['F', 'EY1', 'TH', 'S']","['F', 'EY', 'TH', 'S']",NOUN,1,3
529,sorely,RSCL,real,short,complex,1.55e-06,5,3.19,"['S', 'AO1', 'R', 'L', 'IY0']","['S', 'AO', 'R', 'L', 'IY']",ADV,2,3
530,hippie,RSCL,real,short,complex,2.29e-06,4,3.36,"['HH', 'IH1', 'P', 'IY0']","['HH', 'IH', 'P', 'IY']",NOUN,2,2
531,eyeing,RSCL,real,short,complex,1.45e-06,3,3.16,"['AY1', 'IH0', 'NG']","['AY', 'IH', 'NG']",VERB,2,1
532,skinner,RSCL,real,short,complex,3.16e-06,5,3.5,"['S', 'K', 'IH1', 'N', 'ER0']","['S', 'K', 'IH', 'N', 'ER']",PROPN,2,3
533,mixer,RSCL,real,short,complex,3.16e-06,5,3.5,"['M', 'IH1', 'K', 'S', 'ER0']","['M', 'IH', 'K', 'S', 'ER']",NOUN,2,3
534,growers,RSCL,real,short,complex,3.16e-06,5,3.5,"['G', 'R', 'OW1', 'ER0', 'Z']","['G', 'R', 'OW', 'ER', 'Z']",NOUN,2,3
535,shrunk,RSCL,real,short,complex,1.51e-06,5,3.18,"['SH', 'R', 'AH1', 'NG', 'K']","['SH', 'R', 'AH', 'NG', 'K']",VERB,1,4
536,caress,RSCL,real,short,complex,8.71e-07,4,2.94,"['K', 'ER0', 'EH1', 'S']","['K', 'ER', 'EH', 'S']",VERB,2,2
537,earthy,RSCL,real,short,complex,1.05e-06,3,3.02,"['ER1', 'TH', 'IY0']","['ER', 'TH', 'IY']",ADJ,2,1
538,bows,RSCL,real,short,complex,3.16e-06,3,3.5,"['B', 'AW1', 'Z']","['B', 'AW', 'Z']",VERB,1,2
539,airtight,RSCL,real,short,complex,8.91e-07,5,2.95,"['EH1', 'R', 'T', 'AY2', 'T']","['EH', 'R', 'T', 'AY', 'T']",NOUN,2,3
540,eater,RSCL,real,short,complex,2.63e-06,3,3.42,"['IY1', 'T', 'ER0']","['IY', 'T', 'ER']",NOUN,2,1
541,redo,RSCL,real,short,complex,1.55e-06,4,3.19,"['R', 'IY0', 'D', 'UW1']","['R', 'IY', 'D', 'UW']",VERB,2,2
542,seaman,RSCL,real,short,complex,1.58e-06,5,3.2,"['S', 'IY1', 'M', 'AH0', 'N']","['S', 'IY', 'M', 'AH', 'N']",NOUN,2,3
543,dries,RSCL,real,short,complex,1.58e-06,4,3.2,"['D', 'R', 'AY1', 'Z']","['D', 'R', 'AY', 'Z']",VERB,1,3
544,roaming,RSCL,real,short,complex,3.16e-06,5,3.5,"['R', 'OW1', 'M', 'IH0', 'NG']","['R', 'OW', 'M', 'IH', 'NG']",VERB,2,3
545,longing,RSCL,real,short,complex,3.16e-06,5,3.5,"['L', 'AO1', 'NG', 'IH0', 'NG']","['L', 'AO', 'NG', 'IH', 'NG']",NOUN,2,3
546,orator,RSCL,real,short,complex,7.94e-07,5,2.9,"['AO1', 'R', 'AH0', 'T', 'ER0']","['AO', 'R', 'AH', 'T', 'ER']",NOUN,3,2
547,kneel,RSCL,real,short,complex,1.74e-06,3,3.24,"['N', 'IY1', 'L']","['N', 'IY', 'L']",VERB,1,2
548,hellish,RSCL,real,short,complex,8.32e-07,5,2.92,"['HH', 'EH1', 'L', 'IH0', 'SH']","['HH', 'EH', 'L', 'IH', 'SH']",ADJ,2,3
549,sayings,RSCL,real,short,complex,1.48e-06,5,3.17,"['S', 'EY1', 'IH0', 'NG', 'Z']","['S', 'EY', 'IH', 'NG', 'Z']",NOUN,2,3
550,bluish,RSCL,real,short,complex,7.59e-07,5,2.88,"['B', 'L', 'UW1', 'IH0', 'SH']","['B', 'L', 'UW', 'IH', 'SH']",ADJ,2,3
551,detour,RSCL,real,short,complex,1.58e-06,5,3.2,"['D', 'IH0', 'T', 'UH1', 'R']","['D', 'IH', 'T', 'UH', 'R']",NOUN,2,3
552,eased,RSCL,real,short,complex,1.78e-06,3,3.25,"['IY1', 'Z', 'D']","['IY', 'Z', 'D']",VERB,1,2
553,finesse,RSCL,real,short,complex,1.51e-06,5,3.18,"['F', 'IH0', 'N', 'EH1', 'S']","['F', 'IH', 'N', 'EH', 'S']",VERB,2,3
554,lawler,RSCL,real,short,complex,8.51e-07,4,2.93,"['L', 'AO1', 'L', 'ER0']","['L', 'AO', 'L', 'ER']",PROPN,2,2
555,haters,RSCL,real,short,complex,3.16e-06,5,3.5,"['HH', 'EY1', 'T', 'ER0', 'Z']","['HH', 'EY', 'T', 'ER', 'Z']",NOUN,2,3
556,foresee,RSCL,real,short,complex,1.51e-06,5,3.18,"['F', 'AO0', 'R', 'S', 'IY1']","['F', 'AO', 'R', 'S', 'IY']",VERB,2,3
557,outweighed,RSCL,real,short,complex,7.94e-07,5,2.9,"['AW0', 'T', 'W', 'EY1', 'D']","['AW', 'T', 'W', 'EY', 'D']",VERB,2,3
558,biggie,RSCL,real,short,complex,1.51e-06,4,3.18,"['B', 'IH1', 'G', 'IY0']","['B', 'IH', 'G', 'IY']",NOUN,2,2
559,sewn,RSCL,real,short,complex,1.51e-06,3,3.18,"['S', 'OW1', 'N']","['S', 'OW', 'N']",VERB,1,2
560,oxen,RSCL,real,short,complex,7.94e-07,5,2.9,"['AA1', 'K', 'S', 'AH0', 'N']","['AA', 'K', 'S', 'AH', 'N']",PROPN,2,3
561,mapped,RSCL,real,short,complex,3.16e-06,4,3.5,"['M', 'AE1', 'P', 'T']","['M', 'AE', 'P', 'T']",VERB,1,3
562,mailed,RSCL,real,short,complex,3.16e-06,4,3.5,"['M', 'EY1', 'L', 'D']","['M', 'EY', 'L', 'D']",VERB,1,3
563,shrank,RSCL,real,short,complex,7.94e-07,5,2.9,"['SH', 'R', 'AE1', 'NG', 'K']","['SH', 'R', 'AE', 'NG', 'K']",VERB,1,4
564,impair,RSCL,real,short,complex,8.51e-07,5,2.93,"['IH0', 'M', 'P', 'EH1', 'R']","['IH', 'M', 'P', 'EH', 'R']",VERB,2,3
565,afoot,RSCL,real,short,complex,7.76e-07,4,2.89,"['AH0', 'F', 'UH1', 'T']","['AH', 'F', 'UH', 'T']",VERB,2,2
566,docked,RSCL,real,short,complex,1.58e-06,4,3.2,"['D', 'AA1', 'K', 'T']","['D', 'AA', 'K', 'T']",VERB,1,3
567,oars,RSCL,real,short,complex,1.02e-06,3,3.01,"['AO1', 'R', 'Z']","['AO', 'R', 'Z']",NOUN,1,2
568,recoil,RSCL,real,short,complex,1.55e-06,5,3.19,"['R', 'IY0', 'K', 'OY1', 'L']","['R', 'IY', 'K', 'OY', 'L']",VERB,2,3
569,hitter,RSCL,real,short,complex,3.16e-06,4,3.5,"['HH', 'IH1', 'T', 'ER0']","['HH', 'IH', 'T', 'ER']",NOUN,2,2
570,outing,RSCL,real,short,complex,3.16e-06,4,3.5,"['AW1', 'T', 'IH0', 'NG']","['AW', 'T', 'IH', 'NG']",NOUN,2,2
571,eels,RSCL,real,short,complex,1.51e-06,3,3.18,"['IY1', 'L', 'Z']","['IY', 'L', 'Z']",NOUN,1,2
572,disarray,RSCL,real,short,complex,9.12e-07,5,2.96,"['D', 'IH2', 'S', 'ER0', 'EY1']","['D', 'IH', 'S', 'ER', 'EY']",NOUN,3,2
573,ills,RSCL,real,short,complex,1.02e-06,3,3.01,"['IH1', 'L', 'Z']","['IH', 'L', 'Z']",NOUN,1,2
574,rename,RSCL,real,short,complex,1.51e-06,5,3.18,"['R', 'IY0', 'N', 'EY1', 'M']","['R', 'IY', 'N', 'EY', 'M']",VERB,2,3
575,lashes,RSCL,real,short,complex,2.75e-06,5,3.44,"['L', 'AE1', 'SH', 'IH0', 'Z']","['L', 'AE', 'SH', 'IH', 'Z']",NOUN,2,3
576,seashore,RSCL,real,short,complex,8.32e-07,5,2.92,"['S', 'IY1', 'SH', 'AO2', 'R']","['S', 'IY', 'SH', 'AO', 'R']",NOUN,2,3
577,badges,RSCL,real,short,complex,3.16e-06,5,3.5,"['B', 'AE1', 'JH', 'IH0', 'Z']","['B', 'AE', 'JH', 'IH', 'Z']",NOUN,2,3
578,milky,RSCL,real,short,complex,3.16e-06,5,3.5,"['M', 'IH1', 'L', 'K', 'IY0']","['M', 'IH', 'L', 'K', 'IY']",ADJ,2,3
579,ascent,RSCL,real,short,complex,2.63e-06,5,3.42,"['AH0', 'S', 'EH1', 'N', 'T']","['AH', 'S', 'EH', 'N', 'T']",NOUN,2,3
580,sawmill,RSCL,real,short,complex,7.76e-07,5,2.89,"['S', 'AO1', 'M', 'IH2', 'L']","['S', 'AO', 'M', 'IH', 'L']",NOUN,2,3
581,authored,RSCL,real,short,complex,3.09e-06,4,3.49,"['AO1', 'TH', 'ER0', 'D']","['AO', 'TH', 'ER', 'D']",VERB,2,2
582,bailout,RSCL,real,short,complex,1.45e-06,5,3.16,"['B', 'EY1', 'L', 'AW2', 'T']","['B', 'EY', 'L', 'AW', 'T']",NOUN,2,3
583,beggar,RSCL,real,short,complex,1.48e-06,4,3.17,"['B', 'EH1', 'G', 'ER0']","['B', 'EH', 'G', 'ER']",NOUN,2,2
584,chords,RSCL,real,short,complex,3.16e-06,5,3.5,"['K', 'AO1', 'R', 'D', 'Z']","['K', 'AO', 'R', 'D', 'Z']",NOUN,1,4
585,unearthed,RSCL,real,short,complex,1.55e-06,5,3.19,"['AH0', 'N', 'ER1', 'TH', 'T']","['AH', 'N', 'ER', 'TH', 'T']",VERB,2,3
586,ferries,RSCL,real,short,complex,1.51e-06,5,3.18,"['F', 'EH1', 'R', 'IY0', 'Z']","['F', 'EH', 'R', 'IY', 'Z']",NOUN,2,3
587,signage,RSCL,real,short,complex,1.55e-06,5,3.19,"['S', 'AY1', 'N', 'IH0', 'JH']","['S', 'AY', 'N', 'IH', 'JH']",NOUN,2,3
588,eyeing,RSCL,real,short,complex,1.45e-06,3,3.16,"['AY1', 'IH0', 'NG']","['AY', 'IH', 'NG']",VERB,2,1
589,chilly,RSCL,real,short,complex,3.16e-06,4,3.5,"['CH', 'IH1', 'L', 'IY0']","['CH', 'IH', 'L', 'IY']",ADJ,2,2
590,vowed,RSCL,real,short,complex,2.45e-06,3,3.39,"['V', 'AW1', 'D']","['V', 'AW', 'D']",VERB,1,2
591,newtown,RSCL,real,short,complex,1.58e-06,5,3.2,"['N', 'UW1', 'T', 'AW2', 'N']","['N', 'UW', 'T', 'AW', 'N']",PROPN,2,3
592,sighed,RSCL,real,short,complex,1.35e-06,3,3.13,"['S', 'AY1', 'D']","['S', 'AY', 'D']",VERB,1,2
593,apes,RSCL,real,short,complex,2.82e-06,3,3.45,"['EY1', 'P', 'S']","['EY', 'P', 'S']",NOUN,1,2
594,shone,RSCL,real,short,complex,1.7e-06,3,3.23,"['SH', 'OW1', 'N']","['SH', 'OW', 'N']",VERB,1,2
595,maoist,RSCL,real,short,complex,7.94e-07,5,2.9,"['M', 'AW1', 'IH0', 'S', 'T']","['M', 'AW', 'IH', 'S', 'T']",PROPN,2,3
596,unveil,RSCL,real,short,complex,1.58e-06,5,3.2,"['AH0', 'N', 'V', 'EY1', 'L']","['AH', 'N', 'V', 'EY', 'L']",VERB,2,3
597,boos,RSCL,real,short,complex,1.07e-06,3,3.03,"['B', 'UW1', 'Z']","['B', 'UW', 'Z']",PROPN,1,2
598,crappy,RSCL,real,short,complex,3.16e-06,5,3.5,"['K', 'R', 'AE1', 'P', 'IY2']","['K', 'R', 'AE', 'P', 'IY']",ADJ,2,3
599,keyed,RSCL,real,short,complex,7.76e-07,3,2.89,"['K', 'IY1', 'D']","['K', 'IY', 'D']",VERB,1,2
600,agree,RSSH,real,short,simple,9.33e-05,4,4.97,"['AH0', 'G', 'R', 'IY1']","['AH', 'G', 'R', 'IY']",VERB,2,2
601,claim,RSSH,real,short,simple,8.91e-05,4,4.95,"['K', 'L', 'EY1', 'M']","['K', 'L', 'EY', 'M']",VERB,1,3
602,said,RSSH,real,short,simple,0.00102,3,6.01,"['S', 'EH1', 'D']","['S', 'EH', 'D']",VERB,1,2
603,stark,RSSH,real,short,simple,1.02e-05,5,4.01,"['S', 'T', 'AA1', 'R', 'K']","['S', 'T', 'AA', 'R', 'K']",ADJ,1,4
604,known,RSSH,real,short,simple,0.000245,3,5.39,"['N', 'OW1', 'N']","['N', 'OW', 'N']",VERB,1,2
605,case,RSSH,real,short,simple,0.000355,3,5.55,"['K', 'EY1', 'S']","['K', 'EY', 'S']",NOUN,1,2
606,those,RSSH,real,short,simple,0.000794,3,5.9,"['DH', 'OW1', 'Z']","['DH', 'OW', 'Z']",PRON,1,2
607,please,RSSH,real,short,simple,0.000457,4,5.66,"['P', 'L', 'IY1', 'Z']","['P', 'L', 'IY', 'Z']",INTJ,1,3
608,minute,RSSH,real,short,simple,9.55e-05,5,4.98,"['M', 'IH1', 'N', 'AH0', 'T']","['M', 'IH', 'N', 'AH', 'T']",NOUN,2,3
609,maybe,RSSH,real,short,simple,0.000282,4,5.45,"['M', 'EY1', 'B', 'IY0']","['M', 'EY', 'B', 'IY']",ADV,2,2
610,state,RSSH,real,short,simple,0.000603,4,5.78,"['S', 'T', 'EY1', 'T']","['S', 'T', 'EY', 'T']",NOUN,1,3
611,jerk,RSSH,real,short,simple,1e-05,3,4.0,"['JH', 'ER1', 'K']","['JH', 'ER', 'K']",VERB,1,2
612,den,RSSH,real,short,simple,1.02e-05,3,4.01,"['D', 'EH1', 'N']","['D', 'EH', 'N']",VERB,1,2
613,lap,RSSH,real,short,simple,1.51e-05,3,4.18,"['L', 'AE1', 'P']","['L', 'AE', 'P']",NOUN,1,2
614,could,RSSH,real,short,simple,0.00115,3,6.06,"['K', 'UH1', 'D']","['K', 'UH', 'D']",AUX,1,2
615,taxi,RSSH,real,short,simple,1.55e-05,5,4.19,"['T', 'AE1', 'K', 'S', 'IY0']","['T', 'AE', 'K', 'S', 'IY']",NOUN,2,3
616,help,RSSH,real,short,simple,0.000562,4,5.75,"['HH', 'EH1', 'L', 'P']","['HH', 'EH', 'L', 'P']",VERB,1,3
617,chase,RSSH,real,short,simple,2.75e-05,3,4.44,"['CH', 'EY1', 'S']","['CH', 'EY', 'S']",VERB,1,2
618,part,RSSH,real,short,simple,0.000603,4,5.78,"['P', 'AA1', 'R', 'T']","['P', 'AA', 'R', 'T']",NOUN,1,3
619,wear,RSSH,real,short,simple,8.32e-05,3,4.92,"['W', 'EH1', 'R']","['W', 'EH', 'R']",VERB,1,2
620,money,RSSH,real,short,simple,0.000437,4,5.64,"['M', 'AH1', 'N', 'IY0']","['M', 'AH', 'N', 'IY']",NOUN,2,2
621,harm,RSSH,real,short,simple,2.95e-05,4,4.47,"['HH', 'AA1', 'R', 'M']","['HH', 'AA', 'R', 'M']",VERB,1,3
622,gauge,RSSH,real,short,simple,1.05e-05,3,4.02,"['G', 'EY1', 'JH']","['G', 'EY', 'JH']",VERB,1,2
623,boot,RSSH,real,short,simple,1.55e-05,3,4.19,"['B', 'UW1', 'T']","['B', 'UW', 'T']",NOUN,1,2
624,chart,RSSH,real,short,simple,2.95e-05,4,4.47,"['CH', 'AA1', 'R', 'T']","['CH', 'AA', 'R', 'T']",NOUN,1,3
625,health,RSSH,real,short,simple,0.000275,4,5.44,"['HH', 'EH1', 'L', 'TH']","['HH', 'EH', 'L', 'TH']",NOUN,1,3
626,bar,RSSH,real,short,simple,8.71e-05,3,4.94,"['B', 'AA1', 'R']","['B', 'AA', 'R']",NOUN,1,2
627,power,RSSH,real,short,simple,0.000331,3,5.52,"['P', 'AW1', 'ER0']","['P', 'AW', 'ER']",NOUN,2,1
628,body,RSSH,real,short,simple,0.000251,4,5.4,"['B', 'AA1', 'D', 'IY0']","['B', 'AA', 'D', 'IY']",NOUN,2,2
629,best,RSSH,real,short,simple,0.000692,4,5.84,"['B', 'EH1', 'S', 'T']","['B', 'EH', 'S', 'T']",ADJ,1,3
630,grain,RSSH,real,short,simple,1.51e-05,4,4.18,"['G', 'R', 'EY1', 'N']","['G', 'R', 'EY', 'N']",NOUN,1,3
631,white,RSSH,real,short,simple,0.000324,3,5.51,"['W', 'AY1', 'T']","['W', 'AY', 'T']",ADJ,1,2
632,right,RSSH,real,short,simple,0.000912,3,5.96,"['R', 'AY1', 'T']","['R', 'AY', 'T']",INTJ,1,2
633,them,RSSH,real,short,simple,0.00155,3,6.19,"['DH', 'EH1', 'M']","['DH', 'EH', 'M']",PRON,1,2
634,sun,RSSH,real,short,simple,9.33e-05,3,4.97,"['S', 'AH1', 'N']","['S', 'AH', 'N']",NOUN,1,2
635,more,RSSH,real,short,simple,0.00229,3,6.36,"['M', 'AO1', 'R']","['M', 'AO', 'R']",ADJ,1,2
636,crude,RSSH,real,short,simple,1e-05,4,4.0,"['K', 'R', 'UW1', 'D']","['K', 'R', 'UW', 'D']",NOUN,1,3
637,bound,RSSH,real,short,simple,2.88e-05,4,4.46,"['B', 'AW1', 'N', 'D']","['B', 'AW', 'N', 'D']",VERB,1,3
638,when,RSSH,real,short,simple,0.00234,3,6.37,"['W', 'EH1', 'N']","['W', 'EH', 'N']",SCONJ,1,2
639,that,RSSH,real,short,simple,0.0102,3,7.01,"['DH', 'AE1', 'T']","['DH', 'AE', 'T']",PRON,1,2
640,hip,RSSH,real,short,simple,2.88e-05,3,4.46,"['HH', 'IH1', 'P']","['HH', 'IH', 'P']",NOUN,1,2
641,run,RSSH,real,short,simple,0.000309,3,5.49,"['R', 'AH1', 'N']","['R', 'AH', 'N']",VERB,1,2
642,search,RSSH,real,short,simple,9.12e-05,3,4.96,"['S', 'ER1', 'CH']","['S', 'ER', 'CH']",NOUN,1,2
643,none,RSSH,real,short,simple,8.51e-05,3,4.93,"['N', 'AH1', 'N']","['N', 'AH', 'N']",NOUN,1,2
644,let,RSSH,real,short,simple,0.000398,3,5.6,"['L', 'EH1', 'T']","['L', 'EH', 'T']",VERB,1,2
645,found,RSSH,real,short,simple,0.000479,4,5.68,"['F', 'AW1', 'N', 'D']","['F', 'AW', 'N', 'D']",VERB,1,3
646,image,RSSH,real,short,simple,8.71e-05,4,4.94,"['IH1', 'M', 'AH0', 'JH']","['IH', 'M', 'AH', 'JH']",NOUN,2,2
647,whole,RSSH,real,short,simple,0.000288,3,5.46,"['HH', 'OW1', 'L']","['HH', 'OW', 'L']",ADJ,1,2
648,pet,RSSH,real,short,simple,2.82e-05,3,4.45,"['P', 'EH1', 'T']","['P', 'EH', 'T']",NOUN,1,2
649,flash,RSSH,real,short,simple,2.82e-05,4,4.45,"['F', 'L', 'AE1', 'SH']","['F', 'L', 'AE', 'SH']",VERB,1,3
650,such,RSSH,real,short,simple,0.000692,3,5.84,"['S', 'AH1', 'CH']","['S', 'AH', 'CH']",ADJ,1,2
651,kind,RSSH,real,short,simple,0.000282,4,5.45,"['K', 'AY1', 'N', 'D']","['K', 'AY', 'N', 'D']",NOUN,1,3
652,used,RSSH,real,short,simple,0.000631,4,5.8,"['Y', 'UW1', 'Z', 'D']","['Y', 'UW', 'Z', 'D']",VERB,1,3
653,back,RSSH,real,short,simple,0.0011,3,6.04,"['B', 'AE1', 'K']","['B', 'AE', 'K']",ADV,1,2
654,south,RSSH,real,short,simple,0.000251,3,5.4,"['S', 'AW1', 'TH']","['S', 'AW', 'TH']",NOUN,1,2
655,stop,RSSH,real,short,simple,0.000331,4,5.52,"['S', 'T', 'AA1', 'P']","['S', 'T', 'AA', 'P']",VERB,1,3
656,fear,RSSH,real,short,simple,8.91e-05,3,4.95,"['F', 'IH1', 'R']","['F', 'IH', 'R']",VERB,1,2
657,make,RSSH,real,short,simple,0.0012,3,6.08,"['M', 'EY1', 'K']","['M', 'EY', 'K']",VERB,1,2
658,far,RSSH,real,short,simple,0.000316,3,5.5,"['F', 'AA1', 'R']","['F', 'AA', 'R']",ADV,1,2
659,than,RSSH,real,short,simple,0.00135,3,6.13,"['DH', 'AE1', 'N']","['DH', 'AE', 'N']",ADP,1,2
660,point,RSSH,real,short,simple,0.000347,4,5.54,"['P', 'OY1', 'N', 'T']","['P', 'OY', 'N', 'T']",VERB,1,3
661,scene,RSSH,real,short,simple,9.33e-05,3,4.97,"['S', 'IY1', 'N']","['S', 'IY', 'N']",NOUN,1,2
662,rule,RSSH,real,short,simple,8.71e-05,3,4.94,"['R', 'UW1', 'L']","['R', 'UW', 'L']",VERB,1,2
663,sell,RSSH,real,short,simple,9.55e-05,3,4.98,"['S', 'EH1', 'L']","['S', 'EH', 'L']",VERB,1,2
664,gray,RSSH,real,short,simple,2.82e-05,3,4.45,"['G', 'R', 'EY1']","['G', 'R', 'EY']",ADJ,1,2
665,this,RSSH,real,short,simple,0.00661,3,6.82,"['DH', 'IH1', 'S']","['DH', 'IH', 'S']",PRON,1,2
666,great,RSSH,real,short,simple,0.000759,4,5.88,"['G', 'R', 'EY1', 'T']","['G', 'R', 'EY', 'T']",ADJ,1,3
667,bad,RSSH,real,short,simple,0.000339,3,5.53,"['B', 'AE1', 'D']","['B', 'AE', 'D']",ADJ,1,2
668,from,RSSH,real,short,simple,0.00427,4,6.63,"['F', 'R', 'AH1', 'M']","['F', 'R', 'AH', 'M']",ADP,1,3
669,uncle,RSSH,real,short,simple,2.82e-05,5,4.45,"['AH1', 'NG', 'K', 'AH0', 'L']","['AH', 'NG', 'K', 'AH', 'L']",NOUN,2,3
670,nude,RSSH,real,short,simple,1e-05,3,4.0,"['N', 'UW1', 'D']","['N', 'UW', 'D']",ADJ,1,2
671,crush,RSSH,real,short,simple,1.48e-05,4,4.17,"['K', 'R', 'AH1', 'SH']","['K', 'R', 'AH', 'SH']",VERB,1,3
672,cargo,RSSH,real,short,simple,1.55e-05,5,4.19,"['K', 'AA1', 'R', 'G', 'OW2']","['K', 'AA', 'R', 'G', 'OW']",NOUN,2,3
673,there,RSSH,real,short,simple,0.00204,3,6.31,"['DH', 'EH1', 'R']","['DH', 'EH', 'R']",PRON,1,2
674,got,RSSH,real,short,simple,0.000813,3,5.91,"['G', 'AA1', 'T']","['G', 'AA', 'T']",VERB,1,2
675,other,RSSH,real,short,simple,0.00145,3,6.16,"['AH1', 'DH', 'ER0']","['AH', 'DH', 'ER']",ADJ,2,1
676,which,RSSH,real,short,simple,0.002,3,6.3,"['W', 'IH1', 'CH']","['W', 'IH', 'CH']",PRON,1,2
677,can,RSSH,real,short,simple,0.00288,3,6.46,"['K', 'AE1', 'N']","['K', 'AE', 'N']",AUX,1,2
678,nature,RSSH,real,short,simple,9.55e-05,4,4.98,"['N', 'EY1', 'CH', 'ER0']","['N', 'EY', 'CH', 'ER']",NOUN,2,2
679,five,RSSH,real,short,simple,0.000282,3,5.45,"['F', 'AY1', 'V']","['F', 'AY', 'V']",NUM,1,2
680,shit,RSSH,real,short,simple,0.000302,3,5.48,"['SH', 'IH1', 'T']","['SH', 'IH', 'T']",VERB,1,2
681,fan,RSSH,real,short,simple,8.32e-05,3,4.92,"['F', 'AE1', 'N']","['F', 'AE', 'N']",PROPN,1,2
682,raid,RSSH,real,short,simple,1.55e-05,3,4.19,"['R', 'EY1', 'D']","['R', 'EY', 'D']",NOUN,1,2
683,get,RSSH,real,short,simple,0.00191,3,6.28,"['G', 'EH1', 'T']","['G', 'EH', 'T']",VERB,1,2
684,sure,RSSH,real,short,simple,0.000468,3,5.67,"['SH', 'UH1', 'R']","['SH', 'UH', 'R']",ADJ,1,2
685,soccer,RSSH,real,short,simple,3.02e-05,4,4.48,"['S', 'AA1', 'K', 'ER0']","['S', 'AA', 'K', 'ER']",NOUN,2,2
686,love,RSSH,real,short,simple,0.000661,3,5.82,"['L', 'AH1', 'V']","['L', 'AH', 'V']",VERB,1,2
687,drone,RSSH,real,short,simple,1e-05,4,4.0,"['D', 'R', 'OW1', 'N']","['D', 'R', 'OW', 'N']",NOUN,1,3
688,bone,RSSH,real,short,simple,2.95e-05,3,4.47,"['B', 'OW1', 'N']","['B', 'OW', 'N']",NOUN,1,2
689,wrong,RSSH,real,short,simple,0.000245,3,5.39,"['R', 'AO1', 'NG']","['R', 'AO', 'NG']",ADJ,1,2
690,tape,RSSH,real,short,simple,2.75e-05,3,4.44,"['T', 'EY1', 'P']","['T', 'EY', 'P']",NOUN,1,2
691,battle,RSSH,real,short,simple,8.71e-05,5,4.94,"['B', 'AE1', 'T', 'AH0', 'L']","['B', 'AE', 'T', 'AH', 'L']",NOUN,2,3
692,bath,RSSH,real,short,simple,2.75e-05,3,4.44,"['B', 'AE1', 'TH']","['B', 'AE', 'TH']",NOUN,1,2
693,bulk,RSSH,real,short,simple,1.55e-05,4,4.19,"['B', 'AH1', 'L', 'K']","['B', 'AH', 'L', 'K']",NOUN,1,3
694,week,RSSH,real,short,simple,0.000363,3,5.56,"['W', 'IY1', 'K']","['W', 'IY', 'K']",NOUN,1,2
695,hard,RSSH,real,short,simple,0.000339,4,5.53,"['HH', 'AA1', 'R', 'D']","['HH', 'AA', 'R', 'D']",ADV,1,3
696,lack,RSSH,real,short,simple,8.32e-05,3,4.92,"['L', 'AE1', 'K']","['L', 'AE', 'K']",NOUN,1,2
697,might,RSSH,real,short,simple,0.000457,3,5.66,"['M', 'AY1', 'T']","['M', 'AY', 'T']",AUX,1,2
698,thing,RSSH,real,short,simple,0.000525,3,5.72,"['TH', 'IH1', 'NG']","['TH', 'IH', 'NG']",NOUN,1,2
699,sort,RSSH,real,short,simple,0.0001,4,5.0,"['S', 'AO1', 'R', 'T']","['S', 'AO', 'R', 'T']",NOUN,1,3
700,cajun,RSSL,real,short,simple,9.77e-07,5,2.99,"['K', 'EY1', 'JH', 'AH0', 'N']","['K', 'EY', 'JH', 'AH', 'N']",PROPN,2,3
701,judo,RSSL,real,short,simple,1.78e-06,4,3.25,"['JH', 'UW1', 'D', 'OW2']","['JH', 'UW', 'D', 'OW']",NOUN,2,2
702,heinous,RSSL,real,short,simple,1.78e-06,5,3.25,"['HH', 'EY1', 'N', 'AH0', 'S']","['HH', 'EY', 'N', 'AH', 'S']",ADJ,2,3
703,hind,RSSL,real,short,simple,3.16e-06,4,3.5,"['HH', 'AY1', 'N', 'D']","['HH', 'AY', 'N', 'D']",NOUN,1,3
704,larva,RSSL,real,short,simple,9.77e-07,5,2.99,"['L', 'AA1', 'R', 'V', 'AH0']","['L', 'AA', 'R', 'V', 'AH']",PROPN,2,3
705,buckle,RSSL,real,short,simple,3.16e-06,5,3.5,"['B', 'AH1', 'K', 'AH0', 'L']","['B', 'AH', 'K', 'AH', 'L']",VERB,2,3
706,elk,RSSL,real,short,simple,3.09e-06,3,3.49,"['EH1', 'L', 'K']","['EH', 'L', 'K']",NOUN,1,2
707,lex,RSSL,real,short,simple,3.16e-06,4,3.5,"['L', 'EH1', 'K', 'S']","['L', 'EH', 'K', 'S']",PROPN,1,3
708,cannes,RSSL,real,short,simple,3.16e-06,4,3.5,"['K', 'AE1', 'N', 'Z']","['K', 'AE', 'N', 'Z']",PROPN,1,3
709,tug,RSSL,real,short,simple,3.16e-06,3,3.5,"['T', 'AH1', 'G']","['T', 'AH', 'G']",NOUN,1,2
710,mabel,RSSL,real,short,simple,1.78e-06,5,3.25,"['M', 'EY1', 'B', 'AH0', 'L']","['M', 'EY', 'B', 'AH', 'L']",PROPN,2,3
711,tenet,RSSL,real,short,simple,1e-06,5,3.0,"['T', 'EH1', 'N', 'AH0', 'T']","['T', 'EH', 'N', 'AH', 'T']",NOUN,2,3
712,quell,RSSL,real,short,simple,1e-06,4,3.0,"['K', 'W', 'EH1', 'L']","['K', 'W', 'EH', 'L']",VERB,1,3
713,druid,RSSL,real,short,simple,9.77e-07,5,2.99,"['D', 'R', 'UW1', 'IH0', 'D']","['D', 'R', 'UW', 'IH', 'D']",ADJ,2,3
714,clog,RSSL,real,short,simple,9.77e-07,4,2.99,"['K', 'L', 'AA1', 'G']","['K', 'L', 'AA', 'G']",VERB,1,3
715,barge,RSSL,real,short,simple,3.16e-06,4,3.5,"['B', 'AA1', 'R', 'JH']","['B', 'AA', 'R', 'JH']",VERB,1,3
716,attire,RSSL,real,short,simple,3.09e-06,4,3.49,"['AH0', 'T', 'AY1', 'ER0']","['AH', 'T', 'AY', 'ER']",NOUN,3,1
717,cider,RSSL,real,short,simple,3.16e-06,4,3.5,"['S', 'AY1', 'D', 'ER0']","['S', 'AY', 'D', 'ER']",NOUN,2,2
718,bong,RSSL,real,short,simple,3.16e-06,3,3.5,"['B', 'AA1', 'NG']","['B', 'AA', 'NG']",NOUN,1,2
719,diaper,RSSL,real,short,simple,3.09e-06,4,3.49,"['D', 'AY1', 'P', 'ER0']","['D', 'AY', 'P', 'ER']",NOUN,2,2
720,chanel,RSSL,real,short,simple,3.09e-06,5,3.49,"['SH', 'AH0', 'N', 'EH1', 'L']","['SH', 'AH', 'N', 'EH', 'L']",PROPN,2,3
721,jihad,RSSL,real,short,simple,3.09e-06,5,3.49,"['JH', 'IY1', 'HH', 'AE0', 'D']","['JH', 'IY', 'HH', 'AE', 'D']",NOUN,2,3
722,goof,RSSL,real,short,simple,9.77e-07,3,2.99,"['G', 'UW1', 'F']","['G', 'UW', 'F']",NOUN,1,2
723,bert,RSSL,real,short,simple,3.16e-06,3,3.5,"['B', 'ER1', 'T']","['B', 'ER', 'T']",PROPN,1,2
724,dud,RSSL,real,short,simple,9.77e-07,3,2.99,"['D', 'AH1', 'D']","['D', 'AH', 'D']",NOUN,1,2
725,havoc,RSSL,real,short,simple,3.16e-06,5,3.5,"['HH', 'AE1', 'V', 'AH0', 'K']","['HH', 'AE', 'V', 'AH', 'K']",NOUN,2,3
726,sabbath,RSSL,real,short,simple,3.16e-06,5,3.5,"['S', 'AE1', 'B', 'AH0', 'TH']","['S', 'AE', 'B', 'AH', 'TH']",PROPN,2,3
727,custer,RSSL,real,short,simple,9.77e-07,5,2.99,"['K', 'AH1', 'S', 'T', 'ER0']","['K', 'AH', 'S', 'T', 'ER']",PROPN,2,3
728,hive,RSSL,real,short,simple,3.16e-06,3,3.5,"['HH', 'AY1', 'V']","['HH', 'AY', 'V']",NOUN,1,2
729,axle,RSSL,real,short,simple,3.09e-06,5,3.49,"['AE1', 'K', 'S', 'AH0', 'L']","['AE', 'K', 'S', 'AH', 'L']",NOUN,2,3
730,quench,RSSL,real,short,simple,7.76e-07,5,2.89,"['K', 'W', 'EH1', 'N', 'CH']","['K', 'W', 'EH', 'N', 'CH']",VERB,1,4
731,dudley,RSSL,real,short,simple,3.09e-06,5,3.49,"['D', 'AH1', 'D', 'L', 'IY0']","['D', 'AH', 'D', 'L', 'IY']",PROPN,2,3
732,quilt,RSSL,real,short,simple,1.78e-06,5,3.25,"['K', 'W', 'IH1', 'L', 'T']","['K', 'W', 'IH', 'L', 'T']",NOUN,1,4
733,mesa,RSSL,real,short,simple,3.16e-06,4,3.5,"['M', 'EY1', 'S', 'AH0']","['M', 'EY', 'S', 'AH']",PROPN,2,2
734,kuala,RSSL,real,short,simple,3.16e-06,5,3.5,"['K', 'W', 'AA1', 'L', 'AH0']","['K', 'W', 'AA', 'L', 'AH']",PROPN,2,3
735,luigi,RSSL,real,short,simple,1.78e-06,5,3.25,"['L', 'UW0', 'IY1', 'JH', 'IY0']","['L', 'UW', 'IY', 'JH', 'IY']",PROPN,3,2
736,aorta,RSSL,real,short,simple,8.32e-07,5,2.92,"['EY0', 'AO1', 'R', 'T', 'AH0']","['EY', 'AO', 'R', 'T', 'AH']",PROPN,3,2
737,lint,RSSL,real,short,simple,9.77e-07,4,2.99,"['L', 'IH1', 'N', 'T']","['L', 'IH', 'N', 'T']",NOUN,1,3
738,glee,RSSL,real,short,simple,3.09e-06,3,3.49,"['G', 'L', 'IY1']","['G', 'L', 'IY']",NOUN,1,2
739,cask,RSSL,real,short,simple,9.77e-07,4,2.99,"['K', 'AE1', 'S', 'K']","['K', 'AE', 'S', 'K']",NOUN,1,3
740,roost,RSSL,real,short,simple,1e-06,4,3.0,"['R', 'UW1', 'S', 'T']","['R', 'UW', 'S', 'T']",VERB,1,3
741,pivot,RSSL,real,short,simple,3.16e-06,5,3.5,"['P', 'IH1', 'V', 'AH0', 'T']","['P', 'IH', 'V', 'AH', 'T']",NOUN,2,3
742,eliot,RSSL,real,short,simple,3.16e-06,5,3.5,"['EH1', 'L', 'IY0', 'AH0', 'T']","['EH', 'L', 'IY', 'AH', 'T']",PROPN,3,2
743,dazzle,RSSL,real,short,simple,1.05e-06,5,3.02,"['D', 'AE1', 'Z', 'AH0', 'L']","['D', 'AE', 'Z', 'AH', 'L']",VERB,2,3
744,ikea,RSSL,real,short,simple,3.09e-06,4,3.49,"['AY2', 'K', 'IY1', 'AH0']","['AY', 'K', 'IY', 'AH']",PROPN,3,1
745,manger,RSSL,real,short,simple,9.77e-07,5,2.99,"['M', 'EY1', 'N', 'JH', 'ER0']","['M', 'EY', 'N', 'JH', 'ER']",NOUN,2,3
746,bland,RSSL,real,short,simple,3.16e-06,5,3.5,"['B', 'L', 'AE1', 'N', 'D']","['B', 'L', 'AE', 'N', 'D']",ADJ,1,4
747,patel,RSSL,real,short,simple,3.09e-06,5,3.49,"['P', 'AH0', 'T', 'EH1', 'L']","['P', 'AH', 'T', 'EH', 'L']",PROPN,2,3
748,dayton,RSSL,real,short,simple,3.16e-06,5,3.5,"['D', 'EY1', 'T', 'AH0', 'N']","['D', 'EY', 'T', 'AH', 'N']",PROPN,2,3
749,hue,RSSL,real,short,simple,3.09e-06,3,3.49,"['HH', 'Y', 'UW1']","['HH', 'Y', 'UW']",NOUN,1,2
750,gulp,RSSL,real,short,simple,8.51e-07,4,2.93,"['G', 'AH1', 'L', 'P']","['G', 'AH', 'L', 'P']",VERB,1,3
751,yank,RSSL,real,short,simple,1e-06,4,3.0,"['Y', 'AE1', 'NG', 'K']","['Y', 'AE', 'NG', 'K']",VERB,1,3
752,musk,RSSL,real,short,simple,3.09e-06,4,3.49,"['M', 'AH1', 'S', 'K']","['M', 'AH', 'S', 'K']",NOUN,1,3
753,cobb,RSSL,real,short,simple,3.16e-06,3,3.5,"['K', 'AA1', 'B']","['K', 'AA', 'B']",PROPN,1,2
754,moth,RSSL,real,short,simple,3.16e-06,3,3.5,"['M', 'AO1', 'TH']","['M', 'AO', 'TH']",NOUN,1,2
755,keane,RSSL,real,short,simple,1.78e-06,3,3.25,"['K', 'IY1', 'N']","['K', 'IY', 'N']",PROPN,1,2
756,shard,RSSL,real,short,simple,1e-06,4,3.0,"['SH', 'AA1', 'R', 'D']","['SH', 'AA', 'R', 'D']",NOUN,1,3
757,foley,RSSL,real,short,simple,3.16e-06,4,3.5,"['F', 'OW1', 'L', 'IY0']","['F', 'OW', 'L', 'IY']",PROPN,2,2
758,guinness,RSSL,real,short,simple,3.09e-06,5,3.49,"['G', 'IH1', 'N', 'AH0', 'S']","['G', 'IH', 'N', 'AH', 'S']",PROPN,2,3
759,bribe,RSSL,real,short,simple,3.16e-06,4,3.5,"['B', 'R', 'AY1', 'B']","['B', 'R', 'AY', 'B']",VERB,1,3
760,equip,RSSL,real,short,simple,3.16e-06,5,3.5,"['IH0', 'K', 'W', 'IH1', 'P']","['IH', 'K', 'W', 'IH', 'P']",VERB,2,3
761,flap,RSSL,real,short,simple,3.09e-06,4,3.49,"['F', 'L', 'AE1', 'P']","['F', 'L', 'AE', 'P']",NOUN,1,3
762,brag,RSSL,real,short,simple,3.09e-06,4,3.49,"['B', 'R', 'AE1', 'G']","['B', 'R', 'AE', 'G']",VERB,1,3
763,coco,RSSL,real,short,simple,3.09e-06,4,3.49,"['K', 'OW1', 'K', 'OW2']","['K', 'OW', 'K', 'OW']",PROPN,2,2
764,sieve,RSSL,real,short,simple,1e-06,3,3.0,"['S', 'IH1', 'V']","['S', 'IH', 'V']",NOUN,1,2
765,imam,RSSL,real,short,simple,3.16e-06,4,3.5,"['AY1', 'M', 'AE0', 'M']","['AY', 'M', 'AE', 'M']",NOUN,2,2
766,dine,RSSL,real,short,simple,3.09e-06,3,3.49,"['D', 'AY1', 'N']","['D', 'AY', 'N']",VERB,1,2
767,spore,RSSL,real,short,simple,1e-06,4,3.0,"['S', 'P', 'AO1', 'R']","['S', 'P', 'AO', 'R']",PROPN,1,3
768,aloof,RSSL,real,short,simple,9.77e-07,4,2.99,"['AH0', 'L', 'UW1', 'F']","['AH', 'L', 'UW', 'F']",ADJ,2,2
769,jekyll,RSSL,real,short,simple,9.77e-07,5,2.99,"['JH', 'EH1', 'K', 'AH0', 'L']","['JH', 'EH', 'K', 'AH', 'L']",PROPN,2,3
770,urdu,RSSL,real,short,simple,1.82e-06,3,3.26,"['ER0', 'D', 'UW1']","['ER', 'D', 'UW']",PROPN,2,1
771,derrick,RSSL,real,short,simple,3.09e-06,5,3.49,"['D', 'EH1', 'R', 'IH0', 'K']","['D', 'EH', 'R', 'IH', 'K']",PROPN,2,3
772,klaus,RSSL,real,short,simple,3.16e-06,4,3.5,"['K', 'L', 'AW1', 'S']","['K', 'L', 'AW', 'S']",PROPN,1,3
773,bimbo,RSSL,real,short,simple,7.41e-07,5,2.87,"['B', 'IH1', 'M', 'B', 'OW0']","['B', 'IH', 'M', 'B', 'OW']",NOUN,2,3
774,annex,RSSL,real,short,simple,3.16e-06,5,3.5,"['AE1', 'N', 'EH2', 'K', 'S']","['AE', 'N', 'EH', 'K', 'S']",VERB,2,3
775,lahore,RSSL,real,short,simple,3.09e-06,5,3.49,"['L', 'AA0', 'HH', 'AO1', 'R']","['L', 'AA', 'HH', 'AO', 'R']",PROPN,2,3
776,arbor,RSSL,real,short,simple,3.09e-06,4,3.49,"['AA1', 'R', 'B', 'ER0']","['AA', 'R', 'B', 'ER']",NOUN,2,2
777,barley,RSSL,real,short,simple,3.09e-06,5,3.49,"['B', 'AA1', 'R', 'L', 'IY0']","['B', 'AA', 'R', 'L', 'IY']",NOUN,2,3
778,apnea,RSSL,real,short,simple,1e-06,5,3.0,"['AE1', 'P', 'N', 'IY0', 'AH0']","['AE', 'P', 'N', 'IY', 'AH']",PROPN,3,2
779,nasal,RSSL,real,short,simple,3.09e-06,5,3.49,"['N', 'EY1', 'Z', 'AH0', 'L']","['N', 'EY', 'Z', 'AH', 'L']",ADJ,2,3
780,loon,RSSL,real,short,simple,9.77e-07,3,2.99,"['L', 'UW1', 'N']","['L', 'UW', 'N']",NOUN,1,2
781,loaf,RSSL,real,short,simple,3.09e-06,3,3.49,"['L', 'OW1', 'F']","['L', 'OW', 'F']",PROPN,1,2
782,subaru,RSSL,real,short,simple,1.82e-06,5,3.26,"['S', 'UW1', 'B', 'ER0', 'UW0']","['S', 'UW', 'B', 'ER', 'UW']",PROPN,3,2
783,accrue,RSSL,real,short,simple,8.13e-07,4,2.91,"['AH0', 'K', 'R', 'UW1']","['AH', 'K', 'R', 'UW']",VERB,2,2
784,peg,RSSL,real,short,simple,3.09e-06,3,3.49,"['P', 'EH1', 'G']","['P', 'EH', 'G']",NOUN,1,2
785,nectar,RSSL,real,short,simple,1.78e-06,5,3.25,"['N', 'EH1', 'K', 'T', 'ER0']","['N', 'EH', 'K', 'T', 'ER']",PROPN,2,3
786,pita,RSSL,real,short,simple,1e-06,4,3.0,"['P', 'IY1', 'T', 'AH0']","['P', 'IY', 'T', 'AH']",NOUN,2,2
787,cub,RSSL,real,short,simple,3.09e-06,3,3.49,"['K', 'AH1', 'B']","['K', 'AH', 'B']",NOUN,1,2
788,sauna,RSSL,real,short,simple,1.78e-06,4,3.25,"['S', 'AO1', 'N', 'AH0']","['S', 'AO', 'N', 'AH']",PROPN,2,2
789,canoe,RSSL,real,short,simple,3.16e-06,4,3.5,"['K', 'AH0', 'N', 'UW1']","['K', 'AH', 'N', 'UW']",NOUN,2,2
790,wink,RSSL,real,short,simple,3.16e-06,4,3.5,"['W', 'IH1', 'NG', 'K']","['W', 'IH', 'NG', 'K']",NOUN,1,3
791,knob,RSSL,real,short,simple,3.09e-06,3,3.49,"['N', 'AA1', 'B']","['N', 'AA', 'B']",NOUN,1,2
792,oprah,RSSL,real,short,simple,3.09e-06,4,3.49,"['OW1', 'P', 'R', 'AH0']","['OW', 'P', 'R', 'AH']",PROPN,2,2
793,guam,RSSL,real,short,simple,1.78e-06,4,3.25,"['G', 'W', 'AA1', 'M']","['G', 'W', 'AA', 'M']",PROPN,1,3
794,avid,RSSL,real,short,simple,3.16e-06,4,3.5,"['AE1', 'V', 'AH0', 'D']","['AE', 'V', 'AH', 'D']",ADJ,2,2
795,acacia,RSSL,real,short,simple,1.02e-06,5,3.01,"['AH0', 'K', 'EY1', 'SH', 'AH0']","['AH', 'K', 'EY', 'SH', 'AH']",NOUN,3,2
796,oft,RSSL,real,short,simple,1.78e-06,3,3.25,"['AO1', 'F', 'T']","['AO', 'F', 'T']",ADV,1,2
797,leach,RSSL,real,short,simple,1.78e-06,3,3.25,"['L', 'IY1', 'CH']","['L', 'IY', 'CH']",VERB,1,2
798,hoot,RSSL,real,short,simple,9.77e-07,3,2.99,"['HH', 'UW1', 'T']","['HH', 'UW', 'T']",NOUN,1,2
799,odor,RSSL,real,short,simple,3.09e-06,3,3.49,"['OW1', 'D', 'ER0']","['OW', 'D', 'ER']",NOUN,2,1
0,solocomov,PLS,pseudo,long,simple,,9,,"['S', 'OW0', 'L', 'OW1', 'K', 'AH0', 'M', 'AO0', 'F']","['S', 'OW', 'L', 'OW', 'K', 'AH', 'M', 'AO', 'F']",,4,5
1,gostrient,PLS,pseudo,long,simple,,9,,"['G', 'AA1', 'S', 'T', 'R', 'IY0', 'EH0', 'N', 'T']","['G', 'AA', 'S', 'T', 'R', 'IY', 'EH', 'N', 'T']",,3,6
2,divestrate,PLS,pseudo,long,simple,,9,,"['D', 'IH1', 'V', 'EH0', 'S', 'T', 'R', 'EY2', 'T']","['D', 'IH', 'V', 'EH', 'S', 'T', 'R', 'EY', 'T']",,3,6
3,strusanad,PLS,pseudo,long,simple,,9,,"['S', 'T', 'R', 'UW1', 'S', 'AH0', 'N', 'AH0', 'D']","['S', 'T', 'R', 'UW', 'S', 'AH', 'N', 'AH', 'D']",,3,6
4,diuralim,PLS,pseudo,long,simple,,9,,"['D', 'AY0', 'Y', 'UH1', 'R', 'AH0', 'L', 'AH0', 'M']","['D', 'AY', 'Y', 'UH', 'R', 'AH', 'L', 'AH', 'M']",,4,5
5,speryborm,PLS,pseudo,long,simple,,9,,"['S', 'P', 'EH1', 'R', 'IY0', 'B', 'AO2', 'R', 'M']","['S', 'P', 'EH', 'R', 'IY', 'B', 'AO', 'R', 'M']",,3,6
6,inflegest,PLS,pseudo,long,simple,,9,,"['IH1', 'N', 'F', 'L', 'AH0', 'JH', 'EH0', 'S', 'T']","['IH', 'N', 'F', 'L', 'AH', 'JH', 'EH', 'S', 'T']",,3,6
7,balentina,PLS,pseudo,long,simple,,9,,"['B', 'AA0', 'L', 'EH0', 'N', 'T', 'IY1', 'N', 'AH0']","['B', 'AA', 'L', 'EH', 'N', 'T', 'IY', 'N', 'AH']",,4,5
8,cladwicheet,PLS,pseudo,long,simple,,9,,"['K', 'L', 'AE1', 'D', 'W', 'IH0', 'CH', 'IY2', 'T']","['K', 'L', 'AE', 'D', 'W', 'IH', 'CH', 'IY', 'T']",,3,6
9,websident,PLS,pseudo,long,simple,,9,,"['W', 'EH1', 'B', 'S', 'IH0', 'D', 'AH0', 'N', 'T']","['W', 'EH', 'B', 'S', 'IH', 'D', 'AH', 'N', 'T']",,3,6
10,livinisal,PLS,pseudo,long,simple,,9,,"['L', 'IH1', 'V', 'IH0', 'N', 'IH0', 'S', 'AH0', 'L']","['L', 'IH', 'V', 'IH', 'N', 'IH', 'S', 'AH', 'L']",,4,5
11,epirental,PLS,pseudo,long,simple,,9,,"['EH0', 'P', 'IH0', 'R', 'EH1', 'N', 'T', 'AH0', 'L']","['EH', 'P', 'IH', 'R', 'EH', 'N', 'T', 'AH', 'L']",,4,5
12,coallencite,PLS,pseudo,long,simple,,9,,"['K', 'OW0', 'AA1', 'L', 'EH0', 'N', 'S', 'AY0', 'T']","['K', 'OW', 'AA', 'L', 'EH', 'N', 'S', 'AY', 'T']",,4,5
13,notencest,PLS,pseudo,long,simple,,9,,"['N', 'OW1', 'T', 'AH0', 'N', 'S', 'AH0', 'S', 'T']","['N', 'OW', 'T', 'AH', 'N', 'S', 'AH', 'S', 'T']",,3,6
14,islaterdine,PLS,pseudo,long,simple,,9,,"['IH0', 'S', 'L', 'AA1', 'T', 'ER0', 'D', 'AY0', 'N']","['IH', 'S', 'L', 'AA', 'T', 'ER', 'D', 'AY', 'N']",,4,5
15,yesperest,PLS,pseudo,long,simple,,9,,"['Y', 'EH1', 'S', 'P', 'IH0', 'R', 'EH0', 'S', 'T']","['Y', 'EH', 'S', 'P', 'IH', 'R', 'EH', 'S', 'T']",,3,6
16,foldomence,PLS,pseudo,long,simple,,9,,"['F', 'OW1', 'L', 'D', 'AA0', 'M', 'AH0', 'N', 'S']","['F', 'OW', 'L', 'D', 'AA', 'M', 'AH', 'N', 'S']",,3,6
17,baventina,PLS,pseudo,long,simple,,9,,"['B', 'AA0', 'V', 'EH0', 'N', 'T', 'IY1', 'N', 'AH0']","['B', 'AA', 'V', 'EH', 'N', 'T', 'IY', 'N', 'AH']",,4,5
18,franciple,PLS,pseudo,long,simple,,9,,"['F', 'R', 'AE1', 'N', 'S', 'AH0', 'P', 'AH0', 'L']","['F', 'R', 'AE', 'N', 'S', 'AH', 'P', 'AH', 'L']",,3,6
19,vistormand,PLS,pseudo,long,simple,,9,,"['V', 'IH1', 'S', 'T', 'ER0', 'M', 'AE2', 'N', 'D']","['V', 'IH', 'S', 'T', 'ER', 'M', 'AE', 'N', 'D']",,3,6
20,mucipital,PLS,pseudo,long,simple,,9,,"['M', 'AH0', 'S', 'IH1', 'P', 'IH0', 'T', 'AH0', 'L']","['M', 'AH', 'S', 'IH', 'P', 'IH', 'T', 'AH', 'L']",,4,5
21,anclusent,PLS,pseudo,long,simple,,9,,"['AE1', 'N', 'K', 'L', 'UW0', 'S', 'EH2', 'N', 'T']","['AE', 'N', 'K', 'L', 'UW', 'S', 'EH', 'N', 'T']",,3,6
22,squistant,PLS,pseudo,long,simple,,9,,"['S', 'K', 'W', 'IH1', 'S', 'T', 'AH0', 'N', 'T']","['S', 'K', 'W', 'IH', 'S', 'T', 'AH', 'N', 'T']",,2,7
23,everialis,PLS,pseudo,long,simple,,9,,"['EH0', 'V', 'ER1', 'R', 'IY0', 'AH0', 'L', 'IH0', 'S']","['EH', 'V', 'ER', 'R', 'IY', 'AH', 'L', 'IH', 'S']",,5,4
24,alrelopal,PLS,pseudo,long,simple,,9,,"['AE2', 'L', 'R', 'EH0', 'L', 'AA1', 'P', 'AH0', 'L']","['AE', 'L', 'R', 'EH', 'L', 'AA', 'P', 'AH', 'L']",,4,5
25,storstent,PLS,pseudo,long,simple,,9,,"['S', 'T', 'AO1', 'R', 'S', 'T', 'AH0', 'N', 'T']","['S', 'T', 'AO', 'R', 'S', 'T', 'AH', 'N', 'T']",,2,7
26,trynkabel,PLS,pseudo,long,simple,,9,,"['T', 'R', 'IH1', 'N', 'K', 'AH0', 'B', 'EH0', 'L']","['T', 'R', 'IH', 'N', 'K', 'AH', 'B', 'EH', 'L']",,3,6
27,advantint,PLS,pseudo,long,simple,,9,,"['AE0', 'D', 'V', 'AE1', 'N', 'T', 'IH0', 'N', 'T']","['AE', 'D', 'V', 'AE', 'N', 'T', 'IH', 'N', 'T']",,3,6
28,honofecine,PLS,pseudo,long,simple,,9,,"['HH', 'OW0', 'N', 'OW1', 'F', 'AH0', 'S', 'IY2', 'N']","['HH', 'OW', 'N', 'OW', 'F', 'AH', 'S', 'IY', 'N']",,4,5
29,reasoduct,PLS,pseudo,long,simple,,9,,"['R', 'IY2', 'AH0', 'S', 'OW1', 'D', 'AH0', 'K', 'T']","['R', 'IY', 'AH', 'S', 'OW', 'D', 'AH', 'K', 'T']",,4,5
30,stogriture,PLS,pseudo,long,simple,,9,,"['S', 'T', 'OW1', 'G', 'R', 'IH0', 'CH', 'ER0', 'IY0']","['S', 'T', 'OW', 'G', 'R', 'IH', 'CH', 'ER', 'IY']",,4,5
31,sigrusachy,PLS,pseudo,long,simple,,9,,"['S', 'IY1', 'G', 'R', 'UW0', 'S', 'AH1', 'CH', 'IY0']","['S', 'IY', 'G', 'R', 'UW', 'S', 'AH', 'CH', 'IY']",,4,5
32,wisconsus,PLS,pseudo,long,simple,,9,,"['W', 'IH1', 'S', 'K', 'AH0', 'N', 'S', 'AH0', 'Z']","['W', 'IH', 'S', 'K', 'AH', 'N', 'S', 'AH', 'Z']",,3,6
33,innough,PSC,pseudo,short,complex,,3,,"['IH0', 'N', 'AW1']","['IH', 'N', 'AW']",,2,1
34,authed,PSC,pseudo,short,complex,,3,,"['AO1', 'TH', 'T']","['AO', 'TH', 'T']",,1,2
35,acooh,PSC,pseudo,short,complex,,3,,"['AH0', 'K', 'UW1']","['AH', 'K', 'UW']",,2,1
36,eitter,PSC,pseudo,short,complex,,3,,"['AY1', 'T', 'ER0']","['AY', 'T', 'ER']",,2,1
37,knowee,PSC,pseudo,short,complex,,3,,"['N', 'OW1', 'IY0']","['N', 'OW', 'IY']",,2,1
38,thitch,PSC,pseudo,short,complex,,3,,"['TH', 'IH1', 'CH']","['TH', 'IH', 'CH']",,1,2
39,whowi,PSC,pseudo,short,complex,,3,,"['HH', 'UW1', 'IY0']","['HH', 'UW', 'IY']",,2,1
40,weas,PSC,pseudo,short,complex,,3,,"['W', 'IY1', 'Z']","['W', 'IY', 'Z']",,1,2
41,emmed,PSC,pseudo,short,complex,,3,,"['EH1', 'M', 'D']","['EH', 'M', 'D']",,1,2
42,aggy,PSC,pseudo,short,complex,,3,,"['AE1', 'G', 'IY0']","['AE', 'G', 'IY']",,2,1
43,ipper,PSC,pseudo,short,complex,,3,,"['IH1', 'P', 'ER0']","['IH', 'P', 'ER']",,2,1
44,soer,PSC,pseudo,short,complex,,3,,"['S', 'AO1', 'R']","['S', 'AO', 'R']",,1,2
45,ealer,PSC,pseudo,short,complex,,3,,"['IY1', 'L', 'ER0']","['IY', 'L', 'ER']",,2,1
46,oddie,PSC,pseudo,short,complex,,3,,"['AA1', 'D', 'IY0']","['AA', 'D', 'IY']",,2,1
47,uppay,PSC,pseudo,short,complex,,3,,"['AH0', 'P', 'AY1']","['AH', 'P', 'AY']",,2,1
48,gews,PSC,pseudo,short,complex,,3,,"['G', 'UW1', 'Z']","['G', 'UW', 'Z']",,1,2
49,dees,PSC,pseudo,short,complex,,3,,"['D', 'IY1', 'Z']","['D', 'IY', 'Z']",,1,2
50,onth,PSC,pseudo,short,complex,,3,,"['AH1', 'N', 'TH']","['AH', 'N', 'TH']",,1,2
51,towy,PSC,pseudo,short,complex,,3,,"['T', 'OW1', 'IY0']","['T', 'OW', 'IY']",,2,1
52,eames,PSC,pseudo,short,complex,,3,,"['IY1', 'M', 'Z']","['IY', 'M', 'Z']",,1,2
53,earts,PSC,pseudo,short,complex,,3,,"['ER1', 'T', 'S']","['ER', 'T', 'S']",,1,2
54,attrow,PSC,pseudo,short,complex,,4,,"['AE1', 'T', 'R', 'OW0']","['AE', 'T', 'R', 'OW']",,2,2
55,apprew,PSC,pseudo,short,complex,,4,,"['AH0', 'P', 'R', 'UW1']","['AH', 'P', 'R', 'UW']",,2,2
56,ront,PSC,pseudo,short,complex,,4,,"['R', 'AA1', 'N', 'T']","['R', 'AA', 'N', 'T']",,1,3
57,assock,PSC,pseudo,short,complex,,4,,"['AE1', 'S', 'AH0', 'K']","['AE', 'S', 'AH', 'K']",,2,2
58,obsough,PSC,pseudo,short,complex,,4,,"['AA1', 'B', 'S', 'OW0']","['AA', 'B', 'S', 'OW']",,2,2
59,opty,PSC,pseudo,short,complex,,4,,"['AA1', 'P', 'T', 'IY0']","['AA', 'P', 'T', 'IY']",,2,2
60,ourain,PSC,pseudo,short,complex,,4,,"['AW0', 'R', 'EY1', 'N']","['AW', 'R', 'EY', 'N']",,2,2
61,thowtee,PSC,pseudo,short,complex,,4,,"['TH', 'AW1', 'T', 'IY0']","['TH', 'AW', 'T', 'IY']",,2,2
62,joro,PSC,pseudo,short,complex,,4,,"['JH', 'AO1', 'R', 'OW0']","['JH', 'AO', 'R', 'OW']",,2,2
63,temough,PSC,pseudo,short,complex,,4,,"['T', 'EH1', 'M', 'AW0']","['T', 'EH', 'M', 'AW']",,2,2
64,enfor,PSC,pseudo,short,complex,,4,,"['EH1', 'N', 'F', 'ER0']","['EH', 'N', 'F', 'ER']",,2,2
65,occone,PSC,pseudo,short,complex,,4,,"['AH0', 'K', 'OW1', 'N']","['AH', 'K', 'OW', 'N']",,2,2
66,weefer,PSC,pseudo,short,complex,,4,,"['W', 'IY1', 'F', 'ER0']","['W', 'IY', 'F', 'ER']",,2,2
67,uness,PSC,pseudo,short,complex,,4,,"['AH0', 'N', 'EH1', 'S']","['AH', 'N', 'EH', 'S']",,2,2
68,anyth,PSC,pseudo,short,complex,,4,,"['EH1', 'N', 'IY0', 'TH']","['EH', 'N', 'IY', 'TH']",,2,2
69,illume,PSC,pseudo,short,complex,,4,,"['IH0', 'L', 'UW1', 'M']","['IH', 'L', 'UW', 'M']",,2,2
70,itsear,PSC,pseudo,short,complex,,4,,"['IH0', 'T', 'S', 'ER0']","['IH', 'T', 'S', 'ER']",,2,2
71,buylow,PSC,pseudo,short,complex,,4,,"['B', 'AY1', 'L', 'OW2']","['B', 'AY', 'L', 'OW']",,2,2
72,edio,PSC,pseudo,short,complex,,4,,"['IY1', 'D', 'IY0', 'OW0']","['IY', 'D', 'IY', 'OW']",,3,1
73,showic,PSC,pseudo,short,complex,,4,,"['SH', 'OW1', 'IH0', 'K']","['SH', 'OW', 'IH', 'K']",,2,2
74,dommer,PSC,pseudo,short,complex,,4,,"['D', 'AA1', 'M', 'ER0']","['D', 'AA', 'M', 'ER']",,2,2
75,appore,PSC,pseudo,short,complex,,4,,"['AH0', 'P', 'AO1', 'R']","['AH', 'P', 'AO', 'R']",,2,2
76,leauter,PSC,pseudo,short,complex,,4,,"['L', 'UW1', 'T', 'ER0']","['L', 'UW', 'T', 'ER']",,2,2
77,neetched,PSC,pseudo,short,complex,,4,,"['N', 'IY1', 'CH', 'T']","['N', 'IY', 'CH', 'T']",,1,3
78,shoughty,PSC,pseudo,short,complex,,4,,"['SH', 'AW1', 'T', 'IY0']","['SH', 'AW', 'T', 'IY']",,2,2
79,givy,PSC,pseudo,short,complex,,4,,"['G', 'IY1', 'V', 'IY0']","['G', 'IY', 'V', 'IY']",,2,2
80,anym,PSC,pseudo,short,complex,,4,,"['AE1', 'N', 'IH0', 'M']","['AE', 'N', 'IH', 'M']",,2,2
81,outshase,PSC,pseudo,short,complex,,4,,"['AW1', 'CH', 'EY2', 'S']","['AW', 'CH', 'EY', 'S']",,2,2
82,eithing,PSC,pseudo,short,complex,,4,,"['AY1', 'DH', 'IH0', 'NG']","['AY', 'DH', 'IH', 'NG']",,2,2
83,unall,PSC,pseudo,short,complex,,4,,"['AH0', 'N', 'AE1', 'L']","['AH', 'N', 'AE', 'L']",,2,2
84,favy,PSC,pseudo,short,complex,,4,,"['F', 'EY1', 'V', 'IY0']","['F', 'EY', 'V', 'IY']",,2,2
85,wouther,PSC,pseudo,short,complex,,4,,"['W', 'AH1', 'DH', 'ER0']","['W', 'AH', 'DH', 'ER']",,2,2
86,joursed,PSC,pseudo,short,complex,,4,,"['JH', 'ER1', 'Z', 'D']","['JH', 'ER', 'Z', 'D']",,1,3
87,autching,PSC,pseudo,short,complex,,4,,"['AO1', 'CH', 'IH0', 'NG']","['AO', 'CH', 'IH', 'NG']",,2,2
88,perfer,PSC,pseudo,short,complex,,4,,"['P', 'ER1', 'F', 'ER0']","['P', 'ER', 'F', 'ER']",,2,2
89,anot,PSC,pseudo,short,complex,,4,,"['AH0', 'N', 'OW1', 'T']","['AH', 'N', 'OW', 'T']",,2,2
90,issort,PSC,pseudo,short,complex,,4,,"['IH1', 'S', 'ER0', 'T']","['IH', 'S', 'ER', 'T']",,2,2
91,alop,PSC,pseudo,short,complex,,4,,"['AE1', 'L', 'AH0', 'P']","['AE', 'L', 'AH', 'P']",,2,2
92,unerge,PSC,pseudo,short,complex,,4,,"['AH0', 'N', 'ER1', 'JH']","['AH', 'N', 'ER', 'JH']",,2,2
93,deller,PSC,pseudo,short,complex,,4,,"['D', 'EH1', 'L', 'ER0']","['D', 'EH', 'L', 'ER']",,2,2
94,enit,PSC,pseudo,short,complex,,4,,"['EH1', 'N', 'IH0', 'T']","['EH', 'N', 'IH', 'T']",,2,2
95,valo,PSC,pseudo,short,complex,,4,,"['V', 'AA1', 'L', 'OW0']","['V', 'AA', 'L', 'OW']",,2,2
96,defoo,PSC,pseudo,short,complex,,4,,"['D', 'EH1', 'F', 'UW0']","['D', 'EH', 'F', 'UW']",,2,2
97,jermer,PSC,pseudo,short,complex,,4,,"['JH', 'ER1', 'M', 'ER0']","['JH', 'ER', 'M', 'ER']",,2,2
98,irreed,PSC,pseudo,short,complex,,4,,"['IH0', 'R', 'IY1', 'D']","['IH', 'R', 'IY', 'D']",,2,2
99,paylow,PSC,pseudo,short,complex,,4,,"['P', 'EY1', 'L', 'OW2']","['P', 'EY', 'L', 'OW']",,2,2
100,octime,PSC,pseudo,short,complex,,5,,"['AA1', 'K', 'T', 'IY0', 'M']","['AA', 'K', 'T', 'IY', 'M']",,2,3
101,whomat,PSC,pseudo,short,complex,,5,,"['HH', 'OW1', 'M', 'AE2', 'T']","['HH', 'OW', 'M', 'AE', 'T']",,2,3
102,opist,PSC,pseudo,short,complex,,5,,"['OW1', 'P', 'IH0', 'S', 'T']","['OW', 'P', 'IH', 'S', 'T']",,2,3
103,govio,PSC,pseudo,short,complex,,5,,"['G', 'OW1', 'V', 'IY0', 'OW0']","['G', 'OW', 'V', 'IY', 'OW']",,3,2
104,bilway,PSC,pseudo,short,complex,,5,,"['B', 'IH1', 'L', 'W', 'EY2']","['B', 'IH', 'L', 'W', 'EY']",,2,3
105,ecorg,PSC,pseudo,short,complex,,5,,"['IY1', 'K', 'AO0', 'R', 'G']","['IY', 'K', 'AO', 'R', 'G']",,2,3
106,radice,PSC,pseudo,short,complex,,5,,"['R', 'AE1', 'D', 'IH0', 'S']","['R', 'AE', 'D', 'IH', 'S']",,2,3
107,soput,PSC,pseudo,short,complex,,5,,"['S', 'OW1', 'P', 'AH0', 'T']","['S', 'OW', 'P', 'AH', 'T']",,2,3
108,himem,PSC,pseudo,short,complex,,5,,"['HH', 'IH1', 'M', 'AH0', 'M']","['HH', 'IH', 'M', 'AH', 'M']",,2,3
109,sachno,PSC,pseudo,short,complex,,5,,"['S', 'AE1', 'K', 'N', 'OW0']","['S', 'AE', 'K', 'N', 'OW']",,2,3
110,uncrow,PSC,pseudo,short,complex,,5,,"['AH1', 'N', 'K', 'R', 'AW0']","['AH', 'N', 'K', 'R', 'AW']",,2,3
111,bulfor,PSC,pseudo,short,complex,,5,,"['B', 'UH1', 'L', 'F', 'ER0']","['B', 'UH', 'L', 'F', 'ER']",,2,3
112,nonver,PSC,pseudo,short,complex,,5,,"['N', 'AA1', 'N', 'V', 'ER0']","['N', 'AA', 'N', 'V', 'ER']",,2,3
113,defork,PSC,pseudo,short,complex,,5,,"['D', 'EH1', 'F', 'ER0', 'K']","['D', 'EH', 'F', 'ER', 'K']",,2,3
114,biomo,PSC,pseudo,short,complex,,5,,"['B', 'IY0', 'OW1', 'M', 'OW0']","['B', 'IY', 'OW', 'M', 'OW']",,3,2
115,advio,PSC,pseudo,short,complex,,5,,"['AE1', 'D', 'V', 'IY0', 'OW2']","['AE', 'D', 'V', 'IY', 'OW']",,3,2
116,mullboy,PSC,pseudo,short,complex,,5,,"['M', 'AH1', 'L', 'B', 'OY2']","['M', 'AH', 'L', 'B', 'OY']",,2,3
117,aggrat,PSC,pseudo,short,complex,,5,,"['AE1', 'G', 'R', 'AE0', 'T']","['AE', 'G', 'R', 'AE', 'T']",,2,3
118,befic,PSC,pseudo,short,complex,,5,,"['B', 'IH0', 'F', 'IH1', 'K']","['B', 'IH', 'F', 'IH', 'K']",,2,3
119,assasy,PSC,pseudo,short,complex,,5,,"['AH0', 'S', 'AA1', 'S', 'IY0']","['AH', 'S', 'AA', 'S', 'IY']",,3,2
120,anymed,PSC,pseudo,short,complex,,5,,"['AH0', 'N', 'IY1', 'M', 'D']","['AH', 'N', 'IY', 'M', 'D']",,2,3
121,invor,PSC,pseudo,short,complex,,5,,"['IH0', 'N', 'V', 'AO1', 'R']","['IH', 'N', 'V', 'AO', 'R']",,2,3
122,ferside,PSC,pseudo,short,complex,,5,,"['F', 'ER1', 'S', 'AY2', 'D']","['F', 'ER', 'S', 'AY', 'D']",,2,3
123,teetin,PSC,pseudo,short,complex,,5,,"['T', 'IY1', 'T', 'IH0', 'N']","['T', 'IY', 'T', 'IH', 'N']",,2,3
124,getert,PSC,pseudo,short,complex,,5,,"['G', 'EH1', 'T', 'ER0', 'T']","['G', 'EH', 'T', 'ER', 'T']",,2,3
125,recause,PSC,pseudo,short,complex,,5,,"['R', 'IY1', 'K', 'AW0', 'S']","['R', 'IY', 'K', 'AW', 'S']",,2,3
126,mushin,PSC,pseudo,short,complex,,5,,"['M', 'AH1', 'SH', 'IH0', 'N']","['M', 'AH', 'SH', 'IH', 'N']",,2,3
127,redwee,PSC,pseudo,short,complex,,5,,"['R', 'EH1', 'D', 'W', 'IY2']","['R', 'EH', 'D', 'W', 'IY']",,2,3
128,himby,PSC,pseudo,short,complex,,5,,"['HH', 'IH1', 'M', 'B', 'IY0']","['HH', 'IH', 'M', 'B', 'IY']",,2,3
129,eurown,PSC,pseudo,short,complex,,5,,"['Y', 'UW1', 'R', 'AW0', 'N']","['Y', 'UW', 'R', 'AW', 'N']",,2,3
130,mintai,PSC,pseudo,short,complex,,5,,"['M', 'IH0', 'N', 'T', 'AY1']","['M', 'IH', 'N', 'T', 'AY']",,2,3
131,pertat,PSC,pseudo,short,complex,,5,,"['P', 'ER1', 'T', 'AH0', 'T']","['P', 'ER', 'T', 'AH', 'T']",,2,3
132,perlic,PSC,pseudo,short,complex,,5,,"['P', 'ER1', 'L', 'IH0', 'K']","['P', 'ER', 'L', 'IH', 'K']",,2,3
133,cervided,PLC,pseudo,long,complex,,7,,"['S', 'ER1', 'V', 'AY1', 'D', 'AH0', 'D']","['S', 'ER', 'V', 'AY', 'D', 'AH', 'D']",,3,4
134,intipal,PLC,pseudo,long,complex,,7,,"['IH1', 'N', 'T', 'IH0', 'P', 'AH0', 'L']","['IH', 'N', 'T', 'IH', 'P', 'AH', 'L']",,3,4
135,pubsides,PLC,pseudo,long,complex,,7,,"['P', 'AH1', 'B', 'S', 'AY2', 'D', 'Z']","['P', 'AH', 'B', 'S', 'AY', 'D', 'Z']",,2,5
136,desocio,PLC,pseudo,long,complex,,7,,"['D', 'AH0', 'S', 'OW1', 'SH', 'IY0', 'OW0']","['D', 'AH', 'S', 'OW', 'SH', 'IY', 'OW']",,4,3
137,buitines,PLC,pseudo,long,complex,,7,,"['B', 'Y', 'UW1', 'T', 'IY2', 'N', 'Z']","['B', 'Y', 'UW', 'T', 'IY', 'N', 'Z']",,2,5
138,editral,PLC,pseudo,long,complex,,7,,"['EH1', 'D', 'AH0', 'T', 'R', 'AH0', 'L']","['EH', 'D', 'AH', 'T', 'R', 'AH', 'L']",,3,4
139,publity,PLC,pseudo,long,complex,,7,,"['P', 'AH1', 'B', 'L', 'IH0', 'T', 'IY0']","['P', 'AH', 'B', 'L', 'IH', 'T', 'IY']",,3,4
140,hargings,PLC,pseudo,long,complex,,7,,"['HH', 'AA1', 'R', 'JH', 'IH0', 'NG', 'Z']","['HH', 'AA', 'R', 'JH', 'IH', 'NG', 'Z']",,2,5
141,beanspore,PLC,pseudo,long,complex,,7,,"['B', 'IY1', 'N', 'S', 'P', 'AO2', 'R']","['B', 'IY', 'N', 'S', 'P', 'AO', 'R']",,2,5
142,brovelf,PLC,pseudo,long,complex,,7,,"['B', 'R', 'OW1', 'V', 'EH0', 'L', 'F']","['B', 'R', 'OW', 'V', 'EH', 'L', 'F']",,2,5
143,himilays,PLC,pseudo,long,complex,,7,,"['HH', 'IH1', 'M', 'AH0', 'L', 'EY2', 'S']","['HH', 'IH', 'M', 'AH', 'L', 'EY', 'S']",,3,4
144,canuted,PLC,pseudo,long,complex,,7,,"['K', 'AH0', 'N', 'UW1', 'T', 'AH0', 'D']","['K', 'AH', 'N', 'UW', 'T', 'AH', 'D']",,3,4
145,bampion,PLC,pseudo,long,complex,,7,,"['B', 'AE1', 'M', 'P', 'IY0', 'AH0', 'N']","['B', 'AE', 'M', 'P', 'IY', 'AH', 'N']",,3,4
146,tweecty,PLC,pseudo,long,complex,,7,,"['T', 'W', 'EH1', 'T', 'S', 'K', 'IY0']","['T', 'W', 'EH', 'T', 'S', 'K', 'IY']",,2,5
147,actitome,PLC,pseudo,long,complex,,7,,"['AE1', 'K', 'T', 'IH0', 'T', 'OW0', 'M']","['AE', 'K', 'T', 'IH', 'T', 'OW', 'M']",,3,4
148,festomine,PLC,pseudo,long,complex,,7,,"['F', 'EH0', 'S', 'AH0', 'M', 'AY1', 'N']","['F', 'EH', 'S', 'AH', 'M', 'AY', 'N']",,3,4
149,appedial,PLC,pseudo,long,complex,,7,,"['AH0', 'P', 'IY1', 'D', 'IY0', 'AH0', 'L']","['AH', 'P', 'IY', 'D', 'IY', 'AH', 'L']",,4,3
150,momocal,PLC,pseudo,long,complex,,7,,"['M', 'AA1', 'M', 'AH0', 'K', 'AH0', 'L']","['M', 'AA', 'M', 'AH', 'K', 'AH', 'L']",,3,4
151,belenter,PLC,pseudo,long,complex,,7,,"['B', 'EH1', 'L', 'AH0', 'N', 'T', 'ER0']","['B', 'EH', 'L', 'AH', 'N', 'T', 'ER']",,3,4
152,univel,PLC,pseudo,long,complex,,7,,"['Y', 'UW1', 'N', 'AH0', 'V', 'AH0', 'L']","['Y', 'UW', 'N', 'AH', 'V', 'AH', 'L']",,3,4
153,havices,PLC,pseudo,long,complex,,7,,"['HH', 'AE1', 'V', 'AY0', 'S', 'AH0', 'Z']","['HH', 'AE', 'V', 'AY', 'S', 'AH', 'Z']",,3,4
154,anybols,PLC,pseudo,long,complex,,7,,"['EH1', 'N', 'IY0', 'B', 'AO2', 'L', 'Z']","['EH', 'N', 'IY', 'B', 'AO', 'L', 'Z']",,3,4
155,decamber,PLC,pseudo,long,complex,,7,,"['D', 'IH0', 'K', 'AE1', 'M', 'B', 'ER0']","['D', 'IH', 'K', 'AE', 'M', 'B', 'ER']",,3,4
156,pervicious,PLC,pseudo,long,complex,,7,,"['P', 'ER0', 'V', 'IH1', 'SH', 'AH0', 'S']","['P', 'ER', 'V', 'IH', 'SH', 'AH', 'S']",,3,4
157,unledging,PLC,pseudo,long,complex,,7,,"['AH0', 'N', 'L', 'EH1', 'JH', 'IH0', 'NG']","['AH', 'N', 'L', 'EH', 'JH', 'IH', 'NG']",,3,4
158,attatings,PLC,pseudo,long,complex,,7,,"['AH0', 'T', 'AE1', 'T', 'IH0', 'NG', 'Z']","['AH', 'T', 'AE', 'T', 'IH', 'NG', 'Z']",,3,4
159,opartion,PLC,pseudo,long,complex,,7,,"['AH0', 'P', 'AA1', 'R', 'SH', 'AH0', 'N']","['AH', 'P', 'AA', 'R', 'SH', 'AH', 'N']",,3,4
160,retabit,PLC,pseudo,long,complex,,7,,"['R', 'EH0', 'T', 'AE1', 'B', 'IH0', 'T']","['R', 'EH', 'T', 'AE', 'B', 'IH', 'T']",,3,4
161,concathy,PLC,pseudo,long,complex,,7,,"['K', 'AH0', 'N', 'K', 'AA1', 'TH', 'IY0']","['K', 'AH', 'N', 'K', 'AA', 'TH', 'IY']",,3,4
162,foluted,PLC,pseudo,long,complex,,7,,"['F', 'AH0', 'L', 'UW1', 'T', 'IH0', 'D']","['F', 'AH', 'L', 'UW', 'T', 'IH', 'D']",,3,4
163,uneasic,PLC,pseudo,long,complex,,7,,"['Y', 'UW2', 'N', 'IY1', 'Z', 'IH0', 'K']","['Y', 'UW', 'N', 'IY', 'Z', 'IH', 'K']",,3,4
164,recauses,PLC,pseudo,long,complex,,7,,"['R', 'IH0', 'K', 'AO1', 'Z', 'IH0', 'Z']","['R', 'IH', 'K', 'AO', 'Z', 'IH', 'Z']",,3,4
165,pretral,PLC,pseudo,long,complex,,7,,"['P', 'R', 'IY1', 'T', 'R', 'AH0', 'L']","['P', 'R', 'IY', 'T', 'R', 'AH', 'L']",,2,5
166,disreturb,PLC,pseudo,long,complex,,8,,"['D', 'IH0', 'S', 'R', 'IH0', 'T', 'ER1', 'B']","['D', 'IH', 'S', 'R', 'IH', 'T', 'ER', 'B']",,3,5
167,reolorize,PLC,pseudo,long,complex,,8,,"['R', 'IY0', 'OW1', 'L', 'ER0', 'R', 'AY2', 'Z']","['R', 'IY', 'OW', 'L', 'ER', 'R', 'AY', 'Z']",,4,4
168,miscreeckt,PLC,pseudo,long,complex,,8,,"['M', 'IH0', 'S', 'K', 'R', 'IY1', 'K', 'T']","['M', 'IH', 'S', 'K', 'R', 'IY', 'K', 'T']",,2,6
169,truzable,PLC,pseudo,long,complex,,8,,"['T', 'R', 'UW1', 'Z', 'AH0', 'B', 'AH0', 'L']","['T', 'R', 'UW', 'Z', 'AH', 'B', 'AH', 'L']",,3,5
170,unwisiter,PLC,pseudo,long,complex,,8,,"['AH0', 'N', 'W', 'IH1', 'Z', 'IH0', 'T', 'ER0']","['AH', 'N', 'W', 'IH', 'Z', 'IH', 'T', 'ER']",,4,4
171,overility,PLC,pseudo,long,complex,,8,,"['OW2', 'V', 'ER0', 'IH0', 'L', 'IH1', 'T', 'IY0']","['OW', 'V', 'ER', 'IH', 'L', 'IH', 'T', 'IY']",,5,3
172,sumtible,PLC,pseudo,long,complex,,8,,"['S', 'AH1', 'M', 'T', 'AH0', 'B', 'AH0', 'L']","['S', 'AH', 'M', 'T', 'AH', 'B', 'AH', 'L']",,3,5
173,unmistade,PLC,pseudo,long,complex,,8,,"['AH1', 'N', 'M', 'IH0', 'S', 'T', 'AE2', 'D']","['AH', 'N', 'M', 'IH', 'S', 'T', 'AE', 'D']",,3,5
174,witifully,PLC,pseudo,long,complex,,8,,"['W', 'IH1', 'T', 'IH0', 'F', 'AH0', 'L', 'IY0']","['W', 'IH', 'T', 'IH', 'F', 'AH', 'L', 'IY']",,4,4
175,underlity,PLC,pseudo,long,complex,,8,,"['AH0', 'N', 'D', 'ER1', 'L', 'AE0', 'T', 'IY0']","['AH', 'N', 'D', 'ER', 'L', 'AE', 'T', 'IY']",,4,4
176,rederlity,PLC,pseudo,long,complex,,8,,"['R', 'EH1', 'D', 'ER0', 'L', 'AH0', 'T', 'IY0']","['R', 'EH', 'D', 'ER', 'L', 'AH', 'T', 'IY']",,4,4
177,sprictal,PLC,pseudo,long,complex,,8,,"['S', 'P', 'R', 'IH1', 'K', 'T', 'AA2', 'L']","['S', 'P', 'R', 'IH', 'K', 'T', 'AA', 'L']",,2,6
178,unifort,PLC,pseudo,long,complex,,8,,"['Y', 'UW1', 'N', 'IH0', 'F', 'AO2', 'R', 'T']","['Y', 'UW', 'N', 'IH', 'F', 'AO', 'R', 'T']",,3,5
179,mistfully,PLC,pseudo,long,complex,,8,,"['M', 'IH1', 'S', 'T', 'F', 'AH0', 'L', 'IY0']","['M', 'IH', 'S', 'T', 'F', 'AH', 'L', 'IY']",,3,5
180,dydenist,PLC,pseudo,long,complex,,8,,"['D', 'AY1', 'D', 'AH0', 'N', 'IH0', 'S', 'T']","['D', 'AY', 'D', 'AH', 'N', 'IH', 'S', 'T']",,3,5
181,raversold,PLC,pseudo,long,complex,,8,,"['R', 'EY1', 'V', 'ER0', 'S', 'OW0', 'L', 'D']","['R', 'EY', 'V', 'ER', 'S', 'OW', 'L', 'D']",,3,5
182,undeflate,PLC,pseudo,long,complex,,8,,"['AH1', 'N', 'D', 'AH0', 'F', 'L', 'EY2', 'T']","['AH', 'N', 'D', 'AH', 'F', 'L', 'EY', 'T']",,3,5
183,discreeler,PLC,pseudo,long,complex,,8,,"['D', 'IH0', 'S', 'K', 'R', 'IY1', 'L', 'ER0']","['D', 'IH', 'S', 'K', 'R', 'IY', 'L', 'ER']",,3,5
184,pitlessly,PLC,pseudo,long,complex,,8,,"['P', 'IH1', 'T', 'L', 'AH0', 'S', 'L', 'IY0']","['P', 'IH', 'T', 'L', 'AH', 'S', 'L', 'IY']",,3,5
185,dishonal,PLC,pseudo,long,complex,,8,,"['D', 'IH1', 'S', 'HH', 'AH0', 'N', 'AH0', 'L']","['D', 'IH', 'S', 'HH', 'AH', 'N', 'AH', 'L']",,3,5
186,skringel,PLC,pseudo,long,complex,,8,,"['S', 'K', 'R', 'IH1', 'N', 'G', 'AH0', 'L']","['S', 'K', 'R', 'IH', 'N', 'G', 'AH', 'L']",,2,6
187,reinstake,PLC,pseudo,long,complex,,8,,"['R', 'IY2', 'IH0', 'N', 'S', 'T', 'EY1', 'K']","['R', 'IY', 'IH', 'N', 'S', 'T', 'EY', 'K']",,3,5
188,sprindly,PLC,pseudo,long,complex,,8,,"['S', 'P', 'R', 'IH1', 'N', 'D', 'L', 'IY0']","['S', 'P', 'R', 'IH', 'N', 'D', 'L', 'IY']",,2,6
189,reperpast,PLC,pseudo,long,complex,,8,,"['R', 'EH1', 'P', 'ER0', 'P', 'AH0', 'S', 'T']","['R', 'EH', 'P', 'ER', 'P', 'AH', 'S', 'T']",,3,5
190,vulgarist,PLC,pseudo,long,complex,,8,,"['V', 'AH1', 'L', 'G', 'ER0', 'IH0', 'S', 'T']","['V', 'AH', 'L', 'G', 'ER', 'IH', 'S', 'T']",,3,5
191,remistate,PLC,pseudo,long,complex,,8,,"['R', 'EH1', 'M', 'AH0', 'S', 'T', 'EY2', 'T']","['R', 'EH', 'M', 'AH', 'S', 'T', 'EY', 'T']",,3,5
192,bewistic,PLC,pseudo,long,complex,,8,,"['B', 'IY0', 'W', 'IH1', 'S', 'T', 'IH0', 'K']","['B', 'IY', 'W', 'IH', 'S', 'T', 'IH', 'K']",,3,5
193,deodorist,PLC,pseudo,long,complex,,8,,"['D', 'IY1', 'OW0', 'D', 'ER0', 'IH0', 'S', 'T']","['D', 'IY', 'OW', 'D', 'ER', 'IH', 'S', 'T']",,4,4
194,strimply,PLC,pseudo,long,complex,,8,,"['S', 'T', 'R', 'IH1', 'M', 'P', 'L', 'IY0']","['S', 'T', 'R', 'IH', 'M', 'P', 'L', 'IY']",,2,6
195,womangle,PLC,pseudo,long,complex,,8,,"['W', 'UH1', 'M', 'AH0', 'N', 'G', 'AH0', 'L']","['W', 'UH', 'M', 'AH', 'N', 'G', 'AH', 'L']",,3,5
196,redefully,PLC,pseudo,long,complex,,8,,"['R', 'EH1', 'D', 'AH0', 'F', 'AH0', 'L', 'IY0']","['R', 'EH', 'D', 'AH', 'F', 'AH', 'L', 'IY']",,4,4
197,sterreact,PLC,pseudo,long,complex,,8,,"['S', 'T', 'EH1', 'R', 'IY0', 'AE2', 'K', 'T']","['S', 'T', 'EH', 'R', 'IY', 'AE', 'K', 'T']",,3,5
198,gormalone,PLC,pseudo,long,complex,,8,,"['G', 'AO1', 'R', 'M', 'AH0', 'L', 'OW2', 'N']","['G', 'AO', 'R', 'M', 'AH', 'L', 'OW', 'N']",,3,5
199,steriline,PLC,pseudo,long,complex,,8,,"['S', 'T', 'EH1', 'R', 'AH0', 'L', 'IY2', 'N']","['S', 'T', 'EH', 'R', 'AH', 'L', 'IY', 'N']",,3,5
200,episident,PLC,pseudo,long,complex,,9,,"['EH0', 'P', 'IH1', 'S', 'IH0', 'D', 'EH0', 'N', 'T']","['EH', 'P', 'IH', 'S', 'IH', 'D', 'EH', 'N', 'T']",,4,5
201,deodorism,PLC,pseudo,long,complex,,9,,"['D', 'IY1', 'AH0', 'D', 'R', 'IH2', 'Z', 'AH0', 'M']","['D', 'IY', 'AH', 'D', 'R', 'IH', 'Z', 'AH', 'M']",,4,5
202,awarliant,PLC,pseudo,long,complex,,9,,"['AH0', 'W', 'AO1', 'R', 'L', 'IY0', 'AE0', 'N', 'T']","['AH', 'W', 'AO', 'R', 'L', 'IY', 'AE', 'N', 'T']",,4,5
203,poildration,PLC,pseudo,long,complex,,9,,"['P', 'OY1', 'L', 'D', 'R', 'EY2', 'SH', 'AH0', 'N']","['P', 'OY', 'L', 'D', 'R', 'EY', 'SH', 'AH', 'N']",,3,6
204,wontifics,PLC,pseudo,long,complex,,9,,"['W', 'AH0', 'N', 'T', 'IH1', 'F', 'IH0', 'K', 'S']","['W', 'AH', 'N', 'T', 'IH', 'F', 'IH', 'K', 'S']",,3,6
205,advelatine,PLC,pseudo,long,complex,,9,,"['AE0', 'D', 'V', 'EH1', 'L', 'AH0', 'T', 'IY0', 'N']","['AE', 'D', 'V', 'EH', 'L', 'AH', 'T', 'IY', 'N']",,4,5
206,traplable,PLC,pseudo,long,complex,,9,,"['T', 'R', 'AE1', 'P', 'L', 'AH0', 'B', 'AH0', 'L']","['T', 'R', 'AE', 'P', 'L', 'AH', 'B', 'AH', 'L']",,3,6
207,aladquary,PLC,pseudo,long,complex,,9,,"['AE0', 'L', 'AH1', 'D', 'K', 'W', 'AO0', 'R', 'EY0']","['AE', 'L', 'AH', 'D', 'K', 'W', 'AO', 'R', 'EY']",,4,5
208,nomparated,PLC,pseudo,long,complex,,9,,"['N', 'AA1', 'M', 'P', 'ER0', 'EY2', 'T', 'IH0', 'D']","['N', 'AA', 'M', 'P', 'ER', 'EY', 'T', 'IH', 'D']",,4,5
209,reodeness,PLC,pseudo,long,complex,,9,,"['R', 'IY1', 'AH0', 'D', 'IY2', 'N', 'S', 'AH0', 'Z']","['R', 'IY', 'AH', 'D', 'IY', 'N', 'S', 'AH', 'Z']",,4,5
210,tradinties,PLC,pseudo,long,complex,,9,,"['T', 'R', 'AE1', 'D', 'AH0', 'N', 'T', 'IY0', 'Z']","['T', 'R', 'AE', 'D', 'AH', 'N', 'T', 'IY', 'Z']",,3,6
211,ownestrand,PLC,pseudo,long,complex,,9,,"['OW1', 'N', 'AH0', 'S', 'T', 'R', 'AE2', 'N', 'D']","['OW', 'N', 'AH', 'S', 'T', 'R', 'AE', 'N', 'D']",,3,6
212,coliciely,PLC,pseudo,long,complex,,9,,"['K', 'AH0', 'L', 'IH1', 'S', 'IY0', 'AH0', 'L', 'IY0']","['K', 'AH', 'L', 'IH', 'S', 'IY', 'AH', 'L', 'IY']",,5,4
213,exclural,PLC,pseudo,long,complex,,9,,"['EH1', 'K', 'S', 'K', 'L', 'UH1', 'R', 'AA0', 'L']","['EH', 'K', 'S', 'K', 'L', 'UH', 'R', 'AA', 'L']",,3,6
214,misembody,PLC,pseudo,long,complex,,9,,"['M', 'IH0', 'S', 'AH0', 'M', 'B', 'EY1', 'D', 'IY0']","['M', 'IH', 'S', 'AH', 'M', 'B', 'EY', 'D', 'IY']",,4,5
215,reodenest,PLC,pseudo,long,complex,,9,,"['R', 'IY2', 'OW0', 'D', 'EH1', 'N', 'AH0', 'S', 'T']","['R', 'IY', 'OW', 'D', 'EH', 'N', 'AH', 'S', 'T']",,4,5
216,havivited,PLC,pseudo,long,complex,,9,,"['HH', 'AE1', 'V', 'AH0', 'V', 'EY2', 'T', 'IH0', 'D']","['HH', 'AE', 'V', 'AH', 'V', 'EY', 'T', 'IH', 'D']",,4,5
217,tensenest,PLC,pseudo,long,complex,,9,,"['T', 'EH1', 'N', 'S', 'AH0', 'N', 'AH0', 'S', 'T']","['T', 'EH', 'N', 'S', 'AH', 'N', 'AH', 'S', 'T']",,3,6
218,entiquary,PLC,pseudo,long,complex,,9,,"['EH0', 'N', 'T', 'IH1', 'K', 'W', 'AA2', 'R', 'IY0']","['EH', 'N', 'T', 'IH', 'K', 'W', 'AA', 'R', 'IY']",,4,5
219,vesernated,PLC,pseudo,long,complex,,9,,"['V', 'EH1', 'S', 'ER0', 'N', 'EY2', 'T', 'IH0', 'D']","['V', 'EH', 'S', 'ER', 'N', 'EY', 'T', 'IH', 'D']",,4,5
220,uniforist,PLC,pseudo,long,complex,,9,,"['Y', 'UW1', 'N', 'AH0', 'F', 'AO2', 'R', 'S', 'T']","['Y', 'UW', 'N', 'AH', 'F', 'AO', 'R', 'S', 'T']",,3,6
221,winyufact,PLC,pseudo,long,complex,,9,,"['W', 'IH1', 'N', 'Y', 'UW0', 'F', 'AE2', 'K', 'T']","['W', 'IH', 'N', 'Y', 'UW', 'F', 'AE', 'K', 'T']",,3,6
222,explific,PLC,pseudo,long,complex,,9,,"['EH0', 'K', 'S', 'P', 'L', 'IH1', 'F', 'IH0', 'K']","['EH', 'K', 'S', 'P', 'L', 'IH', 'F', 'IH', 'K']",,3,6
223,deoutsell,PLC,pseudo,long,complex,,9,,"['D', 'EH1', 'T', 'W', 'AH0', 'S', 'T', 'AH0', 'L']","['D', 'EH', 'T', 'W', 'AH', 'S', 'T', 'AH', 'L']",,3,6
224,deodeness,PLC,pseudo,long,complex,,9,,"['D', 'IY1', 'D', 'AH0', 'N', 'IH2', 'S', 'AH0', 'Z']","['D', 'IY', 'D', 'AH', 'N', 'IH', 'S', 'AH', 'Z']",,4,5
225,puzuking,PLC,pseudo,long,complex,,9,,"['P', 'Y', 'UW1', 'Z', 'K', 'IH0', 'V', 'IH0', 'NG']","['P', 'Y', 'UW', 'Z', 'K', 'IH', 'V', 'IH', 'NG']",,3,6
226,countriand,PLC,pseudo,long,complex,,9,,"['K', 'AA1', 'N', 'T', 'R', 'IY0', 'AH0', 'N', 'D']","['K', 'AA', 'N', 'T', 'R', 'IY', 'AH', 'N', 'D']",,3,6
227,botinsled,PLC,pseudo,long,complex,,9,,"['B', 'OW1', 'T', 'IH0', 'N', 'S', 'L', 'EH2', 'D']","['B', 'OW', 'T', 'IH', 'N', 'S', 'L', 'EH', 'D']",,3,6
228,deliaumnal,PLC,pseudo,long,complex,,9,,"['D', 'EH1', 'L', 'IY0', 'AH0', 'M', 'N', 'AH0', 'L']","['D', 'EH', 'L', 'IY', 'AH', 'M', 'N', 'AH', 'L']",,4,5
229,invoribute,PLC,pseudo,long,complex,,9,,"['IH0', 'N', 'V', 'AO1', 'R', 'AH0', 'B', 'AH0', 'T']","['IH', 'N', 'V', 'AO', 'R', 'AH', 'B', 'AH', 'T']",,4,5
230,unfornity,PLC,pseudo,long,complex,,9,,"['AH0', 'N', 'F', 'AO1', 'R', 'N', 'IH0', 'T', 'IY0']","['AH', 'N', 'F', 'AO', 'R', 'N', 'IH', 'T', 'IY']",,4,5
231,didamplate,PLC,pseudo,long,complex,,9,,"['D', 'IH1', 'D', 'AH0', 'M', 'P', 'L', 'EY2', 'T']","['D', 'IH', 'D', 'AH', 'M', 'P', 'L', 'EY', 'T']",,3,6
232,weirdnest,PLC,pseudo,long,complex,,9,,"['W', 'ER1', 'D', 'AH0', 'N', 'S', 'T', 'AH0', 'T']","['W', 'ER', 'D', 'AH', 'N', 'S', 'T', 'AH', 'T']",,3,6
233,yug,PSS,pseudo,short,simple,,3,,"['Y', 'AH1', 'G']","['Y', 'AH', 'G']",,1,2
234,dop,PSS,pseudo,short,simple,,3,,"['D', 'AA1', 'P']","['D', 'AA', 'P']",,1,2
235,fed,PSS,pseudo,short,simple,,3,,"['F', 'EH1', 'D']","['F', 'EH', 'D']",,1,2
236,fut,PSS,pseudo,short,simple,,3,,"['F', 'AH1', 'T']","['F', 'AH', 'T']",,1,2
237,wid,PSS,pseudo,short,simple,,3,,"['W', 'IH1', 'D']","['W', 'IH', 'D']",,1,2
238,tob,PSS,pseudo,short,simple,,3,,"['T', 'AA1', 'B']","['T', 'AA', 'B']",,1,2
239,asy,PSS,pseudo,short,simple,,3,,"['EY1', 'S', 'IY0']","['EY', 'S', 'IY']",,2,1
240,dav,PSS,pseudo,short,simple,,3,,"['D', 'AA1', 'V']","['D', 'AA', 'V']",,1,2
241,terth,PSS,pseudo,short,simple,,3,,"['T', 'ER1', 'DH']","['T', 'ER', 'DH']",,1,2
242,jerf,PSS,pseudo,short,simple,,3,,"['JH', 'ER1', 'F']","['JH', 'ER', 'F']",,1,2
243,tog,PSS,pseudo,short,simple,,3,,"['T', 'AO1', 'G']","['T', 'AO', 'G']",,1,2
244,mim,PSS,pseudo,short,simple,,3,,"['M', 'IH1', 'M']","['M', 'IH', 'M']",,1,2
245,thurse,PSS,pseudo,short,simple,,3,,"['TH', 'ER1', 'S']","['TH', 'ER', 'S']",,1,2
246,fug,PSS,pseudo,short,simple,,3,,"['F', 'AH1', 'G']","['F', 'AH', 'G']",,1,2
247,clow,PSS,pseudo,short,simple,,3,,"['K', 'L', 'OW1']","['K', 'L', 'OW']",,1,2
248,gerf,PSS,pseudo,short,simple,,3,,"['G', 'ER1', 'F']","['G', 'ER', 'F']",,1,2
249,choune,PSS,pseudo,short,simple,,3,,"['CH', 'UW1', 'N']","['CH', 'UW', 'N']",,1,2
250,shoide,PSS,pseudo,short,simple,,3,,"['SH', 'OY1', 'D']","['SH', 'OY', 'D']",,1,2
251,spee,PSS,pseudo,short,simple,,3,,"['S', 'P', 'IY1']","['S', 'P', 'IY']",,1,2
252,mun,PSS,pseudo,short,simple,,3,,"['M', 'AH1', 'N']","['M', 'AH', 'N']",,1,2
253,frew,PSS,pseudo,short,simple,,3,,"['F', 'R', 'UW1']","['F', 'R', 'UW']",,1,2
254,poin,PSS,pseudo,short,simple,,3,,"['P', 'OY1', 'N']","['P', 'OY', 'N']",,1,2
255,pash,PSS,pseudo,short,simple,,3,,"['P', 'AE1', 'SH']","['P', 'AE', 'SH']",,1,2
256,pook,PSS,pseudo,short,simple,,3,,"['P', 'UH1', 'K']","['P', 'UH', 'K']",,1,2
257,zom,PSS,pseudo,short,simple,,3,,"['Z', 'AA1', 'M']","['Z', 'AA', 'M']",,1,2
258,vin,PSS,pseudo,short,simple,,3,,"['V', 'IH1', 'N']","['V', 'IH', 'N']",,1,2
259,bia,PSS,pseudo,short,simple,,3,,"['B', 'IY1', 'AH0']","['B', 'IY', 'AH']",,2,1
260,vid,PSS,pseudo,short,simple,,3,,"['V', 'IH1', 'D']","['V', 'IH', 'D']",,1,2
261,thowl,PSS,pseudo,short,simple,,3,,"['TH', 'OW1', 'L']","['TH', 'OW', 'L']",,1,2
262,thet,PSS,pseudo,short,simple,,3,,"['TH', 'EH1', 'T']","['TH', 'EH', 'T']",,1,2
263,puz,PSS,pseudo,short,simple,,3,,"['P', 'UH1', 'Z']","['P', 'UH', 'Z']",,1,2
264,mus,PSS,pseudo,short,simple,,3,,"['M', 'AH1', 'S']","['M', 'AH', 'S']",,1,2
265,vig,PSS,pseudo,short,simple,,3,,"['V', 'IH1', 'G']","['V', 'IH', 'G']",,1,2
266,shend,PSS,pseudo,short,simple,,4,,"['SH', 'EH1', 'N', 'D']","['SH', 'EH', 'N', 'D']",,1,3
267,clore,PSS,pseudo,short,simple,,4,,"['K', 'L', 'AO1', 'R']","['K', 'L', 'AO', 'R']",,1,3
268,pren,PSS,pseudo,short,simple,,4,,"['P', 'R', 'EH1', 'N']","['P', 'R', 'EH', 'N']",,1,3
269,frel,PSS,pseudo,short,simple,,4,,"['F', 'R', 'EH1', 'L']","['F', 'R', 'EH', 'L']",,1,3
270,eitchon,PSS,pseudo,short,simple,,4,,"['AY1', 'CH', 'AH0', 'N']","['AY', 'CH', 'AH', 'N']",,2,2
271,eshing,PSS,pseudo,short,simple,,4,,"['EH1', 'SH', 'IH0', 'NG']","['EH', 'SH', 'IH', 'NG']",,2,2
272,plar,PSS,pseudo,short,simple,,4,,"['P', 'L', 'AA1', 'R']","['P', 'L', 'AA', 'R']",,1,3
273,thoulah,PSS,pseudo,short,simple,,4,,"['TH', 'UW1', 'L', 'AH0']","['TH', 'UW', 'L', 'AH']",,2,2
274,wessau,PSS,pseudo,short,simple,,4,,"['W', 'EH1', 'S', 'OW0']","['W', 'EH', 'S', 'OW']",,2,2
275,prig,PSS,pseudo,short,simple,,4,,"['P', 'R', 'IH1', 'G']","['P', 'R', 'IH', 'G']",,1,3
276,pharl,PSS,pseudo,short,simple,,4,,"['F', 'AA1', 'R', 'L']","['F', 'AA', 'R', 'L']",,1,3
277,oppard,PSS,pseudo,short,simple,,4,,"['AA0', 'P', 'ER1', 'D']","['AA', 'P', 'ER', 'D']",,2,2
278,strugh,PSS,pseudo,short,simple,,4,,"['S', 'T', 'R', 'UW1']","['S', 'T', 'R', 'UW']",,1,3
279,horm,PSS,pseudo,short,simple,,4,,"['HH', 'AO1', 'R', 'M']","['HH', 'AO', 'R', 'M']",,1,3
280,sallar,PSS,pseudo,short,simple,,4,,"['S', 'AE1', 'L', 'ER0']","['S', 'AE', 'L', 'ER']",,2,2
281,aurick,PSS,pseudo,short,simple,,4,,"['AO1', 'R', 'IH0', 'K']","['AO', 'R', 'IH', 'K']",,2,2
282,porl,PSS,pseudo,short,simple,,4,,"['P', 'AO1', 'R', 'L']","['P', 'AO', 'R', 'L']",,1,3
283,cruss,PSS,pseudo,short,simple,,4,,"['K', 'R', 'AH1', 'S']","['K', 'R', 'AH', 'S']",,1,3
284,ando,PSS,pseudo,short,simple,,4,,"['AE1', 'N', 'D', 'OW0']","['AE', 'N', 'D', 'OW']",,2,2
285,opir,PSS,pseudo,short,simple,,4,,"['OW0', 'P', 'EH1', 'R']","['OW', 'P', 'EH', 'R']",,2,2
286,fress,PSS,pseudo,short,simple,,4,,"['F', 'R', 'EH1', 'S']","['F', 'R', 'EH', 'S']",,1,3
287,heacte,PSS,pseudo,short,simple,,4,,"['HH', 'EH1', 'K', 'T']","['HH', 'EH', 'K', 'T']",,1,3
288,smag,PSS,pseudo,short,simple,,4,,"['S', 'M', 'AE1', 'G']","['S', 'M', 'AE', 'G']",,1,3
289,cangue,PSS,pseudo,short,simple,,4,,"['K', 'AE1', 'NG', 'G']","['K', 'AE', 'NG', 'G']",,1,3
290,clidge,PSS,pseudo,short,simple,,4,,"['K', 'L', 'IH1', 'JH']","['K', 'L', 'IH', 'JH']",,1,3
291,nobere,PSS,pseudo,short,simple,,4,,"['N', 'OW1', 'B', 'ER0']","['N', 'OW', 'B', 'ER']",,2,2
292,thount,PSS,pseudo,short,simple,,4,,"['TH', 'AW1', 'N', 'T']","['TH', 'AW', 'N', 'T']",,1,3
293,stut,PSS,pseudo,short,simple,,4,,"['S', 'T', 'AH1', 'T']","['S', 'T', 'AH', 'T']",,1,3
294,plass,PSS,pseudo,short,simple,,4,,"['P', 'L', 'AE1', 'S']","['P', 'L', 'AE', 'S']",,1,3
295,knound,PSS,pseudo,short,simple,,4,,"['N', 'AW1', 'N', 'D']","['N', 'AW', 'N', 'D']",,1,3
296,tungth,PSS,pseudo,short,simple,,4,,"['T', 'AH1', 'NG', 'TH']","['T', 'AH', 'NG', 'TH']",,1,3
297,traime,PSS,pseudo,short,simple,,4,,"['T', 'R', 'EY1', 'M']","['T', 'R', 'EY', 'M']",,1,3
298,swit,PSS,pseudo,short,simple,,4,,"['S', 'W', 'IH1', 'T']","['S', 'W', 'IH', 'T']",,1,3
299,agai,PSS,pseudo,short,simple,,4,,"['AH0', 'G', 'AA1', 'IY0']","['AH', 'G', 'AA', 'IY']",,3,1
300,surkine,PSS,pseudo,short,simple,,5,,"['S', 'ER1', 'K', 'AY0', 'N']","['S', 'ER', 'K', 'AY', 'N']",,2,3
301,oriva,PSS,pseudo,short,simple,,5,,"['AO0', 'R', 'IY1', 'V', 'AH0']","['AO', 'R', 'IY', 'V', 'AH']",,3,2
302,fesig,PSS,pseudo,short,simple,,5,,"['F', 'EH1', 'S', 'IH0', 'G']","['F', 'EH', 'S', 'IH', 'G']",,2,3
303,otroa,PSS,pseudo,short,simple,,5,,"['AW0', 'T', 'R', 'OW1', 'AH0']","['AW', 'T', 'R', 'OW', 'AH']",,3,2
304,mussid,PSS,pseudo,short,simple,,5,,"['M', 'AH1', 'S', 'IH0', 'D']","['M', 'AH', 'S', 'IH', 'D']",,2,3
305,basire,PSS,pseudo,short,simple,,5,,"['B', 'AH0', 'S', 'IY1', 'R']","['B', 'AH', 'S', 'IY', 'R']",,2,3
306,smazi,PSS,pseudo,short,simple,,5,,"['S', 'M', 'AA1', 'Z', 'IY0']","['S', 'M', 'AA', 'Z', 'IY']",,2,3
307,sithro,PSS,pseudo,short,simple,,5,,"['S', 'IH1', 'TH', 'R', 'OW0']","['S', 'IH', 'TH', 'R', 'OW']",,2,3
308,euris,PSS,pseudo,short,simple,,5,,"['Y', 'UW1', 'R', 'IH0', 'S']","['Y', 'UW', 'R', 'IH', 'S']",,2,3
309,naudin,PSS,pseudo,short,simple,,5,,"['N', 'AO1', 'D', 'IH0', 'N']","['N', 'AO', 'D', 'IH', 'N']",,2,3
310,telide,PSS,pseudo,short,simple,,5,,"['T', 'EH0', 'L', 'AY1', 'D']","['T', 'EH', 'L', 'AY', 'D']",,2,3
311,churact,PSS,pseudo,short,simple,,5,,"['CH', 'ER0', 'AE1', 'K', 'T']","['CH', 'ER', 'AE', 'K', 'T']",,2,3
312,althod,PSS,pseudo,short,simple,,5,,"['AE1', 'L', 'TH', 'AH0', 'D']","['AE', 'L', 'TH', 'AH', 'D']",,2,3
313,nethio,PSS,pseudo,short,simple,,5,,"['N', 'EH1', 'TH', 'IY0', 'OW0']","['N', 'EH', 'TH', 'IY', 'OW']",,3,2
314,speeho,PSS,pseudo,short,simple,,5,,"['S', 'P', 'IY1', 'HH', 'OW0']","['S', 'P', 'IY', 'HH', 'OW']",,2,3
315,favig,PSS,pseudo,short,simple,,5,,"['F', 'AA1', 'V', 'IH0', 'G']","['F', 'AA', 'V', 'IH', 'G']",,2,3
316,addrol,PSS,pseudo,short,simple,,5,,"['AE1', 'D', 'R', 'AH0', 'L']","['AE', 'D', 'R', 'AH', 'L']",,2,3
317,anaha,PSS,pseudo,short,simple,,5,,"['AE1', 'N', 'AH0', 'HH', 'AA2']","['AE', 'N', 'AH', 'HH', 'AA']",,3,2
318,hercene,PSS,pseudo,short,simple,,5,,"['HH', 'ER1', 'S', 'IY0', 'N']","['HH', 'ER', 'S', 'IY', 'N']",,2,3
319,pothol,PSS,pseudo,short,simple,,5,,"['P', 'AA1', 'TH', 'AH0', 'L']","['P', 'AA', 'TH', 'AH', 'L']",,2,3
320,sommis,PSS,pseudo,short,simple,,5,,"['S', 'AA1', 'M', 'IH0', 'S']","['S', 'AA', 'M', 'IH', 'S']",,2,3
321,durdin,PSS,pseudo,short,simple,,5,,"['D', 'ER1', 'D', 'IH0', 'N']","['D', 'ER', 'D', 'IH', 'N']",,2,3
322,estit,PSS,pseudo,short,simple,,5,,"['EH1', 'S', 'T', 'IH0', 'T']","['EH', 'S', 'T', 'IH', 'T']",,2,3
323,govior,PSS,pseudo,short,simple,,5,,"['G', 'OW1', 'V', 'Y', 'ER0']","['G', 'OW', 'V', 'Y', 'ER']",,2,3
324,slosp,PSS,pseudo,short,simple,,5,,"['S', 'L', 'AA1', 'S', 'P']","['S', 'L', 'AA', 'S', 'P']",,1,4
325,thapet,PSS,pseudo,short,simple,,5,,"['TH', 'AE1', 'P', 'AH0', 'T']","['TH', 'AE', 'P', 'AH', 'T']",,2,3
326,happos,PSS,pseudo,short,simple,,5,,"['HH', 'AE1', 'P', 'OW0', 'Z']","['HH', 'AE', 'P', 'OW', 'Z']",,2,3
327,fackda,PSS,pseudo,short,simple,,5,,"['F', 'AE1', 'K', 'D', 'AH0']","['F', 'AE', 'K', 'D', 'AH']",,2,3
328,waffit,PSS,pseudo,short,simple,,5,,"['W', 'AA1', 'F', 'IH0', 'T']","['W', 'AA', 'F', 'IH', 'T']",,2,3
329,motac,PSS,pseudo,short,simple,,5,,"['M', 'OW1', 'T', 'AH0', 'K']","['M', 'OW', 'T', 'AH', 'K']",,2,3
330,dimeth,PSS,pseudo,short,simple,,5,,"['D', 'IH1', 'M', 'IH0', 'TH']","['D', 'IH', 'M', 'IH', 'TH']",,2,3
331,mellem,PSS,pseudo,short,simple,,5,,"['M', 'EH1', 'L', 'IH0', 'M']","['M', 'EH', 'L', 'IH', 'M']",,2,3
332,seget,PSS,pseudo,short,simple,,5,,"['S', 'EH1', 'G', 'IH0', 'T']","['S', 'EH', 'G', 'IH', 'T']",,2,3
333,sinempt,PLS,pseudo,long,simple,,7,,"['S', 'IH1', 'N', 'AH0', 'M', 'P', 'T']","['S', 'IH', 'N', 'AH', 'M', 'P', 'T']",,2,5
334,admilaire,PLS,pseudo,long,simple,,7,,"['AE1', 'D', 'M', 'AH0', 'L', 'EH2', 'R']","['AE', 'D', 'M', 'AH', 'L', 'EH', 'R']",,3,4
335,shosequin,PLS,pseudo,long,simple,,7,,"['SH', 'OW1', 'S', 'K', 'W', 'IH0', 'N']","['SH', 'OW', 'S', 'K', 'W', 'IH', 'N']",,2,5
336,thamises,PLS,pseudo,long,simple,,7,,"['TH', 'AE1', 'M', 'AH0', 'S', 'AH0', 'Z']","['TH', 'AE', 'M', 'AH', 'S', 'AH', 'Z']",,3,4
337,hunfict,PLS,pseudo,long,simple,,7,,"['HH', 'AH0', 'N', 'F', 'IH1', 'K', 'T']","['HH', 'AH', 'N', 'F', 'IH', 'K', 'T']",,2,5
338,winagen,PLS,pseudo,long,simple,,7,,"['W', 'IH1', 'N', 'AH0', 'G', 'AH0', 'N']","['W', 'IH', 'N', 'AH', 'G', 'AH', 'N']",,3,4
339,hasiden,PLS,pseudo,long,simple,,7,,"['HH', 'AE1', 'Z', 'IH0', 'D', 'AH0', 'N']","['HH', 'AE', 'Z', 'IH', 'D', 'AH', 'N']",,3,4
340,manketa,PLS,pseudo,long,simple,,7,,"['M', 'AE0', 'N', 'K', 'EH1', 'T', 'AH0']","['M', 'AE', 'N', 'K', 'EH', 'T', 'AH']",,3,4
341,dristive,PLS,pseudo,long,simple,,7,,"['D', 'R', 'IH1', 'S', 'T', 'IH0', 'V']","['D', 'R', 'IH', 'S', 'T', 'IH', 'V']",,2,5
342,gazakin,PLS,pseudo,long,simple,,7,,"['G', 'AE1', 'Z', 'AH0', 'K', 'IH0', 'N']","['G', 'AE', 'Z', 'AH', 'K', 'IH', 'N']",,3,4
343,rananut,PLS,pseudo,long,simple,,7,,"['R', 'AE1', 'N', 'AH0', 'N', 'AH2', 'T']","['R', 'AE', 'N', 'AH', 'N', 'AH', 'T']",,3,4
344,eurtiance,PLS,pseudo,long,simple,,7,,"['Y', 'UH1', 'R', 'SH', 'AH0', 'N', 'S']","['Y', 'UH', 'R', 'SH', 'AH', 'N', 'S']",,2,5
345,plexan,PLS,pseudo,long,simple,,7,,"['P', 'L', 'EH1', 'K', 'S', 'AH0', 'N']","['P', 'L', 'EH', 'K', 'S', 'AH', 'N']",,2,5
346,namsessi,PLS,pseudo,long,simple,,7,,"['N', 'AA0', 'M', 'S', 'EH1', 'S', 'IY0']","['N', 'AA', 'M', 'S', 'EH', 'S', 'IY']",,3,4
347,onlatin,PLS,pseudo,long,simple,,7,,"['AA1', 'N', 'L', 'AH0', 'T', 'IH0', 'N']","['AA', 'N', 'L', 'AH', 'T', 'IH', 'N']",,3,4
348,huxice,PLS,pseudo,long,simple,,7,,"['HH', 'AH1', 'K', 'S', 'IH0', 'K', 'S']","['HH', 'AH', 'K', 'S', 'IH', 'K', 'S']",,2,5
349,relorma,PLS,pseudo,long,simple,,7,,"['R', 'IH0', 'L', 'AO1', 'R', 'M', 'AH0']","['R', 'IH', 'L', 'AO', 'R', 'M', 'AH']",,3,4
350,idstary,PLS,pseudo,long,simple,,7,,"['AY1', 'D', 'S', 'T', 'EH2', 'R', 'IY0']","['AY', 'D', 'S', 'T', 'EH', 'R', 'IY']",,3,4
351,conermate,PLS,pseudo,long,simple,,7,,"['K', 'OW1', 'N', 'ER0', 'M', 'EY2', 'T']","['K', 'OW', 'N', 'ER', 'M', 'EY', 'T']",,3,4
352,jumethena,PLS,pseudo,long,simple,,7,,"['JH', 'UW1', 'M', 'TH', 'IY0', 'N', 'AE']","['JH', 'UW', 'M', 'TH', 'IY', 'N', 'AE']",,3,4
353,inturshle,PLS,pseudo,long,simple,,7,,"['IH0', 'N', 'T', 'ER1', 'CH', 'AH0', 'L']","['IH', 'N', 'T', 'ER', 'CH', 'AH', 'L']",,3,4
354,taxond,PLS,pseudo,long,simple,,7,,"['T', 'AE1', 'K', 'S', 'AH0', 'N', 'D']","['T', 'AE', 'K', 'S', 'AH', 'N', 'D']",,2,5
355,aslatif,PLS,pseudo,long,simple,,7,,"['AH0', 'S', 'L', 'AH1', 'T', 'IH0', 'F']","['AH', 'S', 'L', 'AH', 'T', 'IH', 'F']",,3,4
356,liscuse,PLS,pseudo,long,simple,,7,,"['L', 'IH0', 'S', 'K', 'Y', 'UW1', 'S']","['L', 'IH', 'S', 'K', 'Y', 'UW', 'S']",,2,5
357,lifflica,PLS,pseudo,long,simple,,7,,"['L', 'IH0', 'F', 'L', 'IH1', 'K', 'AH0']","['L', 'IH', 'F', 'L', 'IH', 'K', 'AH']",,3,4
358,durivat,PLS,pseudo,long,simple,,7,,"['D', 'UH0', 'R', 'IY1', 'V', 'AH0', 'T']","['D', 'UH', 'R', 'IY', 'V', 'AH', 'T']",,3,4
359,grovion,PLS,pseudo,long,simple,,7,,"['G', 'R', 'OW1', 'V', 'IY0', 'AH0', 'N']","['G', 'R', 'OW', 'V', 'IY', 'AH', 'N']",,3,4
360,togento,PLS,pseudo,long,simple,,7,,"['T', 'OW0', 'JH', 'EH1', 'N', 'T', 'OW0']","['T', 'OW', 'JH', 'EH', 'N', 'T', 'OW']",,3,4
361,limillit,PLS,pseudo,long,simple,,7,,"['L', 'IH1', 'M', 'AH0', 'L', 'AH0', 'T']","['L', 'IH', 'M', 'AH', 'L', 'AH', 'T']",,3,4
362,chalicia,PLS,pseudo,long,simple,,7,,"['CH', 'AH0', 'L', 'IH1', 'S', 'IY0', 'AH0']","['CH', 'AH', 'L', 'IH', 'S', 'IY', 'AH']",,4,3
363,memagor,PLS,pseudo,long,simple,,7,,"['M', 'EH1', 'M', 'AH0', 'G', 'AO2', 'R']","['M', 'EH', 'M', 'AH', 'G', 'AO', 'R']",,3,4
364,contring,PLS,pseudo,long,simple,,7,,"['K', 'AA1', 'N', 'T', 'R', 'IH0', 'NG']","['K', 'AA', 'N', 'T', 'R', 'IH', 'NG']",,2,5
365,orgaral,PLS,pseudo,long,simple,,7,,"['AO0', 'R', 'G', 'AA1', 'R', 'AH0', 'L']","['AO', 'R', 'G', 'AA', 'R', 'AH', 'L']",,3,4
366,fillialis,PLS,pseudo,long,simple,,8,,"['F', 'IH0', 'L', 'AY1', 'AH0', 'L', 'AH0', 'S']","['F', 'IH', 'L', 'AY', 'AH', 'L', 'AH', 'S']",,4,4
367,cassitana,PLS,pseudo,long,simple,,8,,"['K', 'AE2', 'S', 'AH0', 'T', 'EY1', 'N', 'AH0']","['K', 'AE', 'S', 'AH', 'T', 'EY', 'N', 'AH']",,4,4
368,jospitim,PLS,pseudo,long,simple,,8,,"['JH', 'AA1', 'S', 'P', 'IH0', 'T', 'IH2', 'M']","['JH', 'AA', 'S', 'P', 'IH', 'T', 'IH', 'M']",,3,5
369,gosidend,PLS,pseudo,long,simple,,8,,"['G', 'AA1', 'S', 'IH0', 'D', 'AH0', 'N', 'D']","['G', 'AA', 'S', 'IH', 'D', 'AH', 'N', 'D']",,3,5
370,pourcrary,PLS,pseudo,long,simple,,8,,"['P', 'UH1', 'R', 'K', 'R', 'EH2', 'R', 'IY0']","['P', 'UH', 'R', 'K', 'R', 'EH', 'R', 'IY']",,3,5
371,thaninent,PLS,pseudo,long,simple,,8,,"['TH', 'AE1', 'N', 'IH0', 'N', 'AH0', 'N', 'T']","['TH', 'AE', 'N', 'IH', 'N', 'AH', 'N', 'T']",,3,5
372,secerold,PLS,pseudo,long,simple,,8,,"['S', 'EH1', 'S', 'IH0', 'R', 'OW2', 'L', 'D']","['S', 'EH', 'S', 'IH', 'R', 'OW', 'L', 'D']",,3,5
373,mastrence,PLS,pseudo,long,simple,,8,,"['M', 'AE1', 'S', 'T', 'R', 'AH0', 'N', 'S']","['M', 'AE', 'S', 'T', 'R', 'AH', 'N', 'S']",,2,6
374,sennicant,PLS,pseudo,long,simple,,8,,"['S', 'EH1', 'N', 'IH0', 'K', 'AH0', 'N', 'T']","['S', 'EH', 'N', 'IH', 'K', 'AH', 'N', 'T']",,3,5
375,senversan,PLS,pseudo,long,simple,,8,,"['S', 'EH1', 'N', 'V', 'ER0', 'S', 'AH0', 'N']","['S', 'EH', 'N', 'V', 'ER', 'S', 'AH', 'N']",,3,5
376,vioxida,PLS,pseudo,long,simple,,8,,"['V', 'IY0', 'OW1', 'K', 'S', 'IH0', 'D', 'AH0']","['V', 'IY', 'OW', 'K', 'S', 'IH', 'D', 'AH']",,4,4
377,junnspand,PLS,pseudo,long,simple,,8,,"['JH', 'AH1', 'N', 'S', 'P', 'AE2', 'N', 'D']","['JH', 'AH', 'N', 'S', 'P', 'AE', 'N', 'D']",,2,6
378,sertratin,PLS,pseudo,long,simple,,8,,"['S', 'ER1', 'T', 'R', 'AH0', 'T', 'AH0', 'N']","['S', 'ER', 'T', 'R', 'AH', 'T', 'AH', 'N']",,3,5
379,marbabus,PLS,pseudo,long,simple,,8,,"['M', 'AA1', 'R', 'B', 'AH0', 'B', 'AH0', 'S']","['M', 'AA', 'R', 'B', 'AH', 'B', 'AH', 'S']",,3,5
380,stropent,PLS,pseudo,long,simple,,8,,"['S', 'T', 'R', 'OW1', 'P', 'AH0', 'N', 'T']","['S', 'T', 'R', 'OW', 'P', 'AH', 'N', 'T']",,2,6
381,himbrion,PLS,pseudo,long,simple,,8,,"['HH', 'IH1', 'M', 'B', 'R', 'IY0', 'AH0', 'N']","['HH', 'IH', 'M', 'B', 'R', 'IY', 'AH', 'N']",,3,5
382,advioneys,PLS,pseudo,long,simple,,8,,"['AE0', 'D', 'V', 'IY1', 'OW0', 'N', 'IY0', 'Z']","['AE', 'D', 'V', 'IY', 'OW', 'N', 'IY', 'Z']",,4,4
383,lastomen,PLS,pseudo,long,simple,,8,,"['L', 'AE1', 'S', 'T', 'AH0', 'M', 'AH0', 'N']","['L', 'AE', 'S', 'T', 'AH', 'M', 'AH', 'N']",,3,5
384,curroxima,PLS,pseudo,long,simple,,8,,"['K', 'ER0', 'AH0', 'K', 'S', 'IY1', 'M', 'AH0']","['K', 'ER', 'AH', 'K', 'S', 'IY', 'M', 'AH']",,4,4
385,comilary,PLS,pseudo,long,simple,,8,,"['K', 'AA1', 'M', 'AH0', 'L', 'EH2', 'R', 'IY0']","['K', 'AA', 'M', 'AH', 'L', 'EH', 'R', 'IY']",,4,4
386,trefflont,PLS,pseudo,long,simple,,8,,"['T', 'R', 'EH1', 'F', 'L', 'AH0', 'N', 'T']","['T', 'R', 'EH', 'F', 'L', 'AH', 'N', 'T']",,2,6
387,cassibure,PLS,pseudo,long,simple,,8,,"['K', 'AE1', 'S', 'IH0', 'B', 'Y', 'UW2', 'R']","['K', 'AE', 'S', 'IH', 'B', 'Y', 'UW', 'R']",,3,5
388,havolviss,PLS,pseudo,long,simple,,8,,"['HH', 'AE1', 'V', 'AH0', 'L', 'V', 'IH0', 'S']","['HH', 'AE', 'V', 'AH', 'L', 'V', 'IH', 'S']",,3,5
389,pollinally,PLS,pseudo,long,simple,,8,,"['P', 'AA1', 'L', 'AH0', 'N', 'AH0', 'L', 'IY0']","['P', 'AA', 'L', 'AH', 'N', 'AH', 'L', 'IY']",,4,4
390,turforia,PLS,pseudo,long,simple,,8,,"['T', 'UH0', 'R', 'F', 'AO1', 'R', 'IY0', 'AH0']","['T', 'UH', 'R', 'F', 'AO', 'R', 'IY', 'AH']",,4,4
391,cloballis,PLS,pseudo,long,simple,,8,,"['K', 'L', 'OW1', 'B', 'AH0', 'L', 'IH0', 'S']","['K', 'L', 'OW', 'B', 'AH', 'L', 'IH', 'S']",,3,5
392,lonflity,PLS,pseudo,long,simple,,8,,"['L', 'AA1', 'N', 'F', 'L', 'IH2', 'T', 'IY0']","['L', 'AA', 'N', 'F', 'L', 'IH', 'T', 'IY']",,3,5
393,tasdolyme,PLS,pseudo,long,simple,,8,,"['T', 'AE1', 'Z', 'D', 'AH0', 'L', 'AY2', 'M']","['T', 'AE', 'Z', 'D', 'AH', 'L', 'AY', 'M']",,3,5
394,anximath,PLS,pseudo,long,simple,,8,,"['AE0', 'NG', 'K', 'S', 'IH1', 'M', 'AH0', 'TH']","['AE', 'NG', 'K', 'S', 'IH', 'M', 'AH', 'TH']",,3,5
395,haptonos,PLS,pseudo,long,simple,,8,,"['HH', 'AE1', 'P', 'T', 'OW0', 'N', 'OW2', 'Z']","['HH', 'AE', 'P', 'T', 'OW', 'N', 'OW', 'Z']",,3,5
396,fregilis,PLS,pseudo,long,simple,,8,,"['F', 'R', 'EH0', 'JH', 'IH1', 'L', 'IH0', 'S']","['F', 'R', 'EH', 'JH', 'IH', 'L', 'IH', 'S']",,3,5
397,regartal,PLS,pseudo,long,simple,,8,,"['R', 'IH0', 'G', 'AA1', 'R', 'T', 'AH0', 'L']","['R', 'IH', 'G', 'AA', 'R', 'T', 'AH', 'L']",,3,5
398,sponzent,PLS,pseudo,long,simple,,8,,"['S', 'P', 'AA1', 'N', 'Z', 'AH0', 'N', 'T']","['S', 'P', 'AA', 'N', 'Z', 'AH', 'N', 'T']",,2,6
399,pashibled,PLS,pseudo,long,simple,,8,,"['P', 'AE1', 'SH', 'AH0', 'B', 'AH0', 'L', 'D']","['P', 'AE', 'SH', 'AH', 'B', 'AH', 'L', 'D']",,3,5
